num_acc;lum;agg;inter;atm;col;dep;date
2016000001;1;2;1;8;3;590;01/02/2016
2016000002;1;2;6;1;6;590;16/03/2016
2016000003;1;1;1;1;6;590;13/07/2016
2016000004;2;2;1;7;3;590;15/08/2016
2016000005;1;2;3;1;3;590;23/12/2016
2016000006;1;2;1;7;6;590;23/12/2016
2016000007;1;2;1;7;2;590;01/05/2016
2016000008;2;1;1;1;1;590;14/05/2016
2016000009;1;2;1;1;3;590;23/09/2016
2016000010;1;1;1;9;6;590;30/12/2016
2016000011;2;2;1;8;6;590;25/01/2016
2016000012;3;1;1;1;7;590;28/01/2016
2016000013;1;2;1;1;6;590;05/02/2016
2016000014;1;2;1;1;5;590;17/04/2016
2016000015;1;1;6;7;5;590;17/08/2016
2016000016;1;1;1;1;5;590;08/09/2016
2016000017;3;1;1;8;6;590;08/11/2016
2016000018;2;2;1;5;3;590;28/11/2016
2016000019;1;1;1;1;5;590;06/05/2016
2016000020;5;2;6;2;3;590;05/09/2016
2016000021;1;2;1;1;6;590;14/10/2016
2016000022;1;1;2;1;3;590;02/04/2016
2016000023;1;1;1;3;6;590;07/11/2016
2016000024;3;1;1;2;6;590;12/11/2016
2016000025;3;1;1;9;7;590;04/12/2016
2016000026;1;2;1;7;6;590;06/12/2016
2016000027;1;2;1;1;6;590;15/12/2016
2016000028;3;1;1;1;3;590;09/12/2016
2016000029;3;1;1;5;1;590;28/12/2016
2016000030;1;2;1;1;6;590;06/05/2016
2016000031;1;1;1;1;2;590;28/09/2016
2016000032;1;1;1;1;2;590;01/11/2016
2016000033;1;2;3;3;6;590;07/01/2016
2016000034;1;1;1;1;1;590;14/01/2016
2016000035;5;1;1;2;6;590;09/02/2016
2016000036;3;1;1;6;1;590;08/02/2016
2016000037;3;1;1;1;6;590;06/03/2016
2016000038;1;1;1;1;3;590;05/04/2016
2016000039;1;2;1;1;6;590;12/05/2016
2016000040;2;2;1;1;6;590;29/05/2016
2016000041;1;1;1;1;3;590;10/06/2016
2016000042;1;1;1;1;6;590;27/07/2016
2016000043;5;2;1;1;6;590;01/09/2016
2016000044;1;1;1;1;6;590;05/11/2016
2016000045;5;2;1;2;6;590;18/11/2016
2016000046;3;1;1;1;6;590;27/11/2016
2016000047;1;1;2;1;3;590;20/04/2016
2016000048;1;1;1;1;7;590;04/07/2016
2016000049;4;2;1;1;7;590;07/08/2016
2016000050;1;1;1;1;3;590;08/09/2016
2016000051;1;1;1;1;1;590;29/04/2016
2016000052;1;2;1;2;3;590;01/06/2016
2016000053;3;1;1;2;7;590;17/06/2016
2016000054;1;1;1;1;1;590;25/08/2016
2016000055;1;1;1;2;7;590;18/09/2016
2016000056;2;1;1;1;6;590;18/10/2016
2016000057;3;1;1;5;1;590;19/12/2016
2016000058;3;2;1;1;6;590;10/03/2016
2016000059;1;1;1;2;6;590;29/06/2016
2016000060;1;2;1;1;3;590;17/09/2016
2016000061;5;2;9;1;6;590;07/12/2016
2016000062;3;2;1;1;6;590;14/12/2016
2016000063;1;1;2;1;3;590;12/01/2016
2016000064;3;1;1;2;7;590;24/01/2016
2016000065;1;1;1;2;6;590;27/04/2016
2016000066;1;1;1;1;1;590;27/06/2016
2016000067;1;1;1;1;2;590;06/07/2016
2016000068;3;1;2;1;3;590;09/08/2016
2016000069;1;1;1;1;6;590;22/08/2016
2016000070;1;2;6;1;3;590;21/09/2016
2016000071;5;2;1;1;1;590;06/10/2016
2016000072;3;1;1;5;6;590;25/10/2016
2016000073;5;2;2;1;3;590;27/09/2016
2016000074;3;1;1;1;6;590;26/11/2016
2016000075;5;2;1;1;1;590;03/12/2016
2016000076;1;2;1;1;2;590;29/03/2016
2016000077;1;1;1;1;3;590;21/04/2016
2016000078;2;1;1;1;7;590;23/07/2016
2016000079;1;1;1;3;6;590;02/10/2016
2016000080;3;1;1;2;6;590;02/01/2016
2016000081;1;1;2;1;3;590;22/01/2016
2016000082;1;2;1;1;5;590;20/03/2016
2016000083;1;2;8;1;3;590;02/04/2016
2016000084;3;1;1;1;2;590;02/04/2016
2016000085;1;1;1;1;6;590;15/04/2016
2016000086;1;2;1;1;6;590;16/04/2016
2016000087;1;1;6;2;2;590;30/05/2016
2016000088;1;2;6;1;3;590;09/08/2016
2016000089;3;1;1;1;1;590;10/09/2016
2016000090;5;1;1;1;6;590;24/12/2016
2016000091;1;1;9;1;7;590;09/01/2016
2016000092;1;1;1;1;6;590;05/04/2016
2016000093;5;1;1;1;6;590;08/08/2016
2016000094;1;1;1;1;3;590;01/10/2016
2016000095;1;1;1;1;1;590;04/04/2016
2016000096;3;1;1;1;3;590;30/11/2016
2016000097;1;2;1;1;6;590;15/03/2016
2016000098;1;1;1;1;1;590;28/08/2016
2016000099;5;2;1;1;6;590;04/02/2016
2016000100;5;2;1;1;6;590;09/03/2016
2016000101;1;1;1;1;5;590;14/04/2016
2016000102;1;1;1;1;1;590;19/06/2016
2016000103;2;1;1;1;7;590;16/08/2016
2016000104;1;2;1;1;1;590;25/11/2016
2016000105;3;1;1;2;7;590;23/12/2016
2016000106;1;2;1;1;6;590;06/01/2016
2016000107;3;2;1;1;7;590;20/03/2016
2016000108;2;1;1;1;3;590;28/05/2016
2016000109;1;1;1;1;1;590;12/08/2016
2016000110;1;2;1;1;6;590;26/11/2016
2016000111;5;2;1;8;6;590;27/11/2016
2016000112;2;2;1;5;7;590;02/12/2016
2016000113;1;2;1;5;6;590;02/12/2016
2016000114;1;2;2;1;3;590;05/12/2016
2016000115;3;1;1;2;7;590;09/12/2016
2016000116;1;1;1;1;6;590;13/12/2016
2016000117;5;2;1;9;6;590;18/12/2016
2016000118;1;2;1;1;6;590;24/07/2016
2016000119;1;1;1;2;1;590;02/08/2016
2016000120;5;2;1;5;1;590;21/10/2016
2016000121;1;1;1;1;7;590;29/10/2016
2016000122;2;1;1;1;5;590;10/11/2016
2016000123;5;2;1;1;6;590;17/12/2016
2016000124;1;2;1;1;1;590;21/08/2016
2016000125;1;1;1;9;6;590;10/12/2016
2016000126;3;1;1;5;3;590;26/12/2016
2016000127;1;1;1;1;1;590;23/01/2016
2016000128;1;1;1;1;6;590;03/04/2016
2016000129;5;2;1;2;6;590;07/02/2016
2016000130;3;1;1;1;3;590;23/08/2016
2016000131;1;2;1;1;6;590;16/10/2016
2016000132;1;1;1;1;3;590;20/10/2016
2016000133;1;2;1;3;6;590;20/06/2016
2016000134;5;2;1;1;6;590;21/06/2016
2016000135;5;2;1;1;1;590;27/08/2016
2016000136;1;2;1;1;6;590;03/09/2016
2016000137;3;1;1;1;6;590;10/09/2016
2016000138;1;2;2;1;3;590;05/02/2016
2016000139;1;1;1;3;1;590;30/05/2016
2016000140;1;1;1;1;6;590;09/12/2016
2016000141;1;1;1;1;6;590;27/05/2016
2016000142;1;1;1;1;7;590;22/07/2016
2016000143;1;1;1;1;6;590;26/08/2016
2016000144;5;2;1;1;6;590;15/12/2016
2016000145;1;2;1;1;1;590;22/07/2016
2016000146;1;2;1;1;3;590;08/08/2016
2016000147;3;1;1;1;2;590;19/08/2016
2016000148;1;1;1;1;6;590;06/02/2016
2016000149;1;1;1;1;1;590;24/02/2016
2016000150;3;2;1;1;7;590;16/06/2016
2016000151;1;2;1;1;6;590;08/07/2016
2016000152;1;2;1;1;6;590;12/09/2016
2016000153;3;1;1;1;6;590;02/11/2016
2016000154;2;2;1;1;7;590;11/02/2016
2016000155;1;2;1;1;6;590;02/07/2016
2016000156;2;2;1;1;3;590;28/08/2016
2016000157;5;2;1;2;1;590;17/12/2016
2016000158;3;1;6;1;7;590;21/12/2016
2016000159;1;2;6;1;3;590;27/12/2016
2016000160;3;2;1;1;6;590;28/01/2016
2016000161;1;2;1;1;2;590;09/07/2016
2016000162;1;2;1;7;6;590;30/08/2016
2016000163;1;1;1;1;4;590;02/09/2016
2016000164;1;2;1;1;1;590;13/09/2016
2016000165;2;1;1;1;6;590;14/10/2016
2016000166;1;2;1;1;2;590;30/10/2016
2016000167;1;1;1;7;3;590;19/11/2016
2016000168;1;2;1;1;6;590;03/12/2016
2016000169;1;2;1;8;1;590;29/01/2016
2016000170;2;2;1;2;6;590;02/02/2016
2016000171;1;1;1;1;1;590;25/02/2016
2016000172;1;2;1;1;7;590;27/02/2016
2016000173;1;2;1;1;7;590;13/03/2016
2016000174;2;1;1;1;1;590;16/03/2016
2016000175;3;1;1;1;5;590;17/03/2016
2016000176;3;2;1;1;7;590;08/06/2016
2016000177;2;1;1;1;6;590;13/08/2016
2016000178;5;1;1;1;7;590;26/08/2016
2016000179;1;1;1;1;7;590;08/09/2016
2016000180;3;1;1;1;7;590;14/10/2016
2016000181;3;1;1;9;6;590;23/12/2016
2016000182;3;1;1;9;1;590;29/12/2016
2016000183;1;1;1;4;4;590;07/03/2016
2016000184;1;2;1;8;6;590;07/04/2016
2016000185;2;1;1;1;7;590;09/04/2016
2016000186;1;2;1;5;3;590;26/10/2016
2016000187;3;1;1;2;6;590;10/01/2016
2016000188;1;1;1;1;7;590;26/02/2016
2016000189;3;1;1;8;5;590;13/12/2016
2016000190;1;1;1;1;1;620;25/02/2016
2016000191;1;1;1;1;6;620;11/07/2016
2016000192;1;1;1;7;1;620;14/09/2016
2016000193;2;1;1;5;1;620;15/11/2016
2016000194;3;1;1;6;4;620;07/01/2016
2016000195;3;1;1;2;6;620;13/02/2016
2016000196;1;1;1;1;2;620;25/06/2016
2016000197;3;1;1;1;2;620;19/03/2016
2016000198;1;1;9;1;4;620;16/04/2016
2016000199;1;1;1;1;6;620;18/04/2016
2016000200;1;1;1;1;3;620;24/07/2016
2016000201;3;1;1;1;2;620;13/08/2016
2016000202;1;1;1;1;2;620;28/09/2016
2016000203;1;1;1;3;3;620;09/11/2016
2016000204;1;1;1;1;1;620;01/12/2016
2016000205;3;1;1;1;3;620;29/12/2016
2016000206;1;2;3;1;3;620;10/06/2016
2016000207;1;2;2;1;3;620;24/07/2016
2016000208;1;2;1;1;3;620;29/08/2016
2016000209;1;2;1;1;6;620;07/06/2016
2016000210;1;2;1;3;7;620;07/06/2016
2016000211;1;1;1;1;7;620;15/07/2016
2016000212;2;1;1;1;6;620;06/08/2016
2016000213;5;2;1;1;6;620;21/11/2016
2016000214;2;1;2;1;3;620;21/11/2016
2016000215;1;2;1;1;3;620;30/11/2016
2016000216;1;2;1;7;6;620;19/01/2016
2016000217;3;1;1;2;6;620;03/08/2016
2016000218;1;2;1;7;7;620;07/09/2016
2016000219;1;1;1;1;7;620;05/01/2016
2016000220;1;1;1;2;7;620;24/01/2016
2016000221;1;1;1;1;1;620;01/06/2016
2016000222;1;2;1;2;6;620;04/07/2016
2016000223;3;1;1;2;6;620;25/12/2016
2016000224;3;1;1;1;5;620;17/01/2016
2016000225;1;1;1;8;7;620;19/05/2016
2016000226;1;2;6;1;6;620;26/05/2016
2016000227;3;1;1;1;2;620;22/11/2016
2016000228;3;1;1;9;1;620;10/12/2016
2016000229;1;1;1;1;1;620;01/07/2016
2016000230;1;1;1;1;6;620;26/07/2016
2016000231;1;1;6;1;3;620;14/10/2016
2016000232;3;1;1;8;2;620;14/11/2016
2016000233;2;2;1;1;2;620;28/11/2016
2016000234;1;1;1;1;6;620;03/03/2016
2016000235;2;2;1;1;1;620;10/04/2016
2016000236;1;2;1;1;1;620;08/05/2016
2016000237;1;1;1;1;6;620;06/08/2016
2016000238;1;2;1;2;1;620;21/08/2016
2016000239;1;1;1;8;6;620;07/03/2016
2016000240;1;1;1;1;4;620;22/04/2016
2016000241;3;1;1;1;1;620;12/08/2016
2016000242;2;1;1;1;2;620;03/11/2016
2016000243;2;1;1;1;6;620;21/11/2016
2016000244;2;2;1;1;6;620;06/12/2016
2016000245;1;1;1;1;1;620;13/03/2016
2016000246;1;2;1;1;3;620;30/07/2016
2016000247;3;1;1;1;6;620;01/04/2016
2016000248;1;1;1;7;7;620;10/04/2016
2016000249;1;1;2;8;4;620;15/04/2016
2016000250;1;1;1;1;2;620;03/07/2016
2016000251;1;1;1;1;5;620;16/07/2016
2016000252;1;1;1;1;3;620;03/09/2016
2016000253;2;1;1;1;3;620;23/10/2016
2016000254;1;1;1;4;1;620;07/03/2016
2016000255;1;1;1;1;5;620;17/04/2016
2016000256;3;1;1;1;1;620;12/12/2016
2016000257;1;1;1;1;1;620;29/04/2016
2016000258;1;1;3;7;1;620;04/05/2016
2016000259;1;2;1;7;7;620;05/05/2016
2016000260;1;1;1;1;1;620;26/05/2016
2016000261;1;1;1;1;3;620;28/07/2016
2016000262;5;2;1;1;3;620;09/10/2016
2016000263;1;2;1;1;6;620;12/10/2016
2016000264;3;1;1;1;2;620;06/11/2016
2016000265;1;2;1;1;7;620;29/06/2016
2016000266;3;1;1;1;6;620;21/09/2016
2016000267;1;2;1;3;6;620;30/06/2016
2016000268;3;1;1;1;1;620;03/12/2016
2016000269;1;1;1;1;3;620;09/06/2016
2016000270;5;2;1;1;3;620;08/10/2016
2016000271;1;2;1;1;6;620;31/10/2016
2016000272;1;2;1;2;1;620;31/01/2016
2016000273;1;2;1;1;6;620;29/05/2016
2016000274;1;1;1;6;1;620;01/02/2016
2016000275;1;2;1;1;6;620;04/03/2016
2016000276;1;1;1;1;6;620;26/04/2016
2016000277;1;2;1;1;2;620;29/05/2016
2016000278;1;2;1;1;2;620;27/05/2016
2016000279;5;2;1;5;6;620;31/10/2016
2016000280;3;1;1;1;1;620;13/12/2016
2016000281;5;2;1;1;6;620;15/12/2016
2016000282;1;2;1;1;6;620;18/07/2016
2016000283;1;2;2;1;3;620;14/01/2016
2016000284;1;2;1;2;6;620;13/02/2016
2016000285;1;1;2;1;3;620;23/02/2016
2016000286;1;2;1;1;2;620;03/11/2016
2016000287;1;1;1;1;3;620;16/11/2016
2016000288;3;2;1;8;1;620;27/12/2016
2016000289;2;2;1;1;6;620;16/05/2016
2016000290;1;1;1;1;6;620;11/09/2016
2016000291;1;1;1;1;5;620;10/07/2016
2016000292;1;2;1;9;6;620;10/01/2016
2016000293;1;2;1;1;3;620;19/03/2016
2016000294;3;2;1;3;6;620;04/04/2016
2016000295;1;1;1;1;2;620;13/04/2016
2016000296;5;2;1;1;1;620;16/04/2016
2016000297;3;1;1;2;1;620;15/04/2016
2016000298;1;1;1;1;3;620;17/04/2016
2016000299;1;2;1;1;6;620;06/06/2016
2016000300;1;2;1;1;3;620;08/07/2016
2016000301;1;2;1;1;1;620;29/07/2016
2016000302;1;1;1;1;6;620;10/09/2016
2016000303;2;1;1;1;1;620;13/09/2016
2016000304;1;2;3;1;1;620;14/09/2016
2016000305;1;1;1;2;5;620;18/09/2016
2016000306;3;1;1;2;6;620;29/09/2016
2016000307;2;1;1;1;3;620;01/11/2016
2016000308;1;1;1;1;3;620;04/11/2016
2016000309;1;1;1;1;3;620;12/12/2016
2016000310;1;1;1;1;7;620;24/12/2016
2016000311;1;1;1;1;7;620;27/02/2016
2016000312;1;1;1;9;6;620;29/02/2016
2016000313;1;1;1;1;6;620;10/07/2016
2016000314;1;1;2;1;1;620;31/07/2016
2016000315;1;1;1;2;7;620;05/09/2016
2016000316;3;1;1;5;6;620;14/11/2016
2016000317;1;1;1;1;1;620;28/11/2016
2016000318;5;2;1;8;3;620;02/12/2016
2016000319;3;1;1;5;6;620;29/12/2016
2016000320;1;1;1;1;6;620;16/04/2016
2016000321;1;1;1;1;6;620;10/07/2016
2016000322;1;2;1;1;6;620;09/07/2016
2016000323;1;2;1;1;3;800;27/09/2016
2016000324;1;2;1;1;6;800;29/09/2016
2016000325;1;1;1;1;6;800;13/05/2016
2016000326;1;1;1;1;1;800;31/08/2016
2016000327;3;1;1;5;6;800;23/02/2016
2016000328;1;1;1;1;1;800;12/04/2016
2016000329;1;2;2;1;3;800;25/06/2016
2016000330;1;1;8;2;3;800;02/08/2016
2016000331;1;1;1;8;1;800;29/10/2016
2016000332;1;2;1;1;3;800;27/08/2016
2016000333;5;2;1;1;6;800;03/07/2016
2016000334;1;2;1;1;6;800;08/01/2016
2016000335;5;2;1;3;6;800;14/01/2016
2016000336;5;2;1;2;3;800;22/01/2016
2016000337;5;2;1;1;7;800;26/02/2016
2016000338;1;2;1;1;3;800;16/03/2016
2016000339;1;1;1;1;6;800;19/04/2016
2016000340;1;2;1;1;3;800;11/05/2016
2016000341;1;2;1;1;6;800;24/05/2016
2016000342;5;2;6;1;3;800;25/05/2016
2016000343;2;1;1;1;6;800;10/06/2016
2016000344;1;1;1;1;3;800;28/08/2016
2016000345;1;1;1;2;7;800;14/10/2016
2016000346;3;1;1;5;6;800;31/12/2016
2016000347;3;1;1;1;6;20;13/02/2016
2016000348;1;2;1;1;2;20;19/02/2016
2016000349;3;1;3;2;3;20;08/03/2016
2016000350;1;1;1;1;1;20;15/07/2016
2016000351;1;1;1;2;1;20;06/09/2016
2016000352;3;1;2;3;5;20;23/10/2016
2016000353;2;1;2;1;3;20;30/10/2016
2016000354;2;2;2;2;3;20;05/02/2016
2016000355;1;1;1;1;6;20;09/10/2016
2016000356;3;1;1;8;6;20;10/12/2016
2016000357;1;2;1;1;6;20;28/12/2016
2016000358;1;2;1;1;6;20;27/12/2016
2016000359;1;1;2;1;3;20;01/07/2016
2016000360;1;1;1;1;3;20;08/10/2016
2016000361;1;2;2;1;3;20;23/11/2016
2016000362;1;1;1;1;1;20;15/02/2016
2016000363;5;2;1;1;6;20;19/02/2016
2016000364;3;1;1;1;6;20;26/02/2016
2016000365;3;1;1;1;1;20;04/12/2016
2016000366;3;1;1;3;3;20;03/01/2016
2016000367;1;1;1;1;1;20;27/02/2016
2016000368;1;1;1;1;1;20;26/04/2016
2016000369;1;1;1;1;5;20;25/06/2016
2016000370;1;1;3;1;3;20;18/07/2016
2016000371;4;1;1;8;1;20;03/11/2016
2016000372;3;1;1;2;1;20;11/11/2016
2016000373;1;1;1;1;1;20;16/11/2016
2016000374;3;1;1;1;6;20;25/07/2016
2016000375;1;1;1;1;7;20;03/10/2016
2016000376;1;1;1;1;6;20;08/10/2016
2016000377;3;1;2;1;3;20;28/01/2016
2016000378;1;2;3;1;1;20;15/05/2016
2016000379;4;1;1;1;6;20;12/06/2016
2016000380;3;1;1;2;7;20;15/06/2016
2016000381;1;2;3;1;6;20;17/11/2016
2016000382;3;1;3;1;3;20;11/03/2016
2016000383;2;1;8;7;3;20;20/04/2016
2016000384;1;1;1;1;3;20;21/04/2016
2016000385;1;1;1;1;7;20;03/07/2016
2016000386;1;2;3;2;1;20;03/03/2016
2016000387;1;1;1;1;1;20;26/03/2016
2016000388;2;1;1;1;6;20;19/06/2016
2016000389;5;2;1;1;6;20;23/09/2016
2016000390;1;2;1;9;6;20;16/01/2016
2016000391;2;1;1;9;7;20;22/01/2016
2016000392;1;1;1;1;2;20;25/01/2016
2016000393;1;1;2;1;3;20;09/06/2016
2016000394;4;1;3;1;1;20;29/08/2016
2016000395;2;1;1;1;6;20;15/09/2016
2016000396;3;1;1;1;6;20;23/09/2016
2016000397;3;1;1;1;6;20;29/10/2016
2016000398;3;1;1;2;6;20;25/12/2016
2016000399;1;1;2;1;3;20;21/05/2016
2016000400;1;1;1;5;2;20;12/10/2016
2016000401;1;1;1;1;1;20;04/11/2016
2016000402;1;1;1;1;5;20;07/11/2016
2016000403;3;2;1;1;6;20;19/11/2016
2016000404;1;2;4;1;2;20;22/02/2016
2016000405;1;1;1;1;7;20;10/04/2016
2016000406;1;1;2;1;3;20;05/05/2016
2016000407;3;1;1;1;3;20;24/07/2016
2016000408;2;1;1;7;1;20;16/08/2016
2016000409;3;1;1;3;1;20;23/10/2016
2016000410;1;1;3;1;2;20;24/11/2016
2016000411;1;2;1;1;6;20;18/04/2016
2016000412;1;2;1;1;3;20;01/05/2016
2016000413;1;1;1;1;6;20;24/06/2016
2016000414;3;1;1;1;6;20;27/05/2016
2016000415;1;1;1;1;5;20;26/08/2016
2016000416;2;1;1;2;1;20;20/09/2016
2016000417;3;1;1;1;3;20;16/12/2016
2016000418;1;1;1;2;7;20;27/03/2016
2016000419;3;1;1;1;7;20;15/05/2016
2016000420;3;1;1;1;2;20;24/08/2016
2016000421;1;2;2;1;6;20;03/10/2016
2016000422;3;1;1;1;6;20;15/10/2016
2016000423;1;1;1;3;7;20;16/06/2016
2016000424;3;2;3;1;6;20;24/07/2016
2016000425;1;2;3;1;3;20;29/10/2016
2016000426;1;1;1;1;2;20;03/05/2016
2016000427;1;2;3;1;3;20;04/06/2016
2016000428;1;1;2;1;1;20;29/07/2016
2016000429;1;2;1;1;6;20;04/08/2016
2016000430;1;2;9;1;6;20;18/10/2016
2016000431;1;1;1;5;3;20;02/12/2016
2016000432;5;2;3;1;6;20;03/12/2016
2016000433;1;1;1;1;3;600;02/02/2016
2016000434;3;1;1;1;7;600;26/02/2016
2016000435;1;1;1;1;7;600;21/04/2016
2016000436;1;1;1;1;7;600;03/05/2016
2016000437;1;1;1;1;2;600;09/06/2016
2016000438;1;2;1;1;2;600;09/06/2016
2016000439;3;1;1;1;1;600;10/06/2016
2016000440;1;1;1;1;1;600;09/08/2016
2016000441;3;1;1;1;6;600;11/08/2016
2016000442;5;2;6;1;7;600;19/08/2016
2016000443;3;1;1;1;2;600;18/08/2016
2016000444;1;1;6;1;7;600;28/08/2016
2016000445;2;2;1;5;3;600;23/09/2016
2016000446;1;1;1;1;6;600;02/10/2016
2016000447;3;1;1;2;2;600;26/11/2016
2016000448;3;1;1;2;5;600;23/12/2016
2016000449;1;1;1;1;2;600;19/03/2016
2016000450;3;1;1;1;1;600;01/04/2016
2016000451;1;1;1;2;3;600;28/05/2016
2016000452;1;1;1;2;1;600;30/05/2016
2016000453;1;1;1;1;6;600;21/07/2016
2016000454;1;1;1;1;5;600;10/09/2016
2016000455;1;1;1;1;1;600;18/09/2016
2016000456;1;2;1;1;6;600;08/03/2016
2016000457;3;1;1;1;6;600;27/12/2016
2016000458;2;2;1;2;6;600;14/01/2016
2016000459;1;1;1;1;3;600;19/05/2016
2016000460;1;1;1;1;1;600;06/06/2016
2016000461;1;2;1;1;3;600;30/07/2016
2016000462;1;1;1;1;1;600;26/08/2016
2016000463;2;2;1;1;7;600;02/10/2016
2016000464;1;2;1;1;6;600;28/11/2016
2016000465;1;2;1;1;6;600;15/12/2016
2016000466;1;1;1;2;7;600;14/01/2016
2016000467;1;2;1;8;6;600;07/03/2016
2016000468;1;1;1;1;7;600;15/05/2016
2016000469;1;1;1;1;3;600;28/06/2016
2016000470;1;1;1;1;1;600;01/09/2016
2016000471;5;2;1;1;6;600;05/05/2016
2016000472;3;1;1;1;7;600;04/07/2016
2016000473;5;2;1;1;6;600;04/09/2016
2016000474;1;1;1;1;2;600;25/04/2016
2016000475;3;1;9;1;1;600;27/02/2016
2016000476;1;2;1;3;2;600;21/06/2016
2016000477;3;1;1;2;1;600;14/01/2016
2016000478;1;1;9;8;3;600;27/01/2016
2016000479;1;1;9;1;3;600;06/02/2016
2016000480;1;2;1;1;2;600;16/06/2016
2016000481;3;1;1;1;3;600;26/08/2016
2016000482;3;1;1;1;7;600;12/10/2016
2016000483;2;2;1;8;3;600;16/11/2016
2016000484;1;1;1;1;1;600;16/11/2016
2016000485;2;2;1;1;6;600;24/11/2016
2016000486;3;1;1;9;7;600;01/12/2016
2016000487;1;1;1;1;6;600;13/12/2016
2016000488;3;1;1;6;5;600;06/02/2016
2016000489;1;2;1;1;7;600;27/02/2016
2016000490;1;2;1;1;7;600;27/05/2016
2016000491;3;1;1;1;1;600;08/11/2016
2016000492;1;1;1;1;1;600;03/03/2016
2016000493;1;1;1;1;2;600;23/07/2016
2016000494;5;2;1;2;3;600;13/10/2016
2016000495;2;1;1;1;4;600;30/11/2016
2016000496;1;1;1;1;4;600;15/01/2016
2016000497;3;1;1;1;1;600;16/01/2016
2016000498;1;1;1;1;6;600;01/03/2016
2016000499;2;1;2;2;5;600;04/03/2016
2016000500;1;1;1;1;3;600;18/05/2016
2016000501;2;2;1;1;7;600;03/06/2016
2016000502;2;1;1;3;6;600;11/06/2016
2016000503;1;2;1;1;1;600;22/06/2016
2016000504;1;2;1;1;6;600;28/06/2016
2016000505;1;1;1;1;1;600;01/07/2016
2016000506;3;1;1;2;1;600;10/11/2016
2016000507;2;1;1;1;7;600;09/01/2016
2016000508;1;1;1;1;3;600;11/01/2016
2016000509;2;1;1;1;1;600;28/01/2016
2016000510;1;1;1;1;6;600;12/04/2016
2016000511;1;1;1;1;6;600;09/08/2016
2016000512;1;1;1;8;3;600;05/09/2016
2016000513;1;1;1;8;1;600;05/09/2016
2016000514;1;1;1;1;6;600;10/09/2016
2016000515;3;1;1;1;3;600;25/09/2016
2016000516;3;1;9;1;1;600;14/11/2016
2016000517;2;1;1;1;1;600;21/11/2016
2016000518;3;1;1;1;1;600;25/11/2016
2016000519;2;1;1;2;2;600;13/02/2016
2016000520;3;2;1;2;6;600;04/04/2016
2016000521;3;1;1;1;7;600;08/05/2016
2016000522;1;1;1;2;7;600;10/05/2016
2016000523;1;1;1;1;3;600;28/05/2016
2016000524;2;1;1;5;6;600;06/06/2016
2016000525;5;2;1;1;6;600;20/09/2016
2016000526;1;1;1;1;2;570;08/03/2016
2016000527;1;1;1;1;5;570;21/03/2016
2016000528;1;2;1;1;7;570;10/04/2016
2016000529;3;2;1;1;6;570;15/05/2016
2016000530;1;1;1;1;3;570;17/06/2016
2016000531;1;1;1;1;1;570;30/06/2016
2016000532;2;1;1;1;7;570;27/09/2016
2016000533;1;2;1;1;6;570;08/10/2016
2016000534;5;2;1;1;6;570;27/12/2016
2016000535;3;1;1;8;1;600;16/01/2016
2016000536;3;1;1;1;6;600;05/02/2016
2016000537;1;1;1;2;3;600;12/02/2016
2016000538;1;1;1;1;1;600;21/02/2016
2016000539;1;1;3;1;1;600;13/03/2016
2016000540;1;1;1;1;5;600;28/06/2016
2016000541;1;1;1;7;1;600;24/07/2016
2016000542;1;1;1;2;5;600;05/09/2016
2016000543;1;1;1;8;4;600;10/02/2016
2016000544;1;2;1;2;6;600;03/03/2016
2016000545;1;1;1;1;6;600;27/03/2016
2016000546;1;2;1;1;6;600;06/04/2016
2016000547;1;2;1;1;1;600;06/06/2016
2016000548;1;2;1;1;7;600;18/06/2016
2016000549;1;1;1;1;3;600;26/06/2016
2016000550;1;1;1;1;6;600;31/07/2016
2016000551;1;1;1;1;3;600;03/08/2016
2016000552;1;1;1;1;4;600;23/09/2016
2016000553;1;2;1;1;3;600;04/10/2016
2016000554;1;2;1;1;1;600;13/10/2016
2016000555;3;1;1;9;1;600;07/12/2016
2016000556;1;2;1;1;1;600;14/12/2016
2016000557;1;1;1;1;3;600;26/12/2016
2016000558;1;2;9;2;1;600;19/02/2016
2016000559;1;2;1;1;6;600;02/02/2016
2016000560;1;1;1;1;1;600;05/05/2016
2016000561;1;2;1;1;6;600;08/07/2016
2016000562;3;1;1;1;1;600;10/07/2016
2016000563;3;1;1;1;1;600;11/09/2016
2016000564;1;1;1;1;3;600;08/12/2016
2016000565;1;2;8;1;3;600;08/01/2016
2016000566;3;1;1;1;7;600;15/03/2016
2016000567;1;1;9;8;2;600;29/03/2016
2016000568;3;2;2;1;3;600;05/04/2016
2016000569;1;1;1;1;3;600;21/04/2016
2016000570;1;1;6;1;1;600;08/05/2016
2016000571;3;1;1;1;6;600;13/05/2016
2016000572;3;1;1;1;6;600;16/08/2016
2016000573;1;1;1;1;1;600;09/09/2016
2016000574;1;1;1;1;1;600;02/12/2016
2016000575;1;2;1;1;3;600;10/03/2016
2016000576;1;2;1;1;3;600;11/04/2016
2016000577;1;1;1;1;1;600;27/06/2016
2016000578;1;2;1;1;1;600;29/07/2016
2016000579;3;1;1;1;6;760;27/04/2016