num_acc;lum;agg;inter;atm;col;dep;date
2016003463;1;1;2;1;3;170;04/12/2016
2016003464;3;1;1;2;6;170;11/12/2016
2016003465;1;1;1;1;1;170;03/03/2016
2016003466;1;2;1;1;7;170;13/03/2016
2016003467;1;1;2;1;3;170;06/12/2016
2016003468;1;1;1;1;6;170;09/01/2016
2016003469;1;1;2;2;5;170;18/02/2016
2016003470;1;1;2;1;3;170;03/07/2016
2016003471;1;2;1;1;2;170;06/11/2016
2016003472;1;2;1;1;6;170;10/12/2016
2016003473;1;2;1;1;6;170;10/12/2016
2016003474;1;1;1;1;1;170;14/12/2016
2016003475;3;1;1;1;2;170;08/12/2016
2016003476;1;1;4;1;3;790;29/10/2016
2016003477;1;2;1;1;1;790;12/07/2016
2016003478;1;1;4;1;3;790;12/07/2016
2016003479;1;2;6;1;6;790;09/08/2016
2016003480;3;1;1;1;6;790;21/08/2016
2016003481;1;1;1;1;5;790;05/09/2016
2016003482;5;1;1;1;6;790;28/09/2016
2016003483;4;2;1;5;6;790;18/12/2016
2016003484;3;1;1;2;2;790;30/01/2016
2016003485;3;1;1;3;6;790;04/03/2016
2016003486;2;1;1;2;7;790;22/04/2016
2016003487;1;2;1;1;6;790;01/05/2016
2016003488;1;1;3;1;2;790;18/08/2016
2016003489;1;1;1;1;6;790;23/09/2016
2016003490;3;1;1;5;4;790;18/12/2016
2016003491;3;1;1;1;7;790;19/06/2016
2016003492;1;1;1;1;6;790;03/07/2016
2016003493;1;1;1;1;3;790;23/07/2016
2016003494;2;1;1;5;6;870;22/02/2016
2016003495;1;1;1;1;3;870;18/03/2016
2016003496;1;1;3;1;1;870;18/03/2016
2016003497;2;1;2;1;3;870;03/04/2016
2016003498;1;1;1;1;1;870;05/05/2016
2016003499;1;1;1;1;5;870;05/05/2016
2016003500;1;1;1;1;6;870;03/06/2016
2016003501;1;1;2;1;3;870;14/07/2016
2016003502;1;1;2;1;3;870;25/07/2016
2016003503;1;1;1;1;5;870;04/08/2016
2016003504;1;1;1;1;6;870;22/09/2016
2016003505;2;1;3;1;3;870;04/10/2016
2016003506;5;2;1;1;7;870;04/12/2016
2016003507;3;1;1;2;3;870;14/01/2016
2016003508;1;1;1;1;1;870;10/02/2016
2016003509;1;1;1;2;1;870;02/06/2016
2016003510;4;1;1;1;1;870;09/07/2016
2016003511;1;2;1;1;6;870;04/05/2016
2016003512;1;1;1;1;6;870;10/05/2016
2016003513;3;1;1;1;6;870;08/08/2016
2016003514;3;1;1;1;7;870;30/08/2016
2016003515;3;1;1;1;6;870;09/09/2016
2016003516;1;1;3;1;5;870;12/10/2016
2016003517;2;2;1;2;6;870;01/02/2016
2016003518;5;2;1;2;6;870;06/03/2016
2016003519;1;1;1;8;1;870;03/06/2016
2016003520;5;1;1;1;6;870;27/08/2016
2016003521;1;1;1;1;6;870;04/02/2016
2016003522;1;1;1;1;1;870;07/03/2016
2016003523;1;2;1;1;6;870;18/05/2016
2016003524;1;1;1;2;1;870;29/05/2016
2016003525;3;1;1;1;6;870;07/06/2016
2016003526;1;2;1;1;6;870;19/06/2016
2016003527;5;2;1;1;6;870;06/07/2016
2016003528;1;1;9;1;2;870;10/08/2016
2016003529;3;1;1;1;1;870;01/12/2016
2016003530;1;1;1;2;6;870;28/05/2016
2016003531;1;1;1;1;1;870;15/08/2016
2016003532;1;2;7;1;7;870;15/09/2016
2016003533;1;1;1;1;6;870;24/01/2016
2016003534;3;1;1;2;6;870;11/11/2016
2016003535;1;2;3;1;3;870;05/12/2016
2016003536;1;1;1;1;6;870;22/03/2016
2016003537;1;1;1;1;1;870;25/10/2016
2016003538;1;1;1;1;2;870;17/12/2016
2016003539;1;1;1;2;7;870;23/01/2016
2016003540;1;2;1;3;3;870;04/03/2016
2016003541;1;2;3;1;3;870;19/04/2016
2016003542;1;2;1;1;6;870;06/08/2016
2016003543;3;1;1;1;6;870;17/08/2016
2016003544;1;1;1;1;6;870;03/10/2016
2016003545;1;1;1;1;6;870;11/03/2016
2016003546;3;1;1;1;6;870;25/03/2016
2016003547;3;1;1;1;6;870;17/05/2016
2016003548;3;1;1;1;1;870;30/11/2016
2016003549;1;1;1;3;1;190;07/01/2016
2016003550;1;1;1;1;1;190;02/04/2016
2016003551;3;1;1;1;7;190;10/04/2016
2016003552;1;1;1;1;5;190;22/08/2016
2016003553;1;1;1;2;1;190;16/09/2016
2016003554;3;1;1;1;6;190;15/10/2016
2016003555;1;1;1;8;3;190;31/03/2016
2016003556;1;1;1;2;6;190;23/04/2016
2016003557;1;1;1;1;6;190;28/07/2016
2016003558;3;1;1;1;7;190;22/07/2016
2016003559;1;1;1;1;6;190;23/07/2016
2016003560;2;1;1;5;1;190;21/02/2016
2016003561;1;1;1;1;7;190;14/08/2016
2016003562;1;1;1;1;1;190;29/08/2016
2016003563;1;1;1;2;1;190;09/01/2016
2016003564;3;1;1;2;3;190;04/02/2016
2016003565;1;1;1;4;1;190;15/02/2016
2016003566;5;2;1;1;6;190;21/02/2016
2016003567;1;1;1;1;6;190;18/08/2016
2016003568;1;1;1;2;6;190;14/09/2016
2016003569;1;1;1;1;6;190;02/11/2016
2016003570;1;1;1;1;7;190;10/05/2016
2016003571;2;1;1;1;6;190;18/11/2016
2016003572;1;1;1;4;1;190;12/01/2016
2016003573;1;1;1;1;7;190;27/04/2016
2016003574;1;1;1;1;6;190;19/05/2016
2016003575;1;1;1;1;3;190;10/09/2016
2016003576;3;1;1;3;7;190;14/09/2016
2016003577;3;1;1;1;6;190;14/01/2016
2016003578;1;1;1;1;1;190;09/08/2016
2016003579;1;1;1;1;1;190;19/09/2016
2016003580;5;2;1;1;1;190;21/08/2016
2016003581;3;1;1;1;7;190;30/08/2016
2016003582;1;1;1;1;6;190;01/09/2016
2016003583;1;1;1;1;7;190;02/08/2016
2016003584;1;1;1;1;7;190;07/05/2016
2016003585;1;1;1;1;6;190;08/06/2016
2016003586;1;1;1;2;6;190;02/01/2016
2016003587;3;1;1;1;6;190;23/06/2016
2016003588;3;1;1;1;6;190;07/08/2016
2016003589;1;2;1;1;6;190;10/12/2016
2016003590;4;2;1;1;3;230;21/06/2016
2016003591;1;1;1;1;7;230;13/07/2016
2016003592;1;1;1;1;6;230;15/05/2016
2016003593;1;1;1;1;6;230;26/06/2016
2016003594;1;1;1;1;1;230;05/09/2016
2016003595;1;1;1;2;6;230;24/02/2016
2016003596;1;1;1;7;2;230;15/03/2016
2016003597;2;1;1;1;6;230;06/05/2016
2016003598;1;1;1;1;3;230;23/06/2016
2016003599;1;1;1;1;1;230;25/06/2016
2016003600;1;1;1;1;4;230;04/07/2016
2016003601;1;1;1;1;6;230;31/07/2016
2016003602;1;2;1;1;1;230;09/09/2016
2016003603;1;1;1;8;1;230;03/02/2016
2016003604;1;1;2;1;3;230;06/09/2016
2016003605;1;1;1;1;6;230;27/02/2016
2016003606;3;1;1;1;1;230;25/12/2016
2016003607;2;1;1;8;6;230;14/05/2016
2016003608;1;2;1;8;1;230;23/05/2016
2016003609;1;1;1;3;1;310;18/01/2016
2016003610;1;2;1;7;7;310;23/03/2016
2016003611;1;1;3;1;3;310;30/03/2016
2016003612;1;1;4;7;5;310;16/04/2016
2016003613;1;1;1;1;6;310;17/05/2016
2016003614;1;2;6;1;3;310;16/07/2016
2016003615;1;2;8;1;5;310;17/08/2016
2016003616;1;1;1;1;6;310;02/10/2016
2016003617;1;2;1;1;1;310;26/03/2016
2016003618;1;2;1;1;6;310;09/08/2016
2016003619;3;2;1;1;5;310;20/01/2016
2016003620;3;1;1;1;7;310;01/01/2016
2016003621;1;1;1;1;7;310;09/01/2016
2016003622;3;1;1;2;6;310;13/02/2016
2016003623;1;1;1;1;1;310;11/04/2016
2016003624;1;1;1;1;3;310;05/06/2016
2016003625;1;1;1;1;1;310;18/08/2016
2016003626;1;2;1;1;6;310;15/09/2016
2016003627;1;1;1;1;1;310;28/09/2016
2016003628;1;1;1;1;3;310;03/10/2016
2016003629;1;1;1;1;1;310;08/01/2016
2016003630;1;1;1;1;6;310;11/02/2016
2016003631;1;1;2;1;3;310;30/03/2016
2016003632;3;1;1;1;6;310;25/04/2016
2016003633;1;1;1;1;2;310;26/05/2016
2016003634;3;1;1;1;3;310;26/06/2016
2016003635;1;1;2;1;3;310;05/08/2016
2016003636;1;1;1;1;6;310;19/08/2016
2016003637;3;1;1;1;6;310;27/09/2016
2016003638;5;2;1;2;1;310;18/01/2016
2016003639;1;2;6;1;3;310;14/01/2016
2016003640;1;1;1;1;3;310;29/06/2016
2016003641;1;1;6;1;3;310;27/07/2016
2016003642;1;2;1;1;6;310;21/08/2016
2016003643;1;1;1;2;6;310;14/09/2016
2016003644;3;1;1;1;1;310;07/10/2016
2016003645;1;2;1;1;6;310;10/10/2016
2016003646;1;1;1;1;6;310;03/12/2016
2016003647;3;2;1;1;7;310;30/01/2016
2016003648;2;1;1;1;7;310;04/09/2016
2016003649;1;2;1;2;5;310;10/11/2016
2016003650;5;2;2;1;6;310;28/11/2016
2016003651;1;2;6;1;6;310;11/01/2016
2016003652;1;1;3;1;3;310;22/03/2016
2016003653;1;1;1;1;3;310;21/05/2016
2016003654;1;1;1;1;4;310;22/07/2016
2016003655;1;2;6;1;2;310;27/07/2016
2016003656;1;1;1;1;1;310;20/07/2016
2016003657;1;2;1;1;5;310;30/09/2016
2016003658;2;2;1;2;3;310;05/03/2016
2016003659;1;1;2;1;3;310;23/05/2016
2016003660;1;1;1;1;6;310;10/06/2016
2016003661;1;2;6;1;3;310;15/07/2016
2016003662;1;2;1;1;3;310;20/07/2016
2016003663;3;2;1;1;6;310;25/09/2016
2016003664;1;2;1;1;6;310;27/01/2016
2016003665;5;2;1;2;6;310;13/02/2016
2016003666;1;1;1;1;1;310;19/02/2016
2016003667;2;2;1;1;3;310;18/03/2016
2016003668;1;2;1;1;7;310;20/03/2016
2016003669;1;2;1;1;6;310;25/03/2016
2016003670;1;1;1;1;6;310;24/04/2016
2016003671;1;1;6;1;1;310;01/05/2016
2016003672;1;2;1;1;6;310;15/06/2016
2016003673;1;2;1;1;6;310;20/06/2016
2016003674;1;2;1;1;6;310;03/07/2016
2016003675;3;1;1;1;6;310;25/07/2016
2016003676;1;2;1;1;6;310;23/08/2016
2016003677;1;1;1;2;5;310;14/09/2016
2016003678;1;2;1;1;6;310;19/10/2016
2016003679;5;2;1;1;1;310;07/12/2016
2016003680;5;2;9;1;6;310;07/12/2016
2016003681;1;2;6;1;6;310;09/12/2016
2016003682;1;2;1;2;1;310;22/12/2016
2016003683;1;1;1;2;1;310;22/12/2016
2016003684;1;1;3;1;1;310;09/01/2016
2016003685;1;1;1;9;5;310;18/01/2016
2016003686;3;1;1;1;6;310;27/02/2016
2016003687;1;1;1;1;1;310;31/03/2016
2016003688;1;2;1;1;1;310;04/06/2016
2016003689;1;1;1;1;1;310;29/07/2016
2016003690;1;1;4;1;7;310;07/09/2016
2016003691;1;1;1;6;7;310;13/09/2016
2016003692;2;2;2;8;1;310;13/01/2016
2016003693;1;1;1;3;3;310;09/03/2016
2016003694;1;1;1;1;6;310;14/03/2016
2016003695;3;2;1;1;7;310;23/03/2016
2016003696;1;1;1;1;1;310;16/04/2016
2016003697;1;1;4;8;1;310;09/05/2016
2016003698;1;1;1;1;3;310;25/05/2016
2016003699;1;2;1;1;7;310;07/07/2016
2016003700;1;1;1;1;7;310;10/08/2016
2016003701;1;2;1;1;3;310;10/09/2016
2016003702;1;1;6;1;1;310;28/09/2016
2016003703;1;1;1;1;6;310;28/06/2016
2016003704;1;2;6;1;6;310;05/08/2016
2016003705;1;1;1;1;1;310;11/03/2016
2016003706;1;1;1;1;1;310;27/05/2016
2016003707;1;2;3;1;5;310;27/05/2016
2016003708;2;1;1;8;6;310;29/05/2016
2016003709;1;1;4;1;3;310;11/06/2016
2016003710;1;2;1;1;1;310;30/07/2016
2016003711;1;2;1;1;3;310;02/09/2016
2016003712;1;1;1;1;1;310;27/01/2016
2016003713;1;1;1;1;3;310;29/04/2016
2016003714;1;2;1;1;3;310;09/05/2016
2016003715;1;1;1;2;5;310;18/05/2016
2016003716;1;2;1;1;7;310;24/05/2016
2016003717;1;2;1;1;3;310;29/06/2016
2016003718;1;1;1;1;3;310;16/08/2016
2016003719;1;2;6;2;3;310;24/04/2016
2016003720;2;1;1;2;6;310;31/07/2016
2016003721;1;1;1;1;1;310;30/01/2016
2016003722;1;1;3;1;1;310;21/05/2016
2016003723;1;1;1;1;6;310;13/08/2016
2016003724;3;1;1;1;6;310;03/09/2016
2016003725;1;1;1;2;1;310;03/03/2016
2016003726;1;1;1;8;3;310;30/04/2016
2016003727;1;1;1;1;6;310;04/08/2016
2016003728;1;1;1;1;6;310;23/09/2016
2016003729;1;2;1;1;3;310;04/02/2016
2016003730;1;1;1;3;6;310;02/03/2016
2016003731;1;1;9;1;3;310;25/03/2016
2016003732;1;1;1;1;6;310;29/03/2016
2016003733;3;1;1;8;6;310;09/04/2016
2016003734;1;2;6;1;3;310;05/06/2016
2016003735;1;1;1;1;6;310;06/06/2016
2016003736;1;1;3;1;5;310;20/07/2016
2016003737;1;1;3;7;1;310;12/08/2016
2016003738;1;1;1;1;2;310;19/08/2016
2016003739;1;1;1;1;6;310;22/09/2016
2016003740;1;1;1;1;6;310;18/09/2016
2016003741;1;1;1;1;1;310;06/08/2016
2016003742;1;1;2;1;3;310;18/03/2016
2016003743;1;1;2;1;3;310;22/06/2016
2016003744;1;2;3;7;4;310;29/10/2016
2016003745;1;2;1;2;6;310;10/11/2016
2016003746;3;1;1;1;6;310;05/12/2016
2016003747;3;1;2;1;3;310;08/01/2016
2016003748;1;1;1;1;1;310;30/05/2016
2016003749;1;2;1;1;6;310;24/07/2016
2016003750;1;1;1;1;6;310;27/08/2016
2016003751;3;1;1;1;7;310;29/09/2016
2016003752;1;1;1;1;5;90;06/05/2016
2016003753;3;1;1;1;7;90;21/05/2016
2016003754;2;1;1;2;7;90;02/06/2016
2016003755;1;1;1;1;1;90;13/08/2016
2016003756;1;2;1;1;7;90;13/10/2016
2016003757;1;1;1;8;7;90;18/10/2016
2016003758;1;1;1;1;6;90;28/10/2016
2016003759;1;1;1;1;1;90;26/11/2016
2016003760;2;1;1;1;3;90;08/12/2016
2016003761;5;2;1;2;7;90;22/12/2016
2016003762;1;2;1;1;3;90;21/01/2016
2016003763;3;1;1;1;3;90;19/03/2016
2016003764;1;1;1;2;6;90;21/04/2016
2016003765;1;2;1;1;5;90;16/07/2016
2016003766;1;1;1;1;2;90;02/11/2016
2016003767;1;1;1;1;6;90;06/12/2016
2016003768;1;1;1;2;1;90;25/02/2016
2016003769;1;2;1;1;6;90;04/04/2016
2016003770;1;1;1;1;6;90;18/07/2016
2016003771;1;1;1;1;6;90;19/06/2016
2016003772;3;1;1;1;7;90;03/08/2016
2016003773;1;1;1;1;6;90;16/09/2016
2016003774;3;1;1;2;7;90;17/09/2016
2016003775;2;1;1;1;7;90;19/11/2016
2016003776;3;1;1;1;7;90;20/02/2016
2016003777;1;2;1;1;3;90;16/04/2016
2016003778;2;1;1;1;7;90;20/04/2016
2016003779;1;2;1;1;1;90;06/09/2016
2016003780;1;2;7;1;6;90;10/10/2016
2016003781;1;1;1;1;6;90;15/12/2016
2016003782;3;1;1;1;1;90;06/01/2016
2016003783;2;1;1;1;6;90;19/03/2016
2016003784;3;2;1;1;6;90;11/05/2016
2016003785;1;1;1;1;7;90;03/08/2016
2016003786;1;1;1;6;7;90;22/10/2016
2016003787;2;1;1;1;3;90;10/11/2016
2016003788;1;1;1;1;2;90;31/12/2016
2016003789;3;1;1;1;6;90;03/01/2016
2016003790;1;1;1;1;6;90;07/04/2016
2016003791;1;2;3;1;3;90;13/04/2016
2016003792;1;1;3;1;3;90;22/04/2016
2016003793;3;1;1;2;6;90;14/05/2016
2016003794;3;1;6;1;6;90;26/05/2016
2016003795;1;1;1;1;7;90;25/06/2016
2016003796;3;1;1;1;6;90;24/07/2016
2016003797;1;1;1;1;6;90;05/08/2016
2016003798;1;1;1;1;7;90;07/08/2016
2016003799;1;1;1;1;1;90;06/08/2016
2016003800;2;1;1;1;1;90;29/08/2016
2016003801;5;1;6;1;7;90;12/12/2016
2016003802;5;2;1;1;6;90;25/01/2016
2016003803;1;1;1;3;3;90;03/03/2016
2016003804;1;1;3;1;3;90;14/04/2016
2016003805;1;2;1;1;2;90;20/06/2016
2016003806;1;2;1;1;2;90;01/10/2016
2016003807;1;1;1;2;7;90;20/10/2016
2016003808;1;1;1;1;3;90;01/01/2016
2016003809;1;1;1;1;6;90;28/04/2016
2016003810;1;1;1;1;1;90;09/05/2016
2016003811;5;1;1;1;1;90;03/10/2016
2016003812;1;1;1;7;2;90;30/09/2016
2016003813;1;1;3;1;3;90;01/11/2016
2016003814;1;2;3;1;3;20;02/03/2016
2016003815;1;2;1;1;6;20;07/06/2016
2016003816;3;1;1;1;7;20;28/06/2016
2016003817;1;1;1;1;3;20;29/09/2016
2016003818;1;2;7;1;6;20;02/09/2016
2016003819;1;1;1;1;1;120;09/01/2016
2016003820;1;1;1;1;3;120;14/07/2016
2016003821;1;1;2;3;3;120;12/01/2016
2016003822;1;1;3;2;3;120;14/06/2016
2016003823;1;1;2;8;3;120;14/07/2016
2016003824;3;1;1;1;6;120;16/08/2016
2016003825;1;1;2;7;5;120;24/08/2016
2016003826;3;1;1;1;7;120;27/10/2016
2016003827;1;1;1;1;6;120;30/10/2016
2016003828;3;1;1;2;6;120;05/11/2016
2016003829;2;1;1;2;7;120;09/02/2016
2016003830;1;1;2;1;3;120;26/03/2016
2016003831;1;2;1;1;7;120;17/05/2016
2016003832;3;1;1;1;6;120;23/07/2016
2016003833;1;1;1;1;5;120;04/08/2016
2016003834;1;1;1;1;1;120;09/09/2016
2016003835;2;1;1;2;2;120;01/02/2016
2016003836;1;1;1;1;5;120;15/03/2016
2016003837;5;2;1;8;6;120;27/03/2016
2016003838;1;1;1;3;1;120;22/05/2016
2016003839;1;1;1;1;6;120;26/05/2016
2016003840;3;1;1;1;1;120;21/06/2016
2016003841;1;1;1;1;5;120;03/08/2016
2016003842;1;1;1;1;5;120;06/08/2016
2016003843;1;1;1;1;3;120;13/08/2016
2016003844;3;1;1;8;6;120;24/10/2016
2016003845;1;1;1;8;3;120;08/01/2016
2016003846;1;1;1;1;5;120;18/03/2016
2016003847;1;1;1;1;6;120;18/04/2016
2016003848;1;1;1;1;2;120;17/08/2016
2016003849;3;1;1;3;6;120;10/01/2016
2016003850;1;1;1;2;6;120;14/01/2016
2016003851;2;1;1;7;2;120;10/08/2016
2016003852;1;1;1;1;1;120;31/08/2016
2016003853;3;1;1;9;1;120;30/12/2016
2016003854;1;1;1;2;1;120;30/07/2016
2016003855;1;1;2;1;3;120;18/08/2016
2016003856;1;1;1;1;6;120;26/11/2016
2016003857;1;1;1;1;7;120;21/05/2016
2016003858;1;1;1;1;6;120;26/11/2016
2016003859;3;1;1;2;7;120;07/01/2016
2016003860;2;1;1;8;3;120;08/03/2016
2016003861;1;1;1;1;1;120;10/05/2016
2016003862;3;1;1;9;6;120;25/06/2016
2016003863;1;1;1;1;6;120;03/07/2016
2016003864;2;1;1;1;6;120;04/07/2016
2016003865;1;1;1;3;6;120;11/07/2016
2016003866;1;1;1;1;6;120;27/07/2016
2016003867;1;2;1;1;6;120;30/07/2016
2016003868;1;2;1;1;1;120;10/08/2016
2016003869;1;1;1;3;1;120;20/08/2016
2016003870;1;1;1;2;1;120;14/10/2016
2016003871;2;1;1;1;6;120;25/03/2016
2016003872;3;1;1;3;6;120;03/04/2016
2016003873;2;1;1;2;1;120;13/05/2016
2016003874;1;1;3;1;3;120;12/06/2016
2016003875;1;1;1;1;7;120;10/08/2016
2016003876;1;1;1;1;7;120;06/08/2016
2016003877;1;1;1;1;7;120;08/12/2016
2016003878;1;1;1;7;6;120;18/12/2016
2016003879;1;1;1;1;2;120;27/09/2016
2016003880;1;1;1;1;7;120;21/03/2016
2016003881;1;1;1;2;1;120;01/04/2016
2016003882;1;2;2;1;3;120;16/04/2016
2016003883;1;1;1;1;6;120;28/04/2016
2016003884;1;2;1;1;6;120;26/07/2016
2016003885;2;1;1;1;3;120;27/07/2016
2016003886;1;1;1;1;3;120;30/07/2016
2016003887;1;1;1;1;1;120;07/08/2016
2016003888;1;1;1;9;7;120;26/08/2016
2016003889;1;1;1;2;6;120;25/11/2016
2016003890;1;1;1;1;1;120;14/05/2016
2016003891;1;1;1;8;1;380;24/05/2016
2016003892;1;1;1;1;1;120;29/11/2016
2016003893;1;1;1;8;1;120;23/01/2016
2016003894;1;2;1;1;3;120;29/01/2016
2016003895;2;2;1;8;3;120;25/12/2016
2016003896;1;1;1;1;6;120;22/04/2016
2016003897;1;2;1;1;6;120;05/05/2016
2016003898;1;1;1;8;1;120;13/05/2016
2016003899;1;1;1;1;3;120;10/06/2016
2016003900;2;1;1;1;7;120;12/06/2016
2016003901;1;1;1;1;6;120;03/07/2016
2016003902;1;1;1;7;3;120;08/07/2016
2016003903;3;1;1;1;6;120;21/08/2016
2016003904;1;1;1;2;6;120;10/11/2016
2016003905;1;1;1;8;3;120;08/01/2016
2016003906;3;1;1;1;6;120;20/03/2016
2016003907;1;1;1;1;3;120;14/04/2016
2016003908;1;1;1;2;3;120;02/06/2016
2016003909;1;1;3;8;1;120;11/06/2016
2016003910;1;1;1;1;2;120;23/08/2016
2016003911;1;1;3;7;3;120;28/12/2016
2016003912;1;1;1;1;2;320;18/04/2016
2016003913;1;1;1;2;3;320;20/08/2016
2016003914;3;1;1;1;6;320;25/10/2016
2016003915;2;1;1;1;5;320;15/11/2016
2016003916;1;1;1;1;3;320;16/12/2016
2016003917;3;1;1;1;6;320;17/12/2016
2016003918;4;1;1;1;7;320;26/02/2016
2016003919;1;1;1;1;7;320;01/05/2016
2016003920;1;2;3;1;3;320;24/05/2016
2016003921;1;2;1;2;6;320;30/05/2016
2016003922;1;1;1;1;6;320;20/06/2016
2016003923;1;1;1;7;1;320;27/06/2016
2016003924;1;1;1;1;6;320;01/07/2016
2016003925;1;1;1;1;5;320;11/07/2016
2016003926;1;1;1;1;1;320;27/07/2016
2016003927;2;1;1;5;1;320;21/08/2016
2016003928;3;1;1;5;6;320;27/01/2016
2016003929;1;1;1;1;3;320;26/02/2016
2016003930;1;2;1;1;7;320;03/04/2016
2016003931;2;1;1;1;6;320;01/05/2016
2016003932;1;1;1;1;1;320;16/05/2016
2016003933;1;1;1;1;1;320;21/06/2016
2016003934;1;1;3;1;2;320;28/07/2016
2016003935;1;2;1;1;7;320;10/08/2016
2016003936;3;1;1;1;7;320;23/08/2016
2016003937;1;1;1;1;7;320;31/10/2016
2016003938;3;1;1;2;6;320;22/12/2016
2016003939;1;1;1;1;6;320;10/04/2016
2016003940;1;1;1;1;1;320;15/04/2016
2016003941;1;1;1;1;6;320;18/06/2016
2016003942;1;1;2;1;1;320;29/07/2016
2016003943;1;1;1;1;1;320;22/10/2016
2016003944;3;1;1;1;6;320;08/05/2016
2016003945;1;1;1;2;1;320;12/07/2016
2016003946;1;1;2;1;3;320;28/07/2016
2016003947;1;1;1;1;6;320;10/08/2016
2016003948;3;1;1;1;6;320;19/09/2016
2016003949;3;1;1;1;6;320;07/11/2016
2016003950;1;1;1;1;6;320;29/11/2016
2016003951;1;1;1;1;6;320;16/12/2016
2016003952;5;2;1;1;6;320;17/04/2016
2016003953;1;2;3;1;3;320;23/07/2016
2016003954;2;1;1;1;6;320;27/07/2016
2016003955;1;1;1;1;7;320;30/07/2016
2016003956;3;1;1;1;6;320;08/10/2016
2016003957;1;1;1;7;6;320;06/11/2016
2016003958;1;1;1;1;7;320;28/11/2016
2016003959;1;1;1;1;6;320;05/12/2016
2016003960;1;1;1;1;5;320;17/12/2016
2016003961;1;1;2;1;3;320;16/02/2016
2016003962;1;1;3;1;3;320;15/04/2016
2016003963;1;1;3;1;2;320;04/05/2016
2016003964;1;1;1;6;6;320;22/05/2016
2016003965;3;1;1;1;6;320;15/07/2016
2016003966;1;1;1;1;1;320;27/09/2016
2016003967;3;1;1;1;6;320;06/10/2016
2016003968;1;1;1;1;6;320;11/10/2016
2016003969;3;1;1;1;2;320;17/10/2016
2016003970;1;1;4;1;3;320;24/10/2016
2016003971;1;1;1;7;1;320;03/12/2016
2016003972;1;1;1;1;3;320;16/12/2016
2016003973;1;1;1;1;7;320;19/01/2016
2016003974;1;1;1;1;6;320;15/02/2016
2016003975;2;1;1;5;6;320;19/02/2016
2016003976;1;1;1;1;1;320;15/04/2016
2016003977;1;2;1;1;2;320;30/05/2016
2016003978;1;1;3;1;3;320;02/07/2016
2016003979;1;1;1;1;1;320;25/07/2016
2016003980;1;1;1;1;3;320;22/08/2016
2016003981;1;2;1;1;1;320;25/08/2016
2016003982;3;1;1;1;7;320;04/09/2016
2016003983;1;1;2;1;3;320;21/09/2016
2016003984;3;1;2;1;3;320;03/11/2016
2016003985;1;2;7;1;6;320;24/12/2016
2016003986;3;1;1;2;6;320;25/12/2016
2016003987;3;1;1;5;6;320;28/01/2016
2016003988;1;1;1;1;7;320;02/04/2016
2016003989;1;1;2;2;3;320;21/04/2016
2016003990;1;2;1;1;6;320;31/05/2016
2016003991;1;1;2;1;3;320;16/06/2016
2016003992;2;1;2;1;3;320;30/07/2016
2016003993;1;1;2;1;3;320;05/08/2016
2016003994;1;1;1;1;6;320;17/08/2016
2016003995;1;1;1;1;1;320;25/08/2016
2016003996;1;1;1;1;6;320;28/08/2016
2016003997;1;2;1;1;2;320;15/10/2016
2016003998;3;1;1;1;6;320;31/10/2016
2016003999;1;1;2;1;3;320;15/09/2016
2016004000;1;1;1;1;6;320;20/09/2016
2016004001;1;1;1;1;6;320;02/10/2016
2016004002;1;1;1;1;7;320;02/10/2016
2016004003;1;1;2;1;3;320;09/10/2016
2016004004;3;1;1;3;1;320;23/11/2016
2016004005;1;1;2;3;3;320;27/02/2016
2016004006;1;2;1;1;6;320;06/04/2016
2016004007;1;1;1;1;3;320;07/05/2016
2016004008;3;1;4;2;3;320;22/05/2016
2016004009;4;1;1;2;7;320;18/06/2016
2016004010;1;1;1;1;7;320;27/08/2016
2016004011;3;1;1;1;6;320;10/10/2016
2016004012;1;1;1;1;1;320;23/10/2016
2016004013;2;1;1;2;1;320;20/11/2016
2016004014;1;1;1;1;3;320;29/11/2016
2016004015;1;1;1;2;1;320;22/12/2016
2016004016;1;1;1;2;6;460;23/02/2016
2016004017;1;1;1;1;3;460;19/05/2016
2016004018;1;1;1;6;2;460;23/05/2016
2016004019;3;1;1;9;2;460;24/11/2016
2016004020;1;1;1;3;6;460;11/02/2016
2016004021;4;1;1;3;6;460;04/03/2016
2016004022;1;1;6;2;6;460;05/03/2016
2016004023;1;1;1;1;1;460;11/03/2016
2016004024;1;1;2;1;5;460;09/04/2016
2016004025;1;1;2;1;3;460;16/05/2016
2016004026;1;1;1;1;1;460;21/05/2016
2016004027;1;1;2;1;5;460;06/08/2016
2016004028;1;1;1;1;7;460;04/10/2016
2016004029;3;1;1;1;6;460;17/10/2016
2016004030;1;1;1;2;1;460;24/10/2016
2016004031;1;1;1;1;1;460;27/10/2016
2016004032;1;1;1;7;1;460;27/10/2016
2016004033;1;1;1;1;6;460;21/12/2016
2016004034;3;1;1;5;1;460;01/01/2016
2016004035;1;1;3;2;3;460;25/02/2016
2016004036;1;1;1;1;6;460;26/02/2016
2016004037;3;1;1;2;6;460;28/02/2016
2016004038;1;1;1;1;2;460;02/04/2016
2016004039;1;1;1;1;3;460;27/05/2016
2016004040;5;2;1;3;6;460;29/05/2016