num_acc;lum;agg;inter;atm;col;dep;date
2016004041;1;1;1;2;6;460;12/06/2016
2016004042;1;2;1;1;6;460;22/06/2016
2016004043;1;1;2;1;3;460;10/08/2016
2016004044;1;2;1;1;6;460;14/08/2016
2016004045;1;1;1;2;1;460;20/08/2016
2016004046;1;1;1;1;1;460;16/09/2016
2016004047;3;1;1;1;6;460;15/10/2016
2016004048;1;1;1;4;6;460;12/01/2016
2016004049;5;1;1;2;6;460;07/02/2016
2016004050;1;2;1;1;3;460;27/05/2016
2016004051;1;2;1;1;7;460;30/08/2016
2016004052;1;2;9;1;6;460;13/10/2016
2016004053;1;2;1;1;6;460;22/10/2016
2016004054;2;1;1;1;3;460;17/12/2016
2016004055;1;1;2;3;1;460;12/02/2016
2016004056;1;1;2;1;3;460;18/07/2016
2016004057;3;1;6;1;7;460;22/08/2016
2016004058;5;2;1;2;6;460;18/01/2016
2016004059;1;1;1;1;5;460;19/02/2016
2016004060;1;2;1;1;3;460;23/04/2016
2016004061;1;1;1;1;7;460;15/05/2016
2016004062;1;1;1;1;1;460;02/06/2016
2016004063;1;1;1;1;3;460;18/08/2016
2016004064;1;1;1;1;1;460;22/09/2016
2016004065;1;2;1;1;6;460;23/01/2016
2016004066;3;1;1;2;1;460;05/03/2016
2016004067;3;1;1;1;6;460;25/04/2016
2016004068;1;1;1;7;7;460;20/05/2016
2016004069;1;1;1;2;7;460;17/06/2016
2016004070;1;2;1;1;1;460;19/07/2016
2016004071;1;1;2;1;3;460;20/07/2016
2016004072;1;1;1;1;6;460;16/10/2016
2016004073;1;2;1;1;6;460;26/07/2016
2016004074;1;1;1;1;6;460;24/07/2016
2016004075;1;1;1;1;7;460;30/07/2016
2016004076;1;1;1;3;1;460;16/09/2016
2016004077;2;1;1;8;6;460;18/09/2016
2016004078;1;1;1;1;1;460;26/09/2016
2016004079;1;1;1;1;7;460;14/11/2016
2016004080;3;1;1;1;1;460;05/12/2016
2016004081;1;2;1;1;6;460;13/12/2016
2016004082;1;1;1;2;3;460;22/12/2016
2016004083;3;1;1;2;5;460;04/01/2016
2016004084;3;1;1;1;6;460;24/01/2016
2016004085;1;1;1;8;5;460;15/06/2016
2016004086;1;1;1;1;6;460;22/06/2016
2016004087;1;2;1;1;6;460;27/10/2016
2016004088;2;1;1;1;6;460;06/02/2016
2016004089;3;1;1;1;7;460;22/03/2016
2016004090;1;1;1;1;1;460;15/06/2016
2016004091;1;2;3;1;3;460;14/07/2016
2016004092;1;1;1;1;1;460;14/08/2016
2016004093;1;2;1;1;6;460;22/09/2016
2016004094;2;1;1;1;1;460;12/11/2016
2016004095;1;1;1;2;3;460;22/12/2016
2016004096;1;1;1;1;1;460;31/12/2016
2016004097;3;1;1;1;7;460;29/08/2016
2016004098;1;2;3;1;1;650;06/06/2016
2016004099;2;1;1;2;6;650;18/06/2016
2016004100;1;1;1;1;6;650;13/07/2016
2016004101;1;1;1;1;6;650;19/07/2016
2016004102;1;1;2;1;1;650;22/09/2016
2016004103;1;1;1;1;1;650;28/09/2016
2016004104;3;1;1;1;6;650;17/11/2016
2016004105;3;1;1;1;6;650;01/04/2016
2016004106;5;2;6;1;6;650;24/04/2016
2016004107;1;1;1;1;7;650;31/08/2016
2016004108;2;1;1;1;6;650;05/09/2016
2016004109;2;2;1;1;6;650;13/10/2016
2016004110;3;1;1;8;6;650;06/01/2016
2016004111;1;2;1;1;6;650;10/08/2016
2016004112;1;2;1;1;2;650;06/06/2016
2016004113;1;1;2;1;3;650;04/09/2016
2016004114;2;1;1;1;3;650;14/03/2016
2016004115;1;1;1;1;1;650;26/03/2016
2016004116;3;1;1;1;6;650;23/04/2016
2016004117;2;2;1;1;6;650;08/12/2016
2016004118;1;1;1;1;1;650;06/12/2016
2016004119;1;2;1;1;6;650;05/08/2016
2016004120;1;1;1;5;7;650;31/07/2016
2016004121;5;2;1;1;6;650;27/12/2016
2016004122;5;2;1;1;6;650;31/12/2016
2016004123;1;1;2;3;3;650;09/03/2016
2016004124;1;1;1;1;6;650;20/06/2016
2016004125;1;2;1;1;1;650;23/06/2016
2016004126;1;1;1;1;5;650;23/06/2016
2016004127;1;1;1;1;7;650;11/07/2016
2016004128;1;2;2;1;3;650;25/07/2016
2016004129;1;1;1;1;6;650;02/11/2016
2016004130;1;2;1;1;3;650;14/12/2016
2016004131;5;2;1;3;6;650;22/01/2016
2016004132;5;2;1;2;6;650;18/02/2016
2016004133;1;2;1;2;6;650;07/03/2016
2016004134;1;2;1;1;1;650;29/03/2016
2016004135;1;2;3;1;3;650;19/05/2016
2016004136;1;1;1;1;1;650;25/07/2016
2016004137;1;2;6;1;3;650;30/07/2016
2016004138;3;1;1;1;6;650;07/12/2016
2016004139;1;1;1;7;1;650;13/12/2016
2016004140;1;1;1;1;6;650;22/06/2016
2016004141;1;2;3;1;7;650;28/06/2016
2016004142;1;2;1;1;6;650;07/10/2016
2016004143;1;1;1;1;7;810;14/03/2016
2016004144;1;2;1;1;5;810;19/04/2016
2016004145;1;1;1;1;1;810;01/04/2016
2016004146;1;1;1;1;6;810;15/06/2016
2016004147;1;1;1;1;1;810;09/09/2016
2016004148;1;1;9;1;5;810;09/11/2016
2016004149;3;1;1;1;6;810;29/11/2016
2016004150;1;1;1;7;3;810;12/12/2016
2016004151;1;1;1;1;6;810;19/02/2016
2016004152;1;1;1;1;3;810;26/07/2016
2016004153;3;1;1;8;3;810;25/09/2016
2016004154;1;1;1;1;1;810;23/05/2016
2016004155;3;1;1;1;6;810;05/02/2016
2016004156;1;1;1;1;1;810;21/09/2016
2016004157;1;1;6;1;6;810;18/01/2016
2016004158;1;2;1;1;6;810;30/01/2016
2016004159;1;1;1;1;1;810;08/03/2016
2016004160;1;1;1;1;3;810;26/03/2016
2016004161;4;1;1;6;6;810;31/01/2016
2016004162;1;2;1;1;3;810;15/07/2016
2016004163;1;1;1;1;1;810;03/11/2016
2016004164;1;1;1;1;1;810;10/04/2016
2016004165;5;2;6;2;6;810;03/01/2016
2016004166;5;1;1;1;6;810;19/02/2016
2016004167;1;1;2;1;4;810;26/02/2016
2016004168;2;2;1;1;6;810;22/03/2016
2016004169;1;2;1;1;6;810;26/03/2016
2016004170;1;2;6;1;7;810;24/03/2016
2016004171;1;1;1;3;3;810;13/04/2016
2016004172;2;1;1;1;6;810;12/05/2016
2016004173;1;2;1;1;6;810;30/07/2016
2016004174;5;2;1;1;6;810;13/08/2016
2016004175;5;2;1;1;6;810;26/09/2016
2016004176;1;1;1;8;6;810;04/01/2016
2016004177;1;1;1;1;3;810;04/03/2016
2016004178;1;1;1;1;3;810;13/01/2016
2016004179;1;1;2;1;3;810;15/09/2016
2016004180;1;1;1;1;4;810;13/01/2016
2016004181;1;2;1;1;6;810;28/01/2016
2016004182;3;1;1;1;2;810;23/10/2016
2016004183;1;1;1;1;6;810;30/10/2016
2016004184;1;1;1;1;1;810;08/03/2016
2016004185;3;1;1;1;6;810;20/11/2016
2016004186;1;1;1;5;5;810;13/12/2016
2016004187;1;1;1;5;7;810;11/12/2016
2016004188;1;1;1;7;6;810;18/12/2016
2016004189;1;1;6;8;1;810;17/04/2016
2016004190;3;1;9;2;5;810;24/12/2016
2016004191;1;2;1;1;7;810;03/06/2016
2016004192;1;1;1;1;3;810;30/08/2016
2016004193;5;2;1;1;1;690;09/01/2016
2016004194;5;2;1;2;6;690;11/02/2016
2016004195;1;2;1;1;5;690;18/05/2016
2016004196;1;2;1;1;6;690;23/05/2016
2016004197;5;2;1;2;6;690;11/06/2016
2016004198;1;2;1;1;3;690;30/06/2016
2016004199;2;2;6;1;7;690;11/07/2016
2016004200;1;2;1;1;6;690;12/08/2016
2016004201;3;2;1;1;6;690;30/10/2016
2016004202;2;2;1;1;6;690;04/11/2016
2016004203;1;2;1;2;1;690;18/11/2016
2016004204;5;2;1;9;6;690;05/12/2016
2016004205;5;2;2;1;6;20;01/01/2016
2016004206;2;2;1;2;6;20;11/01/2016
2016004207;1;2;1;1;6;20;16/02/2016
2016004208;1;1;1;1;4;20;23/02/2016
2016004209;1;2;9;1;6;20;22/03/2016
2016004210;3;1;3;1;3;20;04/10/2016
2016004211;1;2;3;3;3;20;31/03/2016
2016004212;1;2;2;1;3;20;04/05/2016
2016004213;1;2;2;1;3;20;17/05/2016
2016004214;1;2;6;1;6;20;18/06/2016
2016004215;1;1;1;1;4;20;22/06/2016
2016004216;1;2;1;1;6;20;31/07/2016
2016004217;1;2;2;1;3;20;23/06/2016
2016004218;1;1;2;1;3;20;20/07/2016
2016004219;1;2;3;1;3;20;21/09/2016
2016004220;1;2;6;1;3;20;30/09/2016
2016004221;5;2;4;1;7;20;05/10/2016
2016004222;1;1;2;1;3;20;15/10/2016
2016004223;1;2;1;1;2;20;26/10/2016
2016004224;1;1;1;5;2;20;22/10/2016
2016004225;1;2;1;1;3;20;03/11/2016
2016004226;2;2;1;1;6;20;28/11/2016
2016004227;5;2;1;1;6;20;10/12/2016
2016004228;1;1;2;2;3;810;02/01/2016
2016004229;1;1;1;1;3;810;10/04/2016
2016004230;1;1;1;1;6;810;09/08/2016
2016004231;1;1;1;2;6;810;02/10/2016
2016004232;3;1;1;1;1;810;24/01/2016
2016004233;1;1;1;1;1;810;14/05/2016
2016004234;1;1;1;1;3;810;25/05/2016
2016004235;1;1;1;1;7;810;09/07/2016
2016004236;1;2;2;1;3;810;31/07/2016
2016004237;2;1;1;1;6;810;25/08/2016
2016004238;1;2;1;1;6;810;10/06/2016
2016004239;1;1;3;1;2;810;29/12/2016
2016004240;1;1;2;1;1;810;20/05/2016
2016004241;2;2;1;2;6;810;29/05/2016
2016004242;1;1;1;1;5;810;07/06/2016
2016004243;1;1;1;1;6;810;03/06/2016
2016004244;1;1;2;1;1;810;29/07/2016
2016004245;1;1;1;1;6;810;27/09/2016
2016004246;1;1;1;7;3;810;10/12/2016
2016004247;1;1;1;5;1;810;18/12/2016
2016004248;3;1;1;1;7;820;13/03/2016
2016004249;1;1;1;1;2;820;19/07/2016
2016004250;2;1;1;2;1;820;10/11/2016
2016004251;3;1;1;1;1;820;23/11/2016
2016004252;1;1;1;1;6;820;29/01/2016
2016004253;1;2;1;7;6;820;05/02/2016
2016004254;3;1;1;1;6;820;14/03/2016
2016004255;1;2;1;1;6;820;15/03/2016
2016004256;1;2;1;1;6;820;05/06/2016
2016004257;1;1;1;2;6;820;13/06/2016
2016004258;1;1;1;1;1;820;08/07/2016
2016004259;3;1;1;1;7;820;18/07/2016
2016004260;1;1;1;1;1;820;26/09/2016
2016004261;3;1;1;1;6;820;23/10/2016
2016004262;3;1;1;2;6;820;12/11/2016
2016004263;1;1;1;1;7;820;14/11/2016
2016004264;1;1;1;1;7;820;18/02/2016
2016004265;3;1;2;1;3;820;16/07/2016
2016004266;1;1;1;1;3;820;20/07/2016
2016004267;1;2;6;1;7;820;19/07/2016
2016004268;1;1;1;1;3;820;29/07/2016
2016004269;1;1;1;1;6;820;21/08/2016
2016004270;1;1;1;7;6;820;29/08/2016
2016004271;1;2;1;1;6;820;15/09/2016
2016004272;1;1;1;1;6;820;28/09/2016
2016004273;3;1;1;2;6;820;16/10/2016
2016004274;3;1;1;5;6;820;31/12/2016
2016004275;1;1;1;1;6;820;18/04/2016
2016004276;1;1;1;1;6;820;24/04/2016
2016004277;1;1;1;1;6;820;15/05/2016
2016004278;1;1;1;1;6;820;22/06/2016
2016004279;3;1;1;1;6;820;10/07/2016
2016004280;1;1;1;1;7;820;21/02/2016
2016004281;3;1;1;1;7;820;03/05/2016
2016004282;2;1;1;1;6;820;20/07/2016
2016004283;3;1;3;1;3;820;15/01/2016
2016004284;3;1;1;1;6;820;24/02/2016
2016004285;1;1;1;1;3;820;10/03/2016
2016004286;1;2;3;1;3;820;12/03/2016
2016004287;1;1;1;1;3;820;28/04/2016
2016004288;1;2;1;1;6;820;17/05/2016
2016004289;3;1;1;1;6;820;04/06/2016
2016004290;1;2;1;1;1;820;16/07/2016
2016004291;2;2;1;1;6;820;21/09/2016
2016004292;3;1;1;1;3;820;25/10/2016
2016004293;1;1;1;1;3;820;10/11/2016
2016004294;1;1;1;1;3;820;08/12/2016
2016004295;2;1;1;2;3;820;19/12/2016
2016004296;3;1;1;1;1;820;20/12/2016
2016004297;3;1;1;1;6;820;06/03/2016
2016004298;1;1;1;1;7;820;04/05/2016
2016004299;1;1;1;1;6;820;25/06/2016
2016004300;1;1;1;1;3;820;28/08/2016
2016004301;1;1;1;1;6;820;05/10/2016
2016004302;3;1;1;1;1;820;18/02/2016
2016004303;2;2;1;1;2;820;06/04/2016
2016004304;1;1;1;9;6;820;22/05/2016
2016004305;1;1;1;1;3;820;16/07/2016
2016004306;1;2;6;1;2;820;25/07/2016
2016004307;1;2;1;1;6;820;02/08/2016
2016004308;1;1;1;1;6;820;14/08/2016
2016004309;1;2;1;1;7;820;16/08/2016
2016004310;1;1;1;1;2;820;25/08/2016
2016004311;3;1;1;1;6;820;02/09/2016
2016004312;3;1;1;1;6;820;04/09/2016
2016004313;3;1;1;1;6;820;23/09/2016
2016004314;2;1;1;5;3;820;02/11/2016
2016004315;1;2;6;1;3;820;14/11/2016
2016004316;1;2;1;1;3;820;03/12/2016
2016004317;1;1;1;1;6;820;10/03/2016
2016004318;1;1;1;1;3;820;14/03/2016
2016004319;1;1;1;1;7;820;26/03/2016
2016004320;1;1;1;1;7;820;26/03/2016
2016004321;1;2;1;2;3;820;09/04/2016
2016004322;1;1;1;1;3;820;24/04/2016
2016004323;1;1;1;1;6;820;16/08/2016
2016004324;1;1;1;1;6;820;09/10/2016
2016004325;1;1;1;5;3;820;18/10/2016
2016004326;2;1;1;1;7;820;23/10/2016
2016004327;2;1;1;5;7;820;14/12/2016
2016004328;1;1;1;1;1;820;27/12/2016
2016004329;3;1;1;1;6;820;06/02/2016
2016004330;1;1;1;1;7;820;07/06/2016
2016004331;3;1;1;1;7;820;06/07/2016
2016004332;1;1;1;1;6;820;23/07/2016
2016004333;1;2;1;1;6;820;07/08/2016
2016004334;5;2;1;2;6;820;24/10/2016
2016004335;3;1;1;1;1;820;27/10/2016
2016004336;1;1;1;1;6;690;15/03/2016
2016004337;1;2;1;1;6;690;25/04/2016
2016004338;1;1;1;1;3;690;18/08/2016
2016004339;1;2;1;2;6;690;10/11/2016
2016004340;3;1;1;2;4;690;13/11/2016
2016004341;1;1;1;2;4;690;18/11/2016
2016004342;1;2;1;1;3;690;08/12/2016
2016004343;1;1;1;5;7;690;14/12/2016
2016004344;5;2;1;1;1;690;20/12/2016
2016004345;4;2;1;1;3;690;23/12/2016
2016004346;1;1;1;1;4;690;28/12/2016
2016004347;5;2;1;1;6;690;12/01/2016
2016004348;5;2;1;2;6;690;22/01/2016
2016004349;5;1;1;1;6;690;03/02/2016
2016004350;2;2;1;2;6;690;10/02/2016
2016004351;1;1;1;1;6;690;26/02/2016
2016004352;5;2;1;2;1;690;03/03/2016
2016004353;1;2;1;1;2;690;10/03/2016
2016004354;1;1;1;1;6;690;11/03/2016
2016004355;1;2;1;1;6;690;22/03/2016
2016004356;1;2;1;1;6;690;29/04/2016
2016004357;1;1;6;2;3;690;19/05/2016
2016004358;1;1;1;1;3;690;27/05/2016
2016004359;1;1;1;1;2;690;01/07/2016
2016004360;1;2;1;1;3;690;18/07/2016
2016004361;1;2;1;1;6;690;29/07/2016
2016004362;1;1;1;8;3;690;20/08/2016
2016004363;1;1;1;1;1;690;10/09/2016
2016004364;1;2;1;1;2;690;22/01/2016
2016004365;5;1;1;1;6;690;05/03/2016
2016004366;1;1;1;1;1;690;11/03/2016
2016004367;1;2;1;1;1;690;22/04/2016
2016004368;1;2;1;2;1;690;09/05/2016
2016004369;1;2;1;1;3;690;17/05/2016
2016004370;2;1;6;1;6;690;02/06/2016
2016004371;1;1;1;1;1;690;28/06/2016
2016004372;1;1;1;1;1;690;05/07/2016
2016004373;1;1;1;1;1;690;31/07/2016
2016004374;1;2;1;1;4;690;04/10/2016
2016004375;2;2;1;3;2;690;14/10/2016
2016004376;1;2;1;1;6;690;04/11/2016
2016004377;5;2;1;2;5;690;10/11/2016
2016004378;3;1;1;1;1;690;03/11/2016
2016004379;3;1;1;1;6;690;17/11/2016
2016004380;1;2;1;1;7;690;29/04/2016
2016004381;1;1;6;7;3;690;17/08/2016
2016004382;1;2;1;1;3;690;16/08/2016
2016004383;1;2;1;1;1;690;02/10/2016
2016004384;1;2;1;1;6;690;07/11/2016
2016004385;1;2;1;1;6;690;09/12/2016
2016004386;2;1;1;8;2;690;29/12/2016
2016004387;1;2;1;1;3;690;08/01/2016
2016004388;5;2;1;2;6;690;15/01/2016
2016004389;1;2;1;1;3;690;31/08/2016
2016004390;1;1;1;2;1;690;03/02/2016
2016004391;3;1;1;2;7;690;01/02/2016
2016004392;2;1;1;1;6;690;20/03/2016
2016004393;1;2;6;1;6;690;26/03/2016
2016004394;1;1;6;1;3;690;06/05/2016
2016004395;1;1;1;1;1;690;23/06/2016
2016004396;1;1;1;1;1;690;18/07/2016
2016004397;1;1;1;1;6;690;25/08/2016
2016004398;5;1;2;1;3;690;11/09/2016
2016004399;1;2;1;1;6;690;05/10/2016
2016004400;5;1;1;9;7;690;06/10/2016
2016004401;3;1;1;1;3;690;28/11/2016
2016004402;1;2;1;1;6;690;30/11/2016
2016004403;3;1;1;5;6;690;04/12/2016
2016004404;1;2;1;5;6;690;07/12/2016
2016004405;3;1;1;4;6;690;15/01/2016
2016004406;1;2;1;1;4;690;26/02/2016
2016004407;1;1;1;1;7;690;21/05/2016
2016004408;1;1;1;1;6;690;05/08/2016
2016004409;1;1;1;1;1;690;03/09/2016
2016004410;1;1;1;1;6;690;01/10/2016
2016004411;1;2;3;1;6;690;12/10/2016
2016004412;1;1;1;1;6;690;07/04/2016
2016004413;1;1;1;1;2;690;16/04/2016
2016004414;1;1;1;1;7;690;26/06/2016
2016004415;1;1;1;1;1;690;09/07/2016
2016004416;3;1;1;1;6;690;01/11/2016
2016004417;1;2;1;1;1;690;01/04/2016
2016004418;1;2;1;1;1;690;26/03/2016
2016004419;1;1;1;1;2;690;10/04/2016
2016004420;1;2;1;8;3;690;17/08/2016
2016004421;1;1;1;1;3;690;21/08/2016
2016004422;1;2;6;1;6;690;29/09/2016
2016004423;5;2;1;1;7;690;01/10/2016
2016004424;1;1;9;2;6;690;01/10/2016
2016004425;2;2;1;1;5;690;07/10/2016
2016004426;1;1;1;3;6;690;13/10/2016
2016004427;1;2;1;1;2;690;10/10/2016
2016004428;1;1;1;3;1;690;05/11/2016
2016004429;3;1;1;9;1;690;16/12/2016
2016004430;3;1;1;1;6;690;18/02/2016
2016004431;2;2;1;3;6;690;27/03/2016
2016004432;1;1;1;2;3;690;15/10/2016
2016004433;1;1;1;1;2;690;20/10/2016
2016004434;5;2;9;1;3;690;18/11/2016
2016004435;1;1;1;1;7;690;26/02/2016
2016004436;1;1;1;1;1;690;15/03/2016
2016004437;2;1;9;2;5;690;10/05/2016
2016004438;1;1;1;1;2;690;10/05/2016
2016004439;1;2;1;1;7;690;22/05/2016
2016004440;1;2;1;1;6;690;24/05/2016
2016004441;1;1;1;1;1;690;11/06/2016
2016004442;1;1;1;1;3;690;11/06/2016
2016004443;1;1;1;7;1;690;10/06/2016
2016004444;1;1;1;1;3;690;25/06/2016
2016004445;1;2;1;1;1;690;13/07/2016
2016004446;1;1;1;1;3;690;08/08/2016
2016004447;1;1;6;1;1;690;24/08/2016
2016004448;2;1;1;1;3;690;19/09/2016
2016004449;1;1;1;1;6;690;21/09/2016
2016004450;3;1;1;1;1;690;23/09/2016
2016004451;3;1;1;1;3;690;23/09/2016
2016004452;1;1;1;1;6;690;30/09/2016
2016004453;2;1;4;1;1;690;05/10/2016
2016004454;1;1;1;1;1;690;28/10/2016
2016004455;3;2;1;1;7;690;23/05/2016
2016004456;1;1;2;7;3;690;01/12/2016
2016004457;1;1;1;8;7;690;20/02/2016
2016004458;1;1;1;2;6;690;25/03/2016
2016004459;1;2;2;1;3;690;26/07/2016
2016004460;1;2;1;1;3;690;12/08/2016
2016004461;1;1;2;1;3;690;02/09/2016
2016004462;5;1;1;1;6;690;30/09/2016
2016004463;1;2;6;1;3;690;15/09/2016
2016004464;1;2;1;1;6;690;18/10/2016
2016004465;3;2;1;2;5;690;23/12/2016
2016004466;1;1;1;1;7;690;24/09/2016
2016004467;2;1;1;2;6;690;08/01/2016
2016004468;1;2;1;1;6;690;14/11/2016
2016004469;5;2;1;1;2;690;18/03/2016
2016004470;1;2;1;8;3;690;03/06/2016
2016004471;1;1;1;7;1;690;17/08/2016
2016004472;3;1;1;1;3;690;14/09/2016
2016004473;1;1;2;1;3;690;26/09/2016
2016004474;1;1;1;1;2;690;28/09/2016
2016004475;1;1;1;1;3;690;06/10/2016
2016004476;1;1;2;2;3;690;13/10/2016
2016004477;5;2;1;2;3;690;18/11/2016
2016004478;1;2;3;1;6;690;25/11/2016
2016004479;1;2;1;1;1;690;25/11/2016
2016004480;3;1;9;5;3;690;12/12/2016
2016004481;1;1;1;5;1;690;14/12/2016
2016004482;2;1;1;1;5;690;16/12/2016
2016004483;1;1;1;8;3;690;21/12/2016
2016004484;1;1;2;1;1;690;25/01/2016
2016004485;1;1;1;8;3;690;07/02/2016
2016004486;1;1;1;2;6;690;28/05/2016
2016004487;1;1;2;2;3;690;31/05/2016
2016004488;1;1;1;1;2;690;21/08/2016
2016004489;1;2;1;1;6;690;26/08/2016
2016004490;1;1;1;1;3;690;11/11/2016
2016004491;1;1;1;1;6;690;26/02/2016
2016004492;1;2;1;1;7;690;22/03/2016
2016004493;1;2;3;1;3;690;27/03/2016
2016004494;1;2;1;1;1;690;10/05/2016
2016004495;1;1;1;1;1;690;14/07/2016
2016004496;1;2;1;1;6;690;06/10/2016
2016004497;3;1;9;1;7;690;01/11/2016
2016004498;1;2;1;5;1;690;29/12/2016
2016004499;1;1;1;2;6;690;05/03/2016
2016004500;1;2;1;1;6;690;15/05/2016
2016004501;1;1;1;1;7;690;13/09/2016
2016004502;2;1;3;8;3;690;26/09/2016
2016004503;1;1;1;1;1;690;23/10/2016
2016004504;3;1;1;1;1;690;30/03/2016
2016004505;1;2;1;1;1;690;30/05/2016
2016004506;1;1;3;1;3;690;26/05/2016
2016004507;1;2;1;2;1;690;11/06/2016
2016004508;1;1;1;2;6;10;30/01/2016
2016004509;3;1;1;1;6;10;19/02/2016
2016004510;1;1;1;1;1;10;21/05/2016
2016004511;1;1;1;1;1;10;26/05/2016
2016004512;1;1;1;1;7;10;15/07/2016
2016004513;1;1;1;1;5;10;02/08/2016
2016004514;1;1;1;1;5;10;10/08/2016
2016004515;1;1;1;1;3;10;13/08/2016
2016004516;3;1;1;3;5;10;18/09/2016
2016004517;1;1;1;1;1;10;20/09/2016
2016004518;1;1;1;1;6;10;22/10/2016
2016004519;2;1;1;1;1;10;27/10/2016
2016004520;3;1;1;1;7;10;17/11/2016
2016004521;1;1;1;1;7;10;13/03/2016
2016004522;3;1;1;2;3;10;12/06/2016
2016004523;2;1;1;1;6;10;19/06/2016
2016004524;1;1;1;1;1;10;03/07/2016
2016004525;1;1;9;1;3;10;01/08/2016
2016004526;1;1;1;1;3;10;08/08/2016
2016004527;3;1;1;2;6;10;14/02/2016
2016004528;1;1;1;1;2;10;30/03/2016
2016004529;3;1;1;1;2;10;14/05/2016
2016004530;1;1;1;1;1;10;22/06/2016
2016004531;5;1;1;1;6;10;17/07/2016
2016004532;2;1;1;1;6;10;17/07/2016
2016004533;1;1;2;1;3;10;12/08/2016
2016004534;1;2;1;1;1;10;29/08/2016
2016004535;1;1;1;1;6;10;29/10/2016
2016004536;1;1;1;1;6;10;26/11/2016
2016004537;3;1;1;9;1;10;26/01/2016
2016004538;3;1;1;2;7;10;26/02/2016
2016004539;1;1;1;1;6;10;27/02/2016
2016004540;1;1;1;2;1;10;03/04/2016
2016004541;1;1;1;1;1;10;06/04/2016
2016004542;1;1;1;1;6;10;24/04/2016
2016004543;3;1;1;1;6;10;07/05/2016
2016004544;1;1;1;1;3;10;21/05/2016
2016004545;1;1;1;1;6;10;28/05/2016
2016004546;1;1;1;1;6;10;10/06/2016
2016004547;1;1;1;1;6;10;23/06/2016
2016004548;1;1;1;1;6;10;26/06/2016
2016004549;3;1;1;1;5;10;03/07/2016
2016004550;3;1;1;1;2;10;12/07/2016
2016004551;1;2;2;7;3;10;16/07/2016
2016004552;1;1;1;2;6;10;01/10/2016
2016004553;1;1;1;8;7;10;08/10/2016
2016004554;1;2;1;1;7;10;24/11/2016
2016004555;3;1;6;1;6;10;29/02/2016
2016004556;1;1;2;3;3;10;11/05/2016
2016004557;3;1;1;1;1;10;07/07/2016
2016004558;1;1;1;1;6;10;21/06/2016
2016004559;1;2;9;1;6;10;20/09/2016
2016004560;3;2;1;5;6;10;10/12/2016
2016004561;1;1;1;1;2;10;05/02/2016
2016004562;1;2;1;2;1;10;20/08/2016
2016004563;1;1;1;1;6;10;27/08/2016
2016004564;1;2;1;1;1;10;29/10/2016
2016004565;1;1;1;1;6;10;01/11/2016
2016004566;1;1;1;8;6;10;14/11/2016
2016004567;3;1;1;1;6;10;23/11/2016
2016004568;3;1;1;1;1;10;15/12/2016
2016004569;1;2;1;1;1;10;21/02/2016
2016004570;1;2;1;2;3;10;05/11/2016
2016004571;3;1;1;2;1;10;17/11/2016
2016004572;1;1;1;1;1;10;26/11/2016
2016004573;3;1;1;1;6;10;16/12/2016
2016004574;3;1;1;9;6;10;26/12/2016
2016004575;3;1;1;1;6;10;07/01/2016
2016004576;1;1;1;1;5;10;24/01/2016
2016004577;5;1;2;1;5;10;29/01/2016
2016004578;1;2;3;1;1;10;26/02/2016
2016004579;1;1;1;1;7;10;26/02/2016
2016004580;1;2;1;7;3;10;22/06/2016
2016004581;1;1;1;1;1;10;08/07/2016
2016004582;1;1;1;1;7;10;09/07/2016
2016004583;1;1;1;1;1;10;15/07/2016
2016004584;2;1;1;2;3;10;18/09/2016
2016004585;1;1;1;1;7;10;24/09/2016
2016004586;1;2;6;1;3;10;31/10/2016
2016004587;1;1;1;1;7;10;24/12/2016
2016004588;2;1;1;2;1;10;21/06/2016
2016004589;1;1;1;2;7;10;30/07/2016
2016004590;1;1;1;1;7;10;25/01/2016
2016004591;5;1;1;2;1;10;04/02/2016
2016004592;1;1;1;8;1;10;08/02/2016
2016004593;3;1;1;1;1;10;20/02/2016
2016004594;5;2;1;1;7;10;18/03/2016
2016004595;3;1;1;3;3;10;16/06/2016
2016004596;3;1;1;1;5;10;01/07/2016
2016004597;1;1;1;1;5;10;02/09/2016
2016004598;1;1;1;1;3;10;09/09/2016
2016004599;3;1;1;1;1;10;13/09/2016
2016004600;1;1;1;1;4;10;04/10/2016
2016004601;1;2;1;2;6;10;15/04/2016
2016004602;2;1;1;1;1;10;04/06/2016
2016004603;1;1;1;1;1;10;10/06/2016
2016004604;1;1;1;1;1;10;13/08/2016
2016004605;1;2;1;1;6;10;16/08/2016
2016004606;1;2;1;1;6;10;09/05/2016
2016004607;1;2;3;1;3;10;25/05/2016
2016004608;1;2;1;1;6;10;22/06/2016
2016004609;3;1;1;3;6;10;14/10/2016
2016004610;3;1;1;4;3;10;19/01/2016
2016004611;1;2;1;2;6;10;16/02/2016
2016004612;2;2;1;1;1;10;29/04/2016
2016004613;1;2;1;1;6;10;27/08/2016
2016004614;1;1;1;1;7;10;26/03/2016
2016004615;1;1;1;2;1;10;31/05/2016
2016004616;1;1;1;1;7;10;13/08/2016
2016004617;1;2;6;7;6;10;29/01/2016
2016004618;3;1;1;1;6;10;19/06/2016
2016004619;3;1;1;1;7;10;15/08/2016
2016004620;3;2;1;1;6;10;13/09/2016