num_acc;lum;agg;inter;atm;col;dep;date
2016005203;1;1;6;1;2;420;08/07/2016
2016005204;5;2;1;1;3;420;10/07/2016
2016005205;1;1;1;2;2;420;18/08/2016
2016005206;1;1;1;1;3;420;22/08/2016
2016005207;1;2;6;1;2;420;01/09/2016
2016005208;1;1;1;1;1;420;01/11/2016
2016005209;1;2;1;1;1;420;21/01/2016
2016005210;1;2;1;1;3;420;02/02/2016
2016005211;1;1;1;1;6;420;12/05/2016
2016005212;1;2;1;1;6;420;20/06/2016
2016005213;1;2;1;1;3;420;17/07/2016
2016005214;3;1;1;1;6;420;10/09/2016
2016005215;1;2;1;1;1;420;28/09/2016
2016005216;5;1;1;1;7;420;30/09/2016
2016005217;2;2;6;1;6;420;03/10/2016
2016005218;3;1;1;2;6;420;25/10/2016
2016005219;1;1;1;1;6;420;08/11/2016
2016005220;5;2;1;1;6;420;12/11/2016
2016005221;2;2;1;8;3;420;19/01/2016
2016005222;5;1;1;8;1;420;24/01/2016
2016005223;5;2;1;1;3;420;26/01/2016
2016005224;1;1;2;2;1;420;29/03/2016
2016005225;2;1;1;2;1;420;04/04/2016
2016005226;1;1;1;1;6;420;14/04/2016
2016005227;1;1;1;1;6;420;20/04/2016
2016005228;3;1;1;1;6;420;24/04/2016
2016005229;1;1;1;1;1;420;03/05/2016
2016005230;2;1;1;1;6;420;08/05/2016
2016005231;1;1;1;1;7;420;08/05/2016
2016005232;1;2;1;1;3;420;15/07/2016
2016005233;1;1;3;1;3;420;29/07/2016
2016005234;2;1;1;3;1;420;04/08/2016
2016005235;1;1;1;1;6;420;05/08/2016
2016005236;3;1;1;1;1;420;20/08/2016
2016005237;2;2;1;2;6;420;06/09/2016
2016005238;1;1;1;2;6;420;18/09/2016
2016005239;1;1;1;1;3;420;21/09/2016
2016005240;5;1;1;1;3;420;21/09/2016
2016005241;1;1;1;1;6;420;28/09/2016
2016005242;3;1;1;1;6;420;30/10/2016
2016005243;2;2;1;1;6;420;31/10/2016
2016005244;1;1;1;1;1;420;04/11/2016
2016005245;3;1;1;1;6;420;19/11/2016
2016005246;1;1;1;1;1;420;03/12/2016
2016005247;1;1;1;1;3;420;04/12/2016
2016005248;1;1;1;1;1;420;12/12/2016
2016005249;2;1;1;2;6;420;22/12/2016
2016005250;1;1;1;1;6;420;31/03/2016
2016005251;1;1;1;1;3;420;30/04/2016
2016005252;1;1;1;1;3;420;07/06/2016
2016005253;2;1;1;1;6;420;27/06/2016
2016005254;3;1;1;1;6;420;01/07/2016
2016005255;1;2;1;1;7;420;03/07/2016
2016005256;1;1;1;1;1;420;12/08/2016
2016005257;1;1;1;1;1;420;29/08/2016
2016005258;1;1;1;5;6;420;06/09/2016
2016005259;1;1;1;1;2;420;01/10/2016
2016005260;1;1;9;1;3;420;10/10/2016
2016005261;1;1;1;3;7;420;26/10/2016
2016005262;1;1;1;2;7;420;26/10/2016
2016005263;2;1;1;9;7;420;06/12/2016
2016005264;1;1;1;2;6;420;11/12/2016
2016005265;1;1;1;1;6;420;29/01/2016
2016005266;3;1;1;1;1;420;26/02/2016
2016005267;1;2;1;1;7;420;13/03/2016
2016005268;3;1;1;1;6;420;15/04/2016
2016005269;1;1;1;1;7;420;10/05/2016
2016005270;1;1;1;1;7;420;08/06/2016
2016005271;1;1;1;1;7;420;02/07/2016
2016005272;1;1;1;1;1;420;28/07/2016
2016005273;1;1;1;1;7;420;07/08/2016
2016005274;1;1;1;1;1;420;13/08/2016
2016005275;3;1;1;1;7;420;14/08/2016
2016005276;1;1;1;1;3;420;27/08/2016
2016005277;3;1;1;2;6;420;05/09/2016
2016005278;1;1;1;1;1;420;18/10/2016
2016005279;2;1;1;8;1;420;27/11/2016
2016005280;1;1;2;5;3;420;02/12/2016
2016005281;1;1;1;1;1;420;06/12/2016
2016005282;3;1;1;2;1;420;02/01/2016
2016005283;1;1;1;1;6;420;24/05/2016
2016005284;1;1;1;7;3;420;01/07/2016
2016005285;1;2;1;1;7;420;13/07/2016
2016005286;1;2;2;1;3;420;20/07/2016
2016005287;1;1;1;1;3;420;19/07/2016
2016005288;1;1;1;1;6;420;26/07/2016
2016005289;1;1;1;1;1;420;31/08/2016
2016005290;1;2;1;1;2;420;12/09/2016
2016005291;1;1;1;3;5;420;19/09/2016
2016005292;1;2;1;1;6;420;28/09/2016
2016005293;5;2;1;8;3;420;30/09/2016
2016005294;1;1;1;1;7;420;28/10/2016
2016005295;1;2;1;1;6;420;09/12/2016
2016005296;3;1;1;1;6;420;13/12/2016
2016005297;1;2;1;1;6;420;21/03/2016
2016005298;1;2;1;1;6;420;03/04/2016
2016005299;1;2;1;2;1;420;18/06/2016
2016005300;1;1;1;1;3;420;14/08/2016
2016005301;1;2;1;1;1;420;09/09/2016
2016005302;2;1;1;1;1;420;23/10/2016
2016005303;1;1;1;6;7;420;06/02/2016
2016005304;1;1;1;1;3;420;18/02/2016
2016005305;1;1;1;1;7;420;22/03/2016
2016005306;1;1;1;1;7;420;28/05/2016
2016005307;1;2;1;1;6;420;04/06/2016
2016005308;1;1;1;1;1;420;10/06/2016
2016005309;1;1;1;3;1;420;17/06/2016
2016005310;1;1;1;1;3;420;16/07/2016
2016005311;3;1;1;1;7;420;08/08/2016
2016005312;2;2;1;1;7;420;19/08/2016
2016005313;2;1;2;1;3;420;16/09/2016
2016005314;1;1;1;2;7;420;18/09/2016
2016005315;1;1;1;1;1;420;19/12/2016
2016005316;1;1;1;1;6;420;22/01/2016
2016005317;1;1;1;1;7;420;12/02/2016
2016005318;1;1;1;1;7;420;21/05/2016
2016005319;1;1;1;1;6;420;11/07/2016
2016005320;1;2;1;1;6;420;29/07/2016
2016005321;3;1;1;1;3;420;02/10/2016
2016005322;1;1;1;1;7;420;21/11/2016
2016005323;1;2;1;1;3;420;23/11/2016
2016005324;3;1;1;3;6;420;04/02/2016
2016005325;1;1;1;1;1;420;05/03/2016
2016005326;1;2;1;1;3;420;17/03/2016
2016005327;1;1;1;1;3;420;21/05/2016
2016005328;1;1;1;1;3;420;21/05/2016
2016005329;1;1;1;1;6;420;28/05/2016
2016005330;1;1;1;7;3;420;22/06/2016
2016005331;3;1;1;1;6;420;07/07/2016
2016005332;1;2;1;7;3;420;09/07/2016
2016005333;1;1;1;1;6;420;23/07/2016
2016005334;1;1;1;1;2;420;01/08/2016
2016005335;1;1;1;1;6;420;14/08/2016
2016005336;1;2;2;2;3;420;18/08/2016
2016005337;1;2;1;1;3;420;10/09/2016
2016005338;1;1;1;8;6;420;19/09/2016
2016005339;3;1;1;1;7;420;25/09/2016
2016005340;1;2;1;1;6;420;19/10/2016
2016005341;1;2;2;1;3;420;04/11/2016
2016005342;2;2;1;2;1;420;07/11/2016
2016005343;3;1;1;1;5;420;16/12/2016
2016005344;3;1;1;4;7;420;16/01/2016
2016005345;2;2;1;4;6;420;12/02/2016
2016005346;3;1;1;1;6;420;17/02/2016
2016005347;1;2;1;1;3;420;27/04/2016
2016005348;1;1;1;1;3;420;12/06/2016
2016005349;1;2;1;1;6;420;16/06/2016
2016005350;1;1;1;1;6;420;12/07/2016
2016005351;1;2;1;1;3;420;15/08/2016
2016005352;2;1;1;8;6;420;19/09/2016
2016005353;2;1;1;1;3;420;15/10/2016
2016005354;1;1;2;1;1;420;01/11/2016
2016005355;1;1;1;1;1;730;22/03/2016
2016005356;1;1;1;4;1;730;09/11/2016
2016005357;4;1;1;2;1;730;10/11/2016
2016005358;3;1;1;5;2;730;02/12/2016
2016005359;2;1;1;5;3;730;04/12/2016
2016005360;1;1;1;1;3;730;09/04/2016
2016005361;1;1;1;1;6;730;20/06/2016
2016005362;1;2;8;1;6;730;09/09/2016
2016005363;5;1;1;1;1;730;30/11/2016
2016005364;3;1;1;1;1;730;05/12/2016
2016005365;1;1;1;1;4;730;04/04/2016
2016005366;1;2;1;1;6;730;22/05/2016
2016005367;3;1;1;1;7;730;15/09/2016
2016005368;1;1;9;1;1;730;03/04/2016
2016005369;5;2;2;1;7;730;03/05/2016
2016005370;5;1;2;2;3;730;18/09/2016
2016005371;1;2;1;1;1;730;21/09/2016
2016005372;1;2;3;1;3;730;25/09/2016
2016005373;5;2;1;3;1;730;13/10/2016
2016005374;1;2;2;1;3;730;21/10/2016
2016005375;5;1;3;8;3;730;15/11/2016
2016005376;1;2;1;1;6;730;31/12/2016
2016005377;1;1;1;1;3;730;27/01/2016
2016005378;1;1;4;1;3;730;23/06/2016
2016005379;1;1;1;1;6;730;11/07/2016
2016005380;2;2;1;1;6;730;17/07/2016
2016005381;1;1;1;1;6;730;16/04/2016
2016005382;1;1;1;1;5;730;07/08/2016
2016005383;1;1;1;1;7;730;31/08/2016
2016005384;1;1;1;1;1;730;16/10/2016
2016005385;5;1;1;5;3;730;02/12/2016
2016005386;1;1;1;1;7;730;15/05/2016
2016005387;1;1;1;2;7;730;16/06/2016
2016005388;3;1;1;1;3;730;15/07/2016
2016005389;1;2;1;1;3;730;09/09/2016
2016005390;1;1;1;2;1;730;13/10/2016
2016005391;1;1;3;1;3;730;27/11/2016
2016005392;1;1;3;1;3;730;05/05/2016
2016005393;5;1;1;1;3;730;03/08/2016
2016005394;1;1;1;1;1;730;12/03/2016
2016005395;1;1;1;1;6;730;21/07/2016
2016005396;1;1;1;5;6;730;01/01/2016
2016005397;1;1;1;1;7;730;07/05/2016
2016005398;1;2;1;1;6;730;21/08/2016
2016005399;1;2;6;1;3;730;03/07/2016
2016005400;1;1;1;1;2;730;17/07/2016
2016005401;1;1;1;1;7;730;20/07/2016
2016005402;1;1;1;3;6;730;22/07/2016
2016005403;1;1;1;1;7;730;21/08/2016
2016005404;1;2;1;1;7;730;03/09/2016
2016005405;2;1;1;1;7;730;11/09/2016
2016005406;1;1;1;2;3;730;16/06/2016
2016005407;1;1;1;1;5;730;26/12/2016
2016005408;5;2;1;3;6;730;10/01/2016
2016005409;5;2;1;1;6;730;12/12/2016
2016005410;1;2;1;1;5;730;29/12/2016
2016005411;1;1;1;1;3;730;24/09/2016
2016005412;1;2;1;1;6;730;30/04/2016
2016005413;1;1;1;1;5;730;26/06/2016
2016005414;1;1;1;1;3;730;01/07/2016
2016005415;1;1;1;1;7;730;06/07/2016
2016005416;1;2;1;7;6;730;26/09/2016
2016005417;1;2;1;1;6;730;21/02/2016
2016005418;1;1;1;1;6;730;07/04/2016
2016005419;5;2;2;2;3;730;07/06/2016
2016005420;1;1;3;1;1;730;26/06/2016
2016005421;1;1;1;1;7;730;15/08/2016
2016005422;3;2;1;1;6;730;07/10/2016
2016005423;5;2;1;1;3;730;02/12/2016
2016005424;1;1;1;1;1;730;20/06/2016
2016005425;1;1;1;1;6;730;23/07/2016
2016005426;1;2;3;1;1;730;12/08/2016
2016005427;1;2;4;1;7;740;09/03/2016
2016005428;1;1;1;1;7;740;10/04/2016
2016005429;3;1;1;1;2;740;20/04/2016
2016005430;1;1;1;1;7;740;07/05/2016
2016005431;1;1;6;2;7;740;11/05/2016
2016005432;1;1;1;1;1;740;21/05/2016
2016005433;1;1;1;1;3;740;20/07/2016
2016005434;1;2;1;1;5;740;27/07/2016
2016005435;1;1;1;1;6;740;30/07/2016
2016005436;1;1;1;1;1;740;01/08/2016
2016005437;1;2;1;1;1;740;12/08/2016
2016005438;1;1;1;1;1;740;10/09/2016
2016005439;3;1;1;1;6;740;23/09/2016
2016005440;1;2;9;1;6;740;26/09/2016
2016005441;1;1;1;1;3;740;29/09/2016
2016005442;5;2;9;1;3;740;07/10/2016
2016005443;1;2;4;2;3;740;17/10/2016
2016005444;1;2;1;7;6;740;14/12/2016
2016005445;1;2;6;1;3;740;28/01/2016
2016005446;1;1;1;1;1;740;20/04/2016
2016005447;1;1;1;1;1;740;24/04/2016
2016005448;1;1;1;1;3;740;10/06/2016
2016005449;1;2;1;2;1;740;19/06/2016
2016005450;3;1;1;1;7;740;17/07/2016
2016005451;1;1;4;1;2;740;14/08/2016
2016005452;1;2;1;1;3;740;14/09/2016
2016005453;1;1;1;1;1;740;21/09/2016
2016005454;1;1;4;1;2;740;20/10/2016
2016005455;1;1;1;1;2;740;29/10/2016
2016005456;1;1;1;1;1;740;10/12/2016
2016005457;1;1;1;1;6;740;01/04/2016
2016005458;1;2;6;1;7;740;02/08/2016
2016005459;1;1;1;1;1;740;06/08/2016
2016005460;1;1;1;1;7;740;11/09/2016
2016005461;3;1;1;1;1;740;02/11/2016
2016005462;2;1;1;2;6;740;06/11/2016
2016005463;3;1;1;1;7;740;26/11/2016
2016005464;3;1;1;8;3;740;21/12/2016
2016005465;3;1;1;2;1;740;05/01/2016
2016005466;1;2;1;4;6;740;12/02/2016
2016005467;1;1;1;1;2;740;21/02/2016
2016005468;5;2;1;1;6;740;27/02/2016
2016005469;1;2;1;1;6;740;06/04/2016
2016005470;3;1;1;1;7;740;12/04/2016
2016005471;1;2;2;1;3;740;16/07/2016
2016005472;1;1;1;1;6;740;23/08/2016
2016005473;3;1;1;2;1;740;01/10/2016
2016005474;1;2;4;1;6;740;03/10/2016
2016005475;1;2;1;1;3;740;12/11/2016
2016005476;1;2;1;1;6;740;16/11/2016
2016005477;3;1;1;2;6;740;18/11/2016
2016005478;1;1;6;1;1;740;22/11/2016
2016005479;3;1;1;1;6;740;26/12/2016
2016005480;1;1;1;1;1;740;23/01/2016
2016005481;1;2;1;4;1;740;13/02/2016
2016005482;1;1;1;1;3;740;09/07/2016
2016005483;1;1;1;1;1;740;07/08/2016
2016005484;3;1;1;1;1;740;01/01/2016
2016005485;1;2;6;1;6;740;05/04/2016
2016005486;1;2;1;1;1;740;02/08/2016
2016005487;1;2;6;2;6;740;09/08/2016
2016005488;1;2;1;1;6;740;15/09/2016
2016005489;1;1;1;1;3;740;19/10/2016
2016005490;1;2;2;2;6;740;11/01/2016
2016005491;1;2;1;1;1;740;19/02/2016
2016005492;1;2;1;1;3;740;11/04/2016
2016005493;5;1;1;9;1;740;13/05/2016
2016005494;3;2;1;1;6;740;15/05/2016
2016005495;1;2;4;1;1;740;25/06/2016
2016005496;1;1;2;1;3;740;01/07/2016
2016005497;1;1;1;1;1;740;07/08/2016
2016005498;1;1;4;1;3;740;26/08/2016
2016005499;1;1;1;1;3;740;09/09/2016
2016005500;1;2;7;1;6;740;30/09/2016
2016005501;1;1;4;3;1;740;05/09/2016
2016005502;1;1;2;1;1;740;29/10/2016
2016005503;3;1;2;1;6;740;30/11/2016
2016005504;3;1;2;5;3;740;14/12/2016
2016005505;5;1;6;1;6;740;30/12/2016
2016005506;1;1;1;1;3;740;06/02/2016
2016005507;1;1;1;1;7;740;12/03/2016
2016005508;1;2;1;1;2;740;28/04/2016
2016005509;1;1;6;1;4;740;07/05/2016
2016005510;1;2;1;2;1;740;02/07/2016
2016005511;1;2;3;3;6;740;22/07/2016
2016005512;1;2;1;1;6;740;25/08/2016
2016005513;1;1;1;1;7;740;25/08/2016
2016005514;1;1;1;1;1;740;31/08/2016
2016005515;1;2;1;1;6;740;07/11/2016
2016005516;5;1;1;3;3;740;19/11/2016
2016005517;3;1;1;1;7;740;24/11/2016
2016005518;1;2;1;7;6;740;23/12/2016
2016005519;1;1;1;4;6;740;14/01/2016
2016005520;1;2;1;1;7;740;29/01/2016
2016005521;1;2;1;2;6;740;23/02/2016
2016005522;5;2;1;1;6;740;11/07/2016
2016005523;1;2;1;1;6;740;11/07/2016
2016005524;1;2;1;1;1;740;28/07/2016
2016005525;1;1;1;1;1;740;02/08/2016
2016005526;1;1;1;1;1;740;28/10/2016
2016005527;1;2;6;1;6;740;31/03/2016
2016005528;1;1;1;1;4;740;27/06/2016
2016005529;1;1;6;1;3;740;22/08/2016
2016005530;4;1;1;2;5;740;18/09/2016
2016005531;3;1;1;1;3;740;29/10/2016
2016005532;3;2;6;3;6;740;25/10/2016
2016005533;5;2;8;1;3;740;28/12/2016
2016005534;5;1;1;9;1;740;10/01/2016
2016005535;3;2;8;1;6;740;09/04/2016
2016005536;1;1;1;1;2;740;04/05/2016
2016005537;1;1;3;1;5;740;10/06/2016
2016005538;1;1;1;1;7;740;10/06/2016
2016005539;1;1;6;1;2;740;02/07/2016
2016005540;3;1;6;1;6;740;05/08/2016
2016005541;1;1;1;1;2;740;01/09/2016
2016005542;1;2;1;1;1;740;11/09/2016
2016005543;3;1;1;5;5;740;14/10/2016
2016005544;3;2;1;3;2;740;05/11/2016
2016005545;2;1;1;1;5;740;25/11/2016
2016005546;1;1;1;1;5;740;25/12/2016
2016005547;4;2;2;1;3;740;28/01/2016
2016005548;1;1;1;4;1;740;12/02/2016
2016005549;1;1;1;1;6;740;28/08/2016
2016005550;5;2;3;1;3;740;07/09/2016
2016005551;1;1;3;1;3;740;14/09/2016
2016005552;3;1;1;8;6;740;18/09/2016
2016005553;2;2;1;2;5;740;18/09/2016
2016005554;1;2;2;7;1;740;28/09/2016
2016005555;2;1;1;8;5;740;07/10/2016
2016005556;2;2;1;1;3;740;28/10/2016
2016005557;3;2;1;1;6;740;29/11/2016
2016005558;2;1;1;5;3;740;08/12/2016
2016005559;1;1;3;1;6;740;01/04/2016
2016005560;1;2;2;1;1;740;27/04/2016
2016005561;3;1;1;8;6;740;28/05/2016
2016005562;1;1;1;1;6;740;05/06/2016
2016005563;1;1;1;1;5;740;18/07/2016
2016005564;2;1;1;1;6;740;12/09/2016
2016005565;1;1;1;1;6;740;26/09/2016
2016005566;2;1;1;1;7;740;27/09/2016
2016005567;3;2;1;1;6;740;30/09/2016
2016005568;1;1;1;1;6;740;02/10/2016
2016005569;3;1;4;2;6;740;13/11/2016
2016005570;5;2;1;1;6;740;16/02/2016
2016005571;1;1;1;1;7;740;21/05/2016
2016005572;1;1;1;1;1;740;11/07/2016
2016005573;1;2;1;1;3;740;11/08/2016
2016005574;1;1;1;1;7;740;12/09/2016
2016005575;3;1;1;1;5;740;05/10/2016
2016005576;1;1;1;2;1;740;10/11/2016
2016005577;5;2;1;2;5;740;13/02/2016
2016005578;1;1;1;1;7;740;06/07/2016
2016005579;4;2;1;1;6;740;08/07/2016
2016005580;1;1;1;1;6;740;09/07/2016
2016005581;1;1;1;1;1;740;10/07/2016
2016005582;3;1;1;1;6;740;10/09/2016
2016005583;2;1;1;1;1;740;11/09/2016
2016005584;1;2;3;1;6;740;25/11/2016
2016005585;5;2;1;2;6;740;24/01/2016
2016005586;1;1;1;1;7;740;26/04/2016
2016005587;1;1;1;1;5;740;14/05/2016
2016005588;5;2;4;1;1;740;28/09/2016
2016005589;1;1;1;1;1;740;26/10/2016
2016005590;3;1;1;1;6;740;05/12/2016
2016005591;3;1;6;1;6;630;22/05/2016
2016005592;1;1;4;1;3;630;03/11/2016
2016005593;3;1;1;2;6;630;22/01/2016
2016005594;1;1;4;1;4;630;11/03/2016
2016005595;1;1;1;1;5;630;29/04/2016
2016005596;1;2;1;1;6;630;05/05/2016
2016005597;1;1;1;1;3;630;27/05/2016
2016005598;1;1;2;1;3;630;06/06/2016
2016005599;1;1;1;1;1;630;15/06/2016
2016005600;1;1;1;1;6;630;18/06/2016
2016005601;1;1;1;1;1;630;25/06/2016
2016005602;1;1;1;1;6;630;27/06/2016
2016005603;1;1;1;1;7;630;01/07/2016
2016005604;1;1;1;1;1;630;03/07/2016
2016005605;1;1;1;7;3;630;08/07/2016
2016005606;1;1;1;1;7;630;15/07/2016
2016005607;1;2;2;1;1;630;02/08/2016
2016005608;1;1;1;1;6;630;02/09/2016
2016005609;1;1;1;1;2;630;09/09/2016
2016005610;1;1;2;5;3;630;30/10/2016
2016005611;3;1;1;4;1;630;06/11/2016
2016005612;1;1;1;1;5;630;26/11/2016
2016005613;1;1;1;1;3;630;05/12/2016
2016005614;1;1;1;3;1;630;08/02/2016
2016005615;1;1;1;3;1;630;31/05/2016
2016005616;1;1;1;1;7;630;03/06/2016
2016005617;1;1;1;1;1;630;12/08/2016
2016005618;1;1;1;1;1;630;15/08/2016
2016005619;1;1;1;1;6;630;03/11/2016
2016005620;1;1;1;7;3;630;01/02/2016
2016005621;3;1;1;2;6;630;25/02/2016
2016005622;1;1;1;1;7;630;02/07/2016
2016005623;1;1;1;1;1;630;12/07/2016
2016005624;1;1;1;1;1;630;16/07/2016
2016005625;1;2;1;1;1;630;18/05/2016
2016005626;1;2;1;1;6;630;07/06/2016
2016005627;1;2;1;1;2;630;11/10/2016
2016005628;2;1;1;1;3;630;15/10/2016
2016005629;5;2;1;1;2;630;10/11/2016
2016005630;1;2;1;1;1;630;18/11/2016
2016005631;1;1;1;1;7;630;06/02/2016
2016005632;1;1;1;1;3;630;18/03/2016
2016005633;1;1;1;1;7;630;03/04/2016
2016005634;1;1;1;1;7;630;26/05/2016
2016005635;3;1;1;1;7;630;18/06/2016
2016005636;1;1;1;1;1;630;25/08/2016
2016005637;3;2;1;3;1;630;16/09/2016
2016005638;1;1;1;2;6;630;26/10/2016
2016005639;1;1;1;1;7;630;05/12/2016
2016005640;1;1;6;1;6;630;18/12/2016
2016005641;1;1;1;1;1;630;28/07/2016
2016005642;2;1;1;1;6;630;06/08/2016
2016005643;1;1;1;1;5;630;02/09/2016
2016005644;1;1;2;1;1;630;08/09/2016
2016005645;2;1;9;1;3;630;20/10/2016
2016005646;3;1;1;1;7;630;26/11/2016
2016005647;2;1;6;5;7;630;12/12/2016
2016005648;1;2;1;6;6;630;06/02/2016
2016005649;1;2;1;1;1;630;29/04/2016
2016005650;2;1;1;2;6;630;23/05/2016
2016005651;1;1;1;1;7;630;07/08/2016
2016005652;3;2;1;1;6;630;12/08/2016
2016005653;1;1;1;1;6;630;13/08/2016
2016005654;1;1;1;1;7;630;15/08/2016
2016005655;1;1;1;1;1;630;12/09/2016
2016005656;5;2;3;2;3;630;17/09/2016
2016005657;1;1;1;1;6;630;08/10/2016
2016005658;1;1;1;2;6;630;19/10/2016
2016005659;5;2;1;1;4;630;16/12/2016
2016005660;1;1;1;7;6;630;26/03/2016
2016005661;1;1;1;2;6;630;30/04/2016
2016005662;1;1;1;3;7;630;28/05/2016
2016005663;1;1;1;3;6;630;13/10/2016
2016005664;1;1;1;2;7;630;20/08/2016
2016005665;2;1;1;4;6;630;06/11/2016
2016005666;2;2;1;1;6;630;12/02/2016
2016005667;1;2;1;1;1;630;06/04/2016
2016005668;1;2;1;1;3;630;07/05/2016
2016005669;1;2;4;1;3;630;18/05/2016
2016005670;1;1;6;1;6;630;26/05/2016
2016005671;1;1;1;1;6;630;01/06/2016
2016005672;1;1;1;1;7;630;05/06/2016
2016005673;3;1;1;1;6;630;04/07/2016
2016005674;1;2;1;1;2;630;21/07/2016
2016005675;1;1;9;2;7;630;31/07/2016
2016005676;1;2;1;1;6;630;12/08/2016
2016005677;3;2;1;1;7;630;23/08/2016
2016005678;5;2;1;1;6;630;26/08/2016
2016005679;1;2;3;1;3;630;05/09/2016
2016005680;3;1;1;1;1;630;01/11/2016
2016005681;1;1;1;1;7;630;01/11/2016
2016005682;3;1;1;1;4;630;23/11/2016
2016005683;1;2;3;1;3;630;30/11/2016
2016005684;1;2;4;1;1;630;12/12/2016
2016005685;5;2;1;2;6;630;20/12/2016
2016005686;1;1;1;1;6;630;03/07/2016
2016005687;1;1;1;1;1;630;13/07/2016
2016005688;1;1;1;1;3;630;03/08/2016
2016005689;1;2;1;1;6;630;26/08/2016
2016005690;1;1;1;7;1;630;25/08/2016
2016005691;1;1;1;1;1;630;17/10/2016
2016005692;1;1;1;1;7;630;24/01/2016
2016005693;1;2;1;8;6;630;03/02/2016
2016005694;1;1;1;1;1;630;16/05/2016
2016005695;1;1;1;2;7;630;13/06/2016
2016005696;1;1;1;1;1;630;03/09/2016
2016005697;3;1;1;8;1;630;16/12/2016
2016005698;1;2;6;1;6;630;28/12/2016
2016005699;3;1;1;2;6;630;03/03/2016
2016005700;5;2;1;1;6;630;19/08/2016
2016005701;1;1;3;1;1;630;03/10/2016
2016005702;1;2;1;1;6;630;24/12/2016
2016005703;3;1;6;8;6;630;10/02/2016
2016005704;1;1;9;1;6;630;04/03/2016
2016005705;1;1;1;8;1;630;16/03/2016
2016005706;1;1;1;1;7;630;19/05/2016
2016005707;1;2;1;1;6;630;20/06/2016
2016005708;3;1;1;8;6;630;30/07/2016
2016005709;1;1;1;1;6;630;06/08/2016
2016005710;1;1;1;1;7;630;01/10/2016
2016005711;1;2;1;1;1;630;25/11/2016
2016005712;2;2;1;1;3;630;15/10/2016
2016005713;3;1;1;8;3;630;31/10/2016
2016005714;1;1;1;1;1;630;15/11/2016
2016005715;1;1;1;1;6;630;28/02/2016
2016005716;1;1;3;8;3;630;16/03/2016
2016005717;1;1;1;1;3;630;18/03/2016
2016005718;1;1;1;1;1;630;21/05/2016
2016005719;1;1;1;1;7;630;08/07/2016
2016005720;1;1;1;1;7;630;05/09/2016
2016005721;1;1;1;2;5;630;17/09/2016
2016005722;1;1;1;2;1;630;17/10/2016
2016005723;1;1;1;1;6;630;13/03/2016
2016005724;3;1;1;1;7;630;09/06/2016
2016005725;1;1;1;1;6;630;21/08/2016
2016005726;1;2;1;1;6;630;04/01/2016
2016005727;1;2;1;1;6;630;24/01/2016
2016005728;1;1;1;1;1;630;02/05/2016
2016005729;1;2;1;7;3;630;27/06/2016
2016005730;1;2;1;1;1;630;25/07/2016
2016005731;1;1;1;1;1;630;31/07/2016
2016005732;1;1;1;7;1;630;20/08/2016
2016005733;5;2;1;1;7;630;05/10/2016
2016005734;1;2;1;2;6;630;14/10/2016
2016005735;5;1;1;5;6;630;21/10/2016
2016005736;3;1;1;1;6;630;22/10/2016
2016005737;3;1;1;1;6;630;24/12/2016
2016005738;1;2;1;3;3;630;11/01/2016
2016005739;1;1;1;1;2;630;16/05/2016
2016005740;1;2;2;1;1;630;07/09/2016
2016005741;1;1;1;2;1;630;14/10/2016
2016005742;1;1;1;5;6;630;29/10/2016
2016005743;1;2;1;1;6;630;10/11/2016
2016005744;1;2;1;1;6;630;14/11/2016
2016005745;1;2;2;1;3;630;12/12/2016
2016005746;1;2;1;1;1;630;01/05/2016
2016005747;1;1;6;1;2;630;16/06/2016
2016005748;1;1;1;1;6;630;19/06/2016
2016005749;1;1;1;1;6;630;25/06/2016
2016005750;1;1;1;1;7;630;26/06/2016
2016005751;1;1;1;1;6;630;30/08/2016
2016005752;3;1;1;1;3;630;09/10/2016
2016005753;1;1;1;1;1;630;20/10/2016
2016005754;1;1;1;1;6;630;25/11/2016
2016005755;1;1;1;2;2;30;15/01/2016
2016005756;1;2;1;1;5;30;25/05/2016
2016005757;1;1;1;1;6;30;29/06/2016
2016005758;1;1;1;1;4;30;09/07/2016
2016005759;3;1;1;1;6;30;04/09/2016
2016005760;1;1;1;1;5;30;07/10/2016
2016005761;1;1;1;1;1;30;04/11/2016
2016005762;2;1;1;2;7;30;13/11/2016
2016005763;1;1;1;1;6;30;28/11/2016
2016005764;1;1;1;1;7;30;13/05/2016
2016005765;1;1;1;1;1;30;09/06/2016
2016005766;1;2;1;1;6;30;20/06/2016
2016005767;1;1;1;1;1;30;27/11/2016
2016005768;1;1;1;2;3;30;11/01/2016
2016005769;1;1;1;1;6;30;23/03/2016
2016005770;1;2;1;1;6;30;17/06/2016
2016005771;1;1;1;7;7;30;24/08/2016
2016005772;1;1;1;1;3;30;30/08/2016
2016005773;1;2;1;1;1;30;10/03/2016
2016005774;1;1;1;1;2;30;06/01/2016
2016005775;1;1;1;1;7;30;19/03/2016
2016005776;1;1;2;3;3;30;31/05/2016
2016005777;1;1;1;1;6;30;29/06/2016
2016005778;1;1;2;1;3;30;25/07/2016
2016005779;1;1;1;7;5;30;19/08/2016