num_acc;lum;agg;inter;atm;col;dep;date
2016005780;1;2;1;7;6;30;12/09/2016
2016005781;1;1;1;1;5;30;26/09/2016
2016005782;1;2;1;1;6;30;05/10/2016
2016005783;1;1;2;7;3;30;21/02/2016
2016005784;1;1;1;2;3;30;25/02/2016
2016005785;1;2;1;1;3;30;12/03/2016
2016005786;1;1;1;2;1;30;01/04/2016
2016005787;2;1;1;1;6;30;28/04/2016
2016005788;1;1;1;1;6;30;05/06/2016
2016005789;1;1;1;1;3;30;25/09/2016
2016005790;3;1;1;1;6;30;02/10/2016
2016005791;1;1;1;8;6;30;16/11/2016
2016005792;3;1;1;1;6;30;17/02/2016
2016005793;1;1;1;1;3;30;10/06/2016
2016005794;1;1;1;1;1;30;29/07/2016
2016005795;3;1;1;2;7;30;17/09/2016
2016005796;3;1;1;1;1;30;25/09/2016
2016005797;3;1;1;1;6;30;04/10/2016
2016005798;1;1;9;1;7;30;12/10/2016
2016005799;3;1;1;5;6;30;01/11/2016
2016005800;1;1;1;1;3;30;16/12/2016
2016005801;3;1;1;5;6;30;22/12/2016
2016005802;3;1;1;2;1;30;10/02/2016
2016005803;3;1;1;1;7;30;28/04/2016
2016005804;1;1;1;1;7;30;06/05/2016
2016005805;3;1;1;1;6;30;05/07/2016
2016005806;3;1;1;1;1;30;10/09/2016
2016005807;1;1;1;1;6;30;26/09/2016
2016005808;1;2;1;1;6;30;22/10/2016
2016005809;3;1;5;2;3;30;13/02/2016
2016005810;1;2;1;1;1;30;06/04/2016
2016005811;5;2;1;1;3;30;07/12/2016
2016005812;1;2;1;1;6;30;11/06/2016
2016005813;1;2;6;1;6;30;15/08/2016
2016005814;1;2;1;1;6;30;27/08/2016
2016005815;1;1;1;7;1;30;30/08/2016
2016005816;1;1;1;1;6;30;08/09/2016
2016005817;1;1;1;1;6;30;30/06/2016
2016005818;1;2;2;2;3;30;23/04/2016
2016005819;3;1;1;1;2;30;19/07/2016
2016005820;1;2;2;1;3;30;09/06/2016
2016005821;2;1;1;1;6;30;16/09/2016
2016005822;1;1;3;2;3;30;09/11/2016
2016005823;3;1;1;2;1;30;13/11/2016
2016005824;1;2;1;9;3;30;06/12/2016
2016005825;1;1;1;1;6;30;31/03/2016
2016005826;1;1;1;1;7;30;13/04/2016
2016005827;1;2;1;2;2;30;02/06/2016
2016005828;3;1;1;8;6;30;04/06/2016
2016005829;1;1;1;1;7;30;29/06/2016
2016005830;1;1;1;9;6;30;11/07/2016
2016005831;3;1;1;1;7;30;07/08/2016
2016005832;3;1;1;1;1;30;23/08/2016
2016005833;1;1;1;1;1;30;01/10/2016
2016005834;1;1;1;1;1;30;16/11/2016
2016005835;1;1;1;1;1;30;17/11/2016
2016005836;5;1;1;1;3;30;28/11/2016
2016005837;3;1;1;1;1;30;16/12/2016
2016005838;5;2;1;1;6;30;16/12/2016
2016005839;1;1;1;1;7;30;22/08/2016
2016005840;3;1;1;1;1;30;15/01/2016
2016005841;1;1;1;1;6;30;16/02/2016
2016005842;1;1;1;1;1;30;28/04/2016
2016005843;1;1;1;1;7;30;08/08/2016
2016005844;1;2;1;1;6;30;10/10/2016
2016005845;3;1;1;5;6;30;31/10/2016
2016005846;3;2;1;1;6;30;06/11/2016
2016005847;1;1;1;1;7;30;20/11/2016
2016005848;3;1;1;1;2;30;28/11/2016
2016005849;1;1;1;5;7;30;01/12/2016
2016005850;1;1;2;1;3;30;04/07/2016
2016005851;1;1;2;9;3;30;09/02/2016
2016005852;1;2;1;1;2;30;28/08/2016
2016005853;3;1;1;9;6;30;11/12/2016
2016005854;2;1;1;5;6;30;27/12/2016
2016005855;1;1;1;4;6;150;05/03/2016
2016005856;3;1;1;3;6;150;23/04/2016
2016005857;1;1;1;1;1;150;15/09/2016
2016005858;1;1;1;2;1;150;18/09/2016
2016005859;1;1;1;1;6;150;17/10/2016
2016005860;1;1;1;1;1;150;26/11/2016
2016005861;3;1;1;2;6;150;27/02/2016
2016005862;1;2;1;1;1;150;01/04/2016
2016005863;1;1;1;6;7;150;20/04/2016
2016005864;3;1;1;1;7;150;02/05/2016
2016005865;1;1;1;1;3;150;05/05/2016
2016005866;5;1;6;1;1;150;17/07/2016
2016005867;1;1;1;7;3;150;06/12/2016
2016005868;1;1;1;5;3;150;12/12/2016
2016005869;1;1;1;8;6;150;14/12/2016
2016005870;1;1;1;1;3;150;18/12/2016
2016005871;3;1;1;1;7;150;27/11/2016
2016005872;2;1;1;9;1;150;01/12/2016
2016005873;3;1;1;2;3;150;29/01/2016
2016005874;1;1;1;1;1;150;04/05/2016
2016005875;1;1;1;1;1;150;22/05/2016
2016005876;1;1;1;9;6;150;10/07/2016
2016005877;3;1;1;1;1;150;16/10/2016
2016005878;1;1;1;5;6;150;13/11/2016
2016005879;1;2;1;1;6;150;06/12/2016
2016005880;1;2;1;1;6;150;27/05/2016
2016005881;1;1;1;1;2;150;19/07/2016
2016005882;1;1;1;8;2;150;06/05/2016
2016005883;1;1;1;2;6;150;01/06/2016
2016005884;1;1;1;2;1;150;22/07/2016
2016005885;1;2;1;7;3;150;28/12/2016
2016005886;2;1;1;1;6;150;03/07/2016
2016005887;3;1;1;1;2;150;07/12/2016
2016005888;1;1;1;1;6;150;10/12/2016
2016005889;1;1;2;1;3;150;16/02/2016
2016005890;3;1;1;1;6;150;03/08/2016
2016005891;2;1;1;8;6;150;25/11/2016
2016005892;2;1;1;2;6;150;27/03/2016
2016005893;1;1;1;1;5;150;24/05/2016
2016005894;1;2;1;3;3;150;01/06/2016
2016005895;2;1;1;7;6;150;06/08/2016
2016005896;1;1;1;1;7;150;15/08/2016
2016005897;3;1;1;1;7;150;23/09/2016
2016005898;1;2;1;2;7;150;13/10/2016
2016005899;3;1;1;1;6;150;23/10/2016
2016005900;1;2;9;3;3;150;10/11/2016
2016005901;2;1;1;1;7;150;07/01/2016
2016005902;2;1;1;3;3;150;04/03/2016
2016005903;1;1;1;1;7;150;12/08/2016
2016005904;1;1;1;2;1;150;06/09/2016
2016005905;2;1;1;1;1;150;23/10/2016
2016005906;1;1;1;8;6;150;11/11/2016
2016005907;1;1;1;2;6;150;14/11/2016
2016005908;1;1;1;1;1;150;23/12/2016
2016005909;3;1;1;1;7;150;27/03/2016
2016005910;3;1;1;1;7;150;13/07/2016
2016005911;1;1;1;1;1;150;26/07/2016
2016005912;1;2;1;1;7;150;27/07/2016
2016005913;1;1;1;9;1;150;07/11/2016
2016005914;1;1;3;4;1;430;12/01/2016
2016005915;2;1;1;5;1;430;29/01/2016
2016005916;3;1;1;8;6;430;17/04/2016
2016005917;1;1;1;1;6;430;28/04/2016
2016005918;3;1;1;1;1;430;08/05/2016
2016005919;1;1;1;1;6;430;22/06/2016
2016005920;1;1;1;2;1;430;20/08/2016
2016005921;1;1;1;1;6;430;23/09/2016
2016005922;3;1;1;1;6;430;21/10/2016
2016005923;2;1;1;1;6;430;26/10/2016
2016005924;3;1;1;8;2;430;08/11/2016
2016005925;1;1;1;7;2;430;24/01/2016
2016005926;1;1;1;1;1;430;23/05/2016
2016005927;1;1;1;1;6;430;08/10/2016
2016005928;1;1;1;2;6;430;14/10/2016
2016005929;3;1;1;1;7;430;12/11/2016
2016005930;1;1;1;1;6;430;30/12/2016
2016005931;3;1;1;8;7;430;06/03/2016
2016005932;1;1;3;1;3;430;13/03/2016
2016005933;1;1;1;1;5;430;10/04/2016
2016005934;3;1;1;4;6;430;01/05/2016
2016005935;1;1;1;1;7;430;02/06/2016
2016005936;1;1;1;2;5;430;09/08/2016
2016005937;1;2;1;1;1;430;08/09/2016
2016005938;3;1;1;1;6;430;05/11/2016
2016005939;1;2;1;8;6;430;17/11/2016
2016005940;1;1;1;1;7;430;17/12/2016
2016005941;1;2;1;1;5;430;28/12/2016
2016005942;2;1;1;3;3;430;31/03/2016
2016005943;5;2;6;1;3;430;21/05/2016
2016005944;1;1;1;1;6;430;02/10/2016
2016005945;3;1;1;1;6;430;03/11/2016
2016005946;1;1;3;2;3;430;19/12/2016
2016005947;1;1;2;1;3;430;09/04/2016
2016005948;1;1;1;1;6;430;06/05/2016
2016005949;1;1;2;1;5;430;26/06/2016
2016005950;1;1;1;1;6;430;04/08/2016
2016005951;1;1;1;8;3;430;01/10/2016
2016005952;1;1;1;1;3;430;26/03/2016
2016005953;1;2;1;1;1;430;10/06/2016
2016005954;1;1;1;1;6;430;17/08/2016
2016005955;1;1;1;3;3;430;14/09/2016
2016005956;3;1;3;6;3;430;21/11/2016
2016005957;1;1;4;1;3;430;08/01/2016
2016005958;1;1;1;1;6;430;29/01/2016
2016005959;1;1;1;2;1;430;04/03/2016
2016005960;1;1;1;1;1;430;09/03/2016
2016005961;1;1;2;1;3;430;10/07/2016
2016005962;1;1;1;1;6;430;21/11/2016
2016005963;1;1;1;2;3;430;11/11/2016
2016005964;5;2;1;1;6;430;07/12/2016
2016005965;1;1;1;1;1;430;16/04/2016
2016005966;1;2;1;2;6;430;02/06/2016
2016005967;1;1;1;1;3;430;09/07/2016
2016005968;1;1;3;1;3;430;02/08/2016
2016005969;5;2;1;1;6;430;09/09/2016
2016005970;1;1;1;1;6;430;08/01/2016
2016005971;2;2;1;1;6;430;17/03/2016
2016005972;1;1;1;1;5;430;14/04/2016
2016005973;1;1;1;1;1;430;30/04/2016
2016005974;1;1;1;1;1;430;02/05/2016
2016005975;1;1;3;1;3;430;07/06/2016
2016005976;5;2;1;1;7;430;07/07/2016
2016005977;1;1;1;1;1;430;18/07/2016
2016005978;1;1;1;1;6;430;07/08/2016
2016005979;1;1;2;1;1;430;27/10/2016
2016005980;1;1;1;1;5;430;12/11/2016
2016005981;3;1;1;1;6;430;13/03/2016
2016005982;3;1;1;5;1;430;01/04/2016
2016005983;3;1;1;1;6;430;20/04/2016
2016005984;1;1;2;8;3;430;16/06/2016
2016005985;1;1;1;1;6;430;24/07/2016
2016005986;3;1;1;1;6;430;11/09/2016
2016005987;3;1;1;1;6;30;27/11/2016
2016005988;1;2;6;1;3;30;09/12/2016
2016005989;1;2;2;1;7;30;26/01/2016
2016005990;5;2;2;1;6;30;01/01/2016
2016005991;2;2;2;1;3;30;20/01/2016
2016005992;1;2;3;1;6;30;20/04/2016
2016005993;1;2;1;1;6;30;26/03/2016
2016005994;1;2;3;1;6;30;25/02/2016
2016005995;5;2;3;1;1;30;22/06/2016
2016005996;1;2;1;1;6;30;15/04/2016
2016005997;1;2;3;1;6;30;06/07/2016
2016005998;1;2;3;1;3;30;14/06/2016
2016005999;1;2;1;1;2;30;25/07/2016
2016006000;1;2;3;1;6;30;24/08/2016
2016006001;1;2;1;1;6;30;25/08/2016
2016006002;1;2;1;1;6;30;03/10/2016
2016006003;5;2;2;1;6;30;11/10/2016
2016006004;1;1;2;1;3;30;15/09/2016
2016006005;2;2;1;1;3;30;18/10/2016
2016006006;1;2;1;1;2;30;01/11/2016
2016006007;1;2;1;3;7;30;04/08/2016
2016006008;1;1;3;1;1;30;06/08/2016
2016006009;1;2;6;1;6;30;06/10/2016
2016006010;1;2;9;1;6;30;10/03/2016
2016006011;1;2;1;1;6;30;04/05/2016
2016006012;1;2;1;3;6;30;31/05/2016
2016006013;1;2;1;1;3;30;21/06/2016
2016006014;1;2;3;1;3;30;08/07/2016
2016006015;1;2;7;1;6;30;02/08/2016
2016006016;5;2;1;1;3;30;21/08/2016
2016006017;1;2;1;1;6;30;24/08/2016
2016006018;5;2;2;1;3;30;09/09/2016
2016006019;2;2;1;1;6;30;23/11/2016
2016006020;1;2;1;1;1;30;02/12/2016
2016006021;1;2;2;2;1;570;30/03/2016
2016006022;5;2;1;1;5;570;02/02/2016
2016006023;1;2;9;2;5;570;04/02/2016
2016006024;1;1;1;1;1;570;11/07/2016
2016006025;1;2;1;1;3;570;16/07/2016
2016006026;1;1;1;7;6;570;17/07/2016
2016006027;1;1;1;1;1;570;07/08/2016
2016006028;1;2;1;1;1;570;20/08/2016
2016006029;1;2;9;1;3;570;01/09/2016
2016006030;1;1;9;1;3;570;20/10/2016
2016006031;3;1;1;9;6;570;08/12/2016
2016006032;2;2;1;2;6;570;10/01/2016
2016006033;1;1;1;1;1;570;12/03/2016
2016006034;1;2;1;1;3;570;22/03/2016
2016006035;1;1;1;2;7;570;12/05/2016
2016006036;1;2;1;8;1;570;31/05/2016
2016006037;1;1;1;1;7;570;14/07/2016
2016006038;2;1;1;1;2;570;22/07/2016
2016006039;3;1;1;1;2;570;06/08/2016
2016006040;1;1;1;1;3;570;01/09/2016
2016006041;1;2;1;2;6;570;17/10/2016
2016006042;4;2;1;1;6;570;11/11/2016
2016006043;3;1;1;2;1;570;13/01/2016
2016006044;5;2;1;8;3;570;24/01/2016
2016006045;1;2;1;1;1;570;04/06/2016
2016006046;1;2;1;1;3;570;12/07/2016
2016006047;1;1;7;1;6;570;04/08/2016
2016006048;1;1;1;1;1;570;29/09/2016
2016006049;3;1;1;2;6;570;20/11/2016
2016006050;5;2;1;2;6;570;22/11/2016
2016006051;2;2;1;2;6;570;06/01/2016
2016006052;5;2;1;8;6;570;18/01/2016
2016006053;1;1;2;2;3;570;30/04/2016
2016006054;1;2;1;1;6;570;07/05/2016
2016006055;1;2;1;1;3;570;19/05/2016
2016006056;1;1;1;1;6;570;24/07/2016
2016006057;2;1;1;1;6;570;22/01/2016
2016006058;3;1;1;8;1;570;03/02/2016
2016006059;1;1;1;1;7;570;29/02/2016
2016006060;1;2;6;1;2;570;02/05/2016
2016006061;1;1;1;2;6;570;03/05/2016
2016006062;1;1;1;1;3;570;14/05/2016
2016006063;1;1;4;1;3;570;19/05/2016
2016006064;1;1;1;1;5;570;26/05/2016
2016006065;1;1;1;1;6;570;23/06/2016
2016006066;3;1;6;1;6;570;07/07/2016
2016006067;1;1;1;1;2;570;30/07/2016
2016006068;1;2;6;1;1;570;02/05/2016
2016006069;5;2;1;1;6;570;25/01/2016
2016006070;1;1;1;4;5;570;07/03/2016
2016006071;1;2;1;1;6;570;10/04/2016
2016006072;1;2;1;8;6;570;21/11/2016
2016006073;2;1;1;9;3;570;08/01/2016
2016006074;1;1;1;1;6;570;19/05/2016
2016006075;1;2;1;1;3;570;22/06/2016
2016006076;1;1;1;1;6;570;06/07/2016
2016006077;1;1;1;2;7;570;08/10/2016
2016006078;1;2;1;1;6;570;10/10/2016
2016006079;1;1;1;1;6;570;11/10/2016
2016006080;1;2;1;1;6;570;13/10/2016
2016006081;1;1;1;5;6;570;28/10/2016
2016006082;5;2;1;1;6;570;03/11/2016
2016006083;1;1;1;1;3;570;07/01/2016
2016006084;3;1;8;1;3;570;11/03/2016
2016006085;1;1;1;1;7;570;13/09/2016
2016006086;1;1;1;1;7;570;24/09/2016
2016006087;3;1;1;1;2;570;06/01/2016
2016006088;1;2;1;1;2;570;16/01/2016
2016006089;2;1;3;8;3;570;09/02/2016
2016006090;1;2;1;1;6;570;29/02/2016
2016006091;1;1;1;1;7;570;17/03/2016
2016006092;3;1;1;1;6;570;20/03/2016
2016006093;1;1;1;1;1;570;31/03/2016
2016006094;1;1;1;1;7;570;04/05/2016
2016006095;1;1;1;1;6;570;07/05/2016
2016006096;1;1;1;1;7;570;28/05/2016
2016006097;3;1;1;1;6;570;08/07/2016
2016006098;1;1;1;1;6;570;03/09/2016
2016006099;3;1;1;2;6;570;06/01/2016
2016006100;1;2;1;1;6;570;08/01/2016
2016006101;5;2;1;3;6;570;30/01/2016
2016006102;1;2;3;1;1;570;24/04/2016
2016006103;1;2;1;1;1;570;22/07/2016
2016006104;2;2;3;5;5;570;27/10/2016
2016006105;3;2;1;9;6;570;14/11/2016
2016006106;2;1;1;2;5;570;02/02/2016
2016006107;1;2;1;7;6;570;09/04/2016
2016006108;1;2;1;1;1;570;03/05/2016
2016006109;2;2;1;1;1;570;05/07/2016
2016006110;1;2;1;1;2;570;30/07/2016
2016006111;1;2;1;1;3;570;24/08/2016
2016006112;1;1;1;1;7;570;09/08/2016
2016006113;1;1;1;1;3;570;20/10/2016
2016006114;1;2;3;1;3;570;29/11/2016
2016006115;1;2;1;1;6;570;24/02/2016
2016006116;1;2;3;1;3;570;12/05/2016
2016006117;3;2;1;1;6;570;07/06/2016
2016006118;1;2;1;1;6;570;11/06/2016
2016006119;3;1;1;1;1;570;04/07/2016
2016006120;1;2;1;1;3;570;10/07/2016
2016006121;1;2;1;1;6;570;26/08/2016
2016006122;3;1;1;1;6;570;19/09/2016
2016006123;3;1;1;1;6;570;10/02/2016
2016006124;2;1;1;8;2;570;04/01/2016
2016006125;1;1;1;1;6;570;22/05/2016
2016006126;2;1;1;2;7;570;02/06/2016
2016006127;3;1;1;1;7;570;21/07/2016
2016006128;3;1;1;1;7;570;01/08/2016
2016006129;3;1;1;1;1;570;12/09/2016
2016006130;1;1;1;1;7;570;24/09/2016
2016006131;1;1;1;2;2;570;23/02/2016
2016006132;1;2;1;7;3;570;15/03/2016
2016006133;1;1;1;1;1;570;17/03/2016
2016006134;5;2;1;1;7;570;27/03/2016
2016006135;1;2;1;1;6;570;11/05/2016
2016006136;1;2;1;1;6;570;27/08/2016
2016006137;1;2;1;1;1;570;21/09/2016
2016006138;1;2;1;1;7;570;25/09/2016
2016006139;5;2;1;5;6;570;06/02/2016
2016006140;2;1;1;1;6;570;20/04/2016
2016006141;1;2;1;1;3;570;21/05/2016
2016006142;5;2;1;2;6;570;29/05/2016
2016006143;1;2;1;1;2;570;17/07/2016
2016006144;3;2;1;1;6;570;23/08/2016
2016006145;1;2;1;1;6;570;15/09/2016
2016006146;1;1;1;1;7;570;05/05/2016
2016006147;3;1;1;1;7;570;23/07/2016
2016006148;2;1;1;1;6;570;28/08/2016
2016006149;1;1;1;1;7;570;29/09/2016
2016006150;3;1;1;8;3;570;02/10/2016
2016006151;1;2;1;1;6;570;27/03/2016
2016006152;1;1;1;1;3;570;08/06/2016
2016006153;1;1;1;1;6;570;12/12/2016
2016006154;1;1;1;1;6;570;28/02/2016
2016006155;2;2;1;1;6;570;09/03/2016
2016006156;1;1;1;1;5;570;02/07/2016
2016006157;1;1;1;1;2;570;02/07/2016
2016006158;1;1;1;1;6;570;25/08/2016
2016006159;2;1;1;5;5;570;06/09/2016
2016006160;5;2;1;9;1;570;30/01/2016
2016006161;1;1;1;1;6;570;02/04/2016
2016006162;1;2;1;1;6;570;12/04/2016
2016006163;1;2;1;1;5;570;05/07/2016
2016006164;3;1;9;1;6;570;20/08/2016
2016006165;3;1;1;1;7;570;03/10/2016
2016006166;1;2;6;1;3;570;11/10/2016
2016006167;3;2;1;1;1;570;31/10/2016
2016006168;3;1;9;2;1;570;13/11/2016
2016006169;1;2;1;1;6;540;09/03/2016
2016006170;1;1;1;8;1;540;20/03/2016
2016006171;1;2;1;1;6;540;11/08/2016
2016006172;1;1;1;1;1;540;10/09/2016
2016006173;3;1;2;2;3;540;15/11/2016
2016006174;2;1;1;5;6;540;15/12/2016
2016006175;3;2;1;1;6;540;15/12/2016
2016006176;2;2;1;2;1;540;11/01/2016
2016006177;3;1;1;3;1;540;02/02/2016
2016006178;3;1;1;1;6;540;06/03/2016
2016006179;1;1;1;8;2;540;15/03/2016
2016006180;1;1;1;2;6;540;05/04/2016
2016006181;1;1;1;7;4;540;18/04/2016
2016006182;1;1;1;1;5;540;04/05/2016
2016006183;1;1;1;1;6;540;19/06/2016
2016006184;1;1;1;1;7;540;19/06/2016
2016006185;1;1;6;1;6;540;10/07/2016
2016006186;3;1;1;1;6;540;15/07/2016
2016006187;1;1;1;2;6;540;23/07/2016
2016006188;1;1;1;1;3;540;11/08/2016
2016006189;2;2;1;1;7;540;16/09/2016
2016006190;1;2;1;2;1;540;09/10/2016
2016006191;1;1;1;1;6;540;02/11/2016
2016006192;3;1;1;2;6;540;16/11/2016
2016006193;3;1;1;2;6;540;22/11/2016
2016006194;1;2;1;2;7;540;24/11/2016
2016006195;1;1;1;5;7;540;29/12/2016
2016006196;1;2;1;1;3;540;12/03/2016
2016006197;1;2;1;7;1;540;20/04/2016
2016006198;1;1;1;1;5;540;08/07/2016
2016006199;1;1;1;9;3;540;20/07/2016
2016006200;1;1;1;1;6;540;08/08/2016
2016006201;1;2;1;1;6;540;22/09/2016
2016006202;2;1;1;2;1;540;04/03/2016
2016006203;1;1;1;1;5;540;31/03/2016
2016006204;1;2;1;1;6;540;01/04/2016
2016006205;1;2;1;1;6;540;22/06/2016
2016006206;5;2;1;1;6;540;30/11/2016
2016006207;1;1;1;1;6;540;16/02/2016
2016006208;1;1;1;1;3;540;27/12/2016
2016006209;5;2;3;2;3;30;06/01/2016
2016006210;3;2;1;1;6;30;16/12/2016
2016006211;5;2;2;8;3;30;09/01/2016
2016006212;5;2;2;1;3;30;21/12/2016
2016006213;1;2;1;8;3;30;13/01/2016
2016006214;1;2;1;1;6;30;25/01/2016
2016006215;1;2;3;8;3;30;08/02/2016
2016006216;1;2;1;1;6;30;12/02/2016
2016006217;1;2;2;8;3;30;01/03/2016
2016006218;5;2;3;1;3;30;06/03/2016
2016006219;1;1;1;1;1;30;26/03/2016
2016006220;1;2;2;1;1;30;01/04/2016
2016006221;1;1;3;2;2;30;16/04/2016
2016006222;1;2;1;1;6;30;28/04/2016
2016006223;3;2;3;8;5;30;26/04/2016
2016006224;1;2;1;1;6;30;06/05/2016
2016006225;1;2;1;1;6;30;04/05/2016
2016006226;1;1;1;8;1;30;11/05/2016
2016006227;1;2;1;1;6;30;11/05/2016
2016006228;1;2;3;1;3;30;06/05/2016
2016006229;1;2;3;8;3;30;14/05/2016
2016006230;2;2;3;8;3;30;18/05/2016
2016006231;1;2;1;1;6;30;24/05/2016
2016006232;1;2;1;1;6;30;28/05/2016
2016006233;1;2;1;2;1;30;07/06/2016
2016006234;1;2;1;1;2;30;16/06/2016
2016006235;1;2;6;1;3;30;22/06/2016
2016006236;1;2;2;1;3;30;01/07/2016
2016006237;1;2;1;1;6;30;23/06/2016
2016006238;1;2;1;1;6;30;04/07/2016
2016006239;1;2;3;1;3;30;02/07/2016
2016006240;1;2;3;1;3;30;28/07/2016
2016006241;1;1;1;1;6;30;05/08/2016
2016006242;1;1;3;1;3;30;13/08/2016
2016006243;1;2;6;1;2;30;10/08/2016
2016006244;1;2;1;1;3;30;12/09/2016
2016006245;1;2;1;1;5;30;15/09/2016
2016006246;1;2;3;1;2;30;24/08/2016
2016006247;1;2;3;1;3;30;18/10/2016
2016006248;1;2;1;1;2;30;27/10/2016
2016006249;1;2;1;1;3;30;26/10/2016
2016006250;5;2;2;2;6;30;18/11/2016
2016006251;1;2;1;1;6;30;26/11/2016
2016006252;5;2;3;1;3;30;26/11/2016
2016006253;1;2;2;1;3;30;30/11/2016
2016006254;1;2;2;1;3;30;30/11/2016
2016006255;5;2;2;1;6;30;12/12/2016
2016006256;2;1;1;2;3;540;15/09/2016
2016006257;1;1;1;6;1;540;09/02/2016
2016006258;3;1;1;9;6;540;07/03/2016
2016006259;3;1;1;1;6;540;12/03/2016
2016006260;5;2;1;1;6;540;04/05/2016
2016006261;3;1;1;2;6;540;29/05/2016
2016006262;1;1;1;1;6;540;04/06/2016
2016006263;1;1;1;1;7;540;23/06/2016
2016006264;1;2;1;1;6;540;07/07/2016
2016006265;3;1;1;8;6;540;13/07/2016
2016006266;1;1;1;1;3;540;20/07/2016
2016006267;1;2;1;1;6;540;25/07/2016
2016006268;3;1;9;1;5;540;16/08/2016
2016006269;3;1;1;1;7;540;05/10/2016
2016006270;1;2;1;1;7;540;14/10/2016
2016006271;3;1;1;1;2;540;18/02/2016
2016006272;3;1;1;1;6;540;18/06/2016
2016006273;3;1;1;1;1;540;26/02/2016
2016006274;1;1;1;1;7;540;08/12/2016
2016006275;5;2;1;2;6;540;10/01/2016
2016006276;3;1;1;5;6;540;24/01/2016
2016006277;1;1;1;1;6;540;27/04/2016
2016006278;3;1;1;1;6;540;15/05/2016
2016006279;1;2;1;1;6;540;10/08/2016
2016006280;1;1;1;7;3;540;10/12/2016
2016006281;2;1;1;3;1;540;04/08/2016
2016006282;1;1;9;1;3;540;06/09/2016
2016006283;3;1;1;2;6;540;30/09/2016
2016006284;3;1;1;9;6;540;14/11/2016
2016006285;3;1;1;4;6;540;21/01/2016
2016006286;1;1;1;1;1;540;28/01/2016
2016006287;1;1;1;1;1;540;20/03/2016
2016006288;1;1;1;1;6;540;10/04/2016
2016006289;3;2;1;1;6;540;27/05/2016
2016006290;1;1;1;1;6;540;05/08/2016
2016006291;1;1;1;1;5;540;10/09/2016
2016006292;2;1;1;2;6;540;19/10/2016
2016006293;1;1;1;1;6;540;05/12/2016
2016006294;3;1;1;1;1;540;22/12/2016
2016006295;1;1;2;2;1;540;12/01/2016
2016006296;1;1;1;1;2;540;11/10/2016
2016006297;1;2;1;1;2;540;24/03/2016
2016006298;2;1;1;1;3;540;29/03/2016
2016006299;1;1;1;8;1;540;12/05/2016
2016006300;1;1;1;1;3;540;24/05/2016
2016006301;5;1;1;1;1;540;18/12/2016
2016006302;5;2;1;1;6;540;30/12/2016
2016006303;5;2;1;8;6;540;21/07/2016
2016006304;1;1;1;7;3;540;25/08/2016
2016006305;2;2;1;1;6;550;15/03/2016
2016006306;3;1;1;2;1;550;26/12/2016
2016006307;3;1;1;1;4;550;22/02/2016
2016006308;1;1;1;1;6;550;17/03/2016
2016006309;1;1;1;1;7;550;17/04/2016
2016006310;1;2;1;1;3;550;20/04/2016
2016006311;1;2;1;1;4;550;21/07/2016
2016006312;1;1;1;1;5;550;23/08/2016
2016006313;3;1;1;1;6;550;30/08/2016
2016006314;1;2;1;1;6;550;18/10/2016
2016006315;1;1;1;1;1;550;09/10/2016
2016006316;2;1;1;2;5;550;04/03/2016
2016006317;1;2;3;2;3;550;04/07/2016
2016006318;1;1;1;1;7;550;30/07/2016
2016006319;1;1;1;1;1;550;12/08/2016
2016006320;1;2;7;7;6;550;29/11/2016
2016006321;1;1;9;8;7;550;08/01/2016
2016006322;1;2;1;1;6;550;31/03/2016
2016006323;1;1;2;1;3;550;16/05/2016
2016006324;1;1;1;1;3;550;27/08/2016
2016006325;3;1;1;1;6;550;03/09/2016
2016006326;5;2;1;2;6;550;09/01/2016
2016006327;3;1;1;1;6;550;25/01/2016
2016006328;1;1;1;3;6;550;20/02/2016
2016006329;1;1;1;1;3;550;16/06/2016
2016006330;3;1;1;3;6;550;24/10/2016
2016006331;3;1;1;1;1;550;23/12/2016
2016006332;1;1;1;1;3;550;10/09/2016
2016006333;1;1;1;2;1;550;30/09/2016
2016006334;1;1;4;7;1;550;18/04/2016
2016006335;5;2;1;1;6;550;08/01/2016
2016006336;1;2;1;1;7;550;02/07/2016
2016006337;3;1;1;1;7;550;28/10/2016
2016006338;1;1;1;6;1;550;15/01/2016
2016006339;1;1;1;8;7;550;25/01/2016
2016006340;1;1;1;1;7;550;07/04/2016
2016006341;1;2;1;8;1;550;10/05/2016
2016006342;1;1;1;1;7;550;13/09/2016
2016006343;3;1;1;8;6;550;13/11/2016
2016006344;3;1;1;1;3;550;28/12/2016
2016006345;1;1;1;1;2;880;20/01/2016
2016006346;1;1;1;1;6;880;06/04/2016
2016006347;1;1;1;1;3;880;25/08/2016
2016006348;5;2;1;1;5;880;01/11/2016
2016006349;1;2;6;2;3;880;09/11/2016
2016006350;1;1;2;1;6;880;04/12/2016
2016006351;3;1;1;3;6;880;06/01/2016
2016006352;2;2;1;8;6;880;07/03/2016
2016006353;1;2;1;1;6;880;02/05/2016
2016006354;2;1;1;2;6;880;16/05/2016
2016006355;3;1;1;2;7;880;02/06/2016
2016006356;1;2;6;2;3;880;05/08/2016
2016006357;1;1;2;1;3;880;04/10/2016
2016006358;1;2;1;1;6;880;20/12/2016
2016006359;1;1;1;1;7;880;04/01/2016