num_acc;lum;agg;inter;atm;col;dep;date
2016006360;2;2;1;1;1;880;24/06/2016
2016006361;5;1;1;1;6;880;08/09/2016
2016006362;3;1;1;1;7;880;19/09/2016
2016006363;1;1;1;1;3;880;10/06/2016
2016006364;2;2;1;2;7;880;12/06/2016
2016006365;3;1;1;3;7;880;25/06/2016
2016006366;1;2;1;1;6;880;30/06/2016
2016006367;1;1;5;1;3;880;10/07/2016
2016006368;1;2;1;1;7;880;13/08/2016
2016006369;1;1;1;1;6;880;11/09/2016
2016006370;1;1;1;2;6;880;16/09/2016
2016006371;1;1;1;1;1;880;25/09/2016
2016006372;1;1;1;5;6;880;24/11/2016
2016006373;1;2;1;7;6;880;10/12/2016
2016006374;3;1;1;1;6;880;10/01/2016
2016006375;1;1;1;3;7;880;27/03/2016
2016006376;1;1;1;1;5;880;09/05/2016
2016006377;1;1;6;2;7;880;20/05/2016
2016006378;1;1;1;1;7;880;26/07/2016
2016006379;1;1;1;1;6;880;31/07/2016
2016006380;5;1;6;2;7;880;03/01/2016
2016006381;5;2;4;8;6;880;24/01/2016
2016006382;3;1;1;2;6;880;15/02/2016
2016006383;3;1;9;2;6;880;19/02/2016
2016006384;1;1;1;2;7;880;20/02/2016
2016006385;1;2;1;1;5;880;29/04/2016
2016006386;2;1;3;2;3;880;10/05/2016
2016006387;1;1;1;1;3;880;15/05/2016
2016006388;1;2;1;1;6;880;30/06/2016
2016006389;1;2;1;1;1;880;27/07/2016
2016006390;1;2;6;1;3;880;27/07/2016
2016006391;1;1;1;2;7;880;02/08/2016
2016006392;1;1;1;1;7;880;21/08/2016
2016006393;1;2;1;1;7;880;23/08/2016
2016006394;2;1;1;1;6;880;01/09/2016
2016006395;3;1;1;1;6;880;08/10/2016
2016006396;3;1;1;8;6;880;21/10/2016
2016006397;1;2;1;1;6;880;07/11/2016
2016006398;5;2;1;4;6;880;15/01/2016
2016006399;2;1;1;1;6;880;29/02/2016
2016006400;1;1;1;1;1;880;06/08/2016
2016006401;1;1;1;7;1;880;25/08/2016
2016006402;5;2;3;2;6;880;20/11/2016
2016006403;2;2;1;1;6;880;06/01/2016
2016006404;2;2;1;1;6;880;18/01/2016
2016006405;1;1;1;1;6;880;02/03/2016
2016006406;1;1;1;1;6;880;20/03/2016
2016006407;1;2;1;1;6;880;22/03/2016
2016006408;3;1;1;1;6;880;10/04/2016
2016006409;1;2;1;1;1;880;20/04/2016
2016006410;1;1;1;1;5;880;20/04/2016
2016006411;1;2;1;1;3;880;06/06/2016
2016006412;1;2;1;1;6;880;27/06/2016
2016006413;1;2;6;1;6;880;15/07/2016
2016006414;1;1;1;1;7;880;20/07/2016
2016006415;5;2;1;1;6;880;31/10/2016
2016006416;5;2;1;2;6;880;16/11/2016
2016006417;1;1;2;1;1;880;01/06/2016
2016006418;1;1;1;1;3;880;14/06/2016
2016006419;1;2;1;1;1;880;21/06/2016
2016006420;1;2;1;1;6;880;09/09/2016
2016006421;5;2;2;1;3;880;20/11/2016
2016006422;2;1;1;3;4;880;28/03/2016
2016006423;1;1;1;2;5;880;24/06/2016
2016006424;1;1;1;1;6;880;28/07/2016
2016006425;1;1;1;1;6;880;14/08/2016
2016006426;1;2;1;1;6;880;28/08/2016
2016006427;1;1;3;7;3;880;03/10/2016
2016006428;3;2;1;3;6;880;31/01/2016
2016006429;1;2;1;1;1;880;11/03/2016
2016006430;1;1;1;1;6;880;14/08/2016
2016006431;5;2;3;1;3;880;28/08/2016
2016006432;5;2;1;2;6;880;04/02/2016
2016006433;1;1;6;1;1;880;12/02/2016
2016006434;1;1;1;1;1;880;07/04/2016
2016006435;1;1;3;7;3;880;19/04/2016
2016006436;1;2;1;1;3;880;18/07/2016
2016006437;1;1;1;1;7;880;06/08/2016
2016006438;5;1;1;8;7;880;04/11/2016
2016006439;1;2;1;7;6;880;02/12/2016
2016006440;1;1;1;1;1;880;06/06/2016
2016006441;5;2;1;1;6;880;29/07/2016
2016006442;3;1;6;1;6;880;06/08/2016
2016006443;1;2;1;1;7;880;31/08/2016
2016006444;1;2;3;1;3;880;06/09/2016
2016006445;1;2;2;1;3;880;03/10/2016
2016006446;2;2;1;2;6;880;17/11/2016
2016006447;1;2;6;7;3;880;26/11/2016
2016006448;1;2;1;1;6;880;31/12/2016
2016006449;1;2;1;1;1;880;15/10/2016
2016006450;1;1;1;1;1;880;08/09/2016
2016006451;1;2;6;1;6;880;29/10/2016
2016006452;3;1;1;2;7;880;02/01/2016
2016006453;1;1;1;1;1;880;26/01/2016
2016006454;1;1;1;1;6;880;15/04/2016
2016006455;1;1;1;1;6;880;07/05/2016
2016006456;1;1;1;1;1;880;08/05/2016
2016006457;1;1;1;2;6;880;18/06/2016
2016006458;1;1;1;1;6;880;08/08/2016
2016006459;1;1;1;1;6;880;07/08/2016
2016006460;3;1;1;2;1;880;19/10/2016
2016006461;5;2;1;2;6;880;05/11/2016
2016006462;1;2;1;1;6;880;22/02/2016
2016006463;2;2;1;4;6;880;15/03/2016
2016006464;1;1;1;1;3;880;10/04/2016
2016006465;5;1;1;2;6;880;15/04/2016
2016006466;1;1;3;1;3;880;26/05/2016
2016006467;1;2;1;1;3;880;09/09/2016
2016006468;1;1;1;1;5;880;24/09/2016
2016006469;1;2;3;1;1;880;29/09/2016
2016006470;1;1;1;1;1;880;22/10/2016
2016006471;1;1;1;1;3;880;18/12/2016
2016006472;1;2;1;1;1;880;20/12/2016
2016006473;5;2;1;8;3;880;15/02/2016
2016006474;1;2;1;8;6;880;23/04/2016
2016006475;1;2;1;1;6;880;16/07/2016
2016006476;1;1;1;1;6;880;07/08/2016
2016006477;3;1;1;1;6;880;02/10/2016
2016006478;1;1;1;2;1;670;08/03/2016
2016006479;1;1;1;1;1;670;02/04/2016
2016006480;1;1;1;1;5;670;04/04/2016
2016006481;1;1;2;1;2;670;19/04/2016
2016006482;1;1;1;1;3;670;28/04/2016
2016006483;1;1;1;1;1;670;08/05/2016
2016006484;1;2;3;1;3;670;08/05/2016
2016006485;1;2;6;1;3;670;14/05/2016
2016006486;1;2;1;2;6;670;18/06/2016
2016006487;5;2;1;1;3;670;18/06/2016
2016006488;1;1;1;1;3;670;31/07/2016
2016006489;1;1;1;1;1;670;13/09/2016
2016006490;1;1;1;1;3;670;19/09/2016
2016006491;1;1;1;1;6;670;11/10/2016
2016006492;1;1;1;2;6;670;08/11/2016
2016006493;3;1;1;1;3;670;02/12/2016
2016006494;3;1;1;5;6;670;07/12/2016
2016006495;1;2;1;7;6;670;19/12/2016
2016006496;2;2;1;1;3;670;12/01/2016
2016006497;1;2;1;1;3;670;07/03/2016
2016006498;1;1;1;2;3;670;18/04/2016
2016006499;1;2;1;1;3;670;09/05/2016
2016006500;1;2;1;1;6;670;07/05/2016
2016006501;5;2;1;1;6;670;18/06/2016
2016006502;1;2;1;1;6;670;05/07/2016
2016006503;1;2;1;1;3;670;29/09/2016
2016006504;3;1;1;1;6;670;20/10/2016
2016006505;5;2;9;1;1;670;08/12/2016
2016006506;3;1;1;1;2;670;11/01/2016
2016006507;1;1;1;1;2;670;29/01/2016
2016006508;1;1;1;2;7;670;13/05/2016
2016006509;1;2;6;1;3;670;27/06/2016
2016006510;1;1;1;1;6;670;29/06/2016
2016006511;1;2;1;7;6;670;19/07/2016
2016006512;1;1;1;1;2;670;12/08/2016
2016006513;1;2;6;9;3;670;04/09/2016
2016006514;1;1;1;1;6;670;02/11/2016
2016006515;3;1;1;2;6;670;22/01/2016
2016006516;1;1;1;1;7;670;24/02/2016
2016006517;1;1;1;1;6;670;02/07/2016
2016006518;1;1;1;1;1;670;02/07/2016
2016006519;1;2;1;1;7;670;26/08/2016
2016006520;1;1;1;7;6;670;13/09/2016
2016006521;1;2;1;7;2;670;28/09/2016
2016006522;5;2;9;1;6;670;28/10/2016
2016006523;1;2;1;1;3;670;21/06/2016
2016006524;1;1;1;1;1;670;11/09/2016
2016006525;1;1;1;1;3;670;19/03/2016
2016006526;1;2;1;1;3;670;25/09/2016
2016006527;1;2;9;1;3;670;13/10/2016
2016006528;1;2;1;2;6;670;05/01/2016
2016006529;1;1;9;1;1;670;12/03/2016
2016006530;5;2;1;1;6;670;20/03/2016
2016006531;1;2;1;1;6;670;02/05/2016
2016006532;1;1;3;1;5;670;08/05/2016
2016006533;1;2;1;1;6;670;27/05/2016
2016006534;2;1;1;2;6;670;12/06/2016
2016006535;1;2;1;8;3;670;17/06/2016
2016006536;1;2;9;8;1;670;16/06/2016
2016006537;5;2;1;1;6;670;15/07/2016
2016006538;1;2;1;1;1;670;02/09/2016
2016006539;1;2;1;1;6;670;07/09/2016
2016006540;1;1;1;1;1;670;11/04/2016
2016006541;3;1;1;1;6;670;17/04/2016
2016006542;1;2;6;1;3;670;21/06/2016
2016006543;1;2;1;1;1;670;20/07/2016
2016006544;1;1;1;1;1;670;22/09/2016
2016006545;3;1;1;1;3;670;29/10/2016
2016006546;1;1;1;1;7;670;30/08/2016
2016006547;1;1;1;1;1;670;19/03/2016
2016006548;3;1;1;1;6;670;22/04/2016
2016006549;1;2;1;1;1;670;01/08/2016
2016006550;1;1;1;1;6;670;03/08/2016
2016006551;1;1;1;1;2;670;13/08/2016
2016006552;5;2;1;2;3;670;05/11/2016
2016006553;5;2;1;2;7;670;22/01/2016
2016006554;1;2;1;1;7;670;11/03/2016
2016006555;1;1;1;2;3;670;27/03/2016
2016006556;1;1;1;1;7;670;09/05/2016
2016006557;1;1;1;1;1;670;21/05/2016
2016006558;1;1;1;1;3;670;09/07/2016
2016006559;1;1;1;1;6;670;13/07/2016
2016006560;3;1;1;2;4;670;08/11/2016
2016006561;1;1;1;1;1;670;03/10/2016
2016006562;2;1;1;7;3;670;03/11/2016
2016006563;1;1;1;8;1;670;12/12/2016
2016006564;1;2;1;8;1;670;14/05/2016
2016006565;2;1;1;1;2;670;06/08/2016
2016006566;3;1;1;1;3;670;13/08/2016
2016006567;1;1;1;1;1;670;07/10/2016
2016006568;1;1;1;1;1;670;07/10/2016
2016006569;3;1;1;1;3;670;23/11/2016
2016006570;1;1;1;8;3;670;14/12/2016
2016006571;1;1;1;1;7;670;24/03/2016
2016006572;2;1;1;1;1;670;02/04/2016
2016006573;1;1;9;1;3;670;14/04/2016
2016006574;3;1;1;1;6;670;11/10/2016
2016006575;1;2;1;1;3;670;30/11/2016
2016006576;1;2;3;8;3;670;01/02/2016
2016006577;1;2;6;1;1;670;26/02/2016
2016006578;1;1;1;1;3;670;17/05/2016
2016006579;1;2;1;1;3;670;05/06/2016
2016006580;1;1;1;1;6;670;30/07/2016
2016006581;1;1;1;1;6;670;06/09/2016
2016006582;1;2;3;1;5;670;01/11/2016
2016006583;3;1;1;5;1;670;22/12/2016
2016006584;3;1;1;9;1;670;16/01/2016
2016006585;3;1;1;1;6;670;26/05/2016
2016006586;1;1;1;1;6;670;19/06/2016
2016006587;1;2;1;8;3;670;02/07/2016
2016006588;1;1;1;1;1;670;05/08/2016
2016006589;1;2;1;2;3;670;12/04/2016
2016006590;1;2;1;1;7;670;16/05/2016
2016006591;1;2;1;1;2;670;26/05/2016
2016006592;1;2;6;1;1;670;08/08/2016
2016006593;2;1;1;5;1;670;16/12/2016
2016006594;1;1;1;1;5;670;08/02/2016
2016006595;1;2;1;1;3;670;23/03/2016
2016006596;1;1;1;1;6;670;08/05/2016
2016006597;1;1;1;1;3;670;09/05/2016
2016006598;1;1;3;1;3;670;12/06/2016
2016006599;1;1;1;1;6;670;03/08/2016
2016006600;5;2;1;2;1;670;18/09/2016
2016006601;2;1;1;1;6;670;05/10/2016
2016006602;1;1;1;1;1;670;31/10/2016
2016006603;2;1;1;5;6;670;07/12/2016
2016006604;1;1;1;1;3;670;23/12/2016
2016006605;1;1;1;1;1;670;21/02/2016
2016006606;1;1;1;1;6;670;10/04/2016
2016006607;1;1;1;1;2;670;24/04/2016
2016006608;1;1;1;1;1;670;05/05/2016
2016006609;1;1;7;1;6;670;31/05/2016
2016006610;1;1;1;1;7;670;20/06/2016
2016006611;1;1;1;1;3;670;09/07/2016
2016006612;1;2;1;1;1;670;10/08/2016
2016006613;1;2;6;1;3;670;23/09/2016
2016006614;1;2;1;1;3;670;29/09/2016
2016006615;1;1;1;2;3;670;23/02/2016
2016006616;1;2;1;1;3;670;20/03/2016
2016006617;1;2;1;1;2;670;25/04/2016
2016006618;1;2;1;1;6;670;04/05/2016
2016006619;1;1;1;2;7;670;12/05/2016
2016006620;1;1;1;1;7;670;18/05/2016
2016006621;1;1;1;1;6;670;29/06/2016
2016006622;3;1;1;1;6;670;06/07/2016
2016006623;1;2;1;1;2;670;17/07/2016
2016006624;1;2;9;1;7;670;06/08/2016
2016006625;1;1;1;1;6;670;07/08/2016
2016006626;1;1;1;1;1;670;27/09/2016
2016006627;1;1;1;1;1;670;29/09/2016
2016006628;1;1;1;1;6;670;06/10/2016
2016006629;2;1;1;1;7;670;03/11/2016
2016006630;3;1;1;1;1;670;25/11/2016
2016006631;5;2;1;5;6;670;07/12/2016
2016006632;3;1;1;9;7;670;07/02/2016
2016006633;1;1;1;1;6;670;06/04/2016
2016006634;1;1;1;1;7;670;07/05/2016
2016006635;1;1;1;1;6;670;20/05/2016
2016006636;1;1;1;1;7;670;29/05/2016
2016006637;1;1;1;1;1;670;30/06/2016
2016006638;1;1;1;1;7;670;30/08/2016
2016006639;1;2;1;1;3;670;16/10/2016
2016006640;3;1;1;1;6;670;14/11/2016
2016006641;1;1;1;5;7;670;06/12/2016
2016006642;1;2;1;2;3;670;13/01/2016
2016006643;3;2;1;1;6;670;18/02/2016
2016006644;1;1;1;1;6;670;29/04/2016
2016006645;1;2;1;1;1;670;18/05/2016
2016006646;1;2;2;2;3;670;17/11/2016
2016006647;1;1;1;5;7;670;30/12/2016
2016006648;3;1;8;5;6;670;30/12/2016
2016006649;2;2;1;1;6;670;08/01/2016
2016006650;5;2;1;3;6;670;14/01/2016
2016006651;3;1;1;4;7;670;22/01/2016
2016006652;1;1;1;2;1;670;23/03/2016
2016006653;1;2;1;1;6;670;18/04/2016
2016006654;1;1;9;1;2;670;26/07/2016
2016006655;3;1;1;1;6;670;24/08/2016
2016006656;3;1;1;2;7;670;10/12/2016
2016006657;1;1;1;7;3;670;25/01/2016
2016006658;5;2;1;2;6;670;13/01/2016
2016006659;1;1;1;2;1;670;23/04/2016
2016006660;1;1;1;1;1;670;26/05/2016
2016006661;1;1;1;1;1;670;23/06/2016
2016006662;3;1;1;1;6;670;17/07/2016
2016006663;5;1;1;1;6;670;24/07/2016
2016006664;3;1;1;1;1;670;31/07/2016
2016006665;1;1;1;1;7;670;13/08/2016
2016006666;1;1;1;1;6;670;25/09/2016
2016006667;1;1;1;1;7;670;16/10/2016
2016006668;1;2;1;1;6;680;01/03/2016
2016006669;3;1;1;1;6;680;09/01/2016
2016006670;5;1;1;1;6;680;12/01/2016
2016006671;5;2;1;1;6;680;11/02/2016
2016006672;2;2;1;2;6;680;12/02/2016
2016006673;1;1;2;2;3;680;02/03/2016
2016006674;1;1;1;2;1;680;18/04/2016
2016006675;1;2;4;1;1;680;01/05/2016
2016006676;1;2;3;1;3;680;03/05/2016
2016006677;1;2;3;1;3;680;04/05/2016
2016006678;1;1;3;1;2;680;06/07/2016
2016006679;1;2;1;1;2;680;29/07/2016
2016006680;5;2;3;1;3;680;23/10/2016
2016006681;3;1;1;1;6;680;29/10/2016
2016006682;3;1;1;1;7;680;29/11/2016
2016006683;2;1;1;4;1;680;07/12/2016
2016006684;3;1;1;1;7;680;11/12/2016
2016006685;1;2;1;5;2;680;15/12/2016
2016006686;3;1;1;1;6;680;21/12/2016
2016006687;1;1;1;4;7;680;29/12/2016
2016006688;1;1;1;1;3;680;26/03/2016
2016006689;1;2;1;8;3;680;08/06/2016
2016006690;1;2;1;1;6;680;23/06/2016
2016006691;1;1;3;1;3;680;08/07/2016
2016006692;1;1;1;1;3;680;28/07/2016
2016006693;1;1;1;1;2;680;08/08/2016
2016006694;1;1;1;7;3;680;14/08/2016
2016006695;1;1;1;1;7;680;13/09/2016
2016006696;1;1;1;1;1;680;13/10/2016
2016006697;3;1;1;1;6;680;17/11/2016
2016006698;1;2;1;1;3;680;31/03/2016
2016006699;1;1;1;1;6;680;21/04/2016
2016006700;3;2;1;1;6;680;11/06/2016
2016006701;1;2;1;1;2;680;09/07/2016
2016006702;1;1;1;1;7;680;26/06/2016
2016006703;1;1;1;1;6;680;30/06/2016
2016006704;1;2;3;1;3;680;11/07/2016
2016006705;1;2;1;1;6;680;23/08/2016
2016006706;1;2;2;7;6;680;30/08/2016
2016006707;5;2;6;1;3;680;24/11/2016
2016006708;1;2;1;1;6;680;01/12/2016
2016006709;1;1;1;2;6;680;02/06/2016
2016006710;1;1;1;1;1;680;09/06/2016
2016006711;1;1;3;1;2;680;10/06/2016
2016006712;3;1;1;1;6;680;21/10/2016
2016006713;1;1;6;1;7;680;31/10/2016
2016006714;1;1;2;1;1;680;09/11/2016
2016006715;3;1;1;1;1;680;30/11/2016
2016006716;1;1;1;5;1;680;07/12/2016
2016006717;3;1;4;1;3;680;12/12/2016
2016006718;1;1;1;8;3;680;14/02/2016
2016006719;1;2;3;1;1;680;01/06/2016
2016006720;3;1;1;1;1;680;03/07/2016
2016006721;3;1;1;1;7;680;26/11/2016
2016006722;5;2;3;3;6;680;08/01/2016
2016006723;1;1;1;1;5;680;16/03/2016
2016006724;1;1;1;1;7;680;21/05/2016
2016006725;1;1;3;7;5;680;29/06/2016
2016006726;1;2;2;1;1;680;22/10/2016
2016006727;1;1;1;2;1;680;16/11/2016
2016006728;1;1;3;1;7;680;02/12/2016
2016006729;3;1;6;2;7;680;03/01/2016
2016006730;1;1;1;1;6;680;01/02/2016
2016006731;1;2;1;2;7;680;07/02/2016
2016006732;2;2;1;1;6;680;26/02/2016
2016006733;3;1;1;1;6;680;10/03/2016
2016006734;1;2;1;1;1;680;18/03/2016
2016006735;1;2;6;1;3;680;01/03/2016
2016006736;1;1;4;1;3;680;02/07/2016
2016006737;1;1;1;1;7;680;02/09/2016
2016006738;1;2;2;1;3;680;23/09/2016
2016006739;1;2;6;1;6;680;27/09/2016
2016006740;1;1;1;1;2;680;25/09/2016
2016006741;1;2;6;1;7;680;29/09/2016
2016006742;1;1;1;1;3;680;12/10/2016
2016006743;1;1;6;1;4;680;19/10/2016
2016006744;3;1;1;1;7;680;15/10/2016
2016006745;1;1;1;1;4;680;31/10/2016
2016006746;5;2;3;1;3;680;22/10/2016
2016006747;1;2;1;1;6;680;09/11/2016
2016006748;1;1;1;1;6;680;19/11/2016
2016006749;1;2;1;1;2;680;22/12/2016
2016006750;1;2;1;1;6;680;04/01/2016
2016006751;3;1;1;2;3;680;05/01/2016
2016006752;1;1;1;1;1;680;17/02/2016
2016006753;5;2;1;1;7;680;24/06/2016
2016006754;1;2;1;1;7;680;29/06/2016
2016006755;1;1;1;1;1;680;16/07/2016
2016006756;1;1;1;8;6;680;05/08/2016
2016006757;1;2;1;1;3;680;20/08/2016
2016006758;1;2;3;1;7;680;24/08/2016
2016006759;1;1;1;1;3;680;18/10/2016
2016006760;5;2;1;1;6;680;25/10/2016
2016006761;1;1;1;1;7;680;23/11/2016
2016006762;1;2;1;1;3;680;01/12/2016
2016006763;1;1;2;1;3;680;09/02/2016
2016006764;1;1;1;1;6;680;19/02/2016
2016006765;1;1;1;1;7;680;21/04/2016
2016006766;3;1;1;1;6;680;28/04/2016
2016006767;3;1;6;1;3;680;08/05/2016
2016006768;1;2;8;3;6;680;12/05/2016
2016006769;1;2;1;1;2;680;24/06/2016
2016006770;1;1;1;1;7;680;03/08/2016
2016006771;1;2;1;1;6;680;18/08/2016
2016006772;2;2;1;1;6;680;02/10/2016
2016006773;5;2;1;2;7;680;19/11/2016
2016006774;1;1;1;1;6;680;01/12/2016
2016006775;3;1;1;1;7;680;02/12/2016
2016006776;2;2;1;5;6;680;06/12/2016
2016006777;1;1;1;1;6;680;06/12/2016
2016006778;2;2;1;9;3;680;15/12/2016
2016006779;1;1;1;1;3;680;30/12/2016
2016006780;1;2;3;1;3;680;02/04/2016
2016006781;1;2;1;1;3;680;08/04/2016
2016006782;1;2;7;1;6;680;25/06/2016
2016006783;1;1;1;1;6;680;06/07/2016
2016006784;3;1;1;1;6;680;03/01/2016
2016006785;3;1;3;1;3;680;03/01/2016
2016006786;3;1;1;3;2;680;08/02/2016
2016006787;1;1;1;1;3;680;20/04/2016
2016006788;2;2;1;1;1;680;15/04/2016
2016006789;1;2;2;1;3;680;26/05/2016
2016006790;1;1;2;1;1;680;25/06/2016
2016006791;1;1;1;7;1;680;01/07/2016
2016006792;1;1;3;1;3;680;15/07/2016
2016006793;5;2;1;1;6;680;06/09/2016
2016006794;1;1;1;1;2;680;10/09/2016
2016006795;1;2;6;1;3;680;12/09/2016
2016006796;3;1;1;1;6;680;15/09/2016
2016006797;1;1;1;1;3;680;27/09/2016
2016006798;1;1;1;1;1;680;03/10/2016
2016006799;1;1;2;1;3;680;06/10/2016
2016006800;1;1;1;1;7;680;09/10/2016
2016006801;3;1;1;1;6;680;05/10/2016
2016006802;1;1;2;1;3;680;14/10/2016
2016006803;3;1;6;5;6;680;30/10/2016
2016006804;3;1;1;5;3;680;31/10/2016
2016006805;3;1;1;5;7;680;02/11/2016
2016006806;1;1;1;2;6;680;05/11/2016
2016006807;1;1;1;3;1;680;07/11/2016
2016006808;3;1;4;1;2;680;15/11/2016
2016006809;3;1;1;1;1;680;19/11/2016
2016006810;3;1;1;2;6;680;21/11/2016
2016006811;1;2;6;1;1;680;01/12/2016
2016006812;2;1;1;5;7;680;07/12/2016
2016006813;1;1;1;1;7;680;07/12/2016
2016006814;3;1;1;1;7;680;10/12/2016
2016006815;1;2;1;5;7;680;15/12/2016
2016006816;3;1;1;1;6;680;19/12/2016
2016006817;5;2;2;1;6;680;22/12/2016
2016006818;3;1;1;1;7;680;28/12/2016
2016006819;2;1;1;5;7;680;29/12/2016
2016006820;1;1;1;5;7;680;29/12/2016
2016006821;1;1;1;8;6;680;31/12/2016
2016006822;1;2;3;1;3;680;06/03/2016
2016006823;3;1;1;1;2;680;22/03/2016
2016006824;2;2;3;2;7;680;29/05/2016
2016006825;1;1;1;1;7;680;10/06/2016
2016006826;3;1;1;8;7;680;16/07/2016
2016006827;1;1;1;1;7;680;18/08/2016
2016006828;1;1;3;1;3;680;08/09/2016
2016006829;1;1;1;1;6;680;14/09/2016
2016006830;1;1;1;1;6;680;30/09/2016
2016006831;3;1;1;1;7;680;07/10/2016
2016006832;1;2;1;1;5;680;08/10/2016
2016006833;1;2;1;1;3;680;04/11/2016
2016006834;3;1;1;2;2;680;09/11/2016
2016006835;1;1;1;1;6;680;08/11/2016
2016006836;1;2;1;1;7;680;26/11/2016
2016006837;1;2;1;8;6;680;05/01/2016
2016006838;5;2;1;2;6;680;06/01/2016
2016006839;5;2;1;2;6;680;06/01/2016
2016006840;1;2;2;1;3;680;20/01/2016
2016006841;1;2;1;1;6;680;12/06/2016
2016006842;5;2;2;1;3;680;27/10/2016
2016006843;3;2;2;8;6;680;28/11/2016
2016006844;1;2;1;5;6;680;06/12/2016
2016006845;1;2;1;1;4;680;08/12/2016
2016006846;1;2;4;1;3;680;13/12/2016
2016006847;1;2;1;1;3;680;27/12/2016
2016006848;1;2;3;1;3;680;28/12/2016
2016006849;1;2;1;2;6;680;19/02/2016
2016006850;1;2;1;1;6;680;25/05/2016
2016006851;1;2;3;1;3;680;29/06/2016
2016006852;1;2;1;1;2;680;05/07/2016
2016006853;3;1;1;1;2;680;08/07/2016
2016006854;2;2;1;2;6;680;11/02/2016
2016006855;1;2;3;1;3;680;22/04/2016
2016006856;1;2;1;1;6;680;06/05/2016
2016006857;5;2;3;2;6;680;23/05/2016
2016006858;1;1;2;1;1;680;24/06/2016
2016006859;1;2;1;1;3;680;25/06/2016
2016006860;1;1;1;1;7;680;23/06/2016
2016006861;1;1;1;8;1;680;12/07/2016
2016006862;1;1;1;1;6;680;18/07/2016
2016006863;1;2;3;1;3;680;04/08/2016
2016006864;1;1;1;1;7;680;07/08/2016
2016006865;1;1;6;1;3;680;15/08/2016
2016006866;3;1;1;1;7;680;29/09/2016
2016006867;1;1;1;1;5;680;08/10/2016
2016006868;5;2;1;2;6;680;09/11/2016
2016006869;4;2;3;4;7;680;19/01/2016
2016006870;1;1;1;1;6;680;13/09/2016
2016006871;1;1;1;1;3;680;03/11/2016
2016006872;5;2;6;2;6;680;11/11/2016
2016006873;5;2;2;5;3;680;24/11/2016
2016006874;5;2;8;1;6;680;02/02/2016
2016006875;1;1;1;1;7;680;19/03/2016
2016006876;1;1;1;1;7;680;14/05/2016
2016006877;1;1;1;1;3;680;14/08/2016
2016006878;1;2;3;1;6;680;11/08/2016
2016006879;1;2;1;1;3;680;05/09/2016
2016006880;1;2;1;1;3;680;08/09/2016
2016006881;2;1;1;1;7;680;10/09/2016
2016006882;3;1;1;1;2;680;16/09/2016
2016006883;1;2;1;1;1;680;24/09/2016
2016006884;1;1;1;1;6;680;02/10/2016
2016006885;2;2;1;7;4;680;04/10/2016
2016006886;2;2;1;7;2;680;04/10/2016
2016006887;1;1;1;1;6;680;03/11/2016
2016006888;5;2;3;1;7;680;15/11/2016
2016006889;1;2;1;1;6;680;01/12/2016
2016006890;1;2;3;1;2;680;30/11/2016
2016006891;5;2;6;5;6;680;16/12/2016
2016006892;5;2;1;1;6;680;28/12/2016
2016006893;1;2;3;1;3;680;10/04/2016
2016006894;1;2;1;1;1;680;18/05/2016
2016006895;1;1;4;2;3;680;31/05/2016
2016006896;1;1;1;1;6;680;03/07/2016
2016006897;1;1;1;1;2;680;12/07/2016
2016006898;1;1;2;2;2;680;17/09/2016
2016006899;5;2;3;9;3;680;19/09/2016
2016006900;1;2;3;1;1;680;23/09/2016
2016006901;1;1;4;2;2;680;11/10/2016
2016006902;1;1;1;1;6;680;18/10/2016
2016006903;1;1;1;1;5;680;19/10/2016
2016006904;3;1;1;1;6;680;21/10/2016
2016006905;2;1;1;2;4;680;24/10/2016
2016006906;1;1;1;1;2;680;27/10/2016
2016006907;1;2;1;1;3;680;31/10/2016
2016006908;5;2;1;1;6;680;01/11/2016
2016006909;1;1;4;2;6;680;06/11/2016
2016006910;1;1;4;1;2;680;09/11/2016
2016006911;3;1;1;1;2;680;02/12/2016
2016006912;2;1;1;5;2;680;13/12/2016
2016006913;1;1;1;5;6;680;18/12/2016
2016006914;3;2;1;4;1;680;01/03/2016
2016006915;1;2;3;1;2;680;08/05/2016
2016006916;1;1;1;1;6;680;25/05/2016
2016006917;1;2;1;1;5;680;11/06/2016
2016006918;1;2;1;1;4;680;01/07/2016
2016006919;2;2;1;1;6;680;16/07/2016
2016006920;1;2;3;1;3;680;30/07/2016
2016006921;1;2;1;1;6;680;26/08/2016
2016006922;1;1;1;1;6;680;02/10/2016
2016006923;1;1;6;1;6;680;14/10/2016
2016006924;1;1;3;8;3;680;25/10/2016
2016006925;2;1;1;1;6;680;28/10/2016
2016006926;3;1;1;2;6;680;04/11/2016
2016006927;3;1;1;2;6;680;18/11/2016
2016006928;2;2;1;3;1;680;08/01/2016
2016006929;1;2;4;1;1;680;19/05/2016
2016006930;1;1;1;1;3;680;01/06/2016
2016006931;5;2;1;1;6;680;17/07/2016
2016006932;5;2;1;1;6;510;10/01/2016
2016006933;3;1;1;1;6;510;16/06/2016
2016006934;1;1;1;1;6;510;12/07/2016
2016006935;1;1;2;1;3;510;02/12/2016