num_acc;lum;agg;inter;atm;col;dep;date
2016006936;3;1;1;5;6;510;10/12/2016
2016006937;3;1;1;2;1;510;14/01/2016
2016006938;2;1;2;1;6;510;10/02/2016
2016006939;1;1;1;1;1;510;28/02/2016
2016006940;1;1;2;1;3;510;14/05/2016
2016006941;5;2;1;1;2;510;10/06/2016
2016006942;1;1;1;1;1;510;30/07/2016
2016006943;1;1;1;1;6;510;01/02/2016
2016006944;1;2;3;2;3;510;08/02/2016
2016006945;1;1;1;7;2;510;10/04/2016
2016006946;1;2;6;1;6;510;06/06/2016
2016006947;1;1;1;1;6;510;08/08/2016
2016006948;1;1;1;1;6;510;18/08/2016
2016006949;1;1;1;1;5;510;24/08/2016
2016006950;2;1;3;1;3;510;25/08/2016
2016006951;1;1;1;1;5;510;25/09/2016
2016006952;1;2;3;1;3;510;15/10/2016
2016006953;3;1;1;1;7;510;16/10/2016
2016006954;1;1;1;8;5;510;10/12/2016
2016006955;2;2;1;1;7;510;05/02/2016
2016006956;1;2;1;1;6;510;06/05/2016
2016006957;1;2;1;1;3;510;19/07/2016
2016006958;2;2;1;2;6;510;15/11/2016
2016006959;1;1;1;3;7;510;20/11/2016
2016006960;3;1;1;1;6;510;21/12/2016
2016006961;3;1;1;5;1;510;25/03/2016
2016006962;5;2;3;2;6;510;03/06/2016
2016006963;2;1;1;9;7;510;08/01/2016
2016006964;1;1;1;2;7;510;11/06/2016
2016006965;1;2;1;2;4;510;20/06/2016
2016006966;1;2;1;1;6;510;23/06/2016
2016006967;1;1;1;1;1;510;24/06/2016
2016006968;1;2;1;1;1;510;18/11/2016
2016006969;2;1;1;7;6;510;05/12/2016
2016006970;1;1;2;1;3;510;19/02/2016
2016006971;2;2;1;2;6;510;27/03/2016
2016006972;3;1;1;1;3;510;06/04/2016
2016006973;3;2;1;8;6;510;16/04/2016
2016006974;1;1;2;1;3;510;24/06/2016
2016006975;1;1;1;1;1;510;03/09/2016
2016006976;1;1;1;1;2;510;07/09/2016
2016006977;1;1;1;6;3;510;06/10/2016
2016006978;1;1;2;1;3;510;22/11/2016
2016006979;1;1;2;5;3;510;02/12/2016
2016006980;2;2;3;1;3;510;08/12/2016
2016006981;1;2;1;2;2;510;30/03/2016
2016006982;2;1;2;8;3;510;27/04/2016
2016006983;1;2;1;1;6;510;20/08/2016
2016006984;1;1;1;1;7;510;24/09/2016
2016006985;1;1;1;1;5;510;24/09/2016
2016006986;1;1;1;5;1;510;12/10/2016
2016006987;1;1;1;5;5;510;22/10/2016
2016006988;5;2;1;2;6;510;16/01/2016
2016006989;1;2;9;1;6;510;22/02/2016
2016006990;3;2;1;1;6;510;30/03/2016
2016006991;1;1;1;1;5;510;17/04/2016
2016006992;1;1;3;1;1;510;07/05/2016
2016006993;1;2;6;1;3;510;09/06/2016
2016006994;1;2;9;1;3;510;11/07/2016
2016006995;1;1;1;1;5;510;12/07/2016
2016006996;1;2;2;1;3;510;12/07/2016
2016006997;1;2;1;1;6;510;10/09/2016
2016006998;1;1;1;1;7;510;09/09/2016
2016006999;1;2;1;2;1;510;12/05/2016
2016007000;1;1;1;1;1;510;28/06/2016
2016007001;1;2;1;1;6;510;19/07/2016
2016007002;3;1;1;1;7;510;14/08/2016
2016007003;1;1;1;1;3;510;12/09/2016
2016007004;1;2;1;1;3;510;15/09/2016
2016007005;1;1;1;1;1;510;02/10/2016
2016007006;1;1;1;1;6;510;22/10/2016
2016007007;1;1;1;1;6;510;17/07/2016
2016007008;1;1;1;1;2;510;19/07/2016
2016007009;1;1;1;1;6;510;07/08/2016
2016007010;1;2;1;1;1;510;08/08/2016
2016007011;1;2;3;1;2;510;05/10/2016
2016007012;1;1;3;1;1;510;09/10/2016
2016007013;1;1;1;1;6;510;20/10/2016
2016007014;1;1;1;1;1;510;05/11/2016
2016007015;3;1;1;1;6;510;09/07/2016
2016007016;1;1;2;1;3;510;31/07/2016
2016007017;1;1;1;2;1;510;04/08/2016
2016007018;2;1;1;4;7;510;14/01/2016
2016007019;1;1;1;9;7;510;16/01/2016
2016007020;1;1;1;2;1;510;02/08/2016
2016007021;1;2;1;1;7;80;01/09/2016
2016007022;1;1;1;1;6;80;10/04/2016
2016007023;1;2;6;1;2;80;19/04/2016
2016007024;1;1;1;1;6;80;31/05/2016
2016007025;1;2;1;7;6;100;22/01/2016
2016007026;1;1;1;1;6;100;25/04/2016
2016007027;1;2;1;1;1;100;05/05/2016
2016007028;1;1;1;1;7;100;18/07/2016
2016007029;5;2;1;1;1;100;10/09/2016
2016007030;1;1;1;5;6;100;26/09/2016
2016007031;3;1;1;1;6;100;04/10/2016
2016007032;3;2;1;1;6;100;14/10/2016
2016007033;1;1;8;1;6;100;29/10/2016
2016007034;3;1;1;1;6;100;11/12/2016
2016007035;1;1;1;1;5;100;29/03/2016
2016007036;1;1;1;1;5;100;13/04/2016
2016007037;1;1;1;1;6;100;20/08/2016
2016007038;1;2;1;1;3;100;21/09/2016
2016007039;1;2;1;1;7;100;14/04/2016
2016007040;1;1;1;1;7;100;08/05/2016
2016007041;1;1;1;1;1;100;12/07/2016
2016007042;1;1;1;1;7;100;24/07/2016
2016007043;1;1;1;1;6;100;03/08/2016
2016007044;3;1;1;1;2;100;22/10/2016
2016007045;1;2;1;1;2;100;02/12/2016
2016007046;3;1;1;1;1;100;19/12/2016
2016007047;1;1;1;1;6;100;05/01/2016
2016007048;1;2;1;1;3;100;09/04/2016
2016007049;1;2;1;1;3;100;29/04/2016
2016007050;3;2;1;3;7;100;02/06/2016
2016007051;1;1;1;1;2;100;13/07/2016
2016007052;1;1;1;1;7;100;19/08/2016
2016007053;1;2;1;1;1;100;01/09/2016
2016007054;1;1;1;1;6;100;27/11/2016
2016007055;1;1;1;1;6;100;19/03/2016
2016007056;1;1;1;1;3;100;10/06/2016
2016007057;1;1;1;1;1;100;21/07/2016
2016007058;2;1;1;2;7;100;17/09/2016
2016007059;2;1;1;1;1;100;11/03/2016
2016007060;1;1;1;1;1;100;18/07/2016
2016007061;1;1;1;3;6;100;24/10/2016
2016007062;1;2;1;8;3;100;20/12/2016
2016007063;1;1;1;1;3;100;13/04/2016
2016007064;1;1;1;1;6;100;04/07/2016
2016007065;1;2;1;1;1;100;12/10/2016
2016007066;1;1;1;1;1;100;09/12/2016
2016007067;3;1;1;1;3;100;12/01/2016
2016007068;3;1;1;1;6;100;23/01/2016
2016007069;1;1;2;1;5;100;12/04/2016
2016007070;1;2;1;1;3;100;29/04/2016
2016007071;1;1;1;1;6;100;02/07/2016
2016007072;1;1;1;1;3;100;05/07/2016
2016007073;1;1;1;2;7;100;05/08/2016
2016007074;1;1;1;1;3;100;24/08/2016
2016007075;1;2;1;1;6;100;06/10/2016
2016007076;1;1;2;8;3;100;10/11/2016
2016007077;5;2;1;3;3;100;10/11/2016
2016007078;5;1;1;1;5;100;11/11/2016
2016007079;3;1;1;2;5;100;17/11/2016
2016007080;1;1;2;1;1;100;15/12/2016
2016007081;1;1;1;9;6;100;28/12/2016
2016007082;2;1;1;1;1;100;22/01/2016
2016007083;4;2;1;2;6;100;10/04/2016
2016007084;1;1;1;1;6;100;01/05/2016
2016007085;1;1;1;1;6;100;06/05/2016
2016007086;1;1;1;1;7;100;12/06/2016
2016007087;1;1;1;2;1;100;05/09/2016
2016007088;1;1;1;8;6;100;16/09/2016
2016007089;3;1;9;1;6;100;22/10/2016
2016007090;2;1;1;1;3;100;26/11/2016
2016007091;3;1;9;1;1;100;01/12/2016
2016007092;3;1;1;1;7;100;05/12/2016
2016007093;1;2;1;1;3;100;16/10/2016
2016007094;3;1;1;5;2;100;22/10/2016
2016007095;2;2;1;1;2;100;30/11/2016
2016007096;3;1;1;1;7;520;14/09/2016
2016007097;1;1;1;1;1;520;30/10/2016
2016007098;1;1;1;2;7;520;18/11/2016
2016007099;3;1;1;5;6;520;09/01/2016
2016007100;1;1;1;1;6;520;21/02/2016
2016007101;3;2;1;1;6;520;07/11/2016
2016007102;1;2;1;7;2;520;25/01/2016
2016007103;1;1;1;1;5;520;12/06/2016
2016007104;3;1;1;1;6;520;10/09/2016
2016007105;1;1;1;1;1;520;21/05/2016
2016007106;1;1;1;1;7;520;03/09/2016
2016007107;1;1;1;1;7;520;09/09/2016
2016007108;1;2;1;1;7;520;24/09/2016
2016007109;3;1;1;1;1;520;10/10/2016
2016007110;1;2;9;1;2;520;28/09/2016
2016007111;3;1;1;5;6;520;27/10/2016
2016007112;1;1;1;1;7;520;29/10/2016
2016007113;3;1;1;2;1;520;12/02/2016
2016007114;1;1;1;1;7;520;19/02/2016
2016007115;1;1;1;2;1;520;23/04/2016
2016007116;1;1;1;1;1;520;13/05/2016
2016007117;1;1;1;1;2;520;08/06/2016
2016007118;1;1;1;1;6;520;16/07/2016
2016007119;1;1;1;1;6;520;28/10/2016
2016007120;5;2;1;1;6;520;07/05/2016
2016007121;1;1;1;1;6;520;10/07/2016
2016007122;1;1;1;1;7;520;04/12/2016
2016007123;1;1;1;1;3;520;17/01/2016
2016007124;1;1;1;1;7;520;06/08/2016
2016007125;1;1;1;1;1;520;19/08/2016
2016007126;1;1;1;1;1;520;16/04/2016
2016007127;1;1;1;1;7;520;09/06/2016
2016007128;1;1;1;1;7;520;03/07/2016
2016007129;5;2;1;1;6;520;28/09/2016
2016007130;2;1;1;1;1;520;02/10/2016
2016007131;1;1;1;9;6;520;05/12/2016
2016007132;1;1;1;8;1;520;05/02/2016
2016007133;1;1;1;3;7;520;08/02/2016
2016007134;2;1;1;5;1;520;31/03/2016
2016007135;1;1;1;1;7;520;15/05/2016
2016007136;1;1;1;1;6;520;17/05/2016
2016007137;2;1;1;5;7;520;17/07/2016
2016007138;1;1;1;1;7;520;23/07/2016
2016007139;1;1;1;1;3;520;14/09/2016
2016007140;1;2;3;1;1;520;24/09/2016
2016007141;1;1;1;1;1;520;27/09/2016
2016007142;1;1;1;2;2;520;08/10/2016
2016007143;5;2;1;2;6;520;24/10/2016
2016007144;1;1;1;1;7;520;26/11/2016
2016007145;2;2;9;1;6;520;13/03/2016
2016007146;1;1;1;2;7;520;02/08/2016
2016007147;1;2;1;1;1;520;23/08/2016
2016007148;1;1;1;8;3;210;12/02/2016
2016007149;1;1;3;2;3;210;25/03/2016
2016007150;1;1;1;1;7;210;23/08/2016
2016007151;3;2;1;1;6;210;12/09/2016
2016007152;1;1;1;1;2;210;01/11/2016
2016007153;1;2;1;3;1;210;06/01/2016
2016007154;1;2;1;1;6;210;28/02/2016
2016007155;1;2;1;1;6;210;13/04/2016
2016007156;1;2;1;1;6;210;25/06/2016
2016007157;1;2;1;1;7;210;13/08/2016
2016007158;2;1;9;1;1;210;29/08/2016
2016007159;1;2;1;1;1;210;01/09/2016
2016007160;5;2;1;2;6;210;13/10/2016
2016007161;2;2;3;1;3;210;19/10/2016
2016007162;1;1;1;1;1;210;17/03/2016
2016007163;5;2;1;1;6;210;10/04/2016
2016007164;1;1;1;1;7;210;05/06/2016
2016007165;1;1;1;1;3;210;13/09/2016
2016007166;1;1;1;1;7;210;29/01/2016
2016007167;1;1;1;1;2;210;29/01/2016
2016007168;1;2;3;1;3;210;17/03/2016
2016007169;1;2;2;1;3;210;16/05/2016
2016007170;1;1;1;1;7;210;05/06/2016
2016007171;5;2;1;1;6;210;25/07/2016
2016007172;1;1;1;1;3;210;08/08/2016
2016007173;1;2;1;1;3;210;11/08/2016
2016007174;1;1;1;9;6;210;02/12/2016
2016007175;1;2;1;2;1;210;03/03/2016
2016007176;1;1;2;1;3;210;13/09/2016
2016007177;1;1;1;2;3;210;09/01/2016
2016007178;3;1;1;1;6;210;11/03/2016
2016007179;3;1;1;1;1;210;23/03/2016
2016007180;1;1;1;1;6;210;01/01/2016
2016007181;1;1;1;1;3;210;04/01/2016
2016007182;3;1;1;2;3;210;22/01/2016
2016007183;1;1;1;1;5;210;25/01/2016
2016007184;3;1;1;1;6;210;14/03/2016
2016007185;5;2;1;1;6;210;16/05/2016
2016007186;1;1;2;1;3;210;07/06/2016
2016007187;1;1;1;1;5;210;24/06/2016
2016007188;1;1;3;1;3;210;01/07/2016
2016007189;1;2;1;1;3;210;03/08/2016
2016007190;2;1;1;1;1;210;09/09/2016
2016007191;1;2;1;1;1;210;04/06/2016
2016007192;1;2;1;1;7;210;11/06/2016
2016007193;1;1;9;1;3;210;19/06/2016
2016007194;3;1;1;1;4;210;15/08/2016
2016007195;3;1;1;2;6;210;04/01/2016
2016007196;1;1;1;7;5;210;22/03/2016
2016007197;1;1;1;1;1;210;06/06/2016
2016007198;1;2;1;1;6;210;08/07/2016
2016007199;1;2;2;1;3;210;03/12/2016
2016007200;5;2;1;2;6;210;22/12/2016
2016007201;3;1;1;1;6;210;12/03/2016
2016007202;5;2;1;1;6;210;21/02/2016
2016007203;1;2;1;1;5;210;26/06/2016
2016007204;1;1;1;1;6;210;25/07/2016
2016007205;1;1;1;3;7;210;28/07/2016
2016007206;3;1;1;1;7;210;03/09/2016
2016007207;1;1;1;1;6;210;18/04/2016
2016007208;1;1;1;1;1;210;20/05/2016
2016007209;4;2;1;1;7;210;08/07/2016
2016007210;3;2;1;1;6;210;06/09/2016
2016007211;3;1;1;1;7;210;27/02/2016
2016007212;1;1;1;1;2;210;19/03/2016
2016007213;5;2;1;1;6;210;10/04/2016
2016007214;1;2;1;1;7;210;11/06/2016
2016007215;1;1;1;7;6;210;13/09/2016
2016007216;1;1;2;1;3;210;26/02/2016
2016007217;3;1;1;1;6;210;19/02/2016
2016007218;1;1;1;1;1;210;19/06/2016
2016007219;1;1;1;1;2;210;09/07/2016
2016007220;1;1;1;1;6;210;14/09/2016
2016007221;1;1;1;1;1;210;30/09/2016
2016007222;1;2;3;1;3;580;15/03/2016
2016007223;1;1;1;1;6;580;23/03/2016
2016007224;1;1;1;1;1;580;03/04/2016
2016007225;1;1;1;1;2;580;03/09/2016
2016007226;2;1;1;8;7;580;19/09/2016
2016007227;1;1;1;1;1;580;24/09/2016
2016007228;1;1;1;7;6;580;03/09/2016
2016007229;1;2;6;1;3;580;04/10/2016
2016007230;2;2;1;1;1;580;03/11/2016
2016007231;1;1;1;1;7;580;15/12/2016
2016007232;1;1;1;2;7;580;15/12/2016
2016007233;5;2;1;2;6;580;28/12/2016
2016007234;5;2;1;1;3;580;13/01/2016
2016007235;1;1;1;1;1;580;16/01/2016
2016007236;2;2;2;3;3;580;24/02/2016
2016007237;1;2;1;1;3;580;18/03/2016
2016007238;1;2;1;1;3;580;20/04/2016
2016007239;1;2;1;1;1;580;09/06/2016
2016007240;1;1;1;1;1;580;03/08/2016
2016007241;1;1;1;1;1;580;02/01/2016
2016007242;1;1;1;2;6;580;31/01/2016
2016007243;1;1;1;1;6;580;11/05/2016
2016007244;3;1;1;1;7;580;15/05/2016
2016007245;1;1;1;2;2;580;01/06/2016
2016007246;1;1;1;1;3;580;10/07/2016
2016007247;1;2;3;1;1;580;23/07/2016
2016007248;1;2;1;1;3;580;24/07/2016
2016007249;1;2;1;1;6;580;05/09/2016
2016007250;1;1;1;3;6;580;14/10/2016
2016007251;3;1;1;1;7;580;26/10/2016
2016007252;3;1;1;1;1;580;29/10/2016
2016007253;2;1;1;2;1;580;22/12/2016
2016007254;3;1;1;1;3;580;15/01/2016
2016007255;1;1;1;1;1;580;22/04/2016
2016007256;1;1;1;1;1;580;01/07/2016
2016007257;1;1;1;1;5;580;16/07/2016
2016007258;1;2;1;1;6;580;03/09/2016
2016007259;3;1;1;1;6;580;11/09/2016
2016007260;1;1;1;1;1;580;18/09/2016
2016007261;1;1;6;1;6;580;07/10/2016
2016007262;3;1;1;1;6;580;05/11/2016
2016007263;1;1;1;1;7;580;03/12/2016
2016007264;5;1;1;1;6;580;20/03/2016
2016007265;3;2;1;1;6;580;26/03/2016
2016007266;1;1;3;1;1;580;23/04/2016
2016007267;1;1;1;1;1;580;06/05/2016
2016007268;2;1;1;1;6;580;02/05/2016
2016007269;1;1;1;1;1;580;11/05/2016
2016007270;1;1;1;1;6;580;15/05/2016
2016007271;1;2;1;1;3;580;16/06/2016
2016007272;1;1;1;1;3;580;01/07/2016
2016007273;1;2;6;1;6;580;14/03/2016
2016007274;1;1;1;1;7;580;31/07/2016
2016007275;1;1;1;1;1;580;19/08/2016
2016007276;1;1;1;1;1;580;11/09/2016
2016007277;3;1;1;1;6;580;21/09/2016
2016007278;1;1;1;1;2;580;22/10/2016
2016007279;1;1;1;1;6;580;14/11/2016
2016007280;1;2;1;2;7;580;19/05/2016
2016007281;3;1;1;1;1;580;10/07/2016
2016007282;1;2;1;3;7;580;24/10/2016
2016007283;1;2;1;8;1;580;06/11/2016
2016007284;5;2;1;2;6;580;07/11/2016
2016007285;3;1;1;2;6;580;23/12/2016
2016007286;1;1;1;2;7;580;21/02/2016
2016007287;1;1;1;1;5;580;23/07/2016
2016007288;1;1;1;1;6;580;31/07/2016
2016007289;1;1;1;1;7;580;28/09/2016
2016007290;1;2;1;8;7;580;03/12/2016
2016007291;1;1;1;7;1;580;26/06/2016
2016007292;1;2;1;1;7;580;01/08/2016
2016007293;1;2;1;1;3;580;30/08/2016
2016007294;1;1;1;1;7;580;17/09/2016
2016007295;2;1;1;7;1;580;03/11/2016
2016007296;1;2;1;1;3;580;27/11/2016
2016007297;1;1;1;1;1;580;01/02/2016
2016007298;1;1;1;1;6;580;10/02/2016
2016007299;5;2;1;1;6;580;03/04/2016
2016007300;1;1;1;1;6;580;07/05/2016
2016007301;1;1;1;1;3;580;10/06/2016
2016007302;1;2;1;7;6;580;25/08/2016
2016007303;3;1;1;1;6;580;18/09/2016
2016007304;1;2;1;1;6;580;27/09/2016
2016007305;3;1;1;1;6;580;26/10/2016
2016007306;2;1;1;1;3;580;05/11/2016
2016007307;3;2;1;2;6;580;06/11/2016
2016007308;2;1;1;1;1;580;12/12/2016
2016007309;1;2;1;1;6;580;13/12/2016
2016007310;4;2;1;8;6;580;28/12/2016
2016007311;1;1;1;1;6;580;15/07/2016
2016007312;1;1;1;1;1;710;10/05/2016
2016007313;1;1;2;2;3;710;12/06/2016
2016007314;5;1;1;1;2;710;09/08/2016
2016007315;1;1;1;1;3;710;10/08/2016
2016007316;1;2;1;1;1;710;23/08/2016
2016007317;3;1;1;1;6;710;25/09/2016
2016007318;2;2;1;1;1;710;29/09/2016
2016007319;3;1;1;2;1;710;30/09/2016
2016007320;1;1;2;1;3;710;15/10/2016
2016007321;2;1;1;2;3;710;17/10/2016
2016007322;1;1;1;1;2;710;15/11/2016
2016007323;1;2;1;2;2;710;26/12/2016
2016007324;1;2;1;1;4;710;05/02/2016
2016007325;1;2;1;1;7;710;02/05/2016
2016007326;1;2;1;8;6;710;19/06/2016
2016007327;1;2;1;1;6;710;10/07/2016
2016007328;1;2;1;1;3;710;03/08/2016
2016007329;1;1;1;1;4;710;29/08/2016
2016007330;5;2;1;1;6;710;19/10/2016
2016007331;1;2;1;1;7;710;01/04/2016
2016007332;1;2;1;1;1;710;10/06/2016
2016007333;1;2;6;1;3;710;24/06/2016
2016007334;1;1;1;1;6;710;15/08/2016
2016007335;5;1;1;1;3;710;28/01/2016
2016007336;3;1;1;1;1;710;07/04/2016
2016007337;1;1;1;1;3;710;28/05/2016
2016007338;3;1;1;1;6;710;26/06/2016
2016007339;1;1;1;1;6;710;10/07/2016
2016007340;1;1;1;1;3;710;20/07/2016
2016007341;1;1;6;1;3;710;15/11/2016
2016007342;3;1;1;1;1;710;17/11/2016
2016007343;1;1;1;5;1;710;07/12/2016
2016007344;1;1;1;2;6;710;03/02/2016
2016007345;2;1;1;2;6;710;30/05/2016
2016007346;1;1;1;1;1;710;19/07/2016
2016007347;1;2;1;1;5;710;01/08/2016
2016007348;1;2;9;7;3;710;03/09/2016
2016007349;1;1;1;1;1;710;29/09/2016
2016007350;2;1;1;5;7;710;25/10/2016
2016007351;1;1;1;2;6;710;04/08/2016
2016007352;1;1;1;1;3;710;14/06/2016
2016007353;1;1;1;1;1;710;02/07/2016
2016007354;1;2;1;1;4;710;03/07/2016
2016007355;1;2;1;7;6;710;01/09/2016
2016007356;1;1;1;1;1;710;15/09/2016
2016007357;3;1;1;5;3;710;03/12/2016
2016007358;1;1;2;1;3;710;21/05/2016
2016007359;1;2;2;1;3;710;01/06/2016
2016007360;1;1;1;1;1;710;18/07/2016
2016007361;3;1;1;1;2;710;17/08/2016
2016007362;1;2;1;1;2;710;07/10/2016
2016007363;1;1;1;1;7;710;22/10/2016
2016007364;4;2;1;1;6;710;28/02/2016
2016007365;1;1;1;5;3;710;17/03/2016
2016007366;1;1;1;8;1;710;28/05/2016
2016007367;1;2;1;1;3;710;12/06/2016
2016007368;1;1;1;1;1;710;03/07/2016
2016007369;1;1;1;1;1;710;04/07/2016
2016007370;1;1;1;1;4;710;15/07/2016
2016007371;1;2;1;1;2;710;10/08/2016
2016007372;1;2;1;1;2;710;06/09/2016
2016007373;1;1;1;1;3;710;08/09/2016
2016007374;1;1;1;1;7;710;14/09/2016
2016007375;1;1;1;1;3;710;24/09/2016
2016007376;4;1;1;1;7;710;01/11/2016
2016007377;4;1;1;1;6;710;04/11/2016
2016007378;1;2;1;1;2;710;24/04/2016
2016007379;1;1;1;1;3;710;23/06/2016
2016007380;1;2;1;1;3;710;05/07/2016
2016007381;1;1;1;1;2;710;24/09/2016
2016007382;3;1;1;1;7;710;08/10/2016
2016007383;1;2;1;8;6;710;20/01/2016
2016007384;1;1;1;2;3;710;23/05/2016
2016007385;2;1;1;1;6;710;02/09/2016
2016007386;3;1;1;1;1;710;26/02/2016
2016007387;1;1;1;1;1;710;17/03/2016
2016007388;1;1;1;1;1;710;28/06/2016
2016007389;2;1;1;9;5;710;05/12/2016
2016007390;1;1;3;2;3;710;02/03/2016
2016007391;5;1;1;1;1;710;20/03/2016
2016007392;1;2;1;1;6;710;06/05/2016
2016007393;1;1;1;7;1;710;22/08/2016
2016007394;5;2;2;3;3;710;17/09/2016
2016007395;1;2;1;1;6;710;24/09/2016
2016007396;1;1;2;1;3;710;30/07/2016
2016007397;3;1;1;1;7;710;23/10/2016
2016007398;2;1;1;1;1;710;27/08/2016
2016007399;1;1;1;8;5;710;12/11/2016
2016007400;2;2;1;1;3;710;29/11/2016
2016007401;1;2;1;1;6;710;04/12/2016
2016007402;1;1;1;1;7;710;23/06/2016
2016007403;1;2;1;1;1;710;25/06/2016
2016007404;1;2;1;1;3;710;29/06/2016
2016007405;1;1;1;1;6;710;18/08/2016
2016007406;1;1;1;1;1;710;05/09/2016
2016007407;3;1;1;1;7;710;25/09/2016
2016007408;3;1;1;8;6;710;30/01/2016
2016007409;1;1;1;1;5;710;21/02/2016
2016007410;1;1;1;3;1;710;04/03/2016
2016007411;1;2;1;1;6;710;16/06/2016
2016007412;1;1;1;1;1;710;08/11/2016
2016007413;1;1;1;1;3;710;01/07/2016
2016007414;1;1;1;8;6;710;28/10/2016
2016007415;5;2;1;1;3;710;20/11/2016
2016007416;1;2;1;1;6;710;20/12/2016
2016007417;1;2;1;1;6;710;21/07/2016
2016007418;1;1;1;1;6;710;07/10/2016
2016007419;1;1;1;6;6;710;11/01/2016
2016007420;1;1;1;2;7;710;13/02/2016
2016007421;3;1;1;2;3;710;05/03/2016
2016007422;2;2;1;1;1;710;02/04/2016
2016007423;1;1;1;1;6;710;10/04/2016
2016007424;1;1;1;1;1;710;18/06/2016
2016007425;1;1;1;1;1;710;03/10/2016
2016007426;1;1;1;2;3;710;22/11/2016
2016007427;5;2;3;5;7;710;06/12/2016
2016007428;2;1;1;5;5;710;10/12/2016
2016007429;3;1;1;5;6;710;10/12/2016
2016007430;4;2;1;5;6;710;10/12/2016
2016007431;3;1;1;1;6;710;19/09/2016
2016007432;1;1;1;7;6;710;23/09/2016
2016007433;3;1;9;5;6;710;22/10/2016
2016007434;1;2;1;1;6;710;01/12/2016
2016007435;1;1;1;6;1;710;08/02/2016
2016007436;1;1;1;1;3;710;07/08/2016
2016007437;3;1;1;1;4;890;11/03/2016
2016007438;3;1;1;1;3;890;16/03/2016
2016007439;3;1;1;2;7;890;31/05/2016
2016007440;1;1;1;2;6;890;17/06/2016
2016007441;1;1;1;1;2;890;24/08/2016
2016007442;3;1;1;1;7;890;27/08/2016
2016007443;3;1;1;1;5;890;20/10/2016
2016007444;3;1;1;1;2;890;25/12/2016
2016007445;1;1;1;2;5;890;14/02/2016
2016007446;3;1;1;1;2;890;25/02/2016
2016007447;1;1;1;2;6;890;08/04/2016
2016007448;1;1;1;1;3;890;12/03/2016
2016007449;1;1;1;3;6;890;22/05/2016
2016007450;3;1;1;3;6;890;30/05/2016
2016007451;3;1;1;1;2;890;13/06/2016
2016007452;3;1;1;1;6;890;19/07/2016
2016007453;1;1;1;1;7;890;04/08/2016
2016007454;1;1;1;1;6;890;07/08/2016
2016007455;3;1;1;1;7;890;11/08/2016
2016007456;1;1;1;4;6;890;06/11/2016
2016007457;2;1;1;8;6;890;11/11/2016
2016007458;3;1;1;5;2;890;18/12/2016
2016007459;3;1;1;2;6;890;07/01/2016
2016007460;1;1;1;1;2;890;15/03/2016
2016007461;1;1;1;7;1;890;04/05/2016
2016007462;1;1;1;8;1;890;12/05/2016
2016007463;1;1;1;1;1;890;08/08/2016
2016007464;2;1;1;1;1;890;01/09/2016
2016007465;1;2;1;1;1;890;09/09/2016
2016007466;1;1;1;1;3;890;30/09/2016
2016007467;1;1;1;1;2;890;04/10/2016
2016007468;3;2;1;1;7;890;31/10/2016
2016007469;1;2;1;1;2;890;02/11/2016
2016007470;1;1;1;2;1;890;06/11/2016
2016007471;3;1;1;9;3;890;01/12/2016
2016007472;1;1;1;1;5;890;07/04/2016
2016007473;1;1;1;1;7;890;24/07/2016
2016007474;5;2;1;1;3;890;29/07/2016
2016007475;1;2;1;1;7;890;30/07/2016
2016007476;1;1;1;1;7;890;09/08/2016
2016007477;3;1;1;1;7;890;14/08/2016
2016007478;1;1;1;1;6;890;02/10/2016
2016007479;1;1;1;7;5;890;28/11/2016
2016007480;1;1;1;2;6;890;02/02/2016
2016007481;1;1;1;1;6;890;23/04/2016
2016007482;1;2;9;1;6;890;28/09/2016
2016007483;3;1;1;1;1;890;31/10/2016
2016007484;1;1;2;1;3;890;06/12/2016
2016007485;1;2;1;1;3;890;08/12/2016
2016007486;1;1;2;1;3;890;24/03/2016
2016007487;1;1;1;1;5;890;05/04/2016
2016007488;1;1;1;1;7;890;08/05/2016
2016007489;2;1;1;1;1;890;09/07/2016
2016007490;1;1;1;1;3;890;22/07/2016
2016007491;1;1;1;1;1;890;25/07/2016
2016007492;2;2;1;7;1;890;03/09/2016
2016007493;1;2;1;1;3;890;12/10/2016
2016007494;1;1;2;8;2;890;13/10/2016
2016007495;1;1;2;1;3;890;03/11/2016
2016007496;3;1;1;2;3;890;04/01/2016
2016007497;3;1;1;2;6;890;20/02/2016
2016007498;2;1;1;2;1;890;23/02/2016
2016007499;1;2;1;1;6;890;01/05/2016
2016007500;1;1;1;1;6;890;05/05/2016
2016007501;3;1;1;2;6;890;11/06/2016
2016007502;1;1;1;1;1;890;15/07/2016
2016007503;1;1;3;1;4;890;19/07/2016
2016007504;1;1;1;1;6;890;20/08/2016
2016007505;1;2;1;1;1;890;27/09/2016
2016007506;1;1;1;1;5;890;07/10/2016
2016007507;1;1;1;1;6;890;06/11/2016
2016007508;4;1;1;1;6;890;19/12/2016
2016007509;2;1;1;2;6;890;13/02/2016
2016007510;1;1;1;1;3;890;05/04/2016
2016007511;3;1;1;1;6;890;09/07/2016
2016007512;1;1;2;1;3;890;19/07/2016