num_acc;lum;agg;inter;atm;col;dep;date
2016007513;1;2;1;1;1;890;07/08/2016
2016007514;1;2;1;1;3;890;23/08/2016
2016007515;1;1;9;5;1;890;18/09/2016
2016007516;1;1;1;1;5;890;02/10/2016
2016007517;2;2;1;1;6;890;15/11/2016
2016007518;1;1;4;1;5;890;17/03/2016
2016007519;1;1;1;1;6;890;30/09/2016
2016007520;3;1;1;5;1;890;11/12/2016
2016007521;1;1;1;8;1;890;07/03/2016
2016007522;1;2;1;8;3;890;30/03/2016
2016007523;1;1;2;1;3;890;19/04/2016
2016007524;1;2;1;1;3;890;09/07/2016
2016007525;2;1;1;1;1;890;09/10/2016
2016007526;1;2;1;1;2;890;01/12/2016
2016007527;1;1;1;1;1;890;06/12/2016
2016007528;1;1;1;1;1;890;29/07/2016
2016007529;3;1;1;9;6;890;04/12/2016
2016007530;1;2;1;3;6;890;12/02/2016
2016007531;1;1;1;8;6;890;25/03/2016
2016007532;1;2;1;7;5;890;23/06/2016
2016007533;1;2;6;1;3;890;09/07/2016
2016007534;1;2;9;1;1;890;24/07/2016
2016007535;1;1;1;1;2;890;11/11/2016
2016007536;5;2;1;5;3;890;27/12/2016
2016007537;1;1;1;1;6;890;23/07/2016
2016007538;1;1;2;1;3;890;20/01/2016
2016007539;1;2;1;1;1;890;12/03/2016
2016007540;1;1;1;2;4;890;30/03/2016
2016007541;1;1;1;1;3;890;24/04/2016
2016007542;5;2;1;1;6;890;06/08/2016
2016007543;1;1;1;1;1;890;29/10/2016
2016007544;1;1;1;1;3;890;29/10/2016
2016007545;1;1;1;1;3;890;14/03/2016
2016007546;1;1;2;7;3;890;18/03/2016
2016007547;1;1;1;1;3;890;01/09/2016
2016007548;1;1;1;1;7;890;10/09/2016
2016007549;3;1;1;2;3;890;22/12/2016
2016007550;1;1;1;1;2;890;14/05/2016
2016007551;1;1;1;8;6;890;17/09/2016
2016007552;1;1;2;2;3;890;20/11/2016
2016007553;1;1;1;1;6;890;28/05/2016
2016007554;1;1;1;8;1;890;13/07/2016
2016007555;3;1;1;8;7;250;04/06/2016
2016007556;1;1;1;1;5;250;20/06/2016
2016007557;1;1;1;1;2;250;08/07/2016
2016007558;1;1;1;1;7;250;23/09/2016
2016007559;3;1;1;1;7;250;18/11/2016
2016007560;2;1;1;1;1;250;27/12/2016
2016007561;2;1;1;1;7;250;02/07/2016
2016007562;1;1;1;1;7;250;06/07/2016
2016007563;1;1;1;1;2;250;14/08/2016
2016007564;3;2;1;1;6;250;11/09/2016
2016007565;1;1;1;1;6;250;11/09/2016
2016007566;1;2;1;7;6;250;03/10/2016
2016007567;1;2;1;1;6;250;22/10/2016
2016007568;1;1;1;1;6;250;30/12/2016
2016007569;1;1;1;1;1;250;25/01/2016
2016007570;1;1;1;1;7;250;29/04/2016
2016007571;3;1;1;1;1;250;30/06/2016
2016007572;1;1;1;1;1;250;02/07/2016
2016007573;1;1;1;1;7;250;16/10/2016
2016007574;1;2;1;1;6;250;27/02/2016
2016007575;1;1;6;1;1;250;20/03/2016
2016007576;1;2;2;1;6;250;30/07/2016
2016007577;1;2;8;2;6;250;10/11/2016
2016007578;1;1;1;1;6;250;27/02/2016
2016007579;1;2;6;1;7;250;25/05/2016
2016007580;1;2;1;1;6;250;21/10/2016
2016007581;3;1;1;9;6;250;08/01/2016
2016007582;1;2;6;1;3;250;17/03/2016
2016007583;1;2;1;1;6;250;29/04/2016
2016007584;5;2;1;1;7;250;02/05/2016
2016007585;1;2;1;1;3;250;09/07/2016
2016007586;1;2;1;1;6;250;05/08/2016
2016007587;5;2;1;2;6;250;18/10/2016
2016007588;1;1;1;1;1;250;22/11/2016
2016007589;1;1;1;2;1;250;05/01/2016
2016007590;1;1;1;1;7;250;15/05/2016
2016007591;1;2;1;1;3;250;26/05/2016
2016007592;1;2;1;1;1;250;27/07/2016
2016007593;1;1;1;1;7;250;10/08/2016
2016007594;3;1;1;1;1;250;17/03/2016
2016007595;1;1;3;1;3;250;14/06/2016
2016007596;2;2;1;1;6;250;13/07/2016
2016007597;3;1;1;1;6;250;09/10/2016
2016007598;2;1;1;1;1;250;21/10/2016
2016007599;3;1;1;1;5;250;03/11/2016
2016007600;1;1;1;1;6;250;22/02/2016
2016007601;5;2;1;9;6;250;23/02/2016
2016007602;1;2;1;1;2;250;03/04/2016
2016007603;1;1;1;1;1;250;08/07/2016
2016007604;1;1;1;1;6;250;08/08/2016
2016007605;3;1;4;1;1;250;02/09/2016
2016007606;5;2;1;1;6;250;06/10/2016
2016007607;1;2;1;1;1;250;24/10/2016
2016007608;3;1;1;1;6;250;08/12/2016
2016007609;1;1;1;1;1;250;29/12/2016
2016007610;3;1;1;1;6;250;13/01/2016
2016007611;1;2;1;1;1;250;12/04/2016
2016007612;1;2;1;1;3;250;16/05/2016
2016007613;3;1;1;1;7;250;01/09/2016
2016007614;1;1;1;1;1;250;16/09/2016
2016007615;1;1;3;1;3;250;07/10/2016
2016007616;3;1;1;1;6;250;23/11/2016
2016007617;1;1;1;2;1;250;12/01/2016
2016007618;3;1;1;3;6;250;15/04/2016
2016007619;1;1;1;2;1;250;02/05/2016
2016007620;1;1;1;2;6;250;06/06/2016
2016007621;1;2;1;1;6;250;17/06/2016
2016007622;5;2;1;1;3;250;13/07/2016
2016007623;1;1;1;7;6;250;02/08/2016
2016007624;1;1;1;1;6;250;25/08/2016
2016007625;1;1;2;1;3;250;02/09/2016
2016007626;1;1;1;1;6;250;02/09/2016
2016007627;2;1;2;1;1;250;23/12/2016
2016007628;3;1;1;1;5;250;24/01/2016
2016007629;2;1;1;8;4;250;02/02/2016
2016007630;3;1;1;1;6;250;14/02/2016
2016007631;1;1;1;4;1;250;06/03/2016
2016007632;3;1;1;1;1;250;13/03/2016
2016007633;1;1;1;1;5;250;22/06/2016
2016007634;3;1;1;1;6;250;26/06/2016
2016007635;1;1;1;9;5;250;05/08/2016
2016007636;1;1;1;1;3;250;12/09/2016
2016007637;1;1;1;1;4;250;03/10/2016
2016007638;1;2;1;1;3;250;29/10/2016
2016007639;3;1;1;1;5;250;16/03/2016
2016007640;3;1;6;2;6;250;22/04/2016
2016007641;1;1;1;1;2;250;05/05/2016
2016007642;1;2;1;1;7;250;06/05/2016
2016007643;1;1;1;1;6;250;09/06/2016
2016007644;1;1;1;1;7;250;16/07/2016
2016007645;2;2;1;1;6;250;09/09/2016
2016007646;1;1;1;5;6;250;20/09/2016
2016007647;1;1;1;1;7;250;10/10/2016
2016007648;5;2;1;1;6;250;10/10/2016
2016007649;5;1;1;1;6;250;28/10/2016
2016007650;3;1;1;1;3;250;30/11/2016
2016007651;1;1;1;1;1;250;11/03/2016
2016007652;1;1;1;1;6;250;22/05/2016
2016007653;1;2;1;1;3;250;24/07/2016
2016007654;1;2;6;1;6;250;27/07/2016
2016007655;1;2;3;1;3;250;08/09/2016
2016007656;1;2;1;7;6;250;14/09/2016
2016007657;3;1;1;2;1;250;01/10/2016
2016007658;1;1;1;1;4;250;10/10/2016
2016007659;1;1;1;1;5;250;18/10/2016
2016007660;1;1;1;1;3;250;26/10/2016
2016007661;1;2;1;1;1;250;29/11/2016
2016007662;3;2;1;1;6;40;06/01/2016
2016007663;1;2;1;1;3;40;23/02/2016
2016007664;1;1;1;1;6;40;25/03/2016
2016007665;1;2;1;1;6;40;13/04/2016
2016007666;1;1;6;1;3;40;26/04/2016
2016007667;1;1;1;2;7;40;29/05/2016
2016007668;1;2;1;1;3;40;26/05/2016
2016007669;1;1;1;1;3;40;27/07/2016
2016007670;1;1;1;1;7;40;09/09/2016
2016007671;1;2;1;1;6;40;11/10/2016
2016007672;1;2;1;1;2;40;01/12/2016
2016007673;1;2;1;1;6;40;12/12/2016
2016007674;5;2;3;1;5;40;16/12/2016
2016007675;1;1;1;1;1;390;21/02/2016
2016007676;5;1;1;1;6;390;05/03/2016
2016007677;1;1;3;1;3;390;19/04/2016
2016007678;1;1;2;5;3;390;14/05/2016
2016007679;1;1;1;2;7;390;12/06/2016
2016007680;1;1;1;1;7;390;10/07/2016
2016007681;1;2;1;1;6;390;06/09/2016
2016007682;3;1;1;1;7;390;16/10/2016
2016007683;1;1;4;1;3;390;13/09/2016
2016007684;1;1;2;1;3;390;11/08/2016
2016007685;1;1;1;2;1;390;18/08/2016
2016007686;1;1;2;8;3;390;04/03/2016
2016007687;1;1;3;1;3;390;01/07/2016
2016007688;1;1;3;1;3;390;17/07/2016
2016007689;3;1;1;1;6;390;04/10/2016
2016007690;5;2;2;1;3;390;02/12/2016
2016007691;1;2;1;1;6;390;23/06/2016
2016007692;1;2;1;7;6;390;08/09/2016
2016007693;1;1;2;8;3;390;17/06/2016
2016007694;1;1;1;8;1;390;19/06/2016
2016007695;3;1;1;1;6;390;10/09/2016
2016007696;3;1;1;1;6;390;20/12/2016
2016007697;1;1;1;1;6;390;07/07/2016
2016007698;1;2;6;7;3;390;30/11/2016
2016007699;1;1;1;2;7;390;12/01/2016
2016007700;3;2;1;1;1;390;25/01/2016
2016007701;1;1;1;2;6;390;18/06/2016
2016007702;1;2;1;1;7;390;14/08/2016
2016007703;1;1;1;1;7;390;11/09/2016
2016007704;5;2;1;2;2;390;18/11/2016
2016007705;3;1;1;1;6;390;06/02/2016
2016007706;1;1;1;1;5;390;06/02/2016
2016007707;1;1;1;1;4;390;27/02/2016
2016007708;1;2;3;1;3;390;03/05/2016
2016007709;1;2;1;1;3;390;28/07/2016
2016007710;1;1;1;1;2;390;07/10/2016
2016007711;3;1;1;8;3;390;05/01/2016
2016007712;1;2;1;1;3;390;09/06/2016
2016007713;1;2;3;1;3;390;26/07/2016
2016007714;1;2;1;1;1;390;29/02/2016
2016007715;1;1;1;2;7;390;16/04/2016
2016007716;3;1;1;2;6;390;04/09/2016
2016007717;1;1;2;1;3;390;25/02/2016
2016007718;1;1;1;1;7;390;06/05/2016
2016007719;1;1;3;1;3;390;19/04/2016
2016007720;1;1;1;3;3;390;03/05/2016
2016007721;1;1;1;2;1;390;01/06/2016
2016007722;1;1;1;1;6;390;25/06/2016
2016007723;1;1;1;1;6;390;10/07/2016
2016007724;1;1;1;1;3;390;17/07/2016
2016007725;1;1;3;1;3;390;03/08/2016
2016007726;1;1;3;1;3;390;16/08/2016
2016007727;1;1;1;1;5;390;31/08/2016
2016007728;1;1;3;1;3;390;05/10/2016
2016007729;2;1;1;1;6;390;02/11/2016
2016007730;1;2;1;3;6;40;12/01/2016
2016007731;1;2;1;1;6;40;21/02/2016
2016007732;3;1;3;1;1;40;20/02/2016
2016007733;1;1;1;1;6;40;15/04/2016
2016007734;1;2;1;8;1;40;11/05/2016
2016007735;5;2;1;1;3;40;14/05/2016
2016007736;1;2;3;1;3;40;22/06/2016
2016007737;1;2;1;1;6;40;02/07/2016
2016007738;1;2;2;1;3;40;19/08/2016
2016007739;5;2;2;1;1;40;09/09/2016
2016007740;3;1;1;1;6;40;24/09/2016
2016007741;1;2;3;1;3;40;29/09/2016
2016007742;5;2;3;1;7;40;08/10/2016
2016007743;1;2;3;1;5;40;22/10/2016
2016007744;1;2;1;1;4;40;08/11/2016
2016007745;1;2;6;1;3;40;14/12/2016
2016007746;1;1;1;1;3;40;08/12/2016
2016007747;1;1;3;1;1;700;12/05/2016
2016007748;1;1;2;1;3;700;12/05/2016
2016007749;3;1;1;1;2;700;25/08/2016
2016007750;1;1;2;7;3;700;03/09/2016
2016007751;1;1;1;1;1;700;12/10/2016
2016007752;5;2;1;9;6;700;24/01/2016
2016007753;1;2;1;1;3;700;06/02/2016
2016007754;1;2;1;1;6;700;15/03/2016
2016007755;1;2;3;1;3;700;22/04/2016
2016007756;1;1;1;2;6;700;23/04/2016
2016007757;1;1;3;1;3;700;13/06/2016
2016007758;3;1;1;1;7;700;20/11/2016
2016007759;3;1;1;8;7;700;07/01/2016
2016007760;1;1;2;1;3;700;05/06/2016
2016007761;1;2;1;1;6;700;23/06/2016
2016007762;1;1;4;1;3;700;28/10/2016
2016007763;5;2;2;1;3;700;10/04/2016
2016007764;1;1;1;3;1;700;15/04/2016
2016007765;3;1;1;1;1;700;08/05/2016
2016007766;1;1;1;1;1;700;28/05/2016
2016007767;1;2;3;1;3;700;08/09/2016
2016007768;1;1;1;1;1;700;21/10/2016
2016007769;3;1;1;1;3;700;27/11/2016
2016007770;3;1;1;9;6;700;08/12/2016
2016007771;3;1;1;1;1;700;18/12/2016
2016007772;1;1;1;1;7;700;10/07/2016
2016007773;3;1;1;1;1;700;08/08/2016
2016007774;1;1;8;1;3;700;06/09/2016
2016007775;1;1;1;1;3;700;13/01/2016
2016007776;1;1;1;1;5;700;27/02/2016
2016007777;1;1;2;1;3;700;29/07/2016
2016007778;2;2;5;1;3;700;30/09/2016
2016007779;5;2;1;2;7;700;14/01/2016
2016007780;1;1;1;1;7;700;07/05/2016
2016007781;1;1;2;2;3;700;12/06/2016
2016007782;1;2;9;7;6;700;06/07/2016
2016007783;2;2;1;1;6;700;22/11/2016
2016007784;2;1;1;2;7;700;20/01/2016
2016007785;1;2;2;2;3;700;07/03/2016
2016007786;1;1;1;1;6;700;08/04/2016
2016007787;5;2;1;1;6;700;01/01/2016
2016007788;1;2;1;3;6;700;30/01/2016
2016007789;5;2;1;3;7;700;12/02/2016
2016007790;1;2;3;1;3;700;07/06/2016
2016007791;2;1;1;5;1;700;20/06/2016
2016007792;1;2;1;1;6;700;23/06/2016
2016007793;1;2;3;1;3;700;06/07/2016
2016007794;1;2;1;1;6;700;09/07/2016
2016007795;1;1;1;1;1;700;22/07/2016
2016007796;1;1;1;1;3;700;25/09/2016
2016007797;2;2;1;1;1;700;12/11/2016
2016007798;1;2;1;7;6;700;27/12/2016
2016007799;3;1;1;1;6;700;09/04/2016
2016007800;1;1;4;1;3;700;26/06/2016
2016007801;1;1;3;1;3;700;04/07/2016
2016007802;1;2;1;1;2;700;12/07/2016
2016007803;1;2;4;1;3;700;09/09/2016
2016007804;3;1;1;1;5;700;15/11/2016
2016007805;1;1;1;1;3;700;15/04/2016
2016007806;3;1;1;1;7;700;21/06/2016
2016007807;5;2;3;1;3;700;23/06/2016
2016007808;1;1;1;1;1;700;23/11/2016
2016007809;1;1;1;1;6;700;23/11/2016
2016007810;1;1;2;1;3;700;29/12/2016
2016007811;1;1;1;1;6;900;10/04/2016
2016007812;1;1;1;1;7;900;10/04/2016
2016007813;1;1;1;7;1;900;09/07/2016
2016007814;3;1;1;9;6;900;18/06/2016
2016007815;5;2;1;1;7;900;07/07/2016
2016007816;1;2;6;1;6;900;03/08/2016
2016007817;1;1;1;2;6;900;02/10/2016
2016007818;5;1;9;1;3;900;19/11/2016
2016007819;3;2;1;2;6;900;06/01/2016
2016007820;3;1;1;4;5;900;15/01/2016
2016007821;3;1;1;5;6;900;24/02/2016
2016007822;1;1;1;9;6;900;01/03/2016
2016007823;1;2;1;1;3;900;18/03/2016
2016007824;1;2;1;1;6;900;24/03/2016
2016007825;1;1;1;1;6;900;30/03/2016
2016007826;1;2;3;7;6;900;19/04/2016
2016007827;1;2;1;3;7;900;02/06/2016
2016007828;1;2;1;1;3;900;10/07/2016
2016007829;1;1;1;1;1;900;23/07/2016
2016007830;1;1;1;1;7;900;09/08/2016
2016007831;1;1;1;1;7;900;13/08/2016
2016007832;1;2;1;7;6;900;24/08/2016
2016007833;3;1;1;1;6;900;27/08/2016
2016007834;5;2;1;8;3;900;09/12/2016
2016007835;3;1;1;1;1;900;13/12/2016
2016007836;1;1;1;1;5;900;26/12/2016
2016007837;1;1;1;4;7;900;29/03/2016
2016007838;3;1;1;1;6;900;11/12/2016
2016007839;1;1;1;5;3;900;26/12/2016
2016007840;3;1;1;1;6;260;30/01/2016
2016007841;1;1;1;8;1;380;12/02/2016
2016007842;1;1;1;1;6;380;28/04/2016
2016007843;1;1;1;1;5;380;10/05/2016
2016007844;2;1;1;1;6;260;04/06/2016
2016007845;1;1;1;1;6;380;16/07/2016
2016007846;3;1;1;1;1;260;07/08/2016
2016007847;3;1;1;1;2;260;28/08/2016
2016007848;1;1;1;2;2;380;18/09/2016
2016007849;1;1;1;1;1;380;12/10/2016
2016007850;1;1;1;1;2;380;06/12/2016
2016007851;3;1;1;1;5;380;09/12/2016
2016007852;3;1;1;8;7;260;08/01/2016
2016007853;1;1;9;2;6;260;09/01/2016
2016007854;1;1;1;1;2;260;14/01/2016
2016007855;3;1;9;1;6;260;17/01/2016
2016007856;1;1;1;1;1;260;19/01/2016
2016007857;3;1;1;1;6;260;30/01/2016
2016007858;1;1;2;1;3;260;30/01/2016
2016007859;1;1;1;1;2;260;28/01/2016
2016007860;1;1;3;1;3;260;01/02/2016
2016007861;3;2;3;1;6;260;05/02/2016
2016007862;1;1;2;1;3;260;08/02/2016
2016007863;1;1;3;1;3;260;15/02/2016
2016007864;1;1;1;1;6;260;31/03/2016
2016007865;1;1;9;1;5;260;01/04/2016
2016007866;1;1;1;1;6;260;09/04/2016
2016007867;3;1;1;1;6;260;10/04/2016
2016007868;1;1;1;1;7;260;06/05/2016
2016007869;1;1;6;1;2;260;30/05/2016
2016007870;1;1;1;1;4;260;04/06/2016
2016007871;1;1;1;1;1;260;01/07/2016
2016007872;3;1;1;1;6;260;06/07/2016
2016007873;1;1;1;1;6;260;08/07/2016
2016007874;1;1;1;1;6;260;13/07/2016
2016007875;1;1;1;1;4;260;21/07/2016
2016007876;3;1;1;1;4;260;27/07/2016
2016007877;3;1;1;1;6;260;06/08/2016
2016007878;1;1;1;1;7;260;11/08/2016
2016007879;2;1;1;1;4;260;14/08/2016
2016007880;1;1;2;1;5;260;13/08/2016
2016007881;1;1;1;1;3;260;17/08/2016
2016007882;1;1;1;1;1;260;11/09/2016
2016007883;3;1;1;1;6;260;19/09/2016
2016007884;1;1;1;1;1;260;21/09/2016
2016007885;1;1;1;1;6;260;30/09/2016
2016007886;1;1;1;1;1;260;04/10/2016
2016007887;1;1;1;1;6;260;05/10/2016
2016007888;1;1;1;1;6;260;12/10/2016
2016007889;1;1;4;1;7;260;16/10/2016
2016007890;1;1;1;1;3;260;29/10/2016
2016007891;1;1;2;1;6;260;04/11/2016
2016007892;1;1;1;1;3;260;06/11/2016
2016007893;2;1;2;2;3;260;10/11/2016
2016007894;3;2;1;6;1;260;21/11/2016
2016007895;3;1;3;1;6;260;28/11/2016
2016007896;1;1;1;1;6;260;21/12/2016
2016007897;1;1;1;1;5;130;19/01/2016
2016007898;1;2;8;2;1;130;07/02/2016
2016007899;1;1;1;1;3;130;25/03/2016
2016007900;1;1;2;1;3;130;08/03/2016
2016007901;1;1;1;1;6;130;23/03/2016
2016007902;1;1;2;1;3;130;11/04/2016
2016007903;1;1;1;6;3;130;24/04/2016
2016007904;1;1;1;1;3;130;18/01/2016
2016007905;3;1;1;8;7;130;04/08/2016
2016007906;2;1;1;1;1;130;16/01/2016
2016007907;1;2;1;1;3;130;06/04/2016
2016007908;1;2;1;1;1;130;15/05/2016
2016007909;1;1;1;1;3;130;31/05/2016
2016007910;2;1;1;1;1;130;22/06/2016
2016007911;1;2;1;1;1;130;11/07/2016
2016007912;3;2;1;1;3;130;17/09/2016
2016007913;3;1;1;1;1;130;15/11/2016
2016007914;1;1;1;1;6;130;23/12/2016
2016007915;1;1;1;2;6;130;07/01/2016
2016007916;1;2;1;1;3;130;01/03/2016
2016007917;1;2;3;1;3;130;02/03/2016
2016007918;1;1;9;1;3;130;18/04/2016
2016007919;1;2;1;1;6;130;20/04/2016
2016007920;1;2;1;1;6;130;17/06/2016
2016007921;1;1;1;1;2;130;08/08/2016
2016007922;1;1;1;1;1;130;14/09/2016
2016007923;1;1;1;7;3;130;30/06/2016
2016007924;1;2;1;1;1;130;21/07/2016
2016007925;1;2;1;1;6;130;30/07/2016
2016007926;1;2;1;7;3;130;04/08/2016
2016007927;1;2;1;1;3;130;16/08/2016
2016007928;2;2;1;1;1;130;05/12/2016
2016007929;1;2;1;1;6;130;08/12/2016
2016007930;1;1;1;1;3;130;31/05/2016
2016007931;1;1;2;1;1;130;05/07/2016
2016007932;1;2;1;1;1;130;06/07/2016
2016007933;1;1;1;1;3;130;08/07/2016
2016007934;1;2;1;1;7;130;17/09/2016
2016007935;1;1;1;1;2;130;11/10/2016
2016007936;1;1;1;1;2;130;07/01/2016
2016007937;1;1;1;6;7;130;01/02/2016
2016007938;1;1;1;1;6;130;26/04/2016
2016007939;1;1;1;1;6;130;29/05/2016
2016007940;1;1;1;1;5;130;13/07/2016
2016007941;1;1;1;1;3;130;15/08/2016
2016007942;1;1;1;1;7;130;18/09/2016
2016007943;1;1;1;1;7;130;19/10/2016
2016007944;1;2;1;1;3;130;24/10/2016
2016007945;1;1;1;1;2;130;26/10/2016
2016007946;1;2;1;1;3;130;28/01/2016
2016007947;3;1;1;8;6;130;28/01/2016
2016007948;1;1;1;1;3;130;01/05/2016
2016007949;1;2;6;1;6;130;15/06/2016
2016007950;1;1;1;1;6;130;17/06/2016
2016007951;3;1;1;1;1;130;10/07/2016
2016007952;3;1;2;1;3;130;13/08/2016
2016007953;1;1;2;1;3;130;16/08/2016
2016007954;1;1;2;1;3;130;02/09/2016
2016007955;3;1;1;1;6;130;07/09/2016
2016007956;1;1;2;1;3;130;22/09/2016
2016007957;3;1;1;1;6;130;27/11/2016
2016007958;1;2;3;1;1;130;07/03/2016
2016007959;1;1;1;1;4;130;13/03/2016
2016007960;1;1;1;1;5;130;06/06/2016
2016007961;3;1;1;1;6;130;25/09/2016
2016007962;3;1;1;1;6;130;23/02/2016
2016007963;5;2;1;6;1;130;01/03/2016
2016007964;1;1;6;1;6;130;23/03/2016
2016007965;1;1;6;1;3;130;16/04/2016
2016007966;3;1;1;8;6;130;01/05/2016
2016007967;1;1;1;1;1;130;16/06/2016
2016007968;4;2;1;1;6;130;19/07/2016
2016007969;1;1;6;1;3;130;03/08/2016
2016007970;1;1;1;1;7;130;17/08/2016
2016007971;1;1;1;1;6;130;02/10/2016
2016007972;3;1;1;1;6;130;25/10/2016
2016007973;3;1;1;1;5;130;27/11/2016
2016007974;3;1;1;1;6;130;18/12/2016
2016007975;3;1;1;1;6;130;23/12/2016
2016007976;1;1;9;8;3;130;13/04/2016
2016007977;1;1;2;1;3;130;27/05/2016
2016007978;1;1;1;1;1;130;27/06/2016
2016007979;1;2;1;1;6;130;30/10/2016
2016007980;3;2;1;1;6;130;07/12/2016
2016007981;1;2;1;1;4;130;31/01/2016
2016007982;1;1;1;1;6;130;18/03/2016
2016007983;5;1;1;1;6;130;26/03/2016
2016007984;1;1;1;1;3;130;28/04/2016
2016007985;1;1;1;1;1;130;29/05/2016
2016007986;1;1;1;2;3;130;14/09/2016
2016007987;1;1;1;1;6;130;11/11/2016
2016007988;1;2;1;1;7;130;28/11/2016
2016007989;1;1;1;1;7;130;18/12/2016
2016007990;1;1;1;1;1;130;31/01/2016
2016007991;1;1;1;2;1;130;07/02/2016
2016007992;1;2;1;1;1;130;02/03/2016
2016007993;1;2;1;1;3;130;10/03/2016
2016007994;1;1;1;1;1;130;29/03/2016
2016007995;1;1;1;1;6;130;13/04/2016
2016007996;5;2;1;1;6;130;28/04/2016
2016007997;1;1;1;1;1;130;24/05/2016
2016007998;1;1;1;1;1;130;29/05/2016
2016007999;1;2;1;1;2;130;06/06/2016
2016008000;1;1;1;1;5;130;30/06/2016
2016008001;2;1;1;1;6;130;30/06/2016
2016008002;1;2;1;1;3;130;16/07/2016
2016008003;1;1;1;1;7;130;09/10/2016
2016008004;3;1;1;1;1;130;25/11/2016
2016008005;1;1;9;1;1;130;02/12/2016
2016008006;1;1;1;1;1;130;03/06/2016
2016008007;1;2;1;1;5;130;08/07/2016
2016008008;1;1;1;1;6;130;08/06/2016
2016008009;1;1;1;1;2;130;21/07/2016
2016008010;1;1;1;2;5;130;14/09/2016
2016008011;1;1;1;1;3;130;03/11/2016
2016008012;2;1;1;1;1;130;06/12/2016
2016008013;1;1;1;1;1;130;18/03/2016
2016008014;2;1;1;1;1;130;19/04/2016
2016008015;1;2;1;1;5;130;21/05/2016
2016008016;1;2;1;1;7;130;24/06/2016
2016008017;1;1;1;1;5;130;09/07/2016
2016008018;5;2;1;1;6;130;28/07/2016
2016008019;1;1;1;1;5;130;13/08/2016
2016008020;1;2;9;1;3;130;17/09/2016
2016008021;1;2;1;1;6;130;23/11/2016
2016008022;3;1;1;1;2;130;03/06/2016
2016008023;3;1;6;1;7;130;29/06/2016
2016008024;1;1;1;1;6;130;07/07/2016
2016008025;1;1;1;1;1;130;21/09/2016
2016008026;3;1;1;1;3;130;03/11/2016
2016008027;1;2;6;1;1;130;08/11/2016
2016008028;1;1;1;1;7;130;19/06/2016
2016008029;1;1;1;1;1;130;13/07/2016
2016008030;3;2;1;1;6;130;11/12/2016
2016008031;3;1;1;1;1;130;01/03/2016
2016008032;1;1;1;1;6;130;02/06/2016
2016008033;1;1;1;1;3;130;12/01/2016
2016008034;1;1;1;1;1;130;01/02/2016
2016008035;3;1;1;1;2;130;19/02/2016
2016008036;1;1;1;1;6;130;28/02/2016
2016008037;1;1;1;1;1;130;18/03/2016
2016008038;1;1;1;1;2;130;20/03/2016
2016008039;1;1;1;1;3;130;25/06/2016
2016008040;1;2;1;1;3;130;09/07/2016
2016008041;2;1;1;3;6;130;31/07/2016
2016008042;1;1;6;1;1;130;19/08/2016
2016008043;1;2;1;1;1;130;07/09/2016
2016008044;2;1;1;1;3;130;30/10/2016
2016008045;3;1;1;1;2;130;01/11/2016
2016008046;1;1;1;3;1;130;21/11/2016
2016008047;3;1;1;5;7;130;06/12/2016
2016008048;1;1;1;1;6;130;19/12/2016
2016008049;1;1;1;1;6;130;10/03/2016
2016008050;3;1;1;1;1;130;05/07/2016
2016008051;1;1;1;1;1;130;12/07/2016
2016008052;1;1;1;1;6;130;04/09/2016
2016008053;3;1;1;1;7;130;26/10/2016
2016008054;1;1;1;1;1;40;30/01/2016
2016008055;3;1;1;2;7;40;05/03/2016
2016008056;1;2;1;1;1;40;31/03/2016
2016008057;1;1;1;1;1;40;15/05/2016
2016008058;1;1;1;1;1;40;17/05/2016
2016008059;1;1;1;1;3;40;11/06/2016
2016008060;1;1;1;1;1;40;14/06/2016
2016008061;1;1;1;1;5;40;27/06/2016
2016008062;1;1;2;1;3;40;07/07/2016
2016008063;1;1;1;1;1;40;08/07/2016
2016008064;1;1;1;2;7;40;24/07/2016
2016008065;1;1;1;1;5;40;31/07/2016
2016008066;1;1;6;1;1;40;15/12/2016
2016008067;3;1;6;1;6;40;03/04/2016
2016008068;1;1;1;1;1;40;22/05/2016
2016008069;1;1;1;1;7;40;23/06/2016
2016008070;1;1;1;1;1;40;12/07/2016
2016008071;3;1;1;1;6;40;01/08/2016
2016008072;1;2;1;1;6;40;01/08/2016
2016008073;3;1;1;1;7;40;08/08/2016
2016008074;1;1;6;1;2;40;09/08/2016
2016008075;1;1;1;1;6;40;21/08/2016
2016008076;1;1;1;1;1;40;30/08/2016
2016008077;2;1;1;1;1;40;20/11/2016
2016008078;3;1;1;1;6;40;21/12/2016
2016008079;1;1;3;1;3;40;20/05/2016
2016008080;1;1;1;1;7;40;23/05/2016
2016008081;1;1;1;1;1;40;02/06/2016
2016008082;1;1;1;1;1;40;14/06/2016
2016008083;1;1;3;1;3;40;24/07/2016
2016008084;1;2;1;1;1;40;18/07/2016
2016008085;1;1;1;1;6;40;28/09/2016
2016008086;2;2;1;1;3;40;16/10/2016
2016008087;2;1;1;1;7;40;12/11/2016
2016008088;3;1;1;1;6;40;19/11/2016
2016008089;3;1;1;2;6;40;24/11/2016
2016008090;1;2;1;1;7;40;24/04/2016