num_acc;lum;agg;inter;atm;col;dep;date
2016008673;1;1;1;1;7;340;03/07/2016
2016008674;1;2;1;1;6;340;16/07/2016
2016008675;1;1;1;1;6;340;16/08/2016
2016008676;1;1;1;1;6;340;31/08/2016
2016008677;1;1;1;1;3;340;02/09/2016
2016008678;5;2;1;3;3;340;23/10/2016
2016008679;1;2;1;1;3;340;09/12/2016
2016008680;1;2;1;1;1;340;03/02/2016
2016008681;1;2;1;1;3;340;20/06/2016
2016008682;1;1;1;1;3;340;01/07/2016
2016008683;1;2;6;1;2;340;12/07/2016
2016008684;5;2;1;1;6;340;21/07/2016
2016008685;5;2;1;1;3;340;15/08/2016
2016008686;1;2;1;1;3;340;02/09/2016
2016008687;1;1;9;1;6;340;05/09/2016
2016008688;1;1;1;7;3;340;02/10/2016
2016008689;5;2;1;1;6;340;18/10/2016
2016008690;1;2;1;1;3;340;18/12/2016
2016008691;1;2;1;1;6;340;13/01/2016
2016008692;2;1;9;1;2;340;25/01/2016
2016008693;1;1;1;1;7;340;07/02/2016
2016008694;1;1;1;1;1;340;19/03/2016
2016008695;1;1;1;1;3;340;26/03/2016
2016008696;1;1;1;1;6;340;11/04/2016
2016008697;1;1;1;1;5;340;08/06/2016
2016008698;1;1;3;1;3;340;15/07/2016
2016008699;1;1;1;1;3;340;31/07/2016
2016008700;1;2;1;1;3;340;20/08/2016
2016008701;1;2;1;1;3;340;06/09/2016
2016008702;1;2;1;1;3;340;08/09/2016
2016008703;1;1;1;1;1;340;23/09/2016
2016008704;1;1;1;1;6;340;02/11/2016
2016008705;3;1;1;1;5;340;17/11/2016
2016008706;1;1;1;8;6;340;04/12/2016
2016008707;2;1;1;1;3;340;05/12/2016
2016008708;1;1;1;1;2;340;08/12/2016
2016008709;2;1;1;1;2;340;26/12/2016
2016008710;3;1;1;1;3;340;28/12/2016
2016008711;2;1;1;1;3;340;05/01/2016
2016008712;4;2;6;2;3;340;03/01/2016
2016008713;1;1;1;1;1;340;14/01/2016
2016008714;1;1;2;1;3;340;29/03/2016
2016008715;1;1;3;2;3;340;22/04/2016
2016008716;3;1;1;1;6;340;16/05/2016
2016008717;1;1;6;1;6;340;19/05/2016
2016008718;1;1;1;1;4;340;18/07/2016
2016008719;1;2;1;1;1;340;12/08/2016
2016008720;1;2;1;1;6;340;21/10/2016
2016008721;1;1;1;1;5;340;10/11/2016
2016008722;3;1;1;1;3;340;08/12/2016
2016008723;1;1;1;1;6;340;14/03/2016
2016008724;1;1;1;1;6;340;29/06/2016
2016008725;3;1;1;1;6;340;10/07/2016
2016008726;1;1;2;1;1;340;23/07/2016
2016008727;1;1;3;1;3;340;15/08/2016
2016008728;2;2;9;1;3;340;03/09/2016
2016008729;1;1;1;1;5;340;19/09/2016
2016008730;1;2;1;1;6;340;08/02/2016
2016008731;1;1;1;1;3;340;13/04/2016
2016008732;1;1;1;3;3;340;22/05/2016
2016008733;1;1;1;1;3;340;05/06/2016
2016008734;1;1;1;1;3;340;30/06/2016
2016008735;3;1;1;1;6;340;09/07/2016
2016008736;1;2;1;1;1;340;09/10/2016
2016008737;1;1;1;1;1;340;16/10/2016
2016008738;1;2;1;1;6;340;15/11/2016
2016008739;1;1;1;3;3;340;24/11/2016
2016008740;1;1;1;5;6;340;29/11/2016
2016008741;2;1;4;1;5;340;15/02/2016
2016008742;1;2;2;1;3;340;16/03/2016
2016008743;5;1;1;1;3;340;25/03/2016
2016008744;1;1;1;1;6;340;11/06/2016
2016008745;3;2;1;3;6;340;18/06/2016
2016008746;1;1;1;1;6;340;05/07/2016
2016008747;1;1;1;1;5;340;29/07/2016
2016008748;1;1;1;1;1;340;06/12/2016
2016008749;2;1;1;1;6;340;29/11/2016
2016008750;1;1;1;1;2;340;08/02/2016
2016008751;1;1;1;2;1;340;18/05/2016
2016008752;1;1;1;1;6;340;20/06/2016
2016008753;1;2;1;1;3;340;28/06/2016
2016008754;1;1;6;1;6;340;13/07/2016
2016008755;1;1;1;1;1;340;18/07/2016
2016008756;1;2;6;1;6;340;28/07/2016
2016008757;1;1;1;1;4;340;19/08/2016
2016008758;3;1;1;1;6;340;19/11/2016
2016008759;3;1;1;1;7;340;21/11/2016
2016008760;5;2;1;2;6;340;27/03/2016
2016008761;1;1;1;1;6;340;04/04/2016
2016008762;1;2;1;1;6;340;30/05/2016
2016008763;1;1;1;1;6;340;31/05/2016
2016008764;1;1;1;1;1;340;14/11/2016
2016008765;1;1;1;1;6;340;15/07/2016
2016008766;3;1;1;1;6;340;03/08/2016
2016008767;3;1;1;1;3;340;10/02/2016
2016008768;1;1;1;1;7;340;07/08/2016
2016008769;1;2;1;1;6;340;09/08/2016
2016008770;1;1;1;1;6;340;28/08/2016
2016008771;1;1;1;1;2;340;26/08/2016
2016008772;1;2;1;1;2;340;18/10/2016
2016008773;1;2;1;1;6;340;25/10/2016
2016008774;1;1;1;1;2;340;18/05/2016
2016008775;1;1;1;1;7;340;23/06/2016
2016008776;1;1;1;1;6;340;28/01/2016
2016008777;3;1;1;1;6;340;12/03/2016
2016008778;1;1;1;1;7;340;06/06/2016
2016008779;1;1;1;1;6;340;17/07/2016
2016008780;1;1;1;1;1;340;19/07/2016
2016008781;1;1;1;1;6;340;05/08/2016
2016008782;1;1;1;1;7;340;21/08/2016
2016008783;1;1;1;1;1;340;10/09/2016
2016008784;1;2;1;1;6;340;18/11/2016
2016008785;1;2;1;5;6;340;21/01/2016
2016008786;1;1;1;1;6;340;02/07/2016
2016008787;1;1;1;1;2;340;06/07/2016
2016008788;3;1;1;1;5;340;07/07/2016
2016008789;1;1;1;1;6;340;05/08/2016
2016008790;1;2;6;1;7;340;17/08/2016
2016008791;3;1;1;1;3;340;11/09/2016
2016008792;1;1;1;3;1;340;13/10/2016
2016008793;2;2;1;1;6;340;31/10/2016
2016008794;1;2;1;1;6;340;22/10/2016
2016008795;1;1;1;1;7;340;18/06/2016
2016008796;1;1;1;1;3;340;20/06/2016
2016008797;2;1;1;1;6;340;16/10/2016
2016008798;1;2;1;1;6;340;05/07/2016
2016008799;3;1;1;1;7;340;09/07/2016
2016008800;3;1;1;1;6;340;15/07/2016
2016008801;1;1;1;1;3;340;21/07/2016
2016008802;1;1;1;1;7;340;25/07/2016
2016008803;1;2;1;1;2;340;14/11/2016
2016008804;1;1;1;2;6;340;18/11/2016
2016008805;2;1;1;1;6;340;23/02/2016
2016008806;1;1;1;1;1;340;21/06/2016
2016008807;1;1;1;1;1;340;30/06/2016
2016008808;3;1;1;1;6;340;05/09/2016
2016008809;3;1;1;1;6;340;14/11/2016
2016008810;1;1;1;1;3;340;07/12/2016
2016008811;2;2;1;2;6;340;23/01/2016
2016008812;1;2;1;1;6;340;08/02/2016
2016008813;1;1;1;1;6;340;13/02/2016
2016008814;1;2;1;1;2;340;30/03/2016
2016008815;1;1;1;1;2;340;06/05/2016
2016008816;1;1;1;1;1;340;14/06/2016
2016008817;1;1;1;1;6;340;03/07/2016
2016008818;3;1;1;1;7;340;26/08/2016
2016008819;5;2;1;1;6;340;02/09/2016
2016008820;5;2;1;1;3;340;20/09/2016
2016008821;1;2;1;8;1;340;25/10/2016
2016008822;3;1;1;1;6;340;31/10/2016
2016008823;3;1;1;1;1;340;30/11/2016
2016008824;3;1;1;1;6;340;12/01/2016
2016008825;1;1;1;2;7;340;22/05/2016
2016008826;3;1;1;1;6;340;15/07/2016
2016008827;1;2;1;1;6;340;31/07/2016
2016008828;1;2;1;1;1;340;12/08/2016
2016008829;1;1;1;1;1;340;22/08/2016
2016008830;1;2;1;1;1;340;12/09/2016
2016008831;5;2;1;1;4;340;30/09/2016
2016008832;3;1;1;1;1;340;19/10/2016
2016008833;1;1;1;1;3;340;06/02/2016
2016008834;3;2;1;1;5;340;12/02/2016
2016008835;1;2;1;1;2;340;10/04/2016
2016008836;5;2;6;1;6;340;18/06/2016
2016008837;1;1;1;1;1;340;04/07/2016
2016008838;1;2;1;1;6;340;28/12/2016
2016008839;1;1;1;8;6;110;15/01/2016
2016008840;1;1;1;8;5;110;15/03/2016
2016008841;1;2;1;1;3;110;18/05/2016
2016008842;1;1;1;1;6;110;14/07/2016
2016008843;3;1;1;1;6;110;24/07/2016
2016008844;3;1;1;1;6;110;27/07/2016
2016008845;4;2;1;1;6;110;19/08/2016
2016008846;5;2;1;1;6;110;22/08/2016
2016008847;1;1;1;1;1;110;15/11/2016
2016008848;2;1;1;1;3;110;24/11/2016
2016008849;1;1;1;1;1;110;12/12/2016
2016008850;5;2;1;3;6;110;16/12/2016
2016008851;5;2;1;1;7;110;18/12/2016
2016008852;1;1;1;8;7;110;14/05/2016
2016008853;1;1;1;1;2;110;19/08/2016
2016008854;3;1;1;1;6;110;18/11/2016
2016008855;1;2;1;1;3;110;27/01/2016
2016008856;1;1;1;1;6;110;22/04/2016
2016008857;1;1;1;6;6;110;13/09/2016
2016008858;1;1;1;2;6;110;23/10/2016
2016008859;1;1;1;2;3;110;10/02/2016
2016008860;1;1;1;2;1;110;12/02/2016
2016008861;1;1;2;1;3;110;05/03/2016
2016008862;1;1;1;1;3;110;08/04/2016
2016008863;1;2;1;1;3;110;15/05/2016
2016008864;3;1;1;1;7;110;21/06/2016
2016008865;1;1;1;1;2;110;21/08/2016
2016008866;1;1;1;1;3;110;10/10/2016
2016008867;1;1;1;1;1;110;10/10/2016
2016008868;1;1;1;1;6;110;11/10/2016
2016008869;1;1;1;1;6;110;13/10/2016
2016008870;3;1;1;1;7;110;06/12/2016
2016008871;2;1;1;3;6;110;09/02/2016
2016008872;3;1;1;1;1;110;19/02/2016
2016008873;5;2;1;1;1;110;01/03/2016
2016008874;1;2;1;1;6;110;14/05/2016
2016008875;1;1;1;2;7;110;22/05/2016
2016008876;1;1;1;3;1;110;22/05/2016
2016008877;2;1;1;1;6;110;23/06/2016
2016008878;3;1;1;2;6;110;05/08/2016
2016008879;3;1;1;1;6;110;10/09/2016
2016008880;1;1;1;1;3;110;13/09/2016
2016008881;1;1;1;1;1;110;15/10/2016
2016008882;2;1;1;1;6;110;18/10/2016
2016008883;3;2;1;1;6;110;27/11/2016
2016008884;1;1;1;6;6;110;08/05/2016
2016008885;1;1;1;1;7;110;20/07/2016
2016008886;1;1;1;1;1;110;03/01/2016
2016008887;1;1;1;8;1;110;28/01/2016
2016008888;3;1;1;1;6;110;10/04/2016
2016008889;1;2;1;1;3;110;28/04/2016
2016008890;5;2;1;1;6;110;15/05/2016
2016008891;3;1;1;2;7;110;31/05/2016
2016008892;1;1;1;1;3;110;12/06/2016
2016008893;1;1;1;1;1;110;01/07/2016
2016008894;1;1;1;2;3;110;22/07/2016
2016008895;2;2;1;1;6;110;06/09/2016
2016008896;3;1;1;1;1;110;18/09/2016
2016008897;1;2;1;1;6;110;30/10/2016
2016008898;1;1;1;1;6;110;24/11/2016
2016008899;3;1;1;1;3;110;05/12/2016
2016008900;1;1;1;4;6;110;15/01/2016
2016008901;1;1;1;1;6;110;23/01/2016
2016008902;1;1;1;1;7;110;23/08/2016
2016008903;1;1;1;1;7;110;14/04/2016
2016008904;1;1;1;8;1;110;23/01/2016
2016008905;1;2;1;1;6;110;01/03/2016
2016008906;1;1;1;1;6;110;25/04/2016
2016008907;1;1;1;1;6;110;30/07/2016
2016008908;1;1;1;1;1;110;05/08/2016
2016008909;1;1;1;1;6;110;18/08/2016
2016008910;1;1;1;1;1;110;30/08/2016
2016008911;1;1;1;1;6;110;02/09/2016
2016008912;1;1;1;1;1;110;07/10/2016
2016008913;2;1;1;1;6;110;18/10/2016
2016008914;1;2;2;1;1;110;07/01/2016
2016008915;3;1;1;5;6;110;09/01/2016
2016008916;1;2;1;1;6;110;08/02/2016
2016008917;3;1;1;1;7;110;20/02/2016
2016008918;1;1;1;1;7;110;23/03/2016
2016008919;1;2;1;1;3;110;06/06/2016
2016008920;1;1;1;1;1;110;24/06/2016
2016008921;1;2;1;1;2;110;01/07/2016
2016008922;1;2;1;1;1;110;14/07/2016
2016008923;1;1;1;1;6;110;20/09/2016
2016008924;1;1;1;8;1;110;25/10/2016
2016008925;1;1;2;1;3;110;27/10/2016
2016008926;3;1;1;1;6;110;19/11/2016
2016008927;3;1;1;1;7;110;08/04/2016
2016008928;1;1;1;1;7;110;14/06/2016
2016008929;1;1;1;1;6;110;01/07/2016
2016008930;1;1;1;1;6;110;11/07/2016
2016008931;1;1;1;1;6;110;06/09/2016
2016008932;1;1;1;1;3;110;10/09/2016
2016008933;1;1;2;1;3;110;16/01/2016
2016008934;1;1;1;2;1;110;03/03/2016
2016008935;1;2;1;1;3;110;14/04/2016
2016008936;1;1;1;1;6;110;16/05/2016
2016008937;1;1;1;1;6;110;22/06/2016
2016008938;1;2;1;1;3;110;09/08/2016
2016008939;3;1;1;1;4;110;26/09/2016
2016008940;1;1;1;7;6;110;30/10/2016
2016008941;1;1;1;1;1;110;27/11/2016
2016008942;3;1;1;1;6;110;09/12/2016
2016008943;2;2;1;1;6;110;05/02/2016
2016008944;1;1;1;1;3;110;24/04/2016
2016008945;1;1;1;1;6;110;06/08/2016
2016008946;1;1;1;1;5;110;13/08/2016
2016008947;2;1;1;1;3;110;28/08/2016
2016008948;1;1;1;1;4;110;27/12/2016
2016008949;1;1;9;1;1;300;15/01/2016
2016008950;1;1;1;1;6;300;18/04/2016
2016008951;3;1;1;1;6;300;07/05/2016
2016008952;1;1;1;1;1;300;31/05/2016
2016008953;1;1;2;7;3;300;03/07/2016
2016008954;2;1;1;1;1;300;23/07/2016
2016008955;1;2;1;1;1;300;14/11/2016
2016008956;1;1;1;1;6;300;04/02/2016
2016008957;1;2;1;1;6;300;21/05/2016
2016008958;1;1;1;1;3;300;29/06/2016
2016008959;3;1;1;1;6;300;02/07/2016
2016008960;1;1;3;1;3;300;26/08/2016
2016008961;1;1;1;1;1;300;13/03/2016
2016008962;5;2;1;1;7;300;06/04/2016
2016008963;1;1;1;1;5;300;28/04/2016
2016008964;1;1;1;1;6;300;28/09/2016
2016008965;1;2;1;1;3;300;27/09/2016
2016008966;1;1;1;1;6;300;05/01/2016
2016008967;1;1;1;1;1;300;30/12/2016
2016008968;3;1;1;1;1;300;23/01/2016
2016008969;2;2;1;1;3;300;19/02/2016
2016008970;5;2;1;1;6;300;16/04/2016
2016008971;3;1;1;1;6;300;09/06/2016
2016008972;1;2;1;1;1;300;15/08/2016
2016008973;1;1;6;7;7;300;25/08/2016
2016008974;1;2;1;1;3;300;26/09/2016
2016008975;3;1;1;1;3;300;18/10/2016
2016008976;2;1;1;1;6;300;07/11/2016
2016008977;3;1;1;1;1;300;24/12/2016
2016008978;1;1;1;1;1;300;22/03/2016
2016008979;2;2;1;1;6;300;08/07/2016
2016008980;1;1;1;1;6;300;20/08/2016
2016008981;1;1;1;1;3;300;03/10/2016
2016008982;2;2;1;3;1;300;13/10/2016
2016008983;3;1;1;2;1;300;02/04/2016
2016008984;1;2;1;2;1;300;04/04/2016
2016008985;1;2;1;1;6;300;03/10/2016
2016008986;1;1;1;2;7;300;18/11/2016
2016008987;3;2;9;1;3;300;26/11/2016
2016008988;1;1;1;6;7;300;01/05/2016
2016008989;1;2;1;1;6;300;25/05/2016
2016008990;1;1;1;1;2;300;03/07/2016
2016008991;1;1;3;1;3;300;10/09/2016
2016008992;1;1;1;1;3;300;08/11/2016
2016008993;3;1;1;1;3;300;14/11/2016
2016008994;5;2;6;1;3;300;12/12/2016
2016008995;3;1;1;2;7;300;16/12/2016
2016008996;1;1;9;2;7;300;21/04/2016
2016008997;1;2;1;1;3;300;19/06/2016
2016008998;2;1;2;1;3;300;22/06/2016
2016008999;1;1;1;1;1;300;24/06/2016
2016009000;3;1;1;1;6;300;12/07/2016
2016009001;1;2;1;1;6;300;30/01/2016
2016009002;1;1;1;1;7;300;05/05/2016
2016009003;1;1;1;1;1;300;16/05/2016
2016009004;1;2;1;1;2;300;19/06/2016
2016009005;1;1;1;1;7;300;11/07/2016
2016009006;1;1;1;1;1;300;31/07/2016
2016009007;1;1;1;1;5;300;21/08/2016
2016009008;1;1;1;1;6;300;06/01/2016
2016009009;1;2;1;1;7;300;14/01/2016
2016009010;2;1;1;1;1;300;18/04/2016
2016009011;1;2;1;7;1;300;05/05/2016
2016009012;3;1;1;1;6;300;07/05/2016
2016009013;1;1;9;1;3;300;10/05/2016
2016009014;1;1;1;7;1;300;11/08/2016
2016009015;1;2;1;1;1;300;19/08/2016
2016009016;3;1;1;1;6;300;01/09/2016
2016009017;1;1;1;1;5;300;03/10/2016
2016009018;1;1;1;7;6;300;21/10/2016
2016009019;1;1;1;1;2;300;04/11/2016
2016009020;1;1;1;1;6;300;14/11/2016
2016009021;5;1;1;8;3;300;27/11/2016
2016009022;1;1;1;1;5;300;02/12/2016
2016009023;3;1;1;2;5;300;25/02/2016
2016009024;1;1;1;1;1;300;23/03/2016
2016009025;1;1;1;1;3;300;15/04/2016
2016009026;1;2;3;1;1;300;30/04/2016
2016009027;1;1;1;1;6;300;04/05/2016
2016009028;1;1;1;1;6;300;20/05/2016
2016009029;1;1;1;1;3;300;10/06/2016
2016009030;3;1;1;1;6;300;01/07/2016
2016009031;3;1;1;1;6;300;07/09/2016
2016009032;2;2;1;1;7;300;30/09/2016
2016009033;1;2;1;1;1;300;10/10/2016
2016009034;1;1;2;2;3;300;26/10/2016
2016009035;3;1;1;1;6;300;31/10/2016
2016009036;1;2;3;1;3;300;09/12/2016
2016009037;1;2;2;1;1;300;18/12/2016
2016009038;1;2;1;1;5;300;18/01/2016
2016009039;1;1;1;1;1;300;25/02/2016
2016009040;1;1;1;1;1;300;12/05/2016
2016009041;1;1;1;1;1;300;21/05/2016
2016009042;1;2;1;1;2;300;15/07/2016
2016009043;1;1;1;1;6;300;20/07/2016
2016009044;1;1;1;1;2;300;06/08/2016
2016009045;1;1;1;1;6;300;23/09/2016
2016009046;3;1;1;3;7;300;23/10/2016
2016009047;3;1;1;1;6;300;01/11/2016
2016009048;4;1;1;1;6;300;05/01/2016
2016009049;1;1;1;3;3;300;03/04/2016
2016009050;1;1;1;1;1;300;08/04/2016
2016009051;1;1;1;2;1;300;11/05/2016
2016009052;1;2;1;1;2;300;09/06/2016
2016009053;1;2;1;1;2;300;30/06/2016
2016009054;3;1;1;1;6;300;08/07/2016
2016009055;1;1;1;1;1;300;28/07/2016
2016009056;3;1;1;1;7;300;25/08/2016
2016009057;1;1;1;1;3;300;02/02/2016
2016009058;2;1;1;1;5;300;24/02/2016
2016009059;1;1;1;1;6;300;05/03/2016
2016009060;3;1;1;1;6;300;22/03/2016
2016009061;1;1;1;1;5;300;20/04/2016
2016009062;1;1;1;1;1;300;10/06/2016
2016009063;1;1;1;1;6;300;06/07/2016
2016009064;2;1;1;7;7;300;27/07/2016
2016009065;1;2;1;1;6;300;15/08/2016
2016009066;3;1;1;1;7;300;23/08/2016
2016009067;1;1;1;1;1;300;29/08/2016
2016009068;1;2;1;1;3;300;04/09/2016
2016009069;1;2;1;1;6;300;16/09/2016
2016009070;2;1;1;1;6;300;24/09/2016
2016009071;2;1;1;1;2;300;25/09/2016
2016009072;3;1;1;1;7;300;19/02/2016
2016009073;1;1;1;1;1;300;10/03/2016
2016009074;1;1;1;1;6;300;04/05/2016
2016009075;1;1;1;1;3;300;01/06/2016
2016009076;1;1;1;1;2;300;04/06/2016
2016009077;2;1;1;1;3;300;21/06/2016
2016009078;1;1;1;1;6;300;29/06/2016
2016009079;1;1;1;1;7;300;03/07/2016
2016009080;1;2;1;1;6;300;19/07/2016
2016009081;1;1;1;8;1;300;23/07/2016
2016009082;1;1;1;1;4;300;22/07/2016
2016009083;1;1;1;1;3;300;29/07/2016
2016009084;1;1;1;9;3;300;20/08/2016
2016009085;2;1;1;1;1;300;18/09/2016
2016009086;1;1;1;1;3;300;15/10/2016
2016009087;1;1;1;1;2;300;19/10/2016
2016009088;1;1;1;1;1;300;11/11/2016
2016009089;2;1;1;8;1;300;22/11/2016
2016009090;2;1;1;1;6;300;04/12/2016
2016009091;4;1;1;1;6;300;04/12/2016
2016009092;1;1;1;1;1;300;26/03/2016
2016009093;1;1;1;1;6;300;09/06/2016
2016009094;3;1;1;1;6;300;24/07/2016
2016009095;1;1;1;1;3;300;26/07/2016
2016009096;1;1;1;7;1;300;03/08/2016
2016009097;1;1;1;1;1;300;18/09/2016
2016009098;1;1;1;1;6;300;29/09/2016
2016009099;1;1;1;1;6;300;16/11/2016
2016009100;1;1;1;1;6;300;17/11/2016
2016009101;1;1;1;1;1;300;14/05/2016
2016009102;1;2;1;1;3;300;21/09/2016
2016009103;1;1;1;8;1;300;14/02/2016
2016009104;1;1;1;1;6;300;30/05/2016
2016009105;3;1;1;1;6;300;02/07/2016
2016009106;3;1;1;1;7;300;28/08/2016
2016009107;1;1;1;1;3;300;06/09/2016
2016009108;2;1;1;2;5;300;22/11/2016
2016009109;1;1;3;1;3;480;26/04/2016
2016009110;1;1;1;1;7;480;07/07/2016
2016009111;1;1;1;1;1;480;29/07/2016
2016009112;5;2;1;1;6;480;27/11/2016
2016009113;1;1;1;1;6;480;29/12/2016
2016009114;1;1;4;1;3;480;27/06/2016
2016009115;1;1;1;1;1;480;08/08/2016
2016009116;1;1;1;1;7;480;10/09/2016
2016009117;1;1;1;1;3;480;09/04/2016
2016009118;1;1;1;1;1;480;06/05/2016
2016009119;1;1;1;1;7;480;19/06/2016
2016009120;1;1;1;1;7;480;25/07/2016
2016009121;1;1;1;8;6;480;14/12/2016
2016009122;1;1;1;1;6;480;11/06/2016
2016009123;1;1;1;1;6;480;15/03/2016
2016009124;1;1;1;7;6;480;14/07/2016
2016009125;1;1;1;1;7;480;14/05/2016
2016009126;1;1;1;1;6;480;29/06/2016
2016009127;1;1;1;1;7;480;17/07/2016
2016009128;1;1;1;2;6;480;17/08/2016
2016009129;1;1;1;1;1;480;20/10/2016
2016009130;1;2;1;1;6;480;06/12/2016
2016009131;1;1;1;1;6;480;28/11/2016
2016009132;3;1;1;1;6;480;25/09/2016
2016009133;1;1;1;1;2;480;25/10/2016
2016009134;5;2;6;4;7;480;15/02/2016
2016009135;1;2;1;1;1;480;15/03/2016
2016009136;1;1;1;1;6;480;21/07/2016
2016009137;1;2;1;1;6;660;12/01/2016
2016009138;1;2;1;1;6;660;18/05/2016
2016009139;1;2;1;1;1;660;18/07/2016
2016009140;1;1;1;1;1;660;31/05/2016
2016009141;3;1;1;1;3;660;05/08/2016
2016009142;1;2;1;1;2;660;20/08/2016
2016009143;1;1;1;1;1;660;18/08/2016
2016009144;1;2;1;1;6;660;28/08/2016
2016009145;1;1;1;1;2;660;09/12/2016
2016009146;1;2;6;1;6;660;11/12/2016
2016009147;3;1;1;1;1;660;17/12/2016
2016009148;1;2;1;1;6;660;23/03/2016
2016009149;1;2;1;1;1;660;27/06/2016
2016009150;3;1;1;1;7;660;10/12/2016
2016009151;1;1;1;1;4;660;13/12/2016
2016009152;1;1;1;7;1;660;31/08/2016
2016009153;1;1;6;1;7;660;14/03/2016
2016009154;1;1;1;1;1;660;04/05/2016
2016009155;3;1;1;1;3;660;12/08/2016
2016009156;1;2;2;1;1;660;20/09/2016
2016009157;3;1;1;1;3;660;25/11/2016
2016009158;1;1;1;1;3;660;07/01/2016
2016009159;3;1;1;1;6;660;09/02/2016
2016009160;3;1;1;1;3;660;20/02/2016
2016009161;5;2;6;1;4;660;20/03/2016
2016009162;1;2;1;1;7;660;18/07/2016
2016009163;1;1;1;1;6;660;21/07/2016
2016009164;1;1;1;1;7;660;08/08/2016
2016009165;1;1;6;1;6;660;14/12/2016
2016009166;5;2;1;1;6;660;21/03/2016
2016009167;2;1;1;7;6;660;21/06/2016
2016009168;1;2;1;1;6;660;06/09/2016
2016009169;1;2;1;1;1;660;31/03/2016
2016009170;1;1;1;1;5;660;24/06/2016
2016009171;3;1;1;1;3;660;28/06/2016
2016009172;1;2;1;1;3;660;20/07/2016
2016009173;1;1;1;1;6;660;18/08/2016
2016009174;2;2;1;1;3;660;12/09/2016
2016009175;1;2;1;1;1;660;21/02/2016
2016009176;1;1;1;1;1;660;28/03/2016
2016009177;3;1;1;1;6;660;08/05/2016
2016009178;5;2;1;1;6;660;12/05/2016
2016009179;1;2;1;1;2;660;09/06/2016
2016009180;1;1;1;1;1;660;01/08/2016
2016009181;2;1;1;1;7;660;15/10/2016
2016009182;5;2;1;1;1;660;15/10/2016
2016009183;3;1;1;1;1;660;16/10/2016
2016009184;5;1;1;1;6;660;20/11/2016
2016009185;1;1;1;2;1;660;04/01/2016
2016009186;4;2;1;8;6;660;04/01/2016
2016009187;1;1;1;1;2;660;06/04/2016
2016009188;2;1;1;1;3;660;13/06/2016
2016009189;1;1;1;1;6;660;17/06/2016
2016009190;1;1;1;1;7;660;19/07/2016
2016009191;5;2;1;1;7;660;02/12/2016
2016009192;1;2;1;1;1;660;01/04/2016
2016009193;2;1;1;1;1;660;11/04/2016
2016009194;1;2;1;1;6;660;23/06/2016
2016009195;3;2;1;2;1;660;05/09/2016
2016009196;1;1;1;1;3;660;28/09/2016
2016009197;3;2;1;1;6;660;17/11/2016
2016009198;1;2;1;1;1;660;26/12/2016
2016009199;1;2;1;1;2;660;16/04/2016
2016009200;1;1;1;1;5;660;26/07/2016
2016009201;1;1;1;1;3;660;19/08/2016
2016009202;3;1;1;1;6;660;06/10/2016
2016009203;1;1;1;1;3;660;06/03/2016
2016009204;1;1;1;1;7;660;24/03/2016
2016009205;1;1;1;1;1;660;12/04/2016
2016009206;1;2;6;7;6;660;16/07/2016
2016009207;3;2;1;1;6;660;23/07/2016
2016009208;1;1;1;1;1;660;26/07/2016
2016009209;1;1;1;1;3;660;07/08/2016
2016009210;1;1;1;1;6;660;27/08/2016
2016009211;3;1;1;1;7;660;24/09/2016
2016009212;1;2;1;1;6;660;28/10/2016
2016009213;2;1;1;1;6;660;17/12/2016
2016009214;1;1;1;1;5;660;05/07/2016
2016009215;1;2;1;1;1;660;13/07/2016
2016009216;1;1;1;1;1;660;19/07/2016
2016009217;1;2;1;1;1;660;20/09/2016
2016009218;1;1;1;1;3;660;29/10/2016
2016009219;1;2;1;2;6;660;11/05/2016
2016009220;1;1;1;1;1;660;21/05/2016
2016009221;1;1;1;1;5;660;28/06/2016
2016009222;1;2;1;1;6;660;05/02/2016
2016009223;1;2;1;7;6;660;26/03/2016
2016009224;1;1;1;1;1;660;03/09/2016
2016009225;1;1;1;1;3;660;15/10/2016
2016009226;1;1;1;1;6;660;25/10/2016
2016009227;1;1;1;1;1;660;14/02/2016
2016009228;1;1;1;1;3;660;27/05/2016
2016009229;1;1;1;1;1;660;19/06/2016
2016009230;1;1;1;1;4;660;08/08/2016
2016009231;5;2;1;1;6;660;13/12/2016
2016009232;1;2;1;1;6;201;12/06/2016
2016009233;2;1;6;1;6;201;26/06/2016
2016009234;2;2;9;1;6;201;27/01/2016
2016009235;3;1;1;1;6;201;05/05/2016
2016009236;1;1;1;1;6;201;18/06/2016
2016009237;1;1;1;1;1;201;10/08/2016
2016009238;1;1;1;1;1;201;13/08/2016
2016009239;1;1;1;1;2;201;25/08/2016
2016009240;1;1;1;1;3;201;26/08/2016
2016009241;1;2;1;1;3;201;30/08/2016
2016009242;1;1;1;1;2;201;05/09/2016
2016009243;1;1;1;1;3;201;13/09/2016
2016009244;1;2;1;1;5;201;13/09/2016
2016009245;3;1;1;2;1;201;17/09/2016
2016009246;1;1;1;1;2;201;29/09/2016
2016009247;1;2;1;1;1;201;16/02/2016
2016009248;1;1;1;1;6;201;07/03/2016
2016009249;3;1;1;1;2;201;21/03/2016