num_acc;lum;agg;inter;atm;col;dep;date
2016009250;1;2;1;1;2;201;01/04/2016
2016009251;3;1;1;1;3;201;03/06/2016
2016009252;1;2;1;1;2;201;08/06/2016
2016009253;1;2;1;1;3;201;29/06/2016
2016009254;3;1;1;1;6;201;02/08/2016
2016009255;1;1;1;1;3;201;05/09/2016
2016009256;1;1;1;1;1;201;04/09/2016
2016009257;1;1;1;1;3;201;11/09/2016
2016009258;1;2;1;1;3;201;20/09/2016
2016009259;1;2;1;1;1;201;25/01/2016
2016009260;1;1;1;1;1;201;02/03/2016
2016009261;1;2;1;1;2;201;18/03/2016
2016009262;1;1;1;1;6;201;08/05/2016
2016009263;1;1;1;1;6;201;21/05/2016
2016009264;1;2;1;1;7;201;03/08/2016
2016009265;1;1;1;1;1;201;08/08/2016
2016009266;1;1;1;1;1;201;08/08/2016
2016009267;2;1;1;1;3;201;10/08/2016
2016009268;2;2;1;1;1;201;12/08/2016
2016009269;1;1;1;1;1;201;20/09/2016
2016009270;3;1;1;8;1;201;15/09/2016
2016009271;5;2;3;1;5;201;14/10/2016
2016009272;1;1;1;1;7;201;16/10/2016
2016009273;1;2;1;1;3;201;08/11/2016
2016009274;5;2;1;2;2;201;14/11/2016
2016009275;2;2;3;2;2;201;17/11/2016
2016009276;1;2;3;1;1;201;26/11/2016
2016009277;1;2;3;1;3;201;27/11/2016
2016009278;5;2;6;1;6;;18/12/2016
2016009279;1;2;1;1;3;201;31/07/2016
2016009280;1;1;1;1;1;201;21/04/2016
2016009281;1;1;1;1;5;201;16/07/2016
2016009282;1;1;1;3;6;201;28/02/2016
2016009283;1;1;1;1;3;201;08/05/2016
2016009284;1;1;1;1;3;202;06/01/2016
2016009285;3;1;1;1;6;202;26/01/2016
2016009286;1;1;1;3;6;202;15/02/2016
2016009287;1;2;1;1;3;202;23/02/2016
2016009288;1;2;1;1;3;202;02/03/2016
2016009289;1;2;1;1;6;202;30/03/2016
2016009290;1;2;9;1;6;202;14/04/2016
2016009291;1;1;1;1;7;202;12/05/2016
2016009292;1;1;1;1;2;202;18/05/2016
2016009293;2;1;1;1;1;202;19/07/2016
2016009294;1;2;9;1;3;202;12/08/2016
2016009295;1;1;1;1;3;202;18/08/2016
2016009296;1;2;1;1;5;202;01/09/2016
2016009297;4;1;1;1;2;202;02/09/2016
2016009298;1;1;1;2;1;202;16/09/2016
2016009299;1;2;1;1;5;202;19/09/2016
2016009300;3;2;1;5;7;202;26/10/2016
2016009301;1;2;1;1;3;202;29/10/2016
2016009302;1;1;1;2;1;202;19/11/2016
2016009303;1;1;1;8;7;202;19/11/2016
2016009304;1;1;1;1;7;202;29/11/2016
2016009305;1;1;1;1;7;202;04/12/2016
2016009306;1;1;1;1;1;202;30/12/2016
2016009307;1;2;1;1;1;202;15/03/2016
2016009308;1;1;1;1;1;202;26/05/2016
2016009309;1;2;1;1;3;202;17/08/2016
2016009310;1;1;1;1;6;202;11/09/2016
2016009311;1;1;1;1;3;202;13/09/2016
2016009312;2;2;1;1;3;202;05/12/2016
2016009313;1;1;1;1;3;202;26/06/2016
2016009314;1;1;1;1;6;202;06/10/2016
2016009315;1;1;1;1;7;202;01/02/2016
2016009316;1;1;1;1;7;202;02/04/2016
2016009317;1;1;1;1;7;202;24/04/2016
2016009318;1;1;1;1;1;202;03/05/2016
2016009319;1;1;1;1;1;202;07/05/2016
2016009320;1;2;1;1;1;202;19/05/2016
2016009321;1;2;1;1;6;202;20/05/2016
2016009322;1;1;1;1;3;202;22/05/2016
2016009323;1;1;1;1;1;202;22/05/2016
2016009324;1;1;1;1;6;202;30/05/2016
2016009325;1;2;1;1;1;202;05/06/2016
2016009326;1;2;1;1;3;202;28/07/2016
2016009327;5;2;1;1;6;202;20/09/2016
2016009328;1;1;1;7;3;202;23/09/2016
2016009329;1;2;1;1;6;202;03/10/2016
2016009330;3;1;1;1;1;202;30/12/2016
2016009331;2;1;1;1;6;202;19/01/2016
2016009332;1;1;1;1;6;202;11/06/2016
2016009333;1;1;1;2;1;202;30/08/2016
2016009334;1;2;1;1;5;202;14/09/2016
2016009335;1;1;1;1;6;202;16/10/2016
2016009336;1;1;1;1;3;202;10/05/2016
2016009337;1;2;1;6;7;202;14/06/2016
2016009338;1;2;1;1;6;202;26/08/2016
2016009339;5;2;1;1;6;202;04/11/2016
2016009340;1;1;1;1;3;202;19/11/2016
2016009341;1;1;1;1;1;202;19/11/2016
2016009342;3;1;1;1;1;202;23/11/2016
2016009343;1;2;1;1;3;202;25/11/2016
2016009344;2;2;1;1;1;202;10/12/2016
2016009345;3;1;1;1;6;202;26/02/2016
2016009346;1;1;1;1;7;202;11/03/2016
2016009347;3;1;1;1;3;202;22/03/2016
2016009348;5;2;1;2;6;202;09/04/2016
2016009349;1;1;1;8;1;202;11/05/2016
2016009350;1;1;1;1;6;202;13/05/2016
2016009351;1;1;1;1;5;202;25/05/2016
2016009352;1;1;1;1;3;202;28/05/2016
2016009353;1;1;1;1;7;202;31/05/2016
2016009354;1;2;1;1;3;202;05/06/2016
2016009355;1;2;1;1;2;202;30/06/2016
2016009356;1;2;1;1;6;202;20/08/2016
2016009357;1;1;1;2;3;202;09/09/2016
2016009358;1;2;1;1;6;202;26/09/2016
2016009359;1;1;1;3;6;202;14/11/2016
2016009360;1;2;1;2;6;202;05/12/2016
2016009361;3;1;1;1;7;202;08/05/2016
2016009362;2;1;1;1;7;202;14/08/2016
2016009363;1;1;1;1;7;202;10/09/2016
2016009364;3;1;1;1;6;202;28/05/2016
2016009365;1;1;1;1;1;202;16/06/2016
2016009366;2;1;1;1;6;202;07/09/2016
2016009367;1;1;1;2;1;202;27/10/2016
2016009368;3;1;1;1;6;202;02/11/2016
2016009369;1;1;1;1;7;202;12/12/2016
2016009370;1;1;1;1;7;202;27/12/2016
2016009371;5;1;1;2;7;202;07/02/2016
2016009372;1;1;1;1;1;202;14/03/2016
2016009373;1;1;1;1;6;202;28/03/2016
2016009374;1;1;1;1;3;202;02/07/2016
2016009375;1;2;1;1;7;202;10/07/2016
2016009376;3;1;1;1;7;202;23/08/2016
2016009377;1;1;1;1;5;202;17/09/2016
2016009378;1;1;2;1;3;202;20/09/2016
2016009379;1;2;1;1;2;202;22/11/2016
2016009380;3;1;1;1;2;202;29/11/2016
2016009381;1;1;1;1;2;202;05/12/2016
2016009382;1;1;1;1;6;202;17/12/2016
2016009383;1;2;1;1;3;202;02/06/2016
2016009384;1;2;1;1;3;202;04/06/2016
2016009385;1;1;1;1;3;202;05/02/2016
2016009386;1;1;1;3;3;202;28/02/2016
2016009387;5;1;1;1;3;202;02/03/2016
2016009388;1;2;1;1;6;202;05/05/2016
2016009389;1;1;1;1;6;202;13/06/2016
2016009390;2;1;1;1;6;202;01/07/2016
2016009391;1;1;1;1;3;202;11/07/2016
2016009392;1;2;1;1;3;202;12/08/2016
2016009393;1;2;1;3;1;202;02/10/2016
2016009394;1;2;1;2;3;202;25/10/2016
2016009395;3;1;1;1;7;202;04/03/2016
2016009396;1;1;1;1;2;202;02/03/2016
2016009397;5;2;1;1;3;202;01/11/2016
2016009398;1;1;1;1;6;202;01/11/2016
2016009399;3;1;1;1;7;202;01/12/2016
2016009400;1;2;1;1;4;202;01/12/2016
2016009401;1;1;1;1;6;202;13/12/2016
2016009402;1;2;1;1;6;50;13/01/2016
2016009403;1;2;1;1;6;50;08/04/2016
2016009404;5;2;3;1;1;50;15/04/2016
2016009405;1;2;1;2;1;50;17/04/2016
2016009406;5;2;4;1;3;50;20/07/2016
2016009407;1;1;1;8;6;50;18/09/2016
2016009408;1;2;1;1;6;50;29/10/2016
2016009409;1;2;1;7;7;50;05/11/2016
2016009410;1;2;1;7;6;50;29/11/2016
2016009411;1;2;8;7;6;50;09/12/2016
2016009412;2;1;6;1;2;50;21/12/2016
2016009413;5;2;1;1;3;50;13/01/2016
2016009414;5;2;3;1;6;50;27/12/2016
2016009415;5;2;1;1;2;50;18/01/2016
2016009416;5;2;1;1;1;50;24/01/2016
2016009417;1;1;1;1;5;50;31/01/2016
2016009418;1;2;4;1;3;50;30/03/2016
2016009419;1;2;6;1;2;50;24/03/2016
2016009420;1;2;1;1;6;50;01/04/2016
2016009421;5;1;1;1;7;50;06/04/2016
2016009422;5;2;1;1;3;50;11/05/2016
2016009423;1;2;1;1;4;50;09/05/2016
2016009424;1;2;1;1;1;50;15/05/2016
2016009425;1;2;1;1;6;50;25/05/2016
2016009426;1;1;1;1;3;50;08/07/2016
2016009427;1;1;1;1;6;50;10/07/2016
2016009428;1;2;1;1;3;50;15/07/2016
2016009429;1;2;9;1;3;50;12/07/2016
2016009430;1;2;1;1;1;50;26/07/2016
2016009431;5;2;2;1;3;50;07/08/2016
2016009432;1;2;9;1;3;50;08/08/2016
2016009433;1;2;6;1;3;50;26/08/2016
2016009434;1;1;6;1;3;50;01/09/2016
2016009435;1;1;3;1;3;50;07/09/2016
2016009436;1;2;4;1;3;50;14/09/2016
2016009437;1;2;1;1;6;50;20/09/2016
2016009438;1;2;6;1;3;50;12/10/2016
2016009439;1;2;1;1;2;50;24/10/2016
2016009440;5;2;1;1;6;50;29/10/2016
2016009441;1;1;1;1;4;50;14/11/2016
2016009442;1;1;1;1;6;780;25/08/2016
2016009443;1;1;1;1;6;780;08/10/2016
2016009444;1;1;1;1;2;780;19/10/2016
2016009445;1;2;1;8;3;780;06/01/2016
2016009446;3;1;1;2;6;780;20/02/2016
2016009447;1;2;1;8;2;780;23/02/2016
2016009448;1;2;1;1;6;780;25/03/2016
2016009449;1;2;1;1;1;780;22/06/2016
2016009450;5;2;1;1;1;780;21/08/2016
2016009451;1;2;1;7;6;780;21/09/2016
2016009452;5;2;1;1;4;780;22/01/2016
2016009453;1;2;1;1;6;780;25/01/2016
2016009454;3;1;1;1;6;780;23/02/2016
2016009455;1;1;1;8;1;780;13/06/2016
2016009456;1;1;1;1;6;780;09/09/2016
2016009457;1;1;1;1;6;780;22/09/2016
2016009458;5;1;2;1;3;780;09/10/2016
2016009459;1;1;1;5;7;780;25/02/2016
2016009460;2;1;3;1;3;780;16/03/2016
2016009461;1;1;1;3;5;780;31/05/2016
2016009462;3;1;1;6;7;780;20/11/2016
2016009463;3;1;1;5;6;780;30/12/2016
2016009464;1;1;2;2;3;780;02/02/2016
2016009465;1;1;1;1;3;780;22/03/2016
2016009466;1;2;1;1;7;780;07/10/2016
2016009467;1;1;1;9;6;780;15/01/2016
2016009468;1;1;1;8;6;780;31/01/2016
2016009469;1;1;3;1;1;780;06/05/2016
2016009470;1;2;1;7;6;780;07/07/2016
2016009471;1;2;1;1;7;780;08/05/2016
2016009472;1;1;1;1;3;780;10/06/2016
2016009473;1;1;1;1;1;780;18/11/2016
2016009474;3;1;1;2;6;780;18/12/2016
2016009475;1;1;1;1;6;780;26/09/2016
2016009476;5;2;1;1;6;780;18/12/2016
2016009477;2;2;1;2;6;780;06/01/2016
2016009478;1;1;1;3;1;780;15/01/2016
2016009479;1;1;1;1;6;780;27/02/2016
2016009480;1;1;1;1;3;780;03/05/2016
2016009481;1;1;1;2;1;780;12/05/2016
2016009482;1;1;1;1;6;780;12/07/2016
2016009483;1;1;1;1;2;780;17/07/2016
2016009484;3;1;1;9;6;780;06/12/2016
2016009485;3;1;1;1;6;780;08/12/2016
2016009486;1;2;1;1;3;780;16/03/2016
2016009487;1;1;6;1;7;780;08/06/2016
2016009488;2;1;1;1;7;780;04/10/2016
2016009489;1;1;1;2;7;780;20/10/2016
2016009490;3;1;6;8;7;780;07/11/2016
2016009491;5;1;6;1;6;780;14/11/2016
2016009492;3;1;6;2;6;780;10/12/2016
2016009493;2;1;1;5;1;780;12/12/2016
2016009494;3;1;1;1;7;780;13/12/2016
2016009495;1;2;1;1;6;780;29/03/2016
2016009496;2;2;1;1;1;780;03/05/2016
2016009497;1;1;1;1;1;780;21/05/2016
2016009498;1;1;1;1;1;780;27/05/2016
2016009499;1;1;1;1;1;780;25/06/2016
2016009500;1;2;1;1;7;780;11/10/2016
2016009501;2;2;1;2;6;780;16/11/2016
2016009502;3;1;1;3;6;780;22/12/2016
2016009503;1;2;3;1;1;780;27/03/2016
2016009504;1;1;1;1;6;780;04/04/2016
2016009505;5;1;1;1;6;780;24/05/2016
2016009506;1;1;1;1;3;780;26/09/2016
2016009507;3;1;1;1;3;780;25/11/2016
2016009508;1;2;1;1;2;780;02/12/2016
2016009509;4;2;1;1;2;780;02/12/2016
2016009510;1;1;1;8;6;780;18/03/2016
2016009511;1;2;1;2;6;780;14/04/2016
2016009512;1;1;1;8;7;780;25/04/2016
2016009513;1;1;1;1;6;780;27/04/2016
2016009514;3;1;1;2;6;780;24/10/2016
2016009515;3;1;1;3;6;780;09/11/2016
2016009516;2;1;1;2;1;780;17/11/2016
2016009517;1;1;1;8;1;780;16/12/2016
2016009518;3;1;1;2;7;780;10/03/2016
2016009519;1;2;9;1;3;780;02/07/2016
2016009520;1;1;1;1;7;780;11/08/2016
2016009521;5;2;1;2;6;780;07/01/2016
2016009522;5;1;2;9;1;780;17/03/2016
2016009523;1;2;1;1;6;780;24/06/2016
2016009524;1;1;1;1;6;780;31/08/2016
2016009525;1;1;2;1;3;780;21/09/2016
2016009526;1;1;1;1;6;780;26/09/2016
2016009527;1;1;1;1;7;780;24/10/2016
2016009528;2;2;9;2;3;780;16/11/2016
2016009529;5;2;1;8;6;910;05/01/2016
2016009530;3;1;1;1;6;910;06/02/2016
2016009531;1;1;2;1;3;910;05/06/2016
2016009532;1;2;2;1;3;910;21/09/2016
2016009533;1;1;1;1;1;910;01/10/2016
2016009534;1;2;1;1;6;910;12/12/2016
2016009535;1;1;1;2;6;910;01/01/2016
2016009536;1;1;1;2;1;910;02/03/2016
2016009537;1;1;1;1;7;910;06/07/2016
2016009538;1;1;1;1;3;910;06/07/2016
2016009539;3;1;1;2;6;910;24/12/2016
2016009540;1;1;1;1;4;910;25/03/2016
2016009541;1;2;1;7;6;910;06/05/2016
2016009542;1;1;6;2;7;910;04/08/2016
2016009543;2;2;1;3;6;910;07/01/2016
2016009544;2;2;1;5;1;910;21/01/2016
2016009545;1;1;1;1;5;910;30/06/2016
2016009546;1;1;1;1;1;910;12/07/2016
2016009547;1;2;1;1;2;910;27/07/2016
2016009548;1;1;1;1;5;910;11/08/2016
2016009549;3;1;1;2;6;910;14/11/2016
2016009550;1;1;2;2;3;910;20/11/2016
2016009551;5;2;1;1;6;910;05/12/2016
2016009552;1;2;1;1;3;910;08/12/2016
2016009553;3;1;1;1;7;910;09/12/2016
2016009554;1;2;1;2;7;910;12/12/2016
2016009555;2;1;1;5;6;910;16/12/2016
2016009556;1;2;1;8;3;910;23/01/2016
2016009557;3;1;1;1;6;910;05/08/2016
2016009558;1;1;2;1;3;910;03/09/2016
2016009559;2;2;9;1;6;910;21/10/2016
2016009560;1;2;1;1;6;910;17/11/2016
2016009561;1;2;1;1;1;910;02/12/2016
2016009562;5;2;1;1;2;910;03/12/2016
2016009563;2;1;1;5;6;910;08/12/2016
2016009564;3;1;1;1;6;910;09/12/2016
2016009565;3;1;5;5;3;910;18/12/2016
2016009566;3;1;1;1;2;910;02/02/2016
2016009567;3;2;1;8;1;280;09/03/2016
2016009568;1;2;2;7;3;910;09/04/2016
2016009569;1;1;1;1;6;910;17/08/2016
2016009570;1;1;1;1;1;910;27/10/2016
2016009571;1;2;1;8;6;910;23/11/2016
2016009572;1;2;1;1;2;910;10/10/2016
2016009573;1;1;2;2;3;910;09/11/2016
2016009574;2;1;1;5;5;910;15/12/2016
2016009575;1;1;1;9;6;910;15/12/2016
2016009576;5;2;3;1;1;910;20/04/2016
2016009577;1;2;1;1;3;910;05/12/2016
2016009578;1;2;1;1;6;910;05/12/2016
2016009579;3;2;1;2;1;910;21/12/2016
2016009580;3;1;1;3;2;910;05/01/2016
2016009581;1;1;1;1;6;910;11/07/2016
2016009582;1;1;1;1;2;910;22/07/2016
2016009583;1;1;1;1;2;910;11/11/2016
2016009584;5;2;1;2;3;910;25/11/2016
2016009585;1;1;1;1;6;910;06/05/2016
2016009586;1;1;1;1;1;910;05/10/2016
2016009587;2;1;1;3;2;910;14/10/2016
2016009588;2;1;1;1;5;910;19/10/2016
2016009589;1;2;1;4;6;910;07/11/2016
2016009590;5;2;1;1;3;910;09/12/2016
2016009591;1;1;1;9;3;910;16/01/2016
2016009592;1;1;1;3;3;910;23/05/2016
2016009593;2;2;1;8;1;910;13/06/2016
2016009594;1;1;2;1;1;910;24/06/2016
2016009595;1;1;1;1;3;910;27/07/2016
2016009596;2;2;1;1;1;910;31/08/2016
2016009597;1;1;1;1;5;910;23/09/2016
2016009598;3;1;1;1;3;910;15/10/2016
2016009599;3;1;1;9;7;910;28/12/2016
2016009600;3;1;1;5;2;910;11/05/2016
2016009601;3;1;1;1;2;910;28/06/2016
2016009602;1;1;1;1;1;910;29/08/2016
2016009603;5;2;6;2;1;910;23/11/2016
2016009604;3;1;1;8;3;910;23/11/2016
2016009605;1;1;1;1;6;910;29/11/2016
2016009606;3;1;1;1;3;910;29/11/2016
2016009607;3;1;1;1;2;910;29/11/2016
2016009608;1;1;1;1;3;910;19/05/2016
2016009609;1;1;1;1;2;910;29/07/2016
2016009610;2;1;1;8;3;910;28/10/2016
2016009611;3;1;1;3;3;910;20/11/2016
2016009612;2;1;1;8;1;910;15/12/2016
2016009613;1;2;1;1;1;910;17/02/2016
2016009614;1;2;9;1;3;910;29/03/2016
2016009615;1;1;6;1;7;910;09/06/2016
2016009616;1;2;1;1;7;910;24/08/2016
2016009617;1;1;1;2;4;910;05/09/2016
2016009618;1;1;1;2;1;910;17/10/2016
2016009619;1;1;1;8;1;910;24/10/2016
2016009620;1;2;6;2;7;910;04/11/2016
2016009621;1;1;1;2;3;910;09/11/2016
2016009622;3;1;1;2;5;950;18/02/2016
2016009623;1;1;1;1;5;950;11/03/2016
2016009624;2;1;1;1;7;950;12/03/2016
2016009625;1;1;1;3;5;950;22/05/2016
2016009626;1;2;1;2;1;950;23/05/2016
2016009627;1;1;1;1;1;950;24/06/2016
2016009628;3;1;1;1;7;950;25/06/2016
2016009629;1;1;1;1;1;950;28/06/2016
2016009630;1;1;1;1;6;950;24/10/2016
2016009631;3;1;1;1;5;950;11/11/2016
2016009632;1;1;1;1;6;950;14/11/2016
2016009633;1;1;1;1;5;950;19/02/2016
2016009634;1;1;1;1;1;950;01/04/2016
2016009635;3;1;1;1;6;950;29/07/2016
2016009636;1;1;1;2;6;950;05/09/2016
2016009637;1;1;3;1;3;950;04/01/2016
2016009638;5;2;1;1;6;950;09/01/2016
2016009639;1;2;1;1;3;950;07/05/2016
2016009640;1;1;1;1;3;950;29/06/2016
2016009641;1;2;3;1;1;950;15/10/2016
2016009642;1;1;1;1;6;950;09/01/2016
2016009643;1;1;1;1;7;950;27/01/2016
2016009644;1;1;1;1;3;950;27/02/2016
2016009645;1;1;1;2;7;950;09/04/2016
2016009646;1;1;1;1;1;950;24/06/2016
2016009647;3;1;1;1;6;950;14/07/2016
2016009648;1;1;1;1;2;950;18/09/2016
2016009649;1;1;1;1;1;950;05/10/2016
2016009650;1;1;1;1;2;950;11/10/2016
2016009651;3;1;1;1;2;950;27/11/2016
2016009652;5;2;2;1;3;950;07/01/2016
2016009653;1;2;1;1;3;950;16/02/2016
2016009654;3;1;1;2;4;950;02/03/2016
2016009655;1;2;2;1;3;950;30/07/2016
2016009656;1;2;1;1;3;950;12/08/2016
2016009657;3;1;1;1;3;950;20/08/2016
2016009658;1;1;1;1;1;950;04/10/2016
2016009659;3;1;1;1;1;950;01/04/2016
2016009660;1;2;1;2;6;950;30/05/2016
2016009661;1;2;6;2;3;950;04/08/2016
2016009662;1;1;1;1;1;950;01/11/2016
2016009663;1;1;1;6;2;950;18/11/2016
2016009664;1;2;1;1;6;950;03/12/2016
2016009665;1;1;1;1;5;770;11/04/2016
2016009666;1;2;2;1;3;770;17/06/2016
2016009667;3;1;1;9;5;770;20/01/2016
2016009668;2;1;1;3;1;770;22/01/2016
2016009669;1;2;9;1;2;770;17/03/2016
2016009670;1;1;1;1;6;770;08/05/2016
2016009671;1;1;6;2;7;770;31/05/2016
2016009672;1;1;2;1;3;770;22/06/2016
2016009673;1;1;2;1;3;770;16/07/2016
2016009674;5;2;1;1;1;770;02/09/2016
2016009675;3;1;2;2;3;770;04/11/2016
2016009676;3;1;1;1;1;770;12/06/2016
2016009677;1;1;1;1;7;770;25/07/2016
2016009678;1;1;1;1;2;770;14/09/2016
2016009679;1;1;1;2;6;770;12/02/2016
2016009680;1;1;1;1;1;770;29/04/2016
2016009681;1;1;1;1;1;770;03/05/2016
2016009682;1;1;1;8;1;770;29/05/2016
2016009683;1;1;1;1;6;770;19/07/2016
2016009684;1;1;2;1;2;770;09/10/2016
2016009685;1;1;1;1;1;770;26/05/2016
2016009686;3;1;1;1;6;770;07/09/2016
2016009687;2;2;1;2;6;770;04/02/2016
2016009688;1;1;1;1;5;770;06/07/2016
2016009689;3;1;1;5;5;770;29/12/2016
2016009690;3;1;1;1;1;770;06/02/2016
2016009691;1;2;1;1;6;770;09/04/2016
2016009692;1;1;1;1;1;770;09/05/2016
2016009693;1;1;1;1;5;770;25/05/2016
2016009694;3;1;3;1;6;770;11/07/2016
2016009695;5;2;1;1;7;770;06/07/2016
2016009696;1;1;1;1;1;770;30/07/2016
2016009697;1;1;1;1;3;770;06/09/2016
2016009698;1;2;1;1;3;770;16/10/2016
2016009699;1;2;1;1;6;770;19/10/2016
2016009700;1;1;1;1;7;770;29/04/2016
2016009701;1;1;1;1;6;770;08/05/2016
2016009702;1;1;1;8;6;770;04/06/2016
2016009703;1;2;2;2;3;770;01/07/2016
2016009704;1;1;1;8;7;770;03/07/2016
2016009705;1;2;1;1;6;770;29/07/2016
2016009706;1;1;1;1;7;770;27/08/2016
2016009707;1;2;2;1;3;770;03/02/2016
2016009708;1;1;1;5;1;770;14/04/2016
2016009709;1;1;1;8;5;770;05/06/2016
2016009710;3;1;1;5;7;770;30/10/2016
2016009711;5;2;1;2;6;770;16/11/2016
2016009712;2;1;1;1;1;770;10/03/2016
2016009713;3;1;1;1;7;770;21/04/2016
2016009714;1;1;1;1;3;770;04/05/2016
2016009715;1;1;1;8;1;770;17/06/2016
2016009716;1;1;1;1;3;770;18/06/2016
2016009717;2;1;1;1;3;770;30/06/2016
2016009718;2;1;1;1;2;770;10/10/2016
2016009719;1;1;2;1;3;770;23/12/2016
2016009720;1;2;1;1;1;770;05/05/2016
2016009721;1;1;1;1;6;770;27/06/2016
2016009722;1;1;1;1;6;770;23/07/2016
2016009723;1;1;1;1;2;770;31/07/2016
2016009724;1;1;1;1;6;770;21/09/2016
2016009725;3;1;1;2;5;770;07/01/2016
2016009726;1;1;1;1;1;770;15/02/2016
2016009727;1;1;4;1;6;770;04/04/2016
2016009728;1;1;1;1;7;770;26/06/2016
2016009729;1;1;1;1;7;770;01/07/2016
2016009730;3;1;1;1;6;770;10/07/2016
2016009731;1;1;1;1;7;770;15/07/2016
2016009732;1;1;2;1;3;770;01/08/2016
2016009733;1;1;2;1;3;770;09/09/2016
2016009734;1;1;1;1;1;770;12/09/2016
2016009735;1;1;1;1;1;770;19/09/2016
2016009736;1;1;1;1;5;770;03/10/2016
2016009737;2;1;2;2;5;770;04/11/2016
2016009738;1;1;1;1;7;770;29/02/2016
2016009739;1;1;2;1;3;770;11/03/2016
2016009740;2;1;1;1;6;770;18/04/2016
2016009741;3;1;1;9;1;770;05/05/2016
2016009742;2;1;2;1;7;770;14/05/2016
2016009743;1;1;1;1;6;770;19/06/2016
2016009744;1;1;1;1;7;770;16/07/2016
2016009745;1;2;2;1;6;770;19/10/2016
2016009746;1;2;4;1;6;770;01/12/2016
2016009747;3;1;1;1;6;770;05/12/2016
2016009748;3;1;1;3;6;770;06/03/2016
2016009749;1;1;1;1;6;770;06/08/2016
2016009750;1;1;1;8;1;770;19/09/2016
2016009751;3;1;1;9;7;770;15/01/2016
2016009752;3;1;1;1;6;770;23/08/2016
2016009753;3;1;1;1;1;770;09/12/2016
2016009754;1;1;1;3;2;770;11/04/2016
2016009755;3;1;2;1;3;770;17/05/2016
2016009756;1;1;1;1;5;770;09/06/2016
2016009757;1;2;1;1;6;770;21/07/2016
2016009758;2;1;1;1;2;770;24/10/2016
2016009759;3;1;1;1;3;770;30/11/2016
2016009760;3;1;1;1;5;770;07/12/2016
2016009761;1;2;3;8;7;770;15/12/2016
2016009762;2;2;9;1;6;770;15/12/2016
2016009763;5;2;1;1;2;770;29/02/2016
2016009764;1;1;1;2;5;770;24/04/2016
2016009765;1;2;9;1;6;770;25/04/2016
2016009766;3;1;6;2;1;770;10/05/2016
2016009767;3;1;3;2;3;770;15/05/2016
2016009768;2;2;2;1;1;770;07/06/2016
2016009769;1;1;1;1;6;770;23/06/2016
2016009770;1;2;9;1;1;770;21/07/2016
2016009771;2;1;1;2;2;770;05/09/2016
2016009772;5;2;1;1;6;770;12/10/2016
2016009773;1;1;1;3;3;770;19/10/2016
2016009774;3;1;1;1;6;770;31/10/2016
2016009775;1;1;1;5;1;770;01/11/2016
2016009776;3;1;3;1;5;770;11/11/2016
2016009777;1;1;2;1;3;770;16/12/2016
2016009778;1;1;1;2;1;770;03/01/2016
2016009779;1;2;1;1;3;770;24/03/2016
2016009780;1;1;1;2;6;770;24/04/2016
2016009781;1;1;1;1;1;770;26/05/2016
2016009782;3;1;1;2;6;770;01/06/2016
2016009783;1;1;1;3;1;770;02/08/2016
2016009784;1;2;1;1;6;770;05/08/2016
2016009785;1;1;2;1;7;770;16/08/2016
2016009786;3;1;1;1;7;770;06/10/2016
2016009787;3;1;1;1;5;770;30/10/2016
2016009788;3;1;1;1;2;770;28/01/2016
2016009789;1;1;3;1;1;770;22/02/2016
2016009790;1;2;6;1;3;770;14/03/2016
2016009791;1;1;2;1;3;770;24/05/2016
2016009792;1;1;9;1;2;770;25/06/2016
2016009793;1;1;2;7;3;770;13/08/2016
2016009794;1;2;1;1;6;770;15/09/2016
2016009795;2;1;1;1;1;770;03/10/2016
2016009796;5;2;2;3;6;770;14/10/2016
2016009797;3;1;1;1;6;770;23/11/2016
2016009798;1;1;2;1;1;770;22/12/2016
2016009799;2;1;1;5;1;770;30/12/2016
2016009800;1;1;9;1;2;770;29/02/2016
2016009801;3;1;1;2;1;770;01/03/2016
2016009802;1;2;1;2;6;770;29/03/2016
2016009803;1;1;1;4;7;770;13/04/2016
2016009804;1;1;2;7;6;770;02/05/2016
2016009805;1;1;1;3;3;770;30/05/2016
2016009806;2;1;1;2;1;770;25/06/2016
2016009807;1;1;1;1;7;770;29/09/2016
2016009808;3;1;1;2;7;770;09/04/2016
2016009809;1;1;1;1;2;770;25/08/2016
2016009810;2;1;2;2;3;770;05/01/2016
2016009811;1;1;1;1;6;770;20/01/2016
2016009812;1;1;2;1;3;770;16/08/2016
2016009813;3;1;1;1;2;770;01/09/2016
2016009814;1;1;1;1;7;770;11/09/2016
2016009815;3;1;1;1;6;770;02/10/2016
2016009816;1;1;1;1;6;450;16/02/2016
2016009817;1;1;1;6;3;450;20/03/2016
2016009818;1;2;1;1;6;450;30/03/2016
2016009819;1;1;1;1;7;450;24/04/2016
2016009820;5;2;2;1;3;450;23/06/2016
2016009821;1;1;1;1;2;450;23/07/2016
2016009822;1;1;1;1;1;450;23/07/2016
2016009823;3;1;1;1;7;450;10/09/2016
2016009824;3;1;6;2;7;450;07/11/2016
2016009825;1;1;3;1;3;450;26/01/2016
2016009826;1;1;1;1;7;450;20/03/2016