num_acc;lum;agg;inter;atm;col;dep;date
2016009827;1;2;1;1;6;450;05/05/2016
2016009828;2;2;1;1;6;450;27/09/2016
2016009829;5;2;6;1;3;450;21/12/2016
2016009830;2;2;1;1;3;450;27/12/2016
2016009831;3;1;1;2;6;450;31/03/2016
2016009832;1;1;1;1;1;450;01/04/2016
2016009833;1;1;1;1;1;450;08/05/2016
2016009834;1;2;7;1;6;450;02/09/2016
2016009835;5;2;6;1;6;450;16/01/2016
2016009836;3;2;1;1;6;450;27/03/2016
2016009837;1;1;3;1;2;450;04/04/2016
2016009838;1;1;1;1;2;450;28/06/2016
2016009839;3;2;1;1;1;450;19/11/2016
2016009840;1;2;3;8;3;450;04/02/2016
2016009841;2;2;1;1;1;450;19/04/2016
2016009842;1;1;1;1;6;450;17/05/2016
2016009843;1;1;1;8;1;450;15/12/2016
2016009844;5;2;1;2;6;450;13/02/2016
2016009845;1;2;3;1;3;450;28/09/2016
2016009846;3;1;1;2;6;450;10/11/2016
2016009847;2;2;1;1;2;450;21/11/2016
2016009848;3;1;1;1;7;450;13/12/2016
2016009849;1;2;3;1;3;450;06/03/2016
2016009850;1;1;1;1;3;450;15/06/2016
2016009851;1;1;3;1;3;450;24/06/2016
2016009852;3;1;1;1;3;450;02/12/2016
2016009853;1;2;2;1;6;450;17/02/2016
2016009854;1;2;6;1;3;450;03/03/2016
2016009855;1;1;1;2;1;450;15/06/2016
2016009856;1;1;1;1;6;450;28/06/2016
2016009857;1;1;1;8;6;450;13/07/2016
2016009858;1;1;1;1;1;450;18/07/2016
2016009859;3;1;1;1;6;450;23/07/2016
2016009860;3;1;1;2;6;450;15/09/2016
2016009861;5;1;2;2;3;450;13/11/2016
2016009862;3;1;1;2;6;450;17/11/2016
2016009863;1;2;1;1;6;450;23/11/2016
2016009864;3;1;1;1;1;450;23/12/2016
2016009865;5;2;1;5;6;450;29/12/2016
2016009866;2;2;1;1;1;450;28/04/2016
2016009867;2;1;1;2;3;450;18/11/2016
2016009868;2;1;1;1;7;450;29/11/2016
2016009869;1;1;2;7;3;450;15/01/2016
2016009870;2;1;1;1;5;450;29/02/2016
2016009871;1;1;1;1;6;450;12/03/2016
2016009872;1;2;1;1;6;450;07/04/2016
2016009873;1;1;1;2;1;450;11/04/2016
2016009874;1;1;1;1;3;450;12/04/2016
2016009875;3;1;1;1;6;450;26/05/2016
2016009876;2;1;1;5;2;450;06/06/2016
2016009877;1;1;1;5;6;450;23/06/2016
2016009878;1;1;1;1;6;450;14/07/2016
2016009879;1;1;1;1;1;450;22/07/2016
2016009880;1;1;2;7;3;450;30/07/2016
2016009881;3;1;1;1;7;450;03/12/2016
2016009882;3;1;1;2;6;450;11/12/2016
2016009883;3;2;1;1;3;450;14/12/2016
2016009884;1;2;1;1;2;450;21/12/2016
2016009885;1;1;1;5;6;450;31/12/2016
2016009886;3;1;1;1;6;450;28/01/2016
2016009887;1;1;1;1;1;450;01/02/2016
2016009888;1;1;1;1;6;450;05/02/2016
2016009889;3;1;1;1;6;450;06/02/2016
2016009890;2;1;1;2;6;450;28/03/2016
2016009891;2;2;1;1;6;450;20/06/2016
2016009892;1;1;2;1;3;450;07/07/2016
2016009893;1;1;2;1;3;450;10/07/2016
2016009894;1;1;3;1;3;450;22/08/2016
2016009895;1;1;1;1;7;450;28/08/2016
2016009896;5;2;1;1;5;450;01/10/2016
2016009897;1;1;1;1;7;450;04/10/2016
2016009898;1;1;1;1;7;450;06/03/2016
2016009899;1;1;2;1;5;450;29/09/2016
2016009900;1;1;2;1;3;450;10/10/2016
2016009901;1;2;1;1;6;450;16/12/2016
2016009902;1;1;2;2;3;450;10/01/2016
2016009903;1;1;1;4;1;450;15/01/2016
2016009904;1;2;2;1;3;450;24/01/2016
2016009905;5;2;1;1;6;450;19/06/2016
2016009906;1;2;1;7;6;450;23/08/2016
2016009907;2;2;1;1;6;450;30/11/2016
2016009908;1;1;3;1;3;450;29/02/2016
2016009909;2;1;1;7;6;450;23/08/2016
2016009910;3;1;1;2;6;450;14/02/2016
2016009911;1;1;1;5;2;450;08/06/2016
2016009912;3;1;1;1;1;450;04/11/2016
2016009913;1;1;1;1;3;450;03/12/2016
2016009914;3;1;1;1;1;450;28/12/2016
2016009915;1;2;1;1;6;450;06/02/2016
2016009916;1;1;1;1;6;450;24/03/2016
2016009917;2;1;1;5;6;450;10/04/2016
2016009918;1;1;1;1;6;450;17/04/2016
2016009919;1;1;1;1;1;450;21/12/2016
2016009920;1;1;1;8;7;450;22/01/2016
2016009921;1;2;1;1;6;450;13/05/2016
2016009922;3;1;1;3;1;450;14/09/2016
2016009923;1;1;1;1;3;180;28/04/2016
2016009924;1;1;1;2;7;180;05/06/2016
2016009925;1;1;1;1;1;180;05/08/2016
2016009926;3;1;1;1;6;180;03/09/2016
2016009927;3;1;1;1;7;180;24/09/2016
2016009928;1;1;2;8;3;180;11/12/2016
2016009929;3;1;1;8;3;180;13/02/2016
2016009930;1;2;3;1;3;180;04/06/2016
2016009931;1;1;1;1;3;180;17/07/2016
2016009932;5;2;1;1;6;180;27/08/2016
2016009933;1;2;1;1;6;180;31/08/2016
2016009934;1;2;6;1;6;180;01/11/2016
2016009935;1;1;1;1;1;180;31/10/2016
2016009936;1;1;3;2;3;180;13/05/2016
2016009937;1;2;1;1;6;180;12/06/2016
2016009938;1;1;1;1;3;180;21/07/2016
2016009939;2;1;1;1;6;180;03/08/2016
2016009940;1;2;1;1;3;180;22/08/2016
2016009941;1;2;1;1;6;180;30/08/2016
2016009942;1;1;1;1;2;180;07/09/2016
2016009943;2;1;2;1;7;180;19/09/2016
2016009944;2;1;1;5;6;180;03/11/2016
2016009945;3;1;1;1;6;180;20/11/2016
2016009946;1;1;1;2;7;180;25/11/2016
2016009947;2;1;1;1;1;180;07/12/2016
2016009948;1;1;1;1;2;180;21/05/2016
2016009949;1;1;2;1;3;180;11/04/2016
2016009950;3;1;1;1;6;180;06/02/2016
2016009951;3;1;1;1;1;180;24/11/2016
2016009952;3;2;1;9;6;180;15/01/2016
2016009953;2;1;1;1;6;180;14/02/2016
2016009954;3;1;1;1;6;180;25/03/2016
2016009955;1;1;1;1;2;180;15/05/2016
2016009956;1;1;1;1;2;180;09/09/2016
2016009957;3;1;1;2;7;180;23/10/2016
2016009958;1;1;1;8;1;180;02/11/2016
2016009959;1;2;1;7;6;180;28/11/2016
2016009960;1;1;1;1;2;280;09/01/2016
2016009961;1;2;1;1;2;280;16/03/2016
2016009962;1;1;1;1;1;280;17/04/2016
2016009963;1;2;1;2;7;280;22/04/2016
2016009964;1;1;1;1;6;280;02/05/2016
2016009965;1;1;1;1;1;280;08/05/2016
2016009966;2;1;1;5;2;280;11/05/2016
2016009967;1;1;3;7;3;280;25/06/2016
2016009968;1;1;1;7;2;280;10/07/2016
2016009969;2;1;1;1;1;280;07/08/2016
2016009970;1;1;2;1;3;280;25/08/2016
2016009971;1;1;1;1;1;280;27/08/2016
2016009972;1;1;3;1;3;280;08/09/2016
2016009973;1;2;1;1;6;280;11/09/2016
2016009974;3;1;1;1;6;280;07/10/2016
2016009975;2;1;1;2;5;280;24/10/2016
2016009976;2;1;1;8;7;280;25/11/2016
2016009977;1;1;1;1;1;280;08/12/2016
2016009978;1;2;2;1;3;280;08/12/2016
2016009979;3;1;1;8;6;280;15/02/2016
2016009980;1;1;1;1;6;280;17/04/2016
2016009981;1;1;1;1;7;280;07/05/2016
2016009982;1;2;9;1;6;280;21/05/2016
2016009983;1;1;1;1;7;280;08/07/2016
2016009984;1;1;2;1;3;280;22/08/2016
2016009985;3;1;1;1;6;280;02/09/2016
2016009986;3;2;1;1;6;280;09/09/2016
2016009987;1;1;1;1;6;280;20/10/2016
2016009988;3;1;1;5;6;280;18/12/2016
2016009989;3;1;1;1;6;280;24/12/2016
2016009990;1;1;1;1;1;280;02/05/2016
2016009991;1;1;1;1;5;280;10/06/2016
2016009992;1;1;1;1;1;280;30/06/2016
2016009993;1;1;1;1;6;280;04/08/2016
2016009994;3;1;1;1;6;280;07/08/2016
2016009995;1;1;1;1;2;280;02/10/2016
2016009996;2;1;1;1;6;280;29/10/2016
2016009997;3;1;1;1;6;280;04/01/2016
2016009998;3;1;1;8;6;280;17/04/2016
2016009999;1;1;1;2;1;280;10/05/2016
2016010000;1;1;2;1;3;280;17/05/2016
2016010001;1;1;1;1;7;280;27/05/2016
2016010002;1;1;1;1;1;280;30/07/2016
2016010003;1;1;1;1;6;280;12/08/2016
2016010004;1;1;1;7;7;280;27/12/2016
2016010005;1;1;2;1;3;280;25/02/2016
2016010006;1;1;1;1;3;280;18/04/2016
2016010007;1;1;1;8;3;280;04/06/2016
2016010008;1;1;1;1;6;280;26/06/2016
2016010009;3;1;1;1;3;280;18/12/2016
2016010010;3;1;1;2;6;280;10/01/2016
2016010011;1;2;1;1;6;280;13/01/2016
2016010012;1;1;1;1;1;280;01/02/2016
2016010013;1;1;1;1;2;280;18/02/2016
2016010014;3;1;1;1;6;280;27/02/2016
2016010015;1;2;1;1;3;280;13/04/2016
2016010016;1;2;1;2;6;280;09/05/2016
2016010017;1;2;1;2;3;280;07/06/2016
2016010018;5;2;1;1;6;280;01/07/2016
2016010019;1;2;1;1;1;280;07/07/2016
2016010020;1;2;1;1;7;280;13/08/2016
2016010021;1;2;1;1;1;280;20/08/2016
2016010022;1;2;1;7;6;280;31/08/2016
2016010023;1;1;3;1;2;280;15/09/2016
2016010024;3;1;1;2;6;280;30/09/2016
2016010025;3;1;1;5;6;280;05/12/2016
2016010026;1;1;1;1;6;280;04/04/2016
2016010027;1;1;1;2;1;280;22/05/2016
2016010028;1;2;1;1;6;280;10/07/2016
2016010029;1;1;1;1;1;280;22/07/2016
2016010030;1;1;1;1;3;280;18/11/2016
2016010031;3;1;1;2;6;280;21/11/2016
2016010032;1;1;1;1;3;280;27/12/2016
2016010033;1;1;2;2;3;280;03/03/2016
2016010034;2;1;1;1;7;280;16/03/2016
2016010035;1;1;2;1;1;280;04/03/2016
2016010036;1;1;1;1;7;280;15/07/2016
2016010037;1;1;9;1;2;280;27/07/2016
2016010038;1;1;2;1;3;280;22/10/2016
2016010039;1;1;1;8;5;280;17/11/2016
2016010040;1;2;1;1;6;280;29/11/2016
2016010041;3;1;1;1;2;280;12/01/2016
2016010042;1;1;1;1;3;280;19/06/2016
2016010043;1;1;1;1;3;280;06/07/2016
2016010044;3;1;1;1;6;280;08/07/2016
2016010045;1;2;3;1;3;280;27/07/2016
2016010046;1;2;1;1;2;280;28/07/2016
2016010047;2;1;1;8;5;280;27/01/2016
2016010048;1;1;1;1;3;280;25/02/2016
2016010049;1;1;1;1;1;280;13/05/2016
2016010050;3;1;1;2;1;280;10/11/2016
2016010051;1;1;1;5;7;280;17/12/2016
2016010052;1;1;1;2;7;280;10/01/2016
2016010053;3;1;1;1;6;280;28/07/2016
2016010054;1;2;2;1;3;280;09/06/2016
2016010055;1;1;1;2;1;280;22/06/2016
2016010056;3;1;1;2;6;280;11/11/2016
2016010057;2;1;1;1;6;280;13/11/2016
2016010058;3;1;1;1;2;280;09/12/2016
2016010059;1;2;1;1;3;280;14/12/2016
2016010060;2;2;1;1;6;280;21/01/2016
2016010061;1;1;1;1;7;280;18/03/2016
2016010062;1;2;1;1;6;280;05/05/2016
2016010063;1;2;1;1;3;280;07/05/2016
2016010064;1;1;1;1;1;280;15/05/2016
2016010065;1;1;1;2;6;280;01/07/2016
2016010066;1;1;1;1;7;280;20/08/2016
2016010067;1;1;1;1;1;280;30/10/2016
2016010068;3;1;1;1;7;280;25/11/2016
2016010069;3;1;1;5;6;280;22/12/2016
2016010070;2;1;1;1;6;360;14/01/2016
2016010071;1;2;1;1;6;360;21/01/2016
2016010072;1;2;1;1;3;360;13/04/2016
2016010073;1;1;1;1;1;360;19/07/2016
2016010074;1;1;2;1;3;360;26/09/2016
2016010075;1;1;2;1;3;360;04/12/2016
2016010076;3;1;1;1;6;360;10/12/2016
2016010077;5;2;4;1;6;360;04/06/2016
2016010078;1;1;4;7;1;360;23/06/2016
2016010079;1;1;1;1;7;360;31/07/2016
2016010080;2;2;1;7;6;360;09/09/2016
2016010081;1;1;1;1;3;360;26/09/2016
2016010082;2;2;3;1;5;360;11/10/2016
2016010083;3;1;1;5;5;360;26/11/2016
2016010084;1;2;7;1;6;360;17/02/2016
2016010085;1;2;3;1;3;360;08/06/2016
2016010086;1;1;1;1;7;360;08/07/2016
2016010087;1;2;1;1;6;360;18/09/2016
2016010088;3;1;1;2;6;360;01/10/2016
2016010089;1;1;4;1;3;360;30/09/2016
2016010090;2;1;1;1;7;360;25/10/2016
2016010091;3;1;1;1;6;360;11/11/2016
2016010092;5;2;1;5;6;360;18/12/2016
2016010093;1;2;1;1;1;360;06/01/2016
2016010094;1;1;1;2;7;360;08/02/2016
2016010095;3;1;1;1;1;360;13/07/2016
2016010096;1;1;1;1;6;360;10/08/2016
2016010097;1;1;1;1;7;360;03/09/2016
2016010098;1;2;9;1;1;360;18/09/2016
2016010099;3;1;1;1;6;360;22/10/2016
2016010100;1;1;1;1;2;360;26/10/2016
2016010101;3;1;1;1;7;360;16/11/2016
2016010102;3;1;2;5;3;360;11/12/2016
2016010103;1;1;1;1;1;360;14/03/2016
2016010104;1;1;1;2;7;360;23/04/2016
2016010105;1;1;3;1;3;360;28/05/2016
2016010106;4;2;1;1;5;360;09/07/2016
2016010107;1;1;1;1;7;360;31/07/2016
2016010108;1;1;1;1;6;360;14/08/2016
2016010109;1;1;1;1;1;360;23/09/2016
2016010110;1;1;1;1;1;360;04/10/2016
2016010111;1;2;1;1;3;360;19/10/2016
2016010112;5;2;1;2;5;360;18/11/2016
2016010113;3;1;1;1;7;360;11/12/2016
2016010114;3;1;1;2;1;360;22/02/2016
2016010115;3;1;1;1;6;360;13/03/2016
2016010116;1;2;1;1;3;360;11/09/2016
2016010117;1;1;1;1;6;360;25/02/2016
2016010118;1;1;1;1;6;360;06/03/2016
2016010119;1;2;1;1;1;360;12/03/2016
2016010120;1;1;1;6;7;360;28/03/2016
2016010121;1;2;1;1;6;360;27/04/2016
2016010122;3;1;1;1;6;360;15/08/2016
2016010123;5;2;1;3;7;370;11/01/2016
2016010124;1;2;1;1;3;370;14/01/2016
2016010125;1;2;1;1;6;370;16/02/2016
2016010126;1;2;1;1;6;370;22/02/2016
2016010127;1;1;1;1;2;370;01/04/2016
2016010128;1;2;1;1;2;370;19/04/2016
2016010129;1;1;1;1;3;370;08/06/2016
2016010130;1;2;1;1;3;370;20/06/2016
2016010131;2;2;1;1;6;370;06/05/2016
2016010132;1;1;6;1;6;370;27/06/2016
2016010133;1;2;1;1;3;370;10/07/2016
2016010134;1;1;1;1;3;370;04/08/2016
2016010135;1;2;1;1;6;370;09/09/2016
2016010136;5;1;1;1;3;370;22/09/2016
2016010137;1;2;1;1;6;370;08/09/2016
2016010138;1;1;1;1;6;370;04/10/2016
2016010139;1;1;2;8;3;370;20/10/2016
2016010140;1;2;1;1;6;370;22/10/2016
2016010141;1;1;1;5;3;370;28/10/2016
2016010142;5;2;3;2;7;370;05/11/2016
2016010143;1;1;1;1;3;370;14/11/2016
2016010144;2;1;2;1;3;370;14/11/2016
2016010145;1;2;1;1;1;370;01/12/2016
2016010146;3;1;1;2;1;370;20/11/2016
2016010147;1;2;1;8;5;370;13/06/2016
2016010148;1;2;1;1;1;370;25/08/2016
2016010149;3;2;1;8;6;370;01/01/2016
2016010150;1;1;1;1;7;370;07/04/2016
2016010151;1;1;2;1;3;370;24/06/2016
2016010152;1;1;1;1;6;370;08/07/2016
2016010153;1;1;1;1;6;370;14/07/2016
2016010154;1;1;1;1;6;370;22/07/2016
2016010155;2;1;1;1;7;370;14/08/2016
2016010156;1;1;1;1;5;370;24/09/2016
2016010157;3;1;2;1;1;370;15/01/2016
2016010158;1;1;1;1;6;370;26/06/2016
2016010159;1;1;1;1;1;370;15/09/2016
2016010160;2;1;1;2;1;370;29/05/2016
2016010161;1;1;1;1;2;370;17/06/2016
2016010162;3;2;1;1;6;370;10/07/2016
2016010163;1;2;1;1;3;370;15/09/2016
2016010164;3;1;1;1;7;370;24/09/2016
2016010165;3;1;1;1;6;370;06/01/2016
2016010166;1;1;1;1;5;370;03/02/2016
2016010167;1;1;1;1;1;370;05/02/2016
2016010168;3;1;1;1;6;370;29/02/2016
2016010169;1;1;1;1;2;370;08/04/2016
2016010170;1;2;1;1;6;370;24/04/2016
2016010171;1;1;1;1;1;370;26/05/2016
2016010172;1;2;1;1;1;370;05/06/2016
2016010173;1;1;2;1;1;370;19/06/2016
2016010174;1;1;1;1;3;370;02/09/2016
2016010175;1;2;1;1;1;370;14/09/2016
2016010176;1;2;1;1;2;370;21/09/2016
2016010177;1;1;1;1;7;370;26/01/2016
2016010178;1;1;1;1;5;370;24/03/2016
2016010179;1;2;1;1;7;370;05/05/2016
2016010180;3;1;1;1;6;370;10/05/2016
2016010181;1;1;1;2;1;370;02/06/2016
2016010182;3;1;1;1;6;370;19/06/2016
2016010183;1;1;1;3;1;370;22/06/2016
2016010184;1;1;1;3;6;370;10/01/2016
2016010185;3;1;3;2;1;370;04/02/2016
2016010186;1;1;1;1;1;370;25/02/2016
2016010187;1;1;1;1;3;370;27/04/2016
2016010188;3;1;1;1;1;370;05/05/2016
2016010189;1;1;1;7;1;370;09/06/2016
2016010190;3;2;1;1;6;370;15/08/2016
2016010191;1;1;1;1;1;370;24/08/2016
2016010192;3;1;1;1;6;370;30/08/2016
2016010193;1;1;1;1;7;370;07/09/2016
2016010194;1;1;1;2;1;370;18/02/2016
2016010195;3;1;1;1;7;370;21/02/2016
2016010196;1;1;1;1;5;370;28/05/2016
2016010197;1;1;1;1;3;370;19/07/2016
2016010198;1;1;1;1;1;370;25/07/2016
2016010199;1;1;1;1;3;370;26/07/2016
2016010200;1;1;2;1;3;370;13/08/2016
2016010201;1;1;1;1;7;370;02/10/2016
2016010202;2;1;1;3;7;370;10/01/2016
2016010203;1;1;1;1;3;370;12/04/2016
2016010204;1;1;1;1;6;370;09/05/2016
2016010205;2;2;1;1;6;370;29/05/2016
2016010206;1;2;1;1;3;370;27/05/2016
2016010207;2;1;1;1;1;370;24/06/2016
2016010208;1;1;9;7;7;370;18/07/2016
2016010209;1;1;1;1;1;370;19/07/2016
2016010210;1;2;1;1;6;370;22/07/2016
2016010211;1;2;9;1;3;370;28/08/2016
2016010212;1;1;1;1;1;370;03/10/2016
2016010213;1;1;1;1;5;410;14/09/2016
2016010214;1;2;1;7;1;410;21/01/2016
2016010215;1;1;1;1;3;410;26/02/2016
2016010216;2;1;1;1;6;410;27/04/2016
2016010217;1;1;2;1;3;410;28/04/2016
2016010218;1;1;1;1;7;410;08/06/2016
2016010219;1;1;1;1;7;410;01/08/2016
2016010220;1;2;2;1;3;410;06/08/2016
2016010221;5;2;1;2;6;410;04/11/2016
2016010222;5;2;2;2;6;410;12/12/2016
2016010223;5;2;1;5;6;410;18/12/2016
2016010224;1;1;1;2;1;330;16/04/2016
2016010225;1;2;2;1;6;330;06/08/2016
2016010226;1;1;1;1;2;330;09/10/2016
2016010227;1;1;1;1;1;330;18/10/2016
2016010228;3;1;1;3;6;290;04/01/2016
2016010229;2;1;1;4;1;290;15/01/2016
2016010230;3;1;1;1;6;290;17/02/2016
2016010231;3;1;1;2;1;290;27/02/2016
2016010232;3;1;1;1;7;290;30/03/2016
2016010233;1;2;1;1;1;290;29/03/2016
2016010234;3;1;1;1;6;290;17/07/2016
2016010235;1;1;1;1;5;290;25/08/2016
2016010236;1;1;1;1;7;290;11/09/2016
2016010237;1;1;9;1;3;290;20/09/2016
2016010238;2;1;1;8;5;290;05/10/2016
2016010239;3;1;1;1;6;290;06/11/2016
2016010240;1;1;1;8;6;290;15/12/2016
2016010241;2;2;7;1;6;290;26/12/2016
2016010242;1;1;1;1;7;290;15/03/2016
2016010243;1;1;1;1;6;290;09/04/2016
2016010244;1;1;6;1;1;290;28/04/2016
2016010245;1;1;1;1;7;290;06/05/2016
2016010246;1;1;1;1;4;290;17/10/2016
2016010247;1;1;1;1;6;290;18/11/2016
2016010248;1;1;1;7;1;290;21/11/2016
2016010249;1;1;1;2;7;290;04/01/2016
2016010250;3;1;1;8;1;290;12/01/2016
2016010251;3;1;1;2;2;290;22/01/2016
2016010252;3;1;1;1;6;290;11/06/2016
2016010253;1;1;1;1;7;290;01/07/2016
2016010254;1;1;1;1;7;290;01/08/2016
2016010255;1;2;1;7;6;290;16/08/2016
2016010256;1;1;1;1;1;290;12/10/2016
2016010257;3;1;1;1;2;290;24/11/2016
2016010258;4;2;1;9;1;290;02/12/2016
2016010259;1;2;1;1;1;130;17/02/2016
2016010260;1;1;1;1;1;130;10/12/2016
2016010261;2;2;1;1;7;950;06/05/2016
2016010262;5;2;1;1;6;440;06/06/2016
2016010263;1;2;1;2;6;440;20/06/2016
2016010264;5;1;6;1;2;440;23/08/2016
2016010265;1;2;1;1;6;440;03/11/2016
2016010266;1;2;6;7;3;440;07/11/2016
2016010267;1;2;6;1;2;330;11/04/2016
2016010268;1;2;6;1;1;330;20/06/2016
2016010269;1;2;1;1;7;330;30/06/2016
2016010270;5;2;1;1;6;330;08/08/2016
2016010271;5;2;1;1;1;330;10/09/2016
2016010272;1;2;1;1;1;330;15/10/2016
2016010273;2;2;1;1;3;330;27/12/2016
2016010274;1;1;1;2;1;870;05/01/2016
2016010275;3;1;1;2;1;870;25/03/2016
2016010276;2;1;1;1;6;870;23/06/2016
2016010277;1;1;1;1;2;870;16/07/2016
2016010278;3;1;1;1;5;870;21/12/2016
2016010279;5;2;1;1;1;60;06/01/2016
2016010280;1;2;3;1;5;60;15/01/2016
2016010281;2;2;1;1;3;60;15/01/2016
2016010282;5;2;1;1;6;60;17/01/2016
2016010283;1;2;3;1;1;60;24/01/2016
2016010284;1;2;1;1;1;60;01/02/2016
2016010285;5;2;1;1;6;60;09/02/2016
2016010286;1;2;3;1;3;60;10/02/2016
2016010287;5;2;1;1;7;60;10/02/2016
2016010288;5;2;2;1;5;60;19/02/2016
2016010289;1;2;3;7;6;60;23/02/2016
2016010290;1;2;1;1;3;60;08/03/2016
2016010291;1;2;1;1;3;60;08/03/2016
2016010292;1;2;1;1;6;60;10/03/2016
2016010293;1;2;3;1;3;60;11/03/2016
2016010294;1;2;4;1;2;60;14/03/2016
2016010295;1;2;1;1;3;60;19/03/2016
2016010296;5;2;1;1;3;60;20/03/2016
2016010297;1;2;1;1;6;60;21/03/2016
2016010298;1;2;2;1;3;60;29/03/2016
2016010299;1;2;1;1;5;60;29/03/2016
2016010300;1;1;2;1;3;60;31/03/2016
2016010301;5;2;1;1;6;60;12/04/2016
2016010302;2;2;1;1;6;60;12/04/2016
2016010303;1;2;1;1;1;60;12/04/2016
2016010304;1;2;1;1;1;60;18/04/2016
2016010305;1;2;3;1;2;60;20/04/2016
2016010306;1;2;1;1;6;60;20/04/2016
2016010307;1;1;1;1;5;60;05/05/2016
2016010308;5;2;9;1;3;60;13/05/2016
2016010309;1;2;1;1;3;60;16/05/2016
2016010310;5;2;2;1;3;60;17/05/2016
2016010311;1;2;1;1;6;60;20/05/2016
2016010312;4;2;1;1;6;60;22/05/2016
2016010313;1;2;2;1;6;60;24/05/2016
2016010314;1;2;1;1;3;60;25/05/2016
2016010315;1;2;1;1;3;60;26/05/2016
2016010316;1;2;2;1;6;60;28/05/2016
2016010317;2;2;1;1;6;60;04/06/2016
2016010318;1;2;2;2;3;60;04/06/2016
2016010319;1;2;1;3;1;60;09/06/2016
2016010320;1;2;3;1;3;60;24/06/2016
2016010321;5;1;1;1;5;60;25/06/2016
2016010322;1;2;1;1;6;60;13/07/2016
2016010323;3;2;1;1;6;60;13/07/2016
2016010324;5;2;1;1;7;60;13/07/2016
2016010325;1;2;1;1;6;60;17/07/2016
2016010326;1;2;1;1;4;60;17/07/2016
2016010327;1;2;1;1;6;60;20/07/2016
2016010328;2;1;1;8;7;60;22/07/2016
2016010329;5;1;1;8;6;60;24/07/2016
2016010330;1;2;1;1;5;60;24/07/2016
2016010331;1;1;1;1;3;60;24/07/2016
2016010332;1;2;1;1;5;60;27/07/2016
2016010333;5;2;1;1;7;60;30/07/2016
2016010334;1;2;2;1;3;60;30/07/2016
2016010335;5;2;1;1;3;60;30/07/2016
2016010336;1;2;1;1;6;60;02/08/2016
2016010337;5;2;3;1;3;60;08/08/2016
2016010338;5;2;3;1;3;60;10/08/2016
2016010339;5;2;1;1;3;60;14/08/2016
2016010340;2;2;1;1;3;60;20/08/2016
2016010341;1;2;1;1;3;60;21/08/2016
2016010342;1;2;1;1;6;60;22/08/2016
2016010343;1;1;1;1;6;60;23/08/2016
2016010344;5;1;1;1;3;60;25/08/2016
2016010345;5;2;3;1;3;60;01/09/2016
2016010346;1;2;1;1;6;60;03/09/2016
2016010347;1;2;2;1;3;60;03/09/2016
2016010348;5;2;1;1;6;60;04/09/2016
2016010349;5;1;1;1;6;60;07/09/2016
2016010350;1;2;1;1;2;60;13/09/2016
2016010351;1;2;1;1;6;60;14/09/2016
2016010352;1;2;2;1;3;60;17/09/2016
2016010353;1;2;1;8;6;60;21/09/2016
2016010354;2;2;1;1;6;60;22/09/2016
2016010355;1;1;1;1;1;60;28/09/2016
2016010356;1;2;1;1;3;60;29/09/2016
2016010357;5;1;1;1;5;60;02/10/2016
2016010358;1;2;1;1;3;60;08/10/2016
2016010359;5;2;3;1;3;60;08/10/2016
2016010360;1;1;1;3;1;60;11/10/2016
2016010361;1;2;1;1;3;60;08/10/2016
2016010362;1;2;1;1;6;60;21/10/2016
2016010363;5;2;1;1;6;60;27/10/2016
2016010364;1;2;1;1;7;60;30/10/2016
2016010365;1;2;1;1;6;60;08/11/2016
2016010366;1;2;1;1;6;60;14/11/2016
2016010367;1;2;1;3;4;60;22/11/2016
2016010368;2;1;1;2;1;60;23/11/2016
2016010369;1;2;1;1;3;60;28/11/2016
2016010370;1;2;9;1;6;60;30/11/2016
2016010371;1;2;1;1;3;60;04/12/2016
2016010372;5;1;1;1;6;60;06/12/2016
2016010373;1;2;3;1;3;60;08/12/2016
2016010374;5;2;7;1;1;60;08/12/2016
2016010375;1;2;6;1;6;60;27/12/2016
2016010376;5;2;1;1;3;60;02/01/2016
2016010377;1;2;1;1;6;60;06/01/2016
2016010378;1;2;1;1;6;60;09/01/2016
2016010379;1;2;3;1;6;60;10/01/2016
2016010380;1;2;1;1;4;60;12/01/2016
2016010381;5;2;3;1;3;60;14/01/2016
2016010382;1;2;1;1;6;60;25/01/2016
2016010383;1;2;3;1;3;60;26/01/2016
2016010384;1;2;1;1;2;60;27/01/2016
2016010385;1;2;1;1;6;60;29/01/2016
2016010386;1;2;1;1;2;60;29/01/2016
2016010387;5;2;1;1;1;60;06/02/2016
2016010388;1;2;1;1;1;60;01/02/2016
2016010389;1;2;1;1;6;60;05/02/2016
2016010390;1;2;1;1;3;60;05/02/2016
2016010391;1;2;3;1;6;60;18/02/2016
2016010392;1;2;1;1;6;60;11/02/2016
2016010393;1;2;1;1;2;60;21/02/2016
2016010394;1;2;1;1;6;60;23/02/2016
2016010395;1;2;1;1;3;60;24/02/2016
2016010396;1;2;3;1;2;60;04/03/2016
2016010397;1;2;1;1;6;60;07/03/2016
2016010398;1;2;3;1;3;60;08/03/2016
2016010399;1;2;6;1;6;60;11/03/2016
2016010400;1;2;1;1;4;60;15/03/2016
2016010401;1;2;6;1;3;60;18/03/2016
2016010402;1;2;3;1;6;60;22/03/2016
2016010403;5;2;3;1;3;60;24/03/2016
2016010404;1;2;1;1;2;60;24/03/2016
2016010405;1;2;1;1;6;60;29/03/2016
2016010406;1;2;1;1;6;60;29/03/2016