num_acc;lum;agg;inter;atm;col;dep;date
2016012165;3;1;1;1;6;570;31/10/2016
2016012166;1;1;1;2;4;570;22/11/2016
2016012167;3;1;1;1;4;570;18/12/2016
2016012168;5;1;9;5;6;570;22/12/2016
2016012169;1;1;1;2;2;860;27/03/2016
2016012170;1;1;1;1;5;860;21/05/2016
2016012171;1;1;1;1;6;860;25/05/2016
2016012172;1;1;1;1;6;860;07/06/2016
2016012173;2;1;1;1;6;860;10/06/2016
2016012174;1;1;1;1;5;860;20/06/2016
2016012175;3;1;1;1;1;860;22/07/2016
2016012176;1;1;1;1;6;860;28/07/2016
2016012177;3;1;1;1;6;860;19/08/2016
2016012178;1;1;1;1;6;860;03/09/2016
2016012179;1;1;1;1;3;860;08/09/2016
2016012180;1;1;1;1;5;860;29/09/2016
2016012181;1;1;1;1;2;860;26/10/2016
2016012182;1;1;1;1;1;790;22/07/2016
2016012183;1;1;1;1;2;360;14/06/2016
2016012184;1;1;1;1;7;360;08/07/2016
2016012185;1;1;1;1;6;360;14/07/2016
2016012186;1;1;1;1;2;360;24/09/2016
2016012187;3;1;1;1;7;360;11/10/2016
2016012188;5;1;1;5;2;360;15/11/2016
2016012189;1;1;1;1;6;360;27/12/2016
2016012190;2;2;1;2;3;370;14/01/2016
2016012191;2;1;1;2;1;370;30/04/2016
2016012192;1;2;2;7;3;370;18/11/2016
2016012193;1;1;1;1;7;370;22/08/2016
2016012194;1;1;3;3;3;490;12/02/2016
2016012195;1;1;1;1;3;490;04/05/2016
2016012196;1;1;1;1;6;490;25/07/2016
2016012197;1;1;1;1;6;490;29/08/2016
2016012198;1;2;1;1;1;490;12/10/2016
2016012199;1;1;1;1;3;490;13/10/2016
2016012200;1;1;1;1;3;490;21/10/2016
2016012201;3;1;1;1;7;490;16/11/2016
2016012202;1;1;1;3;1;490;23/11/2016
2016012203;3;1;1;2;2;20;05/01/2016
2016012204;3;1;1;1;2;20;26/08/2016
2016012205;3;1;2;8;6;90;13/01/2016
2016012206;5;1;1;1;2;60;31/01/2016
2016012207;1;1;9;1;2;60;08/03/2016
2016012208;1;1;1;1;2;60;23/03/2016
2016012209;1;1;1;1;2;60;03/06/2016
2016012210;1;1;1;1;6;60;23/06/2016
2016012211;1;1;1;1;6;60;15/09/2016
2016012212;1;1;1;1;2;60;16/09/2016
2016012213;1;1;1;1;3;60;30/09/2016
2016012214;3;1;1;1;6;60;22/10/2016
2016012215;1;1;1;2;6;60;23/10/2016
2016012216;1;1;1;1;2;60;07/11/2016
2016012217;3;1;1;1;7;60;07/11/2016
2016012218;3;1;1;1;2;60;13/11/2016
2016012219;5;1;1;2;6;60;21/11/2016
2016012220;1;1;1;3;7;60;24/11/2016
2016012221;1;1;1;3;6;60;24/11/2016
2016012222;2;1;1;1;4;60;07/12/2016
2016012223;3;1;1;1;5;60;12/12/2016
2016012224;1;1;1;1;4;60;30/12/2016
2016012225;1;1;1;8;6;570;15/01/2016
2016012226;3;1;1;1;6;670;07/05/2016
2016012227;1;1;1;1;6;670;03/09/2016
2016012228;3;1;1;1;6;570;02/11/2016
2016012229;3;1;1;1;5;900;10/03/2016
2016012230;1;1;1;1;2;900;29/03/2016
2016012231;1;1;1;1;2;680;31/03/2016
2016012232;1;1;1;1;2;900;20/04/2016
2016012233;1;1;1;1;2;680;27/05/2016
2016012234;1;1;1;1;7;900;10/07/2016
2016012235;3;1;1;1;1;900;13/07/2016
2016012236;3;1;1;1;3;900;21/11/2016
2016012237;3;1;1;1;2;900;01/12/2016
2016012238;2;1;1;1;3;670;18/02/2016
2016012239;1;1;1;1;3;670;30/07/2016
2016012240;1;1;1;1;2;670;19/09/2016
2016012241;1;1;9;2;1;670;01/10/2016
2016012242;3;1;1;5;4;670;30/12/2016
2016012243;3;1;1;2;6;620;24/03/2016
2016012244;1;1;1;1;6;620;12/05/2016
2016012245;3;1;1;1;6;620;26/05/2016
2016012246;1;1;1;1;6;620;28/08/2016
2016012247;1;1;1;1;6;620;21/10/2016
2016012248;3;1;1;2;1;560;10/11/2016
2016012249;1;2;1;1;3;440;09/08/2016
2016012250;1;2;6;1;1;440;08/10/2016
2016012251;1;1;1;1;2;440;17/10/2016
2016012252;2;1;1;1;5;440;01/12/2016
2016012253;1;1;3;7;3;490;02/12/2016
2016012254;3;1;3;1;3;530;22/01/2016
2016012255;2;1;1;8;1;530;15/02/2016
2016012256;3;1;1;2;1;530;04/03/2016
2016012257;1;1;1;1;2;530;25/08/2016
2016012258;1;2;1;7;2;530;01/12/2016
2016012259;1;1;1;8;1;620;23/01/2016
2016012260;3;1;1;1;2;620;15/05/2016
2016012261;1;1;1;1;7;620;07/07/2016
2016012262;1;1;1;1;2;620;19/07/2016
2016012263;1;1;1;1;4;620;15/10/2016
2016012264;3;1;1;4;6;620;18/11/2016
2016012265;3;1;1;1;6;760;15/01/2016
2016012266;3;1;1;1;6;760;29/01/2016
2016012267;1;1;1;3;1;760;27/05/2016
2016012268;1;1;1;1;5;760;18/09/2016
2016012269;2;1;1;1;1;270;28/01/2016
2016012270;1;2;2;1;3;270;29/03/2016
2016012271;1;2;1;7;2;270;13/04/2016
2016012272;1;1;3;2;2;270;20/06/2016
2016012273;1;1;1;1;2;270;08/07/2016
2016012274;1;2;3;1;1;270;18/03/2016
2016012275;1;1;2;8;2;270;25/04/2016
2016012276;2;1;1;1;3;270;04/06/2016
2016012277;1;1;2;1;3;330;23/03/2016
2016012278;1;1;1;1;3;330;28/04/2016
2016012279;1;1;1;1;2;170;17/05/2016
2016012280;1;1;2;1;5;170;16/12/2016
2016012281;1;1;1;5;1;790;30/12/2016
2016012282;1;2;1;1;6;90;11/01/2016
2016012283;1;1;1;1;1;90;28/07/2016
2016012284;1;2;3;1;3;90;05/02/2016
2016012285;1;1;1;8;1;90;08/04/2016
2016012286;3;1;1;1;2;120;06/02/2016
2016012287;1;1;1;7;5;120;08/07/2016
2016012288;1;1;1;1;3;120;02/08/2016
2016012289;1;2;1;8;6;910;31/03/2016
2016012290;3;1;1;3;6;770;23/05/2016
2016012291;1;1;1;1;1;770;19/09/2016
2016012292;1;2;2;7;3;770;24/05/2016
2016012293;1;1;1;1;2;180;08/05/2016
2016012294;1;1;2;7;3;280;15/01/2016
2016012295;1;1;1;1;6;70;03/10/2016
2016012296;1;1;1;2;1;420;12/01/2016
2016012297;3;1;1;2;1;420;29/01/2016
2016012298;1;1;2;7;3;420;21/05/2016
2016012299;1;2;1;1;1;670;28/06/2016
2016012300;1;1;1;1;1;130;03/04/2016
2016012301;1;1;1;2;1;840;02/01/2016
2016012302;1;1;9;1;6;380;02/03/2016
2016012303;1;1;1;1;2;380;05/03/2016
2016012304;1;1;1;1;2;380;30/06/2016
2016012305;1;1;1;1;4;380;03/09/2016
2016012306;3;1;1;1;6;380;23/09/2016
2016012307;3;1;1;1;1;130;14/01/2016
2016012308;2;1;1;1;2;130;21/01/2016
2016012309;1;1;1;1;2;130;20/02/2016
2016012310;1;1;1;1;7;130;08/03/2016
2016012311;3;1;1;1;2;130;11/03/2016
2016012312;1;1;1;1;4;130;18/04/2016
2016012313;1;1;1;1;2;130;06/06/2016
2016012314;1;1;1;1;6;130;17/07/2016
2016012315;1;1;1;1;6;130;16/09/2016
2016012316;3;1;1;1;6;130;10/12/2016
2016012317;3;1;1;1;2;130;31/12/2016
2016012318;1;1;1;1;6;60;26/01/2016
2016012319;3;1;1;1;6;60;07/02/2016
2016012320;3;1;1;1;1;60;16/02/2016
2016012321;3;1;1;1;5;60;23/02/2016
2016012322;1;1;1;8;3;60;28/02/2016
2016012323;1;1;1;1;3;60;19/03/2016
2016012324;3;1;1;1;4;60;10/03/2016
2016012325;2;1;1;1;2;60;10/04/2016
2016012326;1;1;1;1;6;60;18/04/2016
2016012327;1;1;1;6;6;60;27/04/2016
2016012328;1;1;1;1;5;60;28/04/2016
2016012329;1;1;1;1;2;60;30/04/2016
2016012330;3;1;1;1;2;830;02/07/2016
2016012331;1;1;1;1;5;60;07/07/2016
2016012332;3;1;1;1;7;830;07/07/2016
2016012333;1;1;1;1;6;60;15/07/2016
2016012334;1;1;1;1;3;60;02/08/2016
2016012335;1;1;1;7;2;60;04/08/2016
2016012336;1;1;1;1;3;60;04/08/2016
2016012337;4;1;1;1;2;60;18/08/2016
2016012338;1;1;1;1;2;830;17/09/2016
2016012339;1;1;1;1;1;60;25/09/2016
2016012340;1;1;1;7;5;60;07/10/2016
2016012341;1;1;1;1;6;60;16/10/2016
2016012342;3;1;1;1;2;60;19/10/2016
2016012343;3;1;1;1;6;60;14/11/2016
2016012344;1;1;1;8;6;640;22/01/2016
2016012345;1;1;1;1;6;640;25/01/2016
2016012346;3;1;1;1;5;640;08/02/2016
2016012347;1;1;1;1;2;640;07/03/2016
2016012348;1;1;1;1;6;640;16/03/2016
2016012349;1;1;1;1;5;640;05/05/2016
2016012350;1;1;1;1;5;640;08/06/2016
2016012351;1;1;1;1;6;640;05/07/2016
2016012352;1;1;1;3;6;640;09/09/2016
2016012353;3;1;1;2;2;640;12/10/2016
2016012354;1;1;1;1;1;660;20/06/2016
2016012355;1;1;9;1;7;660;13/07/2016
2016012356;1;2;1;1;3;660;15/12/2016
2016012357;3;1;1;2;5;630;11/02/2016
2016012358;2;1;1;3;6;630;25/09/2016
2016012359;3;1;1;1;6;630;10/10/2016
2016012360;1;2;2;2;3;740;03/01/2016
2016012361;5;2;1;4;6;740;15/01/2016
2016012362;5;1;1;1;2;740;29/01/2016
2016012363;5;2;6;2;1;740;22/02/2016
2016012364;5;2;1;1;3;740;01/03/2016
2016012365;1;2;3;2;3;740;25/03/2016
2016012366;2;1;1;2;6;740;18/04/2016
2016012367;1;2;1;1;6;740;24/04/2016
2016012368;1;2;4;1;3;740;04/05/2016
2016012369;1;2;1;1;1;740;28/05/2016
2016012370;1;2;1;1;6;740;26/05/2016
2016012371;1;2;1;3;1;740;06/06/2016
2016012372;1;1;1;1;1;740;14/06/2016
2016012373;1;2;9;1;6;740;17/05/2016
2016012374;3;1;1;1;6;740;02/07/2016
2016012375;1;2;2;1;6;740;05/07/2016
2016012376;1;2;3;1;6;740;15/07/2016
2016012377;1;1;1;1;7;740;16/08/2016
2016012378;1;1;1;1;1;740;16/08/2016
2016012379;1;2;1;1;2;740;28/09/2016
2016012380;1;2;2;1;1;740;01/12/2016
2016012381;3;1;1;1;1;740;02/12/2016
2016012382;1;1;4;1;2;740;14/12/2016
2016012383;3;1;1;1;6;740;30/12/2016
2016012384;2;2;1;2;6;590;23/01/2016
2016012385;1;2;1;1;6;590;08/04/2016
2016012386;1;1;1;1;1;590;04/05/2016
2016012387;1;2;1;1;1;590;03/07/2016
2016012388;1;2;1;7;6;590;13/10/2016
2016012389;1;1;1;1;5;590;24/11/2016
2016012390;3;1;1;2;6;590;12/12/2016
2016012391;3;1;1;5;1;590;28/12/2016
2016012392;1;1;1;4;1;240;12/01/2016
2016012393;3;1;1;1;2;470;28/06/2016
2016012394;1;1;1;1;2;470;25/08/2016
2016012395;2;1;1;1;5;470;17/10/2016
2016012396;3;1;1;3;5;470;04/11/2016
2016012397;1;1;1;2;5;720;14/06/2016
2016012398;1;1;1;1;7;720;17/06/2016
2016012399;1;1;1;1;7;720;03/07/2016
2016012400;1;1;1;1;7;720;22/07/2016
2016012401;1;1;1;8;4;720;25/09/2016
2016012402;1;1;1;1;3;720;14/10/2016
2016012403;1;1;1;8;3;720;21/11/2016
2016012404;3;1;1;1;7;720;26/12/2016
2016012405;1;1;1;2;6;890;15/02/2016
2016012406;1;1;1;1;7;890;26/06/2016
2016012407;1;1;1;1;2;890;17/07/2016
2016012408;3;2;1;1;6;890;24/07/2016
2016012409;1;1;1;1;6;890;01/08/2016
2016012410;1;1;1;1;7;890;05/08/2016
2016012411;3;1;1;1;2;890;21/11/2016
2016012412;3;1;1;1;6;890;03/12/2016
2016012413;1;1;1;1;3;850;18/04/2016
2016012414;2;1;1;1;1;850;28/10/2016
2016012415;1;1;1;1;5;90;19/12/2016
2016012416;1;2;1;1;6;90;20/01/2016
2016012417;5;2;3;1;3;90;03/02/2016
2016012418;1;1;1;1;2;90;20/02/2016
2016012419;3;1;1;2;7;90;10/02/2016
2016012420;1;1;1;1;3;910;18/03/2016
2016012421;1;1;1;1;1;910;12/07/2016
2016012422;2;1;1;7;2;910;15/09/2016
2016012423;3;1;1;1;5;910;01/10/2016
2016012424;3;2;6;1;1;910;24/11/2016
2016012425;1;1;9;1;4;380;27/08/2016
2016012426;5;2;1;1;1;90;12/03/2016
2016012427;1;2;1;1;6;90;30/05/2016
2016012428;2;2;1;1;3;90;11/03/2016
2016012429;1;2;4;1;3;90;21/06/2016
2016012430;1;2;7;1;6;90;18/05/2016
2016012431;1;2;1;1;6;90;01/07/2016
2016012432;1;2;1;1;1;90;04/09/2016
2016012433;5;2;1;1;6;90;23/09/2016
2016012434;5;2;2;1;6;90;13/11/2016
2016012435;3;1;1;1;6;310;21/02/2016
2016012436;1;1;1;1;7;310;24/03/2016
2016012437;1;1;1;1;1;310;29/03/2016
2016012438;2;1;1;1;6;310;15/07/2016
2016012439;1;1;1;1;2;310;04/10/2016
2016012440;1;1;1;1;7;90;08/10/2016
2016012441;1;1;1;1;7;310;09/10/2016
2016012442;1;1;3;5;3;310;27/10/2016
2016012443;3;1;1;1;2;110;18/11/2016
2016012444;3;1;1;1;2;330;04/06/2016
2016012445;3;1;9;8;2;330;06/06/2016
2016012446;3;1;1;8;2;330;07/06/2016
2016012447;1;1;1;1;2;330;21/06/2016
2016012448;1;1;1;1;5;330;21/06/2016
2016012449;1;1;6;8;7;330;02/07/2016
2016012450;1;1;1;8;3;330;04/08/2016
2016012451;1;1;1;1;5;330;31/08/2016
2016012452;1;1;1;1;2;330;05/09/2016
2016012453;5;1;1;3;6;740;07/01/2016
2016012454;3;1;2;1;1;740;26/02/2016
2016012455;1;1;1;1;1;460;28/04/2016
2016012456;3;1;1;1;6;460;02/07/2016
2016012457;2;1;1;1;6;460;10/12/2016
2016012458;1;1;9;1;6;690;08/01/2016
2016012459;1;2;1;1;1;690;14/02/2016
2016012460;1;1;1;1;1;690;29/03/2016
2016012461;1;1;1;3;6;690;31/05/2016
2016012462;1;1;1;1;1;690;04/09/2016
2016012463;1;1;1;9;6;690;15/09/2016
2016012464;3;1;1;2;6;690;14/10/2016
2016012465;2;1;1;2;5;690;09/11/2016
2016012466;3;1;1;5;4;690;06/12/2016
2016012467;1;1;1;1;6;690;26/12/2016
2016012468;2;1;1;4;6;720;14/02/2016
2016012469;1;1;1;1;1;720;30/03/2016
2016012470;1;1;9;1;2;720;10/08/2016
2016012471;1;1;1;8;3;720;21/11/2016
2016012472;3;1;1;1;6;680;06/02/2016
2016012473;1;1;1;1;7;680;29/03/2016
2016012474;1;1;1;1;6;680;03/04/2016
2016012475;2;1;1;2;7;680;31/07/2016
2016012476;1;1;1;1;6;680;12/08/2016
2016012477;1;1;1;1;6;680;05/09/2016
2016012478;3;1;1;1;2;680;20/09/2016
2016012479;1;1;1;1;2;680;29/09/2016
2016012480;1;2;4;1;6;680;10/10/2016
2016012481;4;1;1;1;6;680;06/11/2016
2016012482;1;1;1;1;7;680;05/12/2016
2016012483;3;1;1;1;7;680;18/12/2016
2016012484;1;1;1;1;6;530;12/01/2016
2016012485;1;1;1;1;7;530;23/02/2016
2016012486;1;1;1;1;6;530;01/04/2016
2016012487;3;1;1;3;6;530;09/04/2016
2016012488;2;1;1;1;2;530;08/05/2016
2016012489;1;1;1;1;5;530;10/05/2016
2016012490;1;1;1;1;6;530;15/07/2016
2016012491;1;1;1;1;6;530;23/07/2016
2016012492;1;2;7;8;3;530;10/12/2016
2016012493;2;1;1;1;7;440;08/01/2016
2016012494;1;1;1;1;7;440;15/01/2016
2016012495;1;1;1;1;6;440;27/01/2016
2016012496;1;1;1;1;6;440;01/02/2016
2016012497;3;1;1;1;2;440;21/03/2016
2016012498;1;1;1;1;2;440;23/06/2016
2016012499;2;1;1;2;6;470;11/01/2016
2016012500;2;1;1;1;2;470;04/06/2016
2016012501;1;1;1;1;7;470;04/09/2016
2016012502;1;1;1;1;7;470;03/12/2016
2016012503;3;1;1;1;5;470;21/12/2016
2016012504;1;1;1;1;6;820;03/01/2016
2016012505;2;1;1;2;5;820;14/01/2016
2016012506;1;1;6;1;6;820;01/03/2016
2016012507;1;1;1;2;1;820;05/03/2016
2016012508;1;1;1;1;6;310;14/04/2016
2016012509;1;1;1;1;2;820;04/05/2016
2016012510;1;1;1;1;6;820;10/07/2016
2016012511;2;1;1;1;2;820;09/09/2016
2016012512;1;1;1;1;6;820;25/09/2016
2016012513;1;1;9;1;2;820;02/10/2016
2016012514;1;1;1;5;4;310;06/11/2016
2016012515;1;1;1;5;2;820;10/12/2016
2016012516;1;1;1;2;2;820;16/12/2016
2016012517;1;1;1;1;7;201;16/01/2016
2016012518;1;1;1;1;3;201;24/05/2016
2016012519;1;1;1;1;5;201;08/06/2016
2016012520;2;1;1;1;1;201;15/06/2016
2016012521;1;1;1;1;4;201;07/09/2016
2016012522;1;1;1;1;6;390;01/01/2016
2016012523;3;1;1;8;5;390;03/02/2016
2016012524;1;1;1;1;6;390;16/03/2016
2016012525;1;1;1;1;1;390;08/06/2016
2016012526;2;1;1;1;5;390;14/11/2016
2016012527;3;1;1;2;6;390;13/12/2016
2016012528;1;2;4;1;3;380;26/03/2016
2016012529;5;2;1;1;3;380;31/03/2016
2016012530;1;2;1;1;1;380;27/04/2016
2016012531;5;2;1;1;3;380;29/05/2016
2016012532;2;1;1;1;1;380;26/06/2016
2016012533;3;1;1;1;7;380;20/07/2016
2016012534;1;2;2;1;3;380;12/11/2016
2016012535;5;2;3;1;6;380;06/12/2016
2016012536;1;2;6;2;7;60;22/02/2016
2016012537;1;1;1;1;3;60;02/03/2016
2016012538;5;2;1;1;3;60;09/04/2016
2016012539;3;1;1;1;3;60;28/05/2016
2016012540;5;2;1;1;6;60;10/06/2016
2016012541;1;1;1;1;3;60;06/07/2016
2016012542;1;2;1;1;1;60;03/07/2016
2016012543;1;2;1;1;1;60;09/08/2016
2016012544;2;2;1;1;6;60;10/08/2016
2016012545;2;1;1;1;6;60;27/08/2016
2016012546;1;2;3;1;5;60;03/09/2016
2016012547;1;2;3;1;3;60;23/09/2016
2016012548;1;2;3;1;2;60;09/10/2016
2016012549;2;2;1;1;2;60;11/10/2016
2016012550;1;2;1;1;3;60;17/10/2016
2016012551;1;2;2;1;3;60;02/10/2016
2016012552;1;2;3;1;3;60;29/10/2016
2016012553;1;1;1;1;5;60;29/11/2016
2016012554;3;2;1;2;6;780;15/01/2016
2016012555;3;1;1;3;7;780;03/03/2016
2016012556;5;2;1;1;1;780;19/03/2016
2016012557;1;2;1;1;6;780;01/05/2016
2016012558;1;1;1;1;1;780;10/05/2016
2016012559;1;1;1;1;6;780;02/06/2016
2016012560;5;1;1;1;1;780;28/07/2016
2016012561;1;1;1;1;2;780;16/11/2016
2016012562;2;1;6;5;4;330;22/02/2016
2016012563;1;1;6;1;3;330;06/03/2016
2016012564;1;1;1;1;7;330;30/03/2016
2016012565;1;2;6;1;2;330;18/04/2016
2016012566;1;1;1;1;1;330;27/04/2016
2016012567;3;1;1;1;6;330;12/06/2016
2016012568;2;1;4;1;1;330;20/09/2016
2016012569;1;1;1;1;7;330;25/09/2016
2016012570;5;1;6;1;6;330;16/12/2016
2016012571;1;1;1;1;7;660;25/02/2016
2016012572;3;1;1;2;4;670;17/04/2016
2016012573;1;1;1;2;6;670;23/05/2016
2016012574;1;1;1;1;2;670;14/06/2016
2016012575;1;1;1;1;2;670;13/07/2016
2016012576;3;1;1;1;6;670;09/10/2016
2016012577;3;1;1;1;4;670;25/11/2016
2016012578;3;1;1;1;6;670;04/12/2016
2016012579;3;1;1;1;2;670;13/12/2016
2016012580;1;1;1;1;6;790;15/07/2016
2016012581;3;1;1;1;2;790;19/07/2016
2016012582;2;1;1;1;6;790;18/09/2016
2016012583;1;1;1;1;7;330;16/07/2016
2016012584;1;1;1;1;3;330;09/09/2016
2016012585;1;1;1;1;7;170;22/10/2016
2016012586;1;1;1;1;5;330;06/11/2016
2016012587;1;1;1;1;7;170;28/12/2016
2016012588;1;2;1;1;1;201;07/01/2016
2016012589;5;2;1;1;7;201;02/04/2016
2016012590;1;1;1;1;6;201;03/04/2016
2016012591;1;1;1;1;6;201;16/04/2016
2016012592;1;1;1;1;1;201;14/05/2016
2016012593;1;1;1;1;7;201;01/06/2016
2016012594;1;1;1;1;3;201;15/06/2016
2016012595;1;1;1;1;2;201;16/06/2016
2016012596;1;1;1;2;6;201;19/06/2016
2016012597;1;1;1;1;3;201;26/06/2016
2016012598;1;2;1;1;3;201;30/06/2016
2016012599;1;2;1;1;6;201;14/07/2016
2016012600;1;1;1;7;6;201;20/07/2016
2016012601;3;1;1;1;7;140;26/03/2016
2016012602;1;1;4;1;3;740;03/06/2016
2016012603;1;1;6;1;6;740;24/06/2016
2016012604;1;1;1;1;1;740;03/07/2016
2016012605;1;2;6;1;6;740;07/07/2016
2016012606;5;2;1;3;5;740;04/08/2016
2016012607;1;2;3;1;5;740;27/08/2016
2016012608;1;2;4;1;3;740;30/08/2016
2016012609;1;2;4;1;1;740;14/09/2016
2016012610;3;1;1;1;3;10;26/01/2016
2016012611;3;1;1;1;6;10;30/01/2016
2016012612;1;1;1;1;6;10;18/02/2016
2016012613;1;1;1;1;2;10;19/03/2016
2016012614;1;1;1;6;7;10;23/03/2016
2016012615;1;1;1;1;7;10;20/04/2016
2016012616;1;1;1;1;6;10;30/04/2016
2016012617;1;1;1;1;3;10;28/04/2016
2016012618;3;1;1;1;2;10;11/05/2016
2016012619;3;1;1;1;5;10;18/05/2016
2016012620;3;1;1;1;2;10;18/06/2016
2016012621;1;1;1;8;7;10;12/07/2016
2016012622;2;1;1;1;1;10;20/07/2016
2016012623;1;1;1;1;2;380;21/08/2016
2016012624;3;1;1;5;2;10;05/10/2016
2016012625;3;1;1;1;1;10;04/11/2016
2016012626;1;1;1;1;3;370;17/07/2016
2016012627;1;1;1;8;2;370;14/09/2016
2016012628;1;2;1;1;6;420;16/02/2016
2016012629;3;1;1;1;6;420;11/03/2016
2016012630;3;1;1;2;7;420;15/03/2016
2016012631;1;2;1;4;6;420;16/03/2016
2016012632;1;1;1;1;7;420;18/03/2016
2016012633;2;1;1;1;1;420;19/03/2016
2016012634;1;1;1;1;3;420;19/04/2016
2016012635;1;2;1;7;1;420;07/05/2016
2016012636;1;1;1;8;7;420;12/05/2016
2016012637;1;2;1;8;3;420;23/05/2016
2016012638;1;2;1;1;6;420;24/06/2016
2016012639;5;2;1;1;6;420;26/07/2016
2016012640;1;1;1;2;6;420;30/07/2016
2016012641;1;1;1;1;7;420;02/08/2016
2016012642;2;1;1;1;3;420;07/08/2016
2016012643;1;2;1;1;1;420;30/08/2016
2016012644;1;2;1;7;3;420;24/09/2016
2016012645;5;2;1;1;7;420;25/09/2016
2016012646;1;1;1;1;3;420;10/10/2016
2016012647;5;2;1;1;2;420;30/11/2016
2016012648;3;1;1;9;6;910;17/01/2016
2016012649;3;1;6;5;7;910;18/09/2016
2016012650;3;1;6;5;6;910;11/12/2016
2016012651;1;1;6;8;1;910;12/12/2016
2016012652;1;1;1;1;2;510;22/03/2016
2016012653;1;1;1;1;2;510;28/05/2016
2016012654;1;1;1;1;1;510;01/06/2016
2016012655;1;1;8;1;3;510;06/06/2016
2016012656;1;1;2;1;1;510;08/07/2016
2016012657;1;1;1;1;1;510;19/07/2016
2016012658;3;1;6;1;6;510;20/08/2016
2016012659;1;1;3;1;3;510;22/09/2016
2016012660;1;1;1;8;1;510;13/11/2016
2016012661;3;1;1;1;1;510;14/12/2016
2016012662;1;2;2;1;6;510;16/12/2016
2016012663;3;1;2;1;3;510;21/12/2016
2016012664;1;2;1;1;7;310;30/08/2016
2016012665;1;2;1;1;6;60;04/01/2016
2016012666;2;2;6;1;6;60;11/01/2016
2016012667;1;1;6;1;3;60;24/01/2016
2016012668;1;1;1;1;3;60;13/01/2016
2016012669;1;2;1;1;1;60;06/03/2016
2016012670;1;2;1;1;1;60;14/04/2016
2016012671;1;2;1;1;5;60;21/04/2016
2016012672;1;2;1;1;3;60;27/04/2016
2016012673;3;1;1;1;3;60;14/05/2016
2016012674;1;2;1;1;6;60;07/05/2016
2016012675;1;1;1;1;2;60;26/05/2016
2016012676;1;2;1;1;3;60;12/06/2016
2016012677;1;2;1;1;6;60;23/06/2016
2016012678;1;1;6;1;6;60;26/06/2016
2016012679;1;2;1;1;1;60;13/07/2016
2016012680;1;1;1;1;7;60;16/07/2016
2016012681;1;2;1;1;2;60;04/08/2016
2016012682;1;1;1;6;6;60;05/08/2016
2016012683;1;1;9;1;3;60;02/06/2016
2016012684;3;1;1;1;1;60;05/09/2016
2016012685;1;1;1;1;5;60;10/10/2016
2016012686;1;1;1;1;2;60;19/10/2016
2016012687;1;1;1;1;6;60;28/10/2016
2016012688;1;2;1;1;3;60;30/10/2016
2016012689;1;2;1;2;7;60;09/11/2016
2016012690;1;1;1;2;5;60;23/11/2016
2016012691;5;1;1;1;5;60;25/11/2016
2016012692;1;1;1;1;1;60;26/11/2016
2016012693;3;2;6;1;6;60;30/11/2016
2016012694;1;2;1;1;7;60;02/12/2016
2016012695;1;1;1;1;6;60;15/12/2016
2016012696;1;2;1;1;6;60;30/12/2016
2016012697;1;2;1;1;3;690;24/03/2016
2016012698;1;2;1;1;1;690;05/07/2016
2016012699;5;2;1;2;3;690;04/01/2016
2016012700;2;2;1;1;3;690;12/01/2016
2016012701;1;2;1;1;6;690;08/04/2016
2016012702;1;2;1;1;6;690;07/10/2016
2016012703;1;2;1;1;3;690;19/10/2016
2016012704;5;2;1;1;1;690;18/11/2016
2016012705;1;2;2;1;3;690;01/12/2016
2016012706;5;2;1;5;3;690;06/12/2016
2016012707;5;2;1;1;3;690;08/12/2016
2016012708;5;2;1;1;3;690;11/12/2016
2016012709;5;2;1;1;6;380;10/12/2016
2016012710;1;2;1;1;3;380;14/12/2016
2016012711;3;1;1;3;5;740;08/01/2016
2016012712;1;1;1;1;1;740;31/07/2016
2016012713;1;2;2;1;3;740;06/08/2016
2016012714;1;1;1;1;7;740;02/09/2016
2016012715;1;1;1;2;7;340;05/03/2016
2016012716;1;1;1;1;2;340;24/03/2016
2016012717;3;1;1;1;7;340;25/08/2016
2016012718;1;1;1;1;1;10;13/01/2016
2016012719;1;1;1;1;5;10;19/03/2016
2016012720;3;1;1;3;6;10;13/04/2016
2016012721;1;1;1;1;6;10;21/04/2016
2016012722;1;1;1;1;5;10;23/05/2016
2016012723;1;1;1;1;6;10;26/05/2016
2016012724;3;1;1;1;6;10;18/06/2016
2016012725;1;1;1;1;6;10;23/06/2016
2016012726;1;1;1;1;1;10;31/07/2016
2016012727;1;1;1;1;7;10;11/08/2016
2016012728;1;1;1;1;7;10;11/08/2016
2016012729;1;1;1;1;6;10;22/08/2016
2016012730;2;1;1;1;6;10;28/09/2016
2016012731;3;1;1;1;6;10;01/11/2016
2016012732;1;1;1;1;3;770;07/10/2016
2016012733;1;1;2;1;3;770;12/10/2016
2016012734;1;2;9;1;6;770;22/11/2016
2016012735;1;1;1;1;4;780;06/06/2016
2016012736;2;1;1;7;4;780;16/02/2016
2016012737;1;2;1;1;3;780;21/02/2016
2016012738;3;1;1;1;1;780;06/03/2016
2016012739;1;1;1;1;1;780;01/04/2016
2016012740;1;1;1;8;1;780;02/04/2016
2016012741;2;1;1;7;6;780;15/04/2016
2016012742;1;1;1;1;1;780;09/05/2016
2016012743;1;1;1;1;1;780;07/06/2016
2016012744;1;2;4;1;3;780;28/08/2016