num_acc;lum;agg;inter;atm;col;dep;date
2016012745;1;2;1;1;2;780;10/09/2016
2016012746;1;2;1;1;3;780;14/10/2016
2016012747;3;1;1;2;7;130;04/01/2016
2016012748;1;1;1;1;2;130;21/01/2016
2016012749;1;1;1;1;6;130;01/02/2016
2016012750;1;2;1;1;1;130;19/05/2016
2016012751;4;1;1;1;1;130;13/07/2016
2016012752;1;1;1;1;1;130;18/07/2016
2016012753;1;1;1;1;3;130;21/09/2016
2016012754;4;1;1;1;1;130;10/11/2016
2016012755;1;1;1;1;2;950;22/10/2016
2016012756;1;1;1;8;7;950;02/12/2016
2016012757;1;2;1;2;6;90;14/05/2016
2016012758;1;1;1;1;5;90;16/05/2016
2016012759;1;1;1;8;3;90;03/06/2016
2016012760;1;1;1;1;1;90;24/07/2016
2016012761;1;1;1;8;6;90;06/10/2016
2016012762;3;1;1;2;5;90;05/11/2016
2016012763;5;2;1;1;3;350;27/03/2016
2016012764;3;1;1;1;2;350;03/04/2016
2016012765;1;1;1;1;1;350;14/04/2016
2016012766;1;1;1;1;1;350;28/05/2016
2016012767;1;2;6;1;1;350;01/07/2016
2016012768;1;1;1;1;1;350;07/07/2016
2016012769;3;1;1;1;6;350;16/07/2016
2016012770;1;1;3;1;3;350;21/08/2016
2016012771;3;1;1;8;3;350;14/09/2016
2016012772;1;2;1;7;6;350;12/10/2016
2016012773;3;1;1;1;7;350;21/10/2016
2016012774;1;2;1;1;3;350;10/11/2016
2016012775;5;1;3;2;3;350;23/11/2016
2016012776;4;1;1;1;7;350;03/12/2016
2016012777;3;1;1;5;7;350;18/12/2016
2016012778;1;1;6;1;3;350;27/12/2016
2016012779;2;1;1;1;6;560;17/04/2016
2016012780;3;1;1;1;6;560;14/07/2016
2016012781;1;1;1;1;7;560;17/07/2016
2016012782;1;1;1;1;3;560;24/07/2016
2016012783;1;1;1;1;1;560;08/11/2016
2016012784;3;1;1;1;4;560;25/11/2016
2016012785;5;1;1;2;6;560;19/12/2016
2016012786;1;1;1;1;1;420;08/02/2016
2016012787;1;1;1;1;6;420;28/02/2016
2016012788;1;1;1;1;4;420;27/09/2016
2016012789;3;1;9;1;2;420;07/10/2016
2016012790;3;1;1;1;4;420;08/12/2016
2016012791;1;1;1;2;7;420;12/02/2016
2016012792;1;1;1;2;6;420;23/04/2016
2016012793;1;2;1;1;1;780;16/01/2016
2016012794;1;1;2;1;3;780;17/02/2016
2016012795;1;1;5;2;5;780;31/03/2016
2016012796;1;1;1;8;5;780;30/04/2016
2016012797;1;1;1;8;1;880;19/03/2016
2016012798;1;1;1;1;3;880;24/07/2016
2016012799;1;2;1;1;1;380;14/03/2016
2016012800;1;1;1;1;1;380;24/04/2016
2016012801;1;1;1;1;3;380;07/08/2016
2016012802;3;1;1;1;1;380;22/08/2016
2016012803;1;2;1;1;3;380;13/09/2016
2016012804;1;2;1;3;3;380;19/09/2016
2016012805;3;2;1;3;6;380;05/11/2016
2016012806;1;2;1;3;4;380;09/11/2016
2016012807;1;1;1;1;6;130;08/02/2016
2016012808;1;1;1;1;6;130;10/02/2016
2016012809;1;1;1;1;5;130;04/07/2016
2016012810;1;1;1;1;2;130;13/07/2016
2016012811;1;1;1;1;6;130;17/07/2016
2016012812;1;1;1;1;2;130;19/07/2016
2016012813;3;1;1;1;5;130;19/09/2016
2016012814;1;1;1;4;4;180;12/02/2016
2016012815;1;1;1;1;6;180;14/08/2016
2016012816;1;1;1;1;6;180;27/08/2016
2016012817;2;1;1;1;6;180;07/09/2016
2016012818;5;2;1;1;1;340;03/02/2016
2016012819;3;1;1;1;3;340;07/03/2016
2016012820;1;1;1;1;4;340;12/03/2016
2016012821;1;2;1;1;6;340;24/08/2016
2016012822;1;1;1;1;3;340;05/09/2016
2016012823;1;1;9;1;3;340;21/09/2016
2016012824;1;1;3;1;3;340;15/10/2016
2016012825;1;1;1;1;3;340;06/12/2016
2016012826;1;1;1;1;3;340;23/12/2016
2016012827;1;1;1;1;5;10;12/01/2016
2016012828;2;1;1;4;2;10;03/02/2016
2016012829;5;1;1;1;7;10;12/06/2016
2016012830;3;1;1;2;3;10;06/11/2016
2016012831;5;1;1;3;1;10;10/11/2016
2016012832;3;1;1;1;1;10;18/12/2016
2016012833;1;1;1;1;6;140;26/01/2016
2016012834;1;1;3;1;2;140;04/05/2016
2016012835;1;1;2;1;3;140;11/06/2016
2016012836;1;2;1;1;2;140;13/07/2016
2016012837;1;1;1;1;1;140;15/08/2016
2016012838;1;2;3;1;6;140;26/08/2016
2016012839;3;1;1;1;3;140;19/09/2016
2016012840;1;1;1;1;3;130;08/01/2016
2016012841;1;1;1;1;7;130;11/02/2016
2016012842;1;1;1;1;3;130;31/03/2016
2016012843;1;1;1;1;3;130;09/05/2016
2016012844;3;1;1;1;6;130;05/05/2016
2016012845;1;1;1;1;5;130;05/08/2016
2016012846;2;1;1;1;3;130;24/09/2016
2016012847;1;1;1;1;5;130;30/09/2016
2016012848;3;1;1;1;1;130;20/11/2016
2016012849;1;1;1;2;3;130;25/11/2016
2016012850;3;1;1;1;3;130;16/12/2016
2016012851;3;1;1;1;7;130;18/12/2016
2016012852;2;1;1;1;2;30;28/01/2016
2016012853;3;1;9;1;3;30;18/02/2016
2016012854;3;1;1;1;2;30;09/03/2016
2016012855;1;1;1;1;7;30;23/08/2016
2016012856;1;1;9;1;6;30;07/09/2016
2016012857;1;1;1;1;7;30;08/09/2016
2016012858;3;1;1;1;6;30;23/09/2016
2016012859;1;1;1;1;6;30;27/09/2016
2016012860;1;2;1;1;6;30;11/10/2016
2016012861;3;1;1;1;6;30;10/11/2016
2016012862;3;1;1;1;2;630;20/01/2016
2016012863;1;1;1;1;3;630;27/03/2016
2016012864;1;1;1;1;3;630;04/06/2016
2016012865;1;1;1;1;6;630;02/07/2016
2016012866;1;1;1;1;4;630;13/08/2016
2016012867;1;1;1;1;6;60;01/05/2016
2016012868;1;2;1;1;5;60;14/05/2016
2016012869;1;2;6;1;6;60;20/06/2016
2016012870;1;1;1;1;1;60;31/08/2016
2016012871;1;1;6;1;2;60;06/11/2016
2016012872;1;1;1;1;1;490;03/05/2016
2016012873;1;1;2;1;5;490;18/05/2016
2016012874;1;1;1;1;1;490;17/06/2016
2016012875;1;1;1;1;5;490;29/06/2016
2016012876;1;1;1;1;2;490;12/08/2016
2016012877;2;1;1;2;4;490;24/10/2016
2016012878;1;1;1;1;6;490;28/10/2016
2016012879;1;1;1;1;2;490;22/11/2016
2016012880;1;1;1;2;2;400;05/04/2016
2016012881;1;1;1;1;7;400;04/07/2016
2016012882;3;1;1;1;7;400;24/12/2016
2016012883;1;1;1;1;6;400;14/10/2016
2016012884;1;1;1;7;2;400;17/12/2016
2016012885;3;1;1;1;6;630;26/03/2016
2016012886;1;1;1;1;6;630;25/04/2016
2016012887;1;1;1;1;3;630;05/05/2016
2016012888;3;2;1;1;6;630;03/06/2016
2016012889;3;1;1;1;6;630;13/07/2016
2016012890;1;2;1;1;6;630;28/07/2016
2016012891;1;2;3;1;3;630;09/08/2016
2016012892;5;2;6;8;6;100;21/11/2016
2016012893;1;2;1;2;7;100;13/10/2016
2016012894;1;1;1;1;6;100;19/10/2016
2016012895;3;1;1;1;2;100;15/12/2016
2016012896;1;2;1;1;6;100;19/12/2016
2016012897;5;2;1;5;2;100;27/12/2016
2016012898;1;2;3;1;3;100;24/12/2016
2016012899;5;2;1;2;3;100;06/01/2016
2016012900;1;2;6;1;6;100;03/08/2016
2016012901;1;1;1;1;1;100;20/01/2016
2016012902;2;2;3;1;3;100;08/01/2016
2016012903;2;2;2;3;3;100;22/01/2016
2016012904;1;2;1;1;2;100;23/01/2016
2016012905;1;2;6;1;2;100;26/01/2016
2016012906;5;2;3;3;3;100;22/01/2016
2016012907;5;2;1;1;2;100;25/01/2016
2016012908;1;2;1;1;6;100;18/02/2016
2016012909;5;2;6;1;3;100;22/02/2016
2016012910;1;2;2;1;2;100;22/02/2016
2016012911;5;2;1;1;6;100;15/02/2016
2016012912;1;2;1;1;3;100;03/02/2016
2016012913;3;2;1;1;2;100;15/02/2016
2016012914;1;2;1;1;6;100;28/02/2016
2016012915;5;2;1;1;6;100;23/02/2016
2016012916;1;2;1;1;4;100;24/02/2016
2016012917;5;2;1;2;6;100;07/03/2016
2016012918;1;2;3;1;3;100;15/03/2016
2016012919;1;2;1;1;6;100;09/03/2016
2016012920;5;2;1;8;6;100;08/03/2016
2016012921;4;1;1;1;1;100;06/03/2016
2016012922;1;2;6;1;6;100;29/03/2016
2016012923;1;2;3;1;6;100;17/03/2016
2016012924;1;2;1;1;6;100;25/03/2016
2016012925;1;2;6;1;3;100;03/04/2016
2016012926;1;2;1;1;6;100;05/04/2016
2016012927;1;2;1;1;3;100;06/04/2016
2016012928;1;2;3;1;3;100;27/04/2016
2016012929;1;2;1;1;6;100;21/03/2016
2016012930;1;2;1;1;6;100;16/04/2016
2016012931;1;2;1;1;3;100;20/04/2016
2016012932;1;2;1;1;6;100;14/05/2016
2016012933;1;2;2;1;3;100;24/05/2016
2016012934;1;2;1;1;3;100;25/05/2016
2016012935;1;2;1;1;6;100;28/05/2016
2016012936;1;1;1;1;3;100;16/01/2016
2016012937;1;2;1;1;6;100;14/07/2016
2016012938;1;2;1;1;3;100;01/07/2016
2016012939;1;2;1;1;6;100;01/07/2016
2016012940;1;2;3;1;6;100;30/07/2016
2016012941;1;2;1;1;3;100;12/07/2016
2016012942;1;2;3;1;3;100;31/07/2016
2016012943;1;2;3;1;6;100;28/07/2016
2016012944;1;2;2;1;1;100;03/08/2016
2016012945;1;2;3;1;3;100;03/08/2016
2016012946;1;2;1;1;3;100;12/08/2016
2016012947;1;2;3;1;3;100;30/08/2016
2016012948;1;2;3;1;6;100;19/08/2016
2016012949;1;2;1;1;3;100;19/08/2016
2016012950;1;2;1;1;6;100;09/09/2016
2016012951;1;2;1;1;6;100;12/09/2016
2016012952;1;2;1;1;6;100;07/09/2016
2016012953;1;2;1;1;6;100;16/09/2016
2016012954;1;2;3;1;3;100;27/09/2016
2016012955;1;2;2;1;2;100;29/09/2016
2016012956;5;2;1;1;7;100;07/10/2016
2016012957;1;1;1;1;2;100;05/10/2016
2016012958;2;2;3;2;6;100;13/10/2016
2016012959;1;1;1;1;2;100;11/10/2016
2016012960;1;2;1;1;6;100;01/10/2016
2016012961;1;1;1;2;7;100;24/10/2016
2016012962;5;2;3;1;3;100;22/10/2016
2016012963;1;2;1;1;6;100;18/10/2016
2016012964;5;2;1;5;2;100;30/10/2016
2016012965;1;2;3;1;3;100;03/11/2016
2016012966;1;2;1;1;6;100;03/11/2016
2016012967;1;2;3;1;5;100;05/11/2016
2016012968;1;2;1;1;6;100;18/11/2016
2016012969;1;2;3;1;3;100;05/11/2016
2016012970;1;2;1;1;3;100;08/11/2016
2016012971;5;2;3;1;3;100;07/11/2016
2016012972;1;2;2;1;6;100;08/11/2016
2016012973;1;2;1;1;6;100;08/12/2016
2016012974;1;2;3;1;3;100;01/12/2016
2016012975;1;2;1;1;6;670;27/01/2016
2016012976;5;2;6;8;7;670;06/02/2016
2016012977;3;1;1;1;6;670;07/08/2016
2016012978;2;1;1;8;6;670;28/08/2016
2016012979;1;2;6;1;7;670;21/09/2016
2016012980;1;1;9;1;6;670;19/12/2016
2016012981;5;1;1;5;7;670;30/12/2016
2016012982;1;1;1;1;1;670;02/04/2016
2016012983;3;1;1;1;6;670;14/09/2016
2016012984;1;2;1;1;1;670;24/09/2016
2016012985;1;2;9;1;1;670;27/09/2016
2016012986;2;1;9;1;4;670;07/11/2016
2016012987;1;2;1;3;3;670;16/11/2016
2016012988;5;1;1;1;6;60;03/03/2016
2016012989;1;2;1;1;1;60;12/03/2016
2016012990;1;1;1;1;1;60;25/03/2016
2016012991;1;1;4;1;3;60;03/04/2016
2016012992;1;2;1;1;3;60;13/04/2016
2016012993;1;1;1;1;2;60;27/07/2016
2016012994;1;1;1;1;1;60;29/05/2016
2016012995;1;1;1;3;6;650;02/01/2016
2016012996;2;1;1;4;5;640;09/03/2016
2016012997;1;1;1;1;2;650;22/08/2016
2016012998;1;1;1;1;6;650;17/12/2016
2016012999;2;1;1;8;7;20;07/02/2016
2016013000;3;1;1;5;6;20;25/10/2016
2016013001;1;1;1;8;3;380;05/03/2016
2016013002;3;1;1;1;6;380;10/05/2016
2016013003;1;1;1;1;3;380;02/06/2016
2016013004;1;1;2;1;3;380;10/06/2016
2016013005;3;1;1;1;1;380;11/07/2016
2016013006;3;1;1;1;6;380;26/08/2016
2016013007;3;1;9;1;3;380;26/09/2016
2016013008;1;2;1;5;7;380;18/12/2016
2016013009;1;1;1;1;5;30;31/12/2016
2016013010;1;1;1;3;6;30;13/02/2016
2016013011;3;1;1;1;6;30;29/07/2016
2016013012;3;1;1;1;6;30;03/09/2016
2016013013;1;1;9;1;6;30;29/11/2016
2016013014;1;1;1;1;6;40;04/02/2016
2016013015;1;1;1;6;7;40;23/05/2016
2016013016;1;1;1;1;7;40;23/08/2016
2016013017;1;1;1;1;6;40;26/09/2016
2016013018;2;1;1;1;2;40;12/11/2016
2016013019;1;1;1;1;6;40;27/11/2016
2016013020;1;2;1;1;6;130;15/01/2016
2016013021;1;2;1;1;6;130;08/04/2016
2016013022;1;1;1;1;2;130;20/05/2016
2016013023;1;1;1;1;1;130;15/06/2016
2016013024;1;1;1;1;3;130;11/07/2016
2016013025;1;2;6;1;3;130;20/07/2016
2016013026;1;1;1;1;3;130;25/08/2016
2016013027;3;1;1;1;1;730;09/03/2016
2016013028;1;1;1;1;3;730;24/06/2016
2016013029;3;1;1;1;2;730;01/10/2016
2016013030;3;1;1;1;5;730;24/10/2016
2016013031;1;1;1;1;2;730;16/12/2016
2016013032;1;1;1;1;6;730;30/12/2016
2016013033;1;1;1;1;1;380;09/04/2016
2016013034;1;2;1;1;1;380;17/05/2016
2016013035;1;1;1;1;1;260;14/06/2016
2016013036;1;1;1;1;6;380;13/08/2016
2016013037;3;1;3;1;1;380;19/08/2016
2016013038;3;1;1;1;3;380;09/11/2016
2016013039;3;1;1;1;1;350;15/02/2016
2016013040;1;1;1;2;3;350;12/07/2016
2016013041;1;2;1;1;7;350;25/07/2016
2016013042;4;2;1;1;6;350;05/08/2016
2016013043;1;1;6;1;6;350;08/09/2016
2016013044;1;1;1;1;3;350;25/10/2016
2016013045;1;1;3;1;2;350;31/10/2016
2016013046;1;2;6;7;6;350;06/12/2016
2016013047;2;2;9;9;6;350;06/12/2016
2016013048;1;1;1;5;7;350;18/12/2016
2016013049;1;1;1;8;6;670;21/02/2016
2016013050;3;1;1;1;2;670;29/02/2016
2016013051;3;1;1;2;2;670;05/04/2016
2016013052;1;1;1;1;6;670;20/04/2016
2016013053;1;1;1;8;2;670;25/05/2016
2016013054;2;1;1;1;7;670;16/09/2016
2016013055;1;1;1;1;4;670;21/09/2016
2016013056;2;1;1;2;5;620;29/01/2016
2016013057;1;2;1;1;3;620;31/05/2016
2016013058;5;2;1;1;6;110;24/12/2016
2016013059;5;2;1;1;3;110;04/12/2016
2016013060;3;1;1;5;1;110;23/01/2016
2016013061;1;2;1;1;6;110;02/02/2016
2016013062;1;1;1;1;2;110;22/12/2016
2016013063;5;1;1;3;7;110;23/01/2016
2016013064;1;2;1;1;4;110;27/01/2016
2016013065;1;1;1;1;6;110;10/01/2016
2016013066;5;2;3;2;3;110;13/02/2016
2016013067;5;2;1;1;6;110;22/02/2016
2016013068;3;1;1;1;6;110;19/02/2016
2016013069;1;1;1;2;3;110;09/03/2016
2016013070;1;2;1;2;5;110;02/03/2016
2016013071;1;1;1;1;4;110;10/03/2016
2016013072;1;2;1;1;3;110;13/03/2016
2016013073;1;2;1;1;6;110;24/03/2016
2016013074;1;1;6;1;3;110;27/03/2016
2016013075;1;1;1;1;1;110;11/04/2016
2016013076;2;1;1;1;3;110;28/03/2016
2016013077;1;2;1;1;6;110;21/03/2016
2016013078;2;2;1;1;3;110;18/04/2016
2016013079;1;2;1;1;6;110;29/04/2016
2016013080;1;2;1;1;6;110;03/04/2016
2016013081;1;2;1;1;1;110;30/04/2016
2016013082;1;1;1;2;7;110;13/05/2016
2016013083;1;1;1;1;5;110;16/04/2016
2016013084;1;2;1;1;3;110;17/05/2016
2016013085;1;2;1;1;3;110;15/05/2016
2016013086;5;2;1;1;3;110;19/05/2016
2016013087;5;2;1;1;6;110;02/05/2016
2016013088;5;2;1;1;3;110;15/05/2016
2016013089;1;2;1;1;3;110;24/04/2016
2016013090;1;1;6;1;3;110;28/05/2016
2016013091;1;1;1;1;3;110;12/05/2016
2016013092;1;2;1;1;2;110;21/05/2016
2016013093;2;2;1;1;3;110;13/06/2016
2016013094;1;1;1;1;3;110;12/06/2016
2016013095;3;2;1;1;2;110;24/06/2016
2016013096;1;2;1;1;3;110;29/06/2016
2016013097;1;2;1;1;1;110;16/06/2016
2016013098;1;1;1;1;3;110;01/07/2016
2016013099;3;1;1;1;6;110;09/07/2016
2016013100;1;2;1;1;4;110;24/06/2016
2016013101;2;1;1;1;2;110;25/06/2016
2016013102;1;2;1;1;3;110;28/07/2016
2016013103;1;2;1;1;3;110;30/07/2016
2016013104;1;2;1;1;6;110;06/07/2016
2016013105;1;1;1;1;1;110;16/08/2016
2016013106;2;1;1;1;7;110;14/08/2016
2016013107;1;1;1;1;3;110;26/07/2016
2016013108;1;2;6;1;2;110;28/07/2016
2016013109;1;1;1;1;1;110;23/08/2016
2016013110;1;2;3;1;3;110;11/08/2016
2016013111;1;1;1;1;3;110;22/08/2016
2016013112;1;1;2;1;3;110;02/09/2016
2016013113;1;1;1;1;3;110;09/09/2016
2016013114;1;2;1;1;6;110;24/09/2016
2016013115;3;1;1;1;3;110;02/10/2016
2016013116;5;2;1;1;7;110;09/09/2016
2016013117;1;1;1;1;3;110;04/10/2016
2016013118;5;2;6;1;6;110;07/10/2016
2016013119;1;1;1;1;7;110;20/10/2016
2016013120;4;2;3;1;3;110;04/10/2016
2016013121;5;2;1;3;6;110;14/10/2016
2016013122;1;1;1;1;5;110;20/10/2016
2016013123;5;2;1;1;7;110;21/10/2016
2016013124;3;2;1;1;5;110;15/11/2016
2016013125;1;1;1;1;6;110;16/11/2016
2016013126;2;1;1;1;1;110;09/12/2016
2016013127;3;1;1;1;2;110;17/12/2016
2016013128;3;1;1;2;6;310;28/01/2016
2016013129;1;2;6;1;1;310;24/02/2016
2016013130;1;1;1;1;5;310;07/03/2016
2016013131;1;1;1;1;2;310;21/03/2016
2016013132;1;2;1;1;5;310;05/05/2016
2016013133;1;1;1;1;3;310;07/05/2016
2016013134;2;1;1;1;1;310;11/05/2016
2016013135;1;1;1;1;3;310;28/05/2016
2016013136;1;1;1;1;4;310;01/09/2016
2016013137;3;1;9;1;4;310;30/09/2016
2016013138;3;1;9;1;2;310;06/10/2016
2016013139;1;1;1;5;4;310;27/10/2016
2016013140;1;1;1;1;3;310;29/10/2016
2016013141;2;1;1;1;4;310;21/11/2016
2016013142;3;1;1;3;4;310;22/12/2016
2016013143;3;1;1;8;5;770;12/01/2016
2016013144;1;1;1;8;7;770;03/06/2016
2016013145;1;1;1;1;6;770;11/09/2016
2016013146;2;2;1;1;6;110;04/01/2016
2016013147;5;2;3;1;3;110;08/01/2016
2016013148;1;1;1;1;2;110;12/01/2016
2016013149;1;2;3;1;3;110;14/01/2016
2016013150;1;2;1;1;3;110;28/12/2016
2016013151;1;2;1;1;2;110;04/02/2016
2016013152;1;2;1;1;3;110;30/12/2016
2016013153;2;1;1;1;2;110;23/12/2016
2016013154;1;2;3;2;3;110;12/02/2016
2016013155;1;2;1;1;3;110;23/12/2016
2016013156;1;2;3;1;1;110;12/02/2016
2016013157;1;2;6;1;2;110;19/02/2016
2016013158;2;2;3;1;6;110;21/02/2016
2016013159;1;2;2;1;1;110;03/03/2016
2016013160;5;1;1;1;1;110;19/03/2016
2016013161;1;2;1;1;6;110;26/03/2016
2016013162;1;2;1;1;6;110;16/03/2016
2016013163;5;2;3;1;3;110;18/03/2016
2016013164;2;2;1;1;3;110;27/10/2016
2016013165;1;2;3;1;6;110;05/04/2016
2016013166;1;2;1;1;6;110;10/04/2016
2016013167;1;2;3;1;2;110;15/04/2016
2016013168;1;2;3;1;1;110;15/04/2016
2016013169;1;2;1;1;6;110;05/05/2016
2016013170;1;2;1;1;1;110;12/05/2016
2016013171;1;1;1;1;6;110;12/05/2016
2016013172;1;2;1;1;2;110;24/05/2016
2016013173;1;2;9;1;1;110;28/05/2016
2016013174;1;2;6;1;2;110;28/04/2016
2016013175;5;2;1;1;6;110;30/05/2016
2016013176;2;2;6;1;3;110;10/05/2016
2016013177;1;2;6;1;3;110;16/06/2016
2016013178;1;1;3;1;3;110;21/06/2016
2016013179;1;2;1;1;3;110;23/06/2016
2016013180;1;2;4;1;1;110;29/06/2016
2016013181;5;1;1;1;6;110;20/07/2016
2016013182;1;2;1;1;4;110;20/06/2016
2016013183;1;2;1;1;2;110;24/05/2016
2016013184;1;2;1;1;2;110;04/07/2016
2016013185;1;1;1;1;2;110;17/08/2016
2016013186;5;2;3;1;1;110;20/08/2016
2016013187;1;2;1;1;6;110;19/08/2016
2016013188;1;1;1;1;2;110;30/07/2016
2016013189;1;2;1;1;2;110;14/09/2016
2016013190;1;2;3;1;3;110;06/08/2016
2016013191;1;2;6;1;1;110;24/09/2016
2016013192;1;2;3;1;1;110;23/09/2016
2016013193;1;2;1;1;6;110;27/09/2016
2016013194;1;2;1;1;7;110;27/09/2016
2016013195;1;1;1;1;6;110;05/10/2016
2016013196;1;2;3;1;3;110;08/10/2016
2016013197;1;1;3;2;3;110;13/10/2016
2016013198;1;2;1;1;2;110;18/10/2016
2016013199;1;2;1;1;6;110;18/10/2016
2016013200;1;2;6;1;3;110;24/10/2016
2016013201;3;2;1;1;6;110;08/11/2016
2016013202;1;2;1;1;2;110;28/10/2016
2016013203;1;1;1;1;2;110;25/10/2016
2016013204;5;2;1;1;6;110;29/10/2016
2016013205;1;2;3;1;6;110;27/10/2016
2016013206;1;2;6;1;2;110;25/10/2016
2016013207;5;1;1;8;2;110;22/11/2016
2016013208;5;2;3;1;3;110;27/11/2016
2016013209;3;2;1;1;2;110;24/11/2016
2016013210;5;2;1;1;7;110;19/11/2016
2016013211;2;1;3;1;3;110;25/11/2016
2016013212;1;2;1;1;2;110;24/11/2016
2016013213;1;2;1;1;3;110;30/11/2016
2016013214;1;2;6;1;3;110;03/12/2016
2016013215;5;2;1;1;6;110;13/12/2016
2016013216;5;2;3;1;3;110;16/12/2016
2016013217;1;2;4;1;3;110;17/12/2016
2016013218;1;2;3;1;3;110;23/01/2016
2016013219;1;1;1;1;1;600;10/02/2016
2016013220;1;1;1;1;2;600;25/04/2016
2016013221;1;1;1;1;7;600;30/04/2016
2016013222;1;1;1;1;1;600;20/07/2016
2016013223;1;1;1;1;3;950;22/07/2016
2016013224;1;1;1;1;6;600;21/07/2016
2016013225;3;1;1;1;5;950;06/10/2016
2016013226;1;1;3;1;3;130;10/06/2016
2016013227;1;1;9;1;3;130;05/08/2016
2016013228;3;1;1;1;3;130;25/09/2016
2016013229;1;1;9;1;2;130;11/10/2016
2016013230;1;1;1;1;1;130;21/10/2016
2016013231;1;2;1;1;6;130;06/11/2016
2016013232;1;2;1;1;1;300;25/01/2016
2016013233;1;1;1;1;3;300;18/03/2016
2016013234;3;1;1;1;1;300;25/05/2016
2016013235;1;1;1;1;3;300;17/06/2016
2016013236;1;2;1;1;4;300;19/07/2016
2016013237;1;1;1;1;3;300;07/09/2016
2016013238;1;2;2;1;3;300;08/10/2016
2016013239;3;2;1;1;5;300;17/11/2016
2016013240;2;1;1;1;4;300;17/11/2016
2016013241;3;1;1;3;6;850;11/02/2016
2016013242;1;1;1;1;6;850;01/07/2016
2016013243;1;1;1;1;1;310;02/05/2016
2016013244;1;1;1;1;6;310;20/06/2016
2016013245;3;1;1;8;2;310;30/07/2016
2016013246;2;1;9;7;6;310;03/09/2016
2016013247;3;1;1;1;5;310;20/09/2016
2016013248;3;1;1;1;4;310;26/09/2016
2016013249;1;1;1;1;2;310;30/09/2016
2016013250;3;1;1;1;2;310;11/10/2016
2016013251;3;1;9;3;4;310;09/11/2016
2016013252;3;1;9;2;2;310;09/12/2016
2016013253;1;1;1;1;6;760;20/06/2016
2016013254;1;1;1;1;1;760;20/06/2016
2016013255;1;1;1;1;2;760;11/07/2016
2016013256;1;1;1;1;7;760;23/07/2016
2016013257;1;1;1;1;2;760;15/10/2016
2016013258;3;1;1;2;6;760;12/12/2016
2016013259;1;1;1;1;6;310;17/05/2016
2016013260;2;1;1;1;1;310;21/05/2016
2016013261;1;1;1;1;6;310;01/08/2016
2016013262;1;1;1;1;5;310;06/08/2016
2016013263;5;2;3;1;6;310;03/09/2016
2016013264;2;1;9;8;2;310;24/10/2016
2016013265;2;1;1;1;2;310;08/12/2016
2016013266;1;1;1;8;3;490;08/01/2016
2016013267;1;1;1;7;2;490;15/03/2016
2016013268;1;1;1;1;6;490;08/04/2016
2016013269;1;1;1;1;6;490;12/04/2016
2016013270;1;1;1;1;6;490;05/08/2016
2016013271;1;1;1;1;6;490;20/08/2016
2016013272;3;1;1;1;7;490;26/08/2016
2016013273;1;1;2;1;3;490;29/08/2016
2016013274;1;1;1;1;3;490;18/10/2016
2016013275;1;1;1;2;3;740;31/01/2016
2016013276;1;1;1;8;1;740;14/05/2016
2016013277;1;2;3;1;1;740;07/10/2016
2016013278;3;1;1;1;1;740;22/11/2016
2016013279;1;2;1;1;6;740;07/12/2016
2016013280;1;1;1;1;6;800;13/04/2016
2016013281;1;1;1;3;6;800;20/06/2016
2016013282;1;1;1;1;1;800;24/06/2016
2016013283;1;1;1;1;2;800;02/09/2016
2016013284;1;1;1;1;2;800;11/10/2016
2016013285;2;1;1;2;2;800;16/11/2016
2016013286;3;1;1;1;2;800;24/11/2016
2016013287;3;1;1;1;6;800;09/12/2016
2016013288;1;1;1;8;2;800;24/12/2016
2016013289;1;1;1;1;6;800;25/05/2016
2016013290;1;1;1;1;2;800;05/08/2016
2016013291;1;2;1;1;6;730;03/08/2016
2016013292;1;1;1;8;6;730;11/11/2016
2016013293;1;1;1;4;4;390;07/03/2016
2016013294;1;1;1;1;7;390;04/04/2016
2016013295;2;1;1;1;7;710;24/04/2016
2016013296;1;1;1;2;2;390;11/05/2016
2016013297;1;1;1;1;1;390;10/06/2016
2016013298;1;1;1;1;7;390;23/07/2016
2016013299;1;1;1;1;6;390;31/08/2016
2016013300;1;1;1;1;5;390;07/09/2016
2016013301;2;1;9;4;4;390;06/11/2016
2016013302;1;2;6;1;6;120;28/02/2016
2016013303;3;1;1;1;6;120;31/12/2016
2016013304;1;2;1;1;6;120;03/05/2016
2016013305;1;2;3;1;6;120;07/05/2016
2016013306;1;1;3;1;3;120;28/06/2016
2016013307;1;2;1;3;6;120;12/07/2016
2016013308;5;2;3;1;6;120;26/07/2016
2016013309;1;2;6;1;6;120;29/07/2016
2016013310;2;2;1;2;5;120;24/10/2016
2016013311;1;2;3;1;3;120;02/11/2016
2016013312;1;2;1;1;2;120;11/03/2016
2016013313;1;1;1;1;6;120;11/05/2016
2016013314;1;2;2;1;3;120;15/05/2016
2016013315;1;1;1;1;1;120;20/07/2016
2016013316;1;2;6;1;3;120;29/09/2016
2016013317;1;2;1;1;3;120;28/09/2016
2016013318;1;2;1;1;7;120;11/12/2016
2016013319;2;1;9;8;7;740;19/12/2016
2016013320;2;1;2;1;5;120;08/01/2016
2016013321;5;2;1;1;6;120;24/12/2016
2016013322;3;1;1;2;7;120;08/01/2016