num_acc;lum;agg;inter;atm;col;dep;date
2016013323;5;1;2;1;3;120;25/01/2016
2016013324;1;2;7;2;6;120;09/02/2016
2016013325;1;2;1;1;2;120;15/02/2016
2016013326;1;1;1;1;7;120;15/02/2016
2016013327;1;2;3;1;6;120;26/02/2016
2016013328;1;2;1;1;3;120;07/03/2016
2016013329;1;2;7;3;6;120;09/03/2016
2016013330;5;2;3;2;3;120;25/03/2016
2016013331;1;2;3;1;2;120;12/04/2016
2016013332;1;2;1;1;5;120;23/04/2016
2016013333;5;2;1;3;6;120;11/05/2016
2016013334;1;1;1;1;7;120;24/05/2016
2016013335;1;1;1;1;7;120;27/05/2016
2016013336;1;1;1;1;5;120;01/06/2016
2016013337;1;2;3;1;6;120;10/06/2016
2016013338;1;1;1;1;5;120;08/07/2016
2016013339;1;1;1;1;5;120;22/07/2016
2016013340;1;1;1;1;6;120;26/07/2016
2016013341;1;2;1;1;3;120;27/07/2016
2016013342;1;1;1;1;7;120;23/08/2016
2016013343;1;2;2;1;3;120;29/08/2016
2016013344;1;1;1;1;6;120;01/09/2016
2016013345;1;1;1;1;5;120;14/09/2016
2016013346;1;1;1;1;6;120;24/09/2016
2016013347;1;2;1;1;7;120;30/09/2016
2016013348;1;1;1;1;5;120;26/10/2016
2016013349;2;1;1;2;5;120;06/11/2016
2016013350;2;2;1;1;6;120;10/11/2016
2016013351;1;1;2;1;6;120;14/11/2016
2016013352;1;1;1;1;1;120;02/12/2016
2016013353;1;2;1;1;6;120;06/12/2016
2016013354;3;1;1;1;1;120;06/12/2016
2016013355;1;1;1;1;6;460;22/07/2016
2016013356;3;1;1;1;2;460;01/12/2016
2016013357;3;1;1;1;7;380;26/02/2016
2016013358;1;1;1;2;3;380;05/03/2016
2016013359;1;1;1;1;1;380;19/04/2016
2016013360;1;1;1;1;7;380;06/06/2016
2016013361;3;1;1;2;7;380;01/10/2016
2016013362;2;1;1;1;1;380;21/10/2016
2016013363;5;2;7;1;6;380;08/12/2016
2016013364;3;1;1;1;6;450;25/01/2016
2016013365;2;1;1;1;1;450;10/03/2016
2016013366;1;1;1;1;6;450;06/08/2016
2016013367;1;1;1;1;6;450;08/09/2016
2016013368;1;1;1;1;6;240;22/09/2016
2016013369;1;1;1;1;1;530;05/02/2016
2016013370;1;1;1;1;1;530;19/04/2016
2016013371;1;1;1;2;3;530;24/10/2016
2016013372;3;1;1;1;2;530;19/12/2016
2016013373;2;1;1;2;7;190;05/01/2016
2016013374;3;1;1;2;3;190;17/09/2016
2016013375;1;1;1;8;1;190;19/11/2016
2016013376;1;1;1;1;1;190;30/11/2016
2016013377;3;1;1;1;5;100;26/02/2016
2016013378;1;1;1;3;3;100;18/06/2016
2016013379;1;1;1;1;2;100;10/08/2016
2016013380;1;1;1;1;3;100;27/08/2016
2016013381;1;2;1;1;5;100;22/09/2016
2016013382;1;1;1;1;6;100;17/11/2016
2016013383;3;2;1;1;3;130;05/01/2016
2016013384;1;1;3;1;3;130;16/01/2016
2016013385;1;1;1;1;5;130;21/01/2016
2016013386;3;1;1;1;2;130;21/01/2016
2016013387;5;2;1;1;2;130;01/02/2016
2016013388;5;2;2;1;7;130;07/02/2016
2016013389;1;1;2;1;5;130;11/02/2016
2016013390;3;1;1;8;1;130;13/02/2016
2016013391;1;1;2;1;6;130;25/02/2016
2016013392;5;2;1;1;3;130;29/02/2016
2016013393;5;2;1;1;3;130;25/02/2016
2016013394;1;1;1;1;3;130;03/03/2016
2016013395;5;2;1;2;6;130;05/03/2016
2016013396;2;2;1;1;6;130;08/03/2016
2016013397;3;1;1;1;1;130;11/03/2016
2016013398;5;2;1;1;3;130;12/03/2016
2016013399;5;2;3;1;3;130;13/03/2016
2016013400;1;2;1;1;6;130;15/03/2016
2016013401;3;2;1;1;6;130;05/01/2016
2016013402;5;1;9;2;6;130;14/01/2016
2016013403;1;2;1;1;6;130;24/03/2016
2016013404;1;1;1;1;6;130;26/03/2016
2016013405;5;2;6;1;2;130;28/03/2016
2016013406;3;1;1;1;6;130;28/02/2016
2016013407;1;1;1;1;2;130;04/04/2016
2016013408;1;2;1;1;3;130;07/04/2016
2016013409;1;2;6;1;3;130;11/04/2016
2016013410;1;1;1;1;2;130;16/04/2016
2016013411;1;1;3;1;5;130;17/04/2016
2016013412;1;1;1;1;4;130;13/04/2016
2016013413;4;1;1;1;2;130;20/04/2016
2016013414;1;2;6;1;6;130;22/03/2016
2016013415;1;2;9;1;7;130;28/04/2016
2016013416;1;1;1;2;6;130;30/04/2016
2016013417;3;1;1;1;6;130;30/04/2016
2016013418;1;2;8;1;6;130;30/04/2016
2016013419;2;2;6;1;3;130;01/05/2016
2016013420;5;2;1;2;3;130;09/05/2016
2016013421;1;2;4;1;3;130;19/05/2016
2016013422;2;2;1;1;3;130;30/05/2016
2016013423;1;2;1;1;6;130;30/05/2016
2016013424;3;1;1;1;7;130;10/06/2016
2016013425;5;2;2;1;2;130;22/06/2016
2016013426;1;2;6;1;3;130;23/06/2016
2016013427;1;2;1;1;6;130;12/04/2016
2016013428;1;2;1;1;1;130;25/06/2016
2016013429;2;1;1;1;3;130;21/06/2016
2016013430;1;2;6;1;3;130;27/06/2016
2016013431;1;2;1;1;6;130;03/07/2016
2016013432;1;1;1;1;6;130;27/06/2016
2016013433;5;2;1;1;7;130;04/07/2016
2016013434;1;1;1;1;3;130;25/05/2016
2016013435;1;1;1;1;3;130;08/07/2016
2016013436;1;1;1;1;6;130;08/07/2016
2016013437;5;1;1;1;2;130;10/07/2016
2016013438;1;1;1;1;2;130;25/07/2016
2016013439;3;1;1;1;6;130;05/08/2016
2016013440;1;1;3;1;1;130;12/08/2016
2016013441;1;2;6;1;3;130;17/08/2016
2016013442;1;1;1;1;1;130;17/08/2016
2016013443;1;1;1;1;2;130;01/09/2016
2016013444;1;2;1;1;6;130;09/09/2016
2016013445;1;2;1;1;3;130;09/09/2016
2016013446;1;2;1;1;3;130;05/09/2016
2016013447;1;1;1;1;2;130;12/09/2016
2016013448;1;1;8;1;3;130;15/09/2016
2016013449;1;2;1;1;6;130;19/09/2016
2016013450;1;2;1;1;6;130;02/09/2016
2016013451;1;2;1;1;1;130;07/09/2016
2016013452;1;2;1;1;6;130;21/09/2016
2016013453;1;1;1;1;1;130;21/09/2016
2016013454;1;2;1;1;6;130;24/09/2016
2016013455;1;1;1;1;6;130;01/08/2016
2016013456;1;2;1;1;6;130;30/09/2016
2016013457;1;2;1;1;6;130;07/10/2016
2016013458;2;1;1;1;5;130;12/10/2016
2016013459;2;1;3;1;3;130;27/10/2016
2016013460;5;1;6;1;7;130;13/11/2016
2016013461;5;1;1;1;2;130;13/11/2016
2016013462;5;2;1;1;3;130;15/11/2016
2016013463;3;1;1;1;6;130;17/11/2016
2016013464;5;2;1;1;2;130;20/11/2016
2016013465;5;2;1;1;5;130;29/11/2016
2016013466;2;2;1;1;1;130;10/12/2016
2016013467;1;2;1;1;7;130;17/12/2016
2016013468;3;1;1;1;4;130;21/12/2016
2016013469;1;2;1;1;6;130;22/12/2016
2016013470;1;1;1;1;6;130;23/12/2016
2016013471;5;2;1;2;6;130;01/01/2016
2016013472;5;2;1;1;1;130;02/02/2016
2016013473;5;1;6;9;7;130;13/02/2016
2016013474;3;1;1;1;6;130;18/02/2016
2016013475;1;2;1;1;5;130;26/02/2016
2016013476;2;2;2;1;3;130;03/03/2016
2016013477;5;2;9;1;3;130;28/03/2016
2016013478;1;2;1;1;3;130;09/04/2016
2016013479;1;2;1;1;6;130;20/04/2016
2016013480;1;2;1;1;6;130;28/04/2016
2016013481;5;2;1;1;6;130;01/05/2016
2016013482;5;2;3;1;3;130;06/05/2016
2016013483;1;2;4;1;3;130;25/05/2016
2016013484;1;2;4;1;6;130;12/06/2016
2016013485;1;2;1;1;6;130;12/06/2016
2016013486;1;2;6;1;7;130;19/06/2016
2016013487;1;1;1;1;6;130;30/06/2016
2016013488;3;1;1;1;1;130;03/07/2016
2016013489;1;2;1;1;6;130;07/07/2016
2016013490;1;2;1;1;6;130;14/07/2016
2016013491;1;2;1;7;6;130;20/07/2016
2016013492;1;2;1;1;6;130;29/08/2016
2016013493;1;2;1;1;2;130;26/07/2016
2016013494;1;2;1;1;3;130;20/10/2016
2016013495;1;2;3;8;3;130;09/11/2016
2016013496;5;2;9;1;6;130;23/11/2016
2016013497;2;1;1;1;2;130;26/11/2016
2016013498;1;2;1;1;2;130;03/01/2016
2016013499;5;2;3;1;2;130;03/01/2016
2016013500;1;2;1;2;2;130;06/01/2016
2016013501;5;2;3;1;3;130;08/01/2016
2016013502;5;1;1;1;6;130;09/01/2016
2016013503;5;2;1;8;6;130;11/01/2016
2016013504;1;2;1;2;6;130;14/01/2016
2016013505;1;2;1;1;2;130;20/01/2016
2016013506;5;2;1;1;1;130;20/01/2016
2016013507;1;2;1;1;3;130;22/01/2016
2016013508;2;2;1;1;7;130;23/01/2016
2016013509;3;1;1;1;1;130;24/01/2016
2016013510;1;2;1;1;6;130;29/01/2016
2016013511;5;1;1;1;1;130;03/02/2016
2016013512;1;2;1;1;6;130;05/02/2016
2016013513;1;2;1;1;6;130;06/02/2016
2016013514;1;1;1;1;3;130;08/02/2016
2016013515;1;2;1;1;6;130;11/02/2016
2016013516;5;1;1;1;7;130;12/02/2016
2016013517;1;2;1;1;6;130;16/02/2016
2016013518;1;2;1;1;6;130;19/02/2016
2016013519;1;2;3;1;3;130;19/02/2016
2016013520;1;2;3;1;3;130;20/02/2016
2016013521;5;1;1;1;1;130;20/02/2016
2016013522;1;2;6;1;3;130;26/02/2016
2016013523;1;2;1;8;6;130;28/02/2016
2016013524;1;2;6;1;7;130;07/03/2016
2016013525;1;2;1;1;6;130;10/03/2016
2016013526;5;2;1;1;6;130;19/03/2016
2016013527;1;1;1;1;6;130;22/03/2016
2016013528;1;2;1;1;6;130;23/03/2016
2016013529;1;2;3;1;6;130;31/03/2016
2016013530;1;1;1;1;3;130;31/03/2016
2016013531;1;2;3;1;3;130;04/04/2016
2016013532;5;2;1;1;3;130;08/04/2016
2016013533;1;2;1;1;6;130;08/04/2016
2016013534;1;2;3;1;1;130;12/04/2016
2016013535;1;2;3;1;6;130;19/04/2016
2016013536;1;2;3;1;3;130;20/04/2016
2016013537;1;2;2;1;3;130;21/04/2016
2016013538;1;2;1;1;6;130;20/04/2016
2016013539;1;2;1;1;2;130;24/04/2016
2016013540;1;2;1;1;6;130;26/04/2016
2016013541;1;1;3;1;5;130;29/04/2016
2016013542;1;1;1;1;1;130;01/05/2016
2016013543;1;1;1;1;2;130;29/04/2016
2016013544;1;1;1;1;3;130;03/05/2016
2016013545;1;2;2;1;6;130;03/05/2016
2016013546;1;1;1;1;6;130;05/05/2016
2016013547;1;2;1;1;3;130;06/05/2016
2016013548;1;2;1;1;1;130;12/05/2016
2016013549;1;2;1;1;6;130;18/05/2016
2016013550;1;2;3;1;3;130;24/05/2016
2016013551;1;1;1;1;1;130;30/05/2016
2016013552;5;2;1;1;3;130;04/06/2016
2016013553;1;2;1;1;6;130;05/06/2016
2016013554;5;2;1;1;1;130;05/06/2016
2016013555;1;2;3;1;3;130;06/06/2016
2016013556;1;2;1;1;6;130;13/06/2016
2016013557;1;2;1;1;3;130;23/06/2016
2016013558;1;1;1;1;3;130;23/06/2016
2016013559;1;1;1;1;3;130;26/06/2016
2016013560;1;2;1;1;6;130;29/06/2016
2016013561;1;1;1;1;2;130;02/07/2016
2016013562;1;1;1;1;3;130;04/07/2016
2016013563;1;1;1;1;2;130;05/07/2016
2016013564;1;2;1;1;2;130;06/07/2016
2016013565;1;1;2;1;3;130;09/07/2016
2016013566;1;2;1;1;6;130;10/07/2016
2016013567;1;2;1;1;1;130;16/07/2016
2016013568;1;1;1;1;4;130;18/07/2016
2016013569;1;2;9;1;3;130;28/07/2016
2016013570;1;2;1;1;2;130;31/07/2016
2016013571;1;2;1;1;7;130;01/08/2016
2016013572;5;2;3;1;1;130;04/08/2016
2016013573;1;2;9;1;3;130;05/08/2016
2016013574;1;1;1;1;2;130;06/08/2016
2016013575;1;1;6;1;3;130;02/08/2016
2016013576;1;2;1;1;6;130;08/08/2016
2016013577;1;2;3;1;1;130;10/08/2016
2016013578;1;2;2;1;3;130;12/08/2016
2016013579;1;2;2;1;3;130;13/08/2016
2016013580;1;2;3;1;3;130;19/08/2016
2016013581;1;2;4;1;6;130;23/08/2016
2016013582;5;1;9;1;6;130;25/08/2016
2016013583;1;2;1;1;6;130;01/09/2016
2016013584;1;2;1;1;3;130;04/09/2016
2016013585;1;2;1;1;6;130;27/08/2016
2016013586;1;2;1;1;3;130;06/09/2016
2016013587;1;2;2;1;3;130;12/09/2016
2016013588;1;2;8;1;6;130;12/09/2016
2016013589;2;2;1;2;6;130;27/09/2016
2016013590;1;1;3;1;3;130;28/09/2016
2016013591;5;2;1;1;6;130;10/10/2016
2016013592;1;2;1;8;1;130;13/10/2016
2016013593;1;1;1;2;3;130;14/10/2016
2016013594;5;2;1;1;2;130;21/10/2016
2016013595;5;2;2;1;3;130;26/10/2016
2016013596;1;2;1;1;1;130;28/10/2016
2016013597;1;2;1;1;6;130;29/10/2016
2016013598;1;1;1;1;2;130;03/11/2016
2016013599;1;2;1;1;1;130;03/11/2016
2016013600;5;2;1;1;3;130;04/11/2016
2016013601;1;2;1;1;3;130;08/11/2016
2016013602;5;1;1;1;1;130;09/11/2016
2016013603;2;1;1;6;6;130;11/11/2016
2016013604;5;2;1;1;6;130;12/11/2016
2016013605;1;2;3;2;3;130;14/11/2016
2016013606;5;2;2;1;3;130;17/11/2016
2016013607;1;2;1;1;3;130;19/11/2016
2016013608;1;2;1;1;6;130;23/11/2016
2016013609;1;2;1;1;2;130;02/12/2016
2016013610;1;2;1;1;3;130;03/12/2016
2016013611;1;2;3;1;3;130;01/12/2016
2016013612;1;2;1;1;6;130;06/12/2016
2016013613;1;2;1;1;3;130;07/12/2016
2016013614;5;2;2;1;1;130;09/12/2016
2016013615;5;2;3;2;3;130;15/12/2016
2016013616;1;2;1;1;3;130;18/12/2016
2016013617;5;2;1;1;2;130;21/12/2016
2016013618;1;2;1;1;2;130;22/12/2016
2016013619;1;2;3;1;3;130;25/12/2016
2016013620;5;2;1;1;6;130;28/12/2016
2016013621;1;2;6;1;2;130;07/01/2016
2016013622;5;2;1;1;6;130;07/01/2016
2016013623;1;2;1;1;3;130;10/01/2016
2016013624;1;2;1;1;6;130;12/01/2016
2016013625;3;2;1;1;2;130;13/01/2016
2016013626;2;2;6;2;3;130;14/01/2016
2016013627;3;2;3;1;3;130;17/01/2016
2016013628;1;2;3;1;3;130;20/01/2016
2016013629;1;2;1;1;3;130;21/01/2016
2016013630;1;2;3;1;1;130;21/01/2016
2016013631;5;2;1;1;1;130;27/01/2016
2016013632;1;2;1;1;2;130;28/01/2016
2016013633;1;2;1;1;7;130;01/02/2016
2016013634;1;2;1;1;2;130;04/02/2016
2016013635;1;1;3;1;3;130;04/02/2016
2016013636;1;2;2;1;6;130;04/02/2016
2016013637;1;2;1;1;6;130;05/02/2016
2016013638;1;2;1;1;6;130;05/02/2016
2016013639;1;1;1;1;1;130;06/02/2016
2016013640;1;2;1;8;6;130;10/02/2016
2016013641;5;2;6;1;3;130;11/02/2016
2016013642;1;2;6;8;3;130;22/02/2016
2016013643;3;2;1;6;3;130;23/02/2016
2016013644;2;2;2;1;1;130;24/02/2016
2016013645;1;2;1;1;2;130;26/02/2016
2016013646;5;2;1;3;3;130;28/02/2016
2016013647;1;2;1;1;1;130;02/03/2016
2016013648;1;1;1;1;3;130;05/03/2016
2016013649;1;1;1;1;1;130;09/03/2016
2016013650;1;2;6;1;2;130;10/03/2016
2016013651;1;2;6;8;4;130;13/03/2016
2016013652;1;2;1;1;3;130;14/03/2016
2016013653;1;2;1;1;2;130;19/03/2016
2016013654;1;2;1;1;3;130;23/03/2016
2016013655;1;2;3;1;4;130;26/03/2016
2016013656;1;2;6;1;3;130;11/04/2016
2016013657;1;2;3;1;1;130;13/04/2016
2016013658;1;2;1;1;1;130;15/04/2016
2016013659;1;1;3;1;1;130;18/04/2016
2016013660;5;2;6;1;3;130;18/04/2016
2016013661;1;1;6;1;3;130;19/04/2016
2016013662;1;2;6;1;1;130;25/04/2016
2016013663;1;1;2;1;2;130;27/04/2016
2016013664;1;2;1;1;1;130;04/05/2016
2016013665;1;2;1;1;1;130;04/05/2016
2016013666;1;2;6;1;1;130;04/05/2016
2016013667;1;2;1;1;4;130;08/05/2016
2016013668;1;2;2;1;3;130;12/05/2016
2016013669;1;2;3;1;1;130;15/05/2016
2016013670;1;1;1;1;5;130;16/05/2016
2016013671;1;2;3;1;1;130;20/05/2016
2016013672;1;1;3;1;3;130;21/05/2016
2016013673;1;2;3;1;1;130;25/05/2016
2016013674;1;2;1;1;4;130;26/05/2016
2016013675;1;2;1;1;2;130;26/05/2016
2016013676;1;2;1;1;6;130;01/06/2016
2016013677;1;2;3;1;3;130;01/06/2016
2016013678;3;2;1;1;1;130;05/06/2016
2016013679;1;2;6;1;2;130;04/06/2016
2016013680;2;2;2;1;3;130;09/06/2016
2016013681;5;2;1;1;1;130;12/06/2016
2016013682;1;2;6;1;3;130;12/06/2016
2016013683;1;2;1;1;3;130;17/06/2016
2016013684;1;2;1;1;6;130;18/06/2016
2016013685;1;2;3;1;1;130;26/06/2016
2016013686;1;2;1;1;3;130;26/06/2016
2016013687;1;2;6;1;3;130;04/07/2016
2016013688;1;2;6;1;6;130;07/07/2016
2016013689;1;2;6;1;3;130;08/07/2016
2016013690;1;2;1;1;2;130;08/07/2016
2016013691;1;2;1;1;6;130;08/07/2016
2016013692;2;1;2;1;3;130;14/07/2016
2016013693;5;2;1;1;7;;14/07/2016
2016013694;1;2;1;1;6;130;17/07/2016
2016013695;1;2;1;1;6;130;21/07/2016
2016013696;1;2;1;1;3;130;21/07/2016
2016013697;1;2;3;1;3;130;21/07/2016
2016013698;5;2;3;1;1;130;23/07/2016
2016013699;1;2;1;1;5;130;25/07/2016
2016013700;1;1;1;1;1;130;26/07/2016
2016013701;5;2;1;1;3;130;27/07/2016
2016013702;5;2;1;1;1;130;29/07/2016
2016013703;1;2;6;1;3;130;29/07/2016
2016013704;1;2;1;1;6;130;04/08/2016
2016013705;1;2;3;1;6;130;05/08/2016
2016013706;1;2;1;1;6;130;06/08/2016
2016013707;1;2;1;1;2;130;14/08/2016
2016013708;1;2;1;1;3;830;14/08/2016
2016013709;1;2;1;1;1;130;17/08/2016
2016013710;3;2;2;1;3;130;18/08/2016
2016013711;5;2;6;1;6;130;19/08/2016
2016013712;3;1;1;1;7;130;20/08/2016
2016013713;1;2;3;1;2;130;22/08/2016
2016013714;1;2;1;1;6;130;22/08/2016
2016013715;1;2;2;1;3;130;23/08/2016
2016013716;1;2;3;1;1;130;24/08/2016
2016013717;1;2;3;1;3;130;24/08/2016
2016013718;1;2;1;1;3;130;25/08/2016
2016013719;1;2;1;1;3;130;26/08/2016
2016013720;1;2;3;1;6;130;04/09/2016
2016013721;5;2;3;1;1;130;03/09/2016
2016013722;1;2;6;1;3;130;04/09/2016
2016013723;5;2;1;1;2;130;05/09/2016
2016013724;1;2;3;1;6;130;06/09/2016
2016013725;3;1;3;1;3;130;09/09/2016
2016013726;1;2;3;1;7;130;11/09/2016
2016013727;1;2;1;1;6;130;17/09/2016
2016013728;1;2;1;7;6;130;22/09/2016
2016013729;1;2;1;1;2;130;24/09/2016
2016013730;1;2;1;1;3;130;03/10/2016
2016013731;1;2;3;1;3;130;05/10/2016
2016013732;1;2;1;2;2;130;06/10/2016
2016013733;5;2;1;1;3;130;07/10/2016
2016013734;1;1;1;2;1;130;14/10/2016
2016013735;1;2;1;1;7;130;22/10/2016
2016013736;1;2;1;1;4;130;24/10/2016
2016013737;1;2;1;1;1;130;29/10/2016
2016013738;1;2;1;1;2;130;29/10/2016
2016013739;1;2;1;1;2;130;07/11/2016
2016013740;1;2;3;1;6;130;09/11/2016
2016013741;1;2;1;1;6;130;10/11/2016
2016013742;2;2;6;2;3;130;14/11/2016
2016013743;1;2;6;1;1;130;15/11/2016
2016013744;1;2;6;1;3;130;19/11/2016
2016013745;5;2;1;1;1;130;19/11/2016
2016013746;1;2;1;2;4;130;21/11/2016
2016013747;1;1;1;3;5;130;22/11/2016
2016013748;5;2;1;3;1;130;24/11/2016
2016013749;1;2;1;1;6;130;27/11/2016
2016013750;5;2;6;1;3;130;27/11/2016
2016013751;1;2;1;1;6;130;29/11/2016
2016013752;1;2;6;1;3;130;29/11/2016
2016013753;1;1;1;1;1;130;07/12/2016
2016013754;1;2;1;1;2;130;09/12/2016
2016013755;3;2;1;1;1;130;13/12/2016
2016013756;3;1;1;1;1;130;21/12/2016
2016013757;1;2;6;1;3;130;23/12/2016
2016013758;1;2;1;1;6;130;26/12/2016
2016013759;1;2;1;1;3;780;09/07/2016
2016013760;3;2;9;2;6;130;29/01/2016
2016013761;2;1;1;6;1;130;16/01/2016
2016013762;2;2;1;1;7;130;12/03/2016
2016013763;1;2;6;1;3;130;25/05/2016
2016013764;1;1;1;1;6;130;12/06/2016
2016013765;1;2;1;1;6;130;24/07/2016
2016013766;1;1;2;1;3;130;18/08/2016
2016013767;1;1;1;1;1;130;29/10/2016
2016013768;1;2;1;1;2;130;05/01/2016
2016013769;5;2;3;1;1;130;06/01/2016
2016013770;1;2;1;1;3;130;08/01/2016
2016013771;5;2;2;2;3;130;19/01/2016
2016013772;2;1;1;1;6;130;07/12/2016
2016013773;1;2;3;1;1;130;03/02/2016
2016013774;4;2;1;1;3;130;08/02/2016
2016013775;1;2;1;1;6;130;23/02/2016
2016013776;1;2;1;1;1;130;25/02/2016
2016013777;1;2;1;1;3;130;02/03/2016
2016013778;1;2;1;1;6;130;03/03/2016
2016013779;2;2;1;1;3;130;26/02/2016
2016013780;5;2;1;1;6;130;18/03/2016
2016013781;3;1;1;1;2;130;20/03/2016
2016013782;1;1;1;1;3;130;26/03/2016
2016013783;1;2;1;1;6;130;03/05/2016
2016013784;1;1;1;1;5;130;05/05/2016
2016013785;1;2;1;1;3;130;22/05/2016
2016013786;1;2;1;1;6;130;23/05/2016
2016013787;1;2;1;1;2;130;07/06/2016
2016013788;1;2;1;1;3;130;09/06/2016
2016013789;1;2;3;1;3;130;27/06/2016
2016013790;1;1;1;1;4;130;29/06/2016
2016013791;1;1;1;1;1;130;09/07/2016
2016013792;1;2;9;1;1;130;14/07/2016
2016013793;1;2;3;1;3;130;26/07/2016
2016013794;1;2;2;1;3;130;27/07/2016
2016013795;5;1;1;1;2;130;14/08/2016
2016013796;1;2;1;1;2;130;14/08/2016
2016013797;1;1;1;1;6;130;10/08/2016
2016013798;1;2;1;1;5;130;16/08/2016
2016013799;1;2;1;1;7;130;15/07/2016
2016013800;1;1;1;1;1;130;02/09/2016
2016013801;1;2;1;1;6;130;14/09/2016
2016013802;1;2;6;7;6;130;20/09/2016
2016013803;1;2;1;1;2;130;21/09/2016
2016013804;1;2;3;1;1;130;25/09/2016
2016013805;1;2;6;1;3;130;26/09/2016
2016013806;5;2;1;2;2;130;27/09/2016
2016013807;1;1;1;1;3;130;28/09/2016
2016013808;3;2;1;1;2;130;05/10/2016
2016013809;3;1;1;9;6;130;14/10/2016
2016013810;1;1;1;8;6;130;25/10/2016
2016013811;1;1;8;1;5;130;27/10/2016
2016013812;1;2;1;1;6;130;04/11/2016
2016013813;1;2;9;1;3;130;17/11/2016
2016013814;1;2;3;1;1;130;19/11/2016
2016013815;1;2;6;1;2;130;14/12/2016
2016013816;1;2;1;1;3;130;18/12/2016
2016013817;1;2;1;1;6;130;22/12/2016
2016013818;1;2;3;1;2;130;24/12/2016
2016013819;5;2;1;1;6;130;01/01/2016
2016013820;5;2;1;1;6;130;01/01/2016
2016013821;5;2;1;1;6;130;01/01/2016
2016013822;2;2;1;1;6;130;01/01/2016
2016013823;5;2;1;1;6;130;01/01/2016
2016013824;3;2;1;2;7;130;16/12/2016
2016013825;3;2;3;1;2;130;01/01/2016
2016013826;1;2;1;1;3;130;16/12/2016
2016013827;1;2;1;2;2;130;02/01/2016
2016013828;5;2;2;1;2;130;03/01/2016
2016013829;1;2;1;1;6;130;03/01/2016
2016013830;1;1;1;1;4;130;03/01/2016
2016013831;1;2;1;1;6;130;23/11/2016
2016013832;5;2;1;2;2;130;03/01/2016
2016013833;1;2;1;1;2;130;28/12/2016
2016013834;1;2;1;1;6;130;04/01/2016
2016013835;5;2;1;2;3;130;04/01/2016
2016013836;5;2;1;2;6;130;04/01/2016
2016013837;5;2;2;2;3;130;04/01/2016
2016013838;1;2;9;1;6;130;28/12/2016
2016013839;5;2;1;2;1;130;04/01/2016
2016013840;5;2;1;1;3;130;23/11/2016
2016013841;1;2;1;1;6;130;05/01/2016
2016013842;1;2;1;1;3;130;07/12/2016
2016013843;1;2;1;1;2;130;05/01/2016
2016013844;2;2;1;1;3;130;06/01/2016
2016013845;1;2;1;1;6;130;06/01/2016
2016013846;1;1;1;1;6;130;15/12/2016
2016013847;1;2;1;2;4;130;06/01/2016
2016013848;2;2;1;1;3;130;06/01/2016
2016013849;5;2;1;1;6;130;06/01/2016
2016013850;5;2;1;1;3;130;13/12/2016
2016013851;1;1;2;1;3;130;06/01/2016
2016013852;2;2;1;1;6;130;06/01/2016
2016013853;5;2;1;1;5;130;07/01/2016
2016013854;1;2;6;1;2;130;29/12/2016
2016013855;1;2;1;2;6;130;07/01/2016
2016013856;1;2;1;1;7;130;07/01/2016
2016013857;1;2;1;1;1;130;07/01/2016
2016013858;1;2;3;8;3;130;07/01/2016
2016013859;5;2;1;1;6;130;08/01/2016
2016013860;1;2;1;1;3;130;08/01/2016
2016013861;5;2;1;1;6;130;07/01/2016
2016013862;2;2;1;1;2;130;02/01/2016
2016013863;1;2;7;1;1;130;08/01/2016
2016013864;5;2;1;1;2;130;22/12/2016
2016013865;1;2;1;1;1;130;08/01/2016
2016013866;1;1;1;1;7;130;04/01/2016
2016013867;5;1;3;1;3;130;08/01/2016
2016013868;5;2;1;1;6;130;09/01/2016
2016013869;1;2;1;1;3;130;06/01/2016
2016013870;5;2;2;1;6;130;09/01/2016
2016013871;5;2;1;1;3;130;09/01/2016
2016013872;5;2;9;1;3;130;10/01/2016
2016013873;5;2;1;8;6;130;10/01/2016
2016013874;1;2;1;1;7;130;09/01/2016
2016013875;5;2;1;1;6;130;10/01/2016
2016013876;5;2;2;1;3;130;10/01/2016
2016013877;5;2;1;1;6;130;10/01/2016
2016013878;5;2;1;1;3;130;09/01/2016
2016013879;1;1;1;1;1;130;10/01/2016
2016013880;1;2;1;1;1;130;10/01/2016
2016013881;1;2;3;1;6;130;10/01/2016
2016013882;5;1;1;1;1;130;10/01/2016
2016013883;1;2;2;1;3;130;11/01/2016
2016013884;1;2;1;2;3;130;11/01/2016
2016013885;1;2;1;1;2;130;11/01/2016
2016013886;1;2;1;1;6;130;12/01/2016
2016013887;1;2;1;2;1;130;11/01/2016
2016013888;5;1;3;1;7;130;11/01/2016
2016013889;1;2;1;1;3;130;06/01/2016
2016013890;1;2;3;1;6;130;12/01/2016
2016013891;1;2;3;1;3;130;12/01/2016
2016013892;1;2;1;1;3;130;12/01/2016
2016013893;1;2;1;1;3;130;12/01/2016
2016013894;5;2;1;1;6;130;12/01/2016
2016013895;2;2;1;1;7;130;12/01/2016
2016013896;1;2;1;1;6;130;13/01/2016
2016013897;5;2;1;1;6;130;13/01/2016
2016013898;5;2;1;1;3;130;13/01/2016