num_acc;lum;agg;inter;atm;col;dep;date
2016014475;5;2;1;1;6;130;15/04/2016
2016014476;1;2;1;1;6;130;08/04/2016
2016014477;1;2;9;1;2;130;13/04/2016
2016014478;1;2;1;1;2;130;07/04/2016
2016014479;1;2;1;1;7;130;19/03/2016
2016014480;1;2;1;1;2;130;15/04/2016
2016014481;5;2;1;1;3;130;16/04/2016
2016014482;5;2;1;1;1;130;16/04/2016
2016014483;1;2;3;1;3;130;14/04/2016
2016014484;1;2;3;1;3;130;14/04/2016
2016014485;1;2;1;1;6;130;11/03/2016
2016014486;1;1;1;1;1;130;16/04/2016
2016014487;1;1;2;1;3;130;14/04/2016
2016014488;1;2;3;1;3;130;15/04/2016
2016014489;5;2;1;1;3;130;17/04/2016
2016014490;1;2;3;1;3;130;14/04/2016
2016014491;1;2;1;1;3;130;15/04/2016
2016014492;1;2;3;1;3;130;16/04/2016
2016014493;1;2;3;1;3;130;17/04/2016
2016014494;2;2;2;1;3;130;30/03/2016
2016014495;1;2;1;1;1;130;17/04/2016
2016014496;1;2;1;1;2;130;17/04/2016
2016014497;1;2;1;1;3;130;17/04/2016
2016014498;1;2;1;1;7;130;18/04/2016
2016014499;1;2;1;1;6;130;09/04/2016
2016014500;1;2;1;1;6;130;08/04/2016
2016014501;1;2;1;1;6;130;15/04/2016
2016014502;1;2;1;1;6;130;30/03/2016
2016014503;1;2;1;1;6;130;19/04/2016
2016014504;1;2;1;1;3;130;19/04/2016
2016014505;2;2;3;1;3;130;30/03/2016
2016014506;1;1;1;1;3;130;19/04/2016
2016014507;1;2;1;1;1;130;18/04/2016
2016014508;1;2;1;1;3;130;18/04/2016
2016014509;1;2;1;1;1;130;19/04/2016
2016014510;1;2;7;1;6;130;14/04/2016
2016014511;1;2;1;1;3;130;19/04/2016
2016014512;1;2;1;1;2;130;14/04/2016
2016014513;1;2;1;1;2;130;13/04/2016
2016014514;5;1;1;1;6;130;20/04/2016
2016014515;3;1;1;1;6;130;20/04/2016
2016014516;1;2;1;1;2;130;20/04/2016
2016014517;1;1;1;1;6;130;08/04/2016
2016014518;1;2;1;1;6;130;20/04/2016
2016014519;1;2;1;1;7;130;09/04/2016
2016014520;1;2;1;1;1;130;20/04/2016
2016014521;1;2;1;1;2;130;20/04/2016
2016014522;1;2;9;1;1;130;20/04/2016
2016014523;1;2;1;1;6;130;20/04/2016
2016014524;1;2;3;1;3;130;20/04/2016
2016014525;5;2;2;1;3;130;20/04/2016
2016014526;1;2;1;1;6;130;13/04/2016
2016014527;1;2;1;1;2;130;19/04/2016
2016014528;1;2;1;1;7;130;21/04/2016
2016014529;1;2;1;1;5;130;21/04/2016
2016014530;1;2;1;1;3;130;21/04/2016
2016014531;1;2;1;1;3;130;20/04/2016
2016014532;1;2;1;1;2;130;30/03/2016
2016014533;1;2;1;1;7;130;21/04/2016
2016014534;1;2;1;1;3;130;02/02/2016
2016014535;1;2;1;2;1;130;21/04/2016
2016014536;1;2;1;1;3;130;21/04/2016
2016014537;1;2;1;1;6;130;22/04/2016
2016014538;1;2;1;1;6;130;22/04/2016
2016014539;1;2;1;8;6;130;22/04/2016
2016014540;5;2;1;1;6;130;22/04/2016
2016014541;5;2;1;1;3;130;22/04/2016
2016014542;1;2;1;1;3;130;20/04/2016
2016014543;1;2;1;1;3;130;22/04/2016
2016014544;1;2;1;1;2;130;22/04/2016
2016014545;1;2;2;1;3;130;20/04/2016
2016014546;1;2;1;1;6;130;23/04/2016
2016014547;1;2;1;1;7;130;23/04/2016
2016014548;2;2;1;1;3;130;23/04/2016
2016014549;2;2;2;1;3;130;23/04/2016
2016014550;1;2;1;1;3;130;24/04/2016
2016014551;1;2;1;1;3;130;15/04/2016
2016014552;1;2;2;1;3;130;13/04/2016
2016014553;1;2;1;1;2;130;19/04/2016
2016014554;1;2;1;1;3;130;21/04/2016
2016014555;1;2;1;1;7;130;24/04/2016
2016014556;1;2;1;1;3;130;24/04/2016
2016014557;1;2;1;1;1;130;10/03/2016
2016014558;5;2;1;6;4;130;24/04/2016
2016014559;5;2;1;1;7;130;25/04/2016
2016014560;1;2;1;1;1;130;25/04/2016
2016014561;1;2;3;1;3;130;25/04/2016
2016014562;1;2;1;1;3;130;25/04/2016
2016014563;2;2;1;1;3;130;19/04/2016
2016014564;1;2;1;1;6;130;25/04/2016
2016014565;1;2;2;1;3;130;19/04/2016
2016014566;1;1;1;1;7;130;01/04/2016
2016014567;1;2;1;1;4;130;26/04/2016
2016014568;2;2;6;1;6;130;20/04/2016
2016014569;1;2;1;1;3;130;26/04/2016
2016014570;1;2;3;1;2;130;26/04/2016
2016014571;1;2;1;7;6;130;11/04/2016
2016014572;1;2;1;1;6;130;26/04/2016
2016014573;1;2;1;1;7;130;25/04/2016
2016014574;1;2;1;1;1;130;20/04/2016
2016014575;1;2;1;1;3;130;26/04/2016
2016014576;1;2;2;1;3;130;27/04/2016
2016014577;1;1;3;1;2;130;27/04/2016
2016014578;1;2;1;1;6;130;27/04/2016
2016014579;1;2;1;1;6;130;27/04/2016
2016014580;1;2;1;1;7;130;27/04/2016
2016014581;1;2;3;1;1;130;27/04/2016
2016014582;1;2;1;1;3;130;22/04/2016
2016014583;1;2;1;1;6;130;23/04/2016
2016014584;2;2;1;1;3;130;28/04/2016
2016014585;1;2;1;1;6;130;28/04/2016
2016014586;1;2;1;1;3;130;28/04/2016
2016014587;1;2;1;1;1;130;28/04/2016
2016014588;1;2;1;1;5;130;28/04/2016
2016014589;1;2;1;1;3;130;28/04/2016
2016014590;1;2;2;1;3;130;20/04/2016
2016014591;1;2;1;1;1;130;20/04/2016
2016014592;1;2;2;1;3;130;28/04/2016
2016014593;1;2;1;1;6;130;29/04/2016
2016014594;1;2;3;1;3;130;29/04/2016
2016014595;1;2;1;1;4;130;29/04/2016
2016014596;1;1;1;1;6;130;29/04/2016
2016014597;1;2;6;1;6;130;29/04/2016
2016014598;1;2;1;1;1;130;29/04/2016
2016014599;5;2;1;1;5;130;29/04/2016
2016014600;5;2;1;1;2;130;29/04/2016
2016014601;1;2;3;1;6;130;29/04/2016
2016014602;5;2;1;1;1;130;30/04/2016
2016014603;1;2;1;1;1;130;29/04/2016
2016014604;1;2;1;1;2;130;25/04/2016
2016014605;1;2;1;1;3;130;27/04/2016
2016014606;1;2;1;1;6;130;30/04/2016
2016014607;1;2;1;1;6;130;27/04/2016
2016014608;1;2;1;1;7;130;30/04/2016
2016014609;1;2;1;1;3;130;01/05/2016
2016014610;2;2;1;1;3;130;24/04/2016
2016014611;1;2;8;1;3;130;30/04/2016
2016014612;1;2;1;2;3;130;30/04/2016
2016014613;1;2;3;1;5;130;27/04/2016
2016014614;1;2;2;1;3;130;14/03/2016
2016014615;1;2;1;1;2;130;02/05/2016
2016014616;1;1;1;1;1;130;02/05/2016
2016014617;1;2;1;1;3;130;02/05/2016
2016014618;1;2;2;1;6;130;02/05/2016
2016014619;1;2;1;1;1;130;03/05/2016
2016014620;1;2;1;1;2;130;02/05/2016
2016014621;1;2;1;1;1;130;03/05/2016
2016014622;1;2;1;1;3;130;02/05/2016
2016014623;1;2;1;1;3;130;03/05/2016
2016014624;1;2;1;1;7;130;03/05/2016
2016014625;1;2;1;1;6;130;03/05/2016
2016014626;1;2;1;1;5;130;03/05/2016
2016014627;1;2;1;1;3;130;03/05/2016
2016014628;2;2;1;1;5;130;03/05/2016
2016014629;5;2;1;1;1;130;03/05/2016
2016014630;5;2;1;1;1;130;03/05/2016
2016014631;1;2;1;1;3;130;14/04/2016
2016014632;1;2;3;1;1;130;04/05/2016
2016014633;1;2;1;1;6;130;04/05/2016
2016014634;1;2;1;1;3;130;04/05/2016
2016014635;1;2;1;2;7;130;21/04/2016
2016014636;1;2;2;1;3;130;05/05/2016
2016014637;1;2;1;1;7;130;05/05/2016
2016014638;1;2;3;1;6;130;24/03/2016
2016014639;1;2;9;1;6;130;05/05/2016
2016014640;1;2;1;1;3;130;30/04/2016
2016014641;5;2;1;1;3;130;05/05/2016
2016014642;3;2;1;1;3;130;05/05/2016
2016014643;5;2;1;1;5;130;06/05/2016
2016014644;1;2;7;1;1;130;24/02/2016
2016014645;1;2;3;1;2;130;05/05/2016
2016014646;1;2;1;1;2;130;28/04/2016
2016014647;1;2;1;1;2;130;06/05/2016
2016014648;1;2;1;6;3;130;25/04/2016
2016014649;1;2;1;1;3;130;06/05/2016
2016014650;1;2;1;1;2;130;06/05/2016
2016014651;5;2;3;1;3;130;06/05/2016
2016014652;1;2;1;1;2;130;07/05/2016
2016014653;1;2;1;1;3;130;07/05/2016
2016014654;1;2;1;1;7;130;07/05/2016
2016014655;1;2;1;1;6;130;07/05/2016
2016014656;1;2;1;1;6;130;03/05/2016
2016014657;1;2;1;1;3;130;29/04/2016
2016014658;5;2;1;1;6;130;07/05/2016
2016014659;5;2;1;2;3;130;08/05/2016
2016014660;1;2;1;1;7;130;18/04/2016
2016014661;1;2;1;1;6;130;09/05/2016
2016014662;1;2;1;1;2;130;03/05/2016
2016014663;1;2;2;1;3;130;09/05/2016
2016014664;1;2;3;1;3;130;09/05/2016
2016014665;1;2;1;1;2;130;09/05/2016
2016014666;1;2;3;1;1;130;09/05/2016
2016014667;1;2;1;1;3;130;09/05/2016
2016014668;1;1;1;6;1;130;09/05/2016
2016014669;5;2;1;6;3;130;09/05/2016
2016014670;1;2;1;1;3;130;03/05/2016
2016014671;1;2;3;1;6;130;10/05/2016
2016014672;1;1;2;1;3;130;10/05/2016
2016014673;5;2;2;2;1;130;10/05/2016
2016014674;2;2;1;2;3;130;11/05/2016
2016014675;1;2;1;1;3;130;11/05/2016
2016014676;1;2;1;2;5;130;11/05/2016
2016014677;1;1;1;1;2;130;11/05/2016
2016014678;1;2;1;8;2;130;11/05/2016
2016014679;1;2;1;1;3;130;11/05/2016
2016014680;1;2;9;1;3;130;12/05/2016
2016014681;1;2;1;1;2;130;12/05/2016
2016014682;1;2;1;1;6;130;03/05/2016
2016014683;1;2;1;1;3;130;12/05/2016
2016014684;5;2;1;1;6;130;13/05/2016
2016014685;1;2;1;1;2;130;13/05/2016
2016014686;1;2;1;1;6;130;13/05/2016
2016014687;1;1;1;1;2;130;13/05/2016
2016014688;5;2;1;1;2;130;13/05/2016
2016014689;4;2;6;1;5;130;14/05/2016
2016014690;1;2;1;1;1;130;14/05/2016
2016014691;1;2;1;1;3;130;15/05/2016
2016014692;1;2;1;1;3;130;09/05/2016
2016014693;1;2;3;1;3;130;20/04/2016
2016014694;1;2;1;1;3;130;15/05/2016
2016014695;1;2;9;1;1;130;15/05/2016
2016014696;5;1;3;1;6;130;16/05/2016
2016014697;1;2;1;1;3;130;15/05/2016
2016014698;1;1;1;1;7;130;14/05/2016
2016014699;1;2;2;1;3;130;12/04/2016
2016014700;1;2;1;1;1;130;16/05/2016
2016014701;1;2;2;1;2;130;16/05/2016
2016014702;1;2;1;1;3;130;09/05/2016
2016014703;1;2;1;1;5;130;17/05/2016
2016014704;1;2;1;1;2;130;17/05/2016
2016014705;1;2;3;1;3;130;17/05/2016
2016014706;2;2;1;1;6;130;17/05/2016
2016014707;5;2;1;1;3;130;17/05/2016
2016014708;5;2;2;1;3;130;17/05/2016
2016014709;1;2;1;1;3;130;18/05/2016
2016014710;1;2;1;1;2;130;18/05/2016
2016014711;1;2;1;1;3;130;18/05/2016
2016014712;1;2;1;1;6;130;18/05/2016
2016014713;1;1;1;1;6;130;19/05/2016
2016014714;1;2;2;1;2;130;19/05/2016
2016014715;1;2;1;1;3;130;19/05/2016
2016014716;1;2;1;1;6;130;19/05/2016
2016014717;1;2;1;1;2;130;19/05/2016
2016014718;1;2;1;1;6;130;18/05/2016
2016014719;1;2;1;1;2;130;18/05/2016
2016014720;1;1;1;1;6;130;19/05/2016
2016014721;1;2;6;1;2;130;19/05/2016
2016014722;1;2;1;1;3;130;17/05/2016
2016014723;1;2;2;1;1;130;05/05/2016
2016014724;1;2;1;1;6;130;20/05/2016
2016014725;1;2;1;1;1;130;20/05/2016
2016014726;1;2;2;1;3;130;20/05/2016
2016014727;5;2;6;1;3;130;20/05/2016
2016014728;2;2;1;1;2;130;20/05/2016
2016014729;1;2;2;1;7;130;20/05/2016
2016014730;1;2;1;1;2;130;14/05/2016
2016014731;1;2;1;1;3;130;13/05/2016
2016014732;1;2;1;1;3;130;21/05/2016
2016014733;1;1;1;1;6;130;21/05/2016
2016014734;1;2;3;1;6;130;02/05/2016
2016014735;1;2;1;1;3;130;21/05/2016
2016014736;2;2;1;1;3;130;15/05/2016
2016014737;5;2;1;1;6;130;22/05/2016
2016014738;1;2;1;1;3;130;15/05/2016
2016014739;1;2;3;1;6;130;21/05/2016
2016014740;1;2;1;1;2;130;22/05/2016
2016014741;1;2;1;1;3;130;22/05/2016
2016014742;1;2;2;1;1;130;22/05/2016
2016014743;1;2;1;1;6;130;23/05/2016
2016014744;1;1;1;1;6;130;23/05/2016
2016014745;1;2;1;1;6;130;29/03/2016
2016014746;1;2;1;1;1;130;23/05/2016
2016014747;1;2;1;1;6;130;23/05/2016
2016014748;1;2;1;7;6;130;23/05/2016
2016014749;1;2;3;1;6;130;24/05/2016
2016014750;1;2;1;1;3;130;02/05/2016
2016014751;5;2;1;1;6;130;20/05/2016
2016014752;2;2;2;1;3;130;07/05/2016
2016014753;1;2;1;1;5;130;20/05/2016
2016014754;1;2;1;1;6;130;24/05/2016
2016014755;1;2;1;1;6;130;24/05/2016
2016014756;1;2;1;1;6;130;24/05/2016
2016014757;1;2;1;1;6;130;24/05/2016
2016014758;1;2;1;1;4;130;24/05/2016
2016014759;5;2;1;1;7;130;24/05/2016
2016014760;1;2;1;1;3;130;25/05/2016
2016014761;2;2;3;1;3;130;24/05/2016
2016014762;1;2;2;1;6;130;25/05/2016
2016014763;1;2;2;1;2;130;06/05/2016
2016014764;5;2;1;1;6;130;25/05/2016
2016014765;2;2;1;1;3;130;25/05/2016
2016014766;1;2;3;1;6;130;08/05/2016
2016014767;1;2;1;1;2;130;25/05/2016
2016014768;1;2;1;1;3;130;26/05/2016
2016014769;1;2;2;1;3;130;12/05/2016
2016014770;1;2;1;1;3;130;26/05/2016
2016014771;1;2;1;1;2;130;23/05/2016
2016014772;1;2;6;1;3;130;21/05/2016
2016014773;1;2;3;1;3;130;26/05/2016
2016014774;1;2;1;1;4;130;24/05/2016
2016014775;1;2;1;1;3;130;24/05/2016
2016014776;1;2;1;1;3;130;26/04/2016
2016014777;1;2;2;1;3;130;24/05/2016
2016014778;1;2;1;1;3;130;26/05/2016
2016014779;1;2;1;1;6;130;03/02/2016
2016014780;1;2;1;1;1;130;27/05/2016
2016014781;1;2;1;1;2;130;27/05/2016
2016014782;1;2;1;1;6;130;27/05/2016
2016014783;5;2;3;1;1;130;27/05/2016
2016014784;5;2;2;1;3;130;28/05/2016
2016014785;1;2;1;1;3;130;28/05/2016
2016014786;1;2;1;1;1;130;28/05/2016
2016014787;1;2;1;1;3;130;28/05/2016
2016014788;5;2;1;2;6;130;28/05/2016
2016014789;2;2;1;2;6;130;29/05/2016
2016014790;1;2;1;1;6;130;25/05/2016
2016014791;1;2;2;1;3;130;28/05/2016
2016014792;1;2;1;1;7;130;29/05/2016
2016014793;1;2;1;1;1;130;29/05/2016
2016014794;5;2;1;1;3;130;29/05/2016
2016014795;5;2;2;1;3;130;30/05/2016
2016014796;1;2;1;1;2;130;30/05/2016
2016014797;1;2;1;1;1;130;30/05/2016
2016014798;1;2;1;1;5;130;30/05/2016
2016014799;1;2;1;1;3;130;26/05/2016
2016014800;1;2;1;1;3;130;30/05/2016
2016014801;1;2;1;1;6;130;30/05/2016
2016014802;1;2;1;1;3;130;31/05/2016
2016014803;1;2;2;1;6;130;31/05/2016
2016014804;1;2;1;1;6;130;30/05/2016
2016014805;1;2;1;1;4;130;31/05/2016
2016014806;2;2;3;1;2;130;31/05/2016
2016014807;1;2;3;1;3;130;27/05/2016
2016014808;1;2;3;1;3;130;01/06/2016
2016014809;1;2;1;1;3;130;01/06/2016
2016014810;1;2;2;1;6;130;23/05/2016
2016014811;1;2;1;1;3;130;01/06/2016
2016014812;1;2;2;1;7;130;01/06/2016
2016014813;4;2;1;1;6;130;01/06/2016
2016014814;1;2;1;1;7;130;01/06/2016
2016014815;2;2;1;1;3;130;01/06/2016
2016014816;1;2;1;1;6;130;31/05/2016
2016014817;1;1;1;1;3;130;02/06/2016
2016014818;1;2;3;1;3;130;02/06/2016
2016014819;1;2;1;1;6;130;02/06/2016
2016014820;1;2;1;1;2;130;02/06/2016
2016014821;1;2;1;1;3;130;02/06/2016
2016014822;1;2;3;1;3;130;02/06/2016
2016014823;1;2;1;1;2;130;03/06/2016
2016014824;1;2;1;1;3;130;03/06/2016
2016014825;1;1;7;1;6;130;30/05/2016
2016014826;1;2;1;1;6;130;03/06/2016
2016014827;1;2;3;1;3;130;03/06/2016
2016014828;1;1;1;1;2;130;03/06/2016
2016014829;1;2;2;1;3;130;03/06/2016
2016014830;1;2;1;1;3;130;03/06/2016
2016014831;1;2;1;1;3;130;02/06/2016
2016014832;1;2;1;1;2;130;01/06/2016
2016014833;1;2;1;1;1;130;03/06/2016
2016014834;1;2;1;1;2;130;03/06/2016
2016014835;1;2;1;1;3;130;04/06/2016
2016014836;5;2;1;1;2;130;04/06/2016
2016014837;1;1;1;1;1;130;04/06/2016
2016014838;1;2;1;1;6;130;04/06/2016
2016014839;1;2;1;1;6;130;04/06/2016
2016014840;1;2;1;1;1;130;05/06/2016
2016014841;1;2;2;1;6;130;31/05/2016
2016014842;1;2;2;1;3;130;18/05/2016
2016014843;1;2;1;1;6;130;05/06/2016
2016014844;5;2;1;1;6;130;05/06/2016
2016014845;1;2;1;1;6;130;05/06/2016
2016014846;1;2;1;1;5;130;05/04/2016
2016014847;1;2;1;1;3;130;06/06/2016
2016014848;1;1;1;1;6;130;06/06/2016
2016014849;1;2;1;1;6;130;25/05/2016
2016014850;1;2;2;1;3;130;05/06/2016
2016014851;2;2;1;1;6;130;06/06/2016
2016014852;1;2;1;1;2;130;26/04/2016
2016014853;1;2;1;1;3;130;07/06/2016
2016014854;1;2;1;1;2;130;02/06/2016
2016014855;2;2;1;1;6;130;04/06/2016
2016014856;1;1;3;1;3;130;07/06/2016
2016014857;1;2;2;1;1;130;06/06/2016
2016014858;1;2;3;1;1;130;08/06/2016
2016014859;1;2;1;1;7;130;08/06/2016
2016014860;1;2;1;1;1;130;08/06/2016
2016014861;1;2;2;1;3;130;10/05/2016
2016014862;1;2;1;1;3;130;08/06/2016
2016014863;1;2;1;1;6;130;08/06/2016
2016014864;1;2;1;1;2;130;08/06/2016
2016014865;5;2;1;1;6;130;08/06/2016
2016014866;1;2;1;1;6;130;08/06/2016
2016014867;1;2;2;1;3;130;07/06/2016
2016014868;1;2;1;1;1;130;06/06/2016
2016014869;1;2;1;1;6;130;09/06/2016
2016014870;1;2;1;1;2;130;09/06/2016
2016014871;1;2;2;1;1;130;09/06/2016
2016014872;1;2;1;1;6;130;09/06/2016
2016014873;1;2;2;1;3;130;09/06/2016
2016014874;1;2;1;1;3;130;09/06/2016
2016014875;1;2;1;1;1;130;09/06/2016
2016014876;5;2;2;1;3;130;09/06/2016
2016014877;1;2;6;1;6;130;27/05/2016
2016014878;1;2;1;1;3;130;09/06/2016
2016014879;1;2;1;1;6;130;07/06/2016
2016014880;5;2;1;1;1;130;10/06/2016
2016014881;1;2;1;1;2;130;10/06/2016
2016014882;1;2;1;2;6;130;13/02/2016
2016014883;1;2;1;1;3;130;10/06/2016
2016014884;1;2;1;1;2;130;10/06/2016
2016014885;1;2;3;1;3;130;10/06/2016
2016014886;1;2;2;1;7;130;10/06/2016
2016014887;1;2;6;1;7;130;10/06/2016
2016014888;1;2;1;1;1;130;11/06/2016
2016014889;1;2;1;1;6;130;11/06/2016
2016014890;1;2;1;1;6;130;08/06/2016
2016014891;1;2;1;1;6;130;08/06/2016
2016014892;1;2;1;1;6;130;11/06/2016
2016014893;1;2;3;1;2;130;06/06/2016
2016014894;1;2;1;1;6;130;08/06/2016
2016014895;5;2;1;1;7;130;12/06/2016
2016014896;1;2;1;1;6;130;06/06/2016
2016014897;1;2;1;1;3;130;06/06/2016
2016014898;1;2;3;1;4;130;02/06/2016
2016014899;1;2;1;1;3;130;11/06/2016
2016014900;1;2;1;1;3;130;12/06/2016
2016014901;5;2;1;1;6;130;12/06/2016
2016014902;1;2;1;1;6;130;12/06/2016
2016014903;1;2;2;1;3;130;08/06/2016
2016014904;1;2;2;1;3;130;08/06/2016
2016014905;1;2;2;1;1;130;13/06/2016
2016014906;1;2;1;1;3;130;08/06/2016
2016014907;1;2;1;1;4;130;13/06/2016
2016014908;1;2;1;1;5;130;13/06/2016
2016014909;1;2;1;1;7;130;13/06/2016
2016014910;1;2;1;1;2;130;13/06/2016
2016014911;1;2;1;1;6;130;13/06/2016
2016014912;2;2;1;1;6;130;13/06/2016
2016014913;5;2;6;1;3;130;14/06/2016
2016014914;5;2;1;1;2;130;14/06/2016
2016014915;1;2;1;1;6;130;12/06/2016
2016014916;1;2;1;1;6;130;14/06/2016
2016014917;1;2;3;1;3;130;06/06/2016
2016014918;1;1;1;1;1;130;29/04/2016
2016014919;1;1;1;1;5;130;14/06/2016
2016014920;1;1;1;1;3;130;14/06/2016
2016014921;1;2;1;1;7;130;14/06/2016
2016014922;1;2;2;1;1;130;14/06/2016
2016014923;1;2;1;1;6;130;14/06/2016
2016014924;1;2;1;1;6;130;11/05/2016
2016014925;1;2;2;1;1;130;04/06/2016
2016014926;1;1;1;1;1;130;14/06/2016
2016014927;1;2;1;1;3;130;15/06/2016
2016014928;1;2;1;1;2;130;14/06/2016
2016014929;1;2;1;1;7;130;15/06/2016
2016014930;1;2;3;1;2;130;15/06/2016
2016014931;5;2;7;2;2;130;16/06/2016
2016014932;1;2;1;1;3;130;16/06/2016
2016014933;1;2;3;1;7;130;21/05/2016
2016014934;1;2;1;1;3;130;03/06/2016
2016014935;1;2;6;2;2;130;16/06/2016
2016014936;1;2;1;1;3;130;16/06/2016
2016014937;1;2;1;1;2;130;16/06/2016
2016014938;1;2;1;1;1;130;16/06/2016
2016014939;1;2;1;1;3;130;17/06/2016
2016014940;1;2;2;1;1;130;17/06/2016
2016014941;1;2;1;1;3;130;17/06/2016
2016014942;1;2;1;1;3;130;17/06/2016
2016014943;1;2;1;1;3;130;17/06/2016
2016014944;1;2;1;1;3;130;07/06/2016
2016014945;1;2;1;1;3;130;17/06/2016
2016014946;2;2;3;1;3;130;18/06/2016
2016014947;1;2;1;1;2;130;18/06/2016
2016014948;1;2;1;1;6;130;18/06/2016
2016014949;2;2;1;1;3;130;16/06/2016
2016014950;1;2;1;1;2;130;19/06/2016
2016014951;1;2;1;1;6;130;19/06/2016
2016014952;5;2;2;1;3;130;20/06/2016
2016014953;5;2;2;1;1;130;20/06/2016
2016014954;1;2;1;1;6;130;11/06/2016
2016014955;1;2;1;1;6;130;20/06/2016
2016014956;1;2;3;1;3;130;20/06/2016
2016014957;1;2;1;1;3;130;20/06/2016
2016014958;1;2;1;1;2;130;19/06/2016
2016014959;1;2;1;1;1;130;20/06/2016
2016014960;1;2;3;1;3;130;20/06/2016
2016014961;1;1;1;1;3;130;19/06/2016
2016014962;5;2;1;1;1;130;20/06/2016
2016014963;5;2;1;1;6;130;21/06/2016
2016014964;1;2;1;1;6;130;21/06/2016
2016014965;1;2;1;1;6;130;21/06/2016
2016014966;1;2;1;1;2;130;21/06/2016
2016014967;1;2;1;1;3;130;22/06/2016
2016014968;1;2;1;1;6;130;22/06/2016
2016014969;1;2;1;1;2;130;22/06/2016
2016014970;1;2;1;1;7;130;22/06/2016
2016014971;1;2;1;1;3;130;22/06/2016
2016014972;1;2;1;1;5;130;22/06/2016
2016014973;1;2;3;1;3;130;22/06/2016
2016014974;5;2;2;1;6;130;20/06/2016
2016014975;1;2;6;1;2;130;22/06/2016
2016014976;1;2;1;1;2;130;22/06/2016
2016014977;5;2;1;1;6;130;23/06/2016
2016014978;5;2;1;1;3;130;17/05/2016
2016014979;1;2;1;1;3;130;23/06/2016
2016014980;1;2;6;1;1;130;23/06/2016
2016014981;1;2;1;1;1;130;23/06/2016
2016014982;1;2;1;1;1;130;23/06/2016
2016014983;1;2;1;1;2;130;23/06/2016
2016014984;1;2;1;1;5;130;23/06/2016
2016014985;2;2;2;1;3;130;24/06/2016
2016014986;2;2;6;1;3;130;24/06/2016
2016014987;1;2;1;1;2;130;24/06/2016
2016014988;1;2;3;1;2;130;23/06/2016
2016014989;1;2;1;1;6;130;24/06/2016
2016014990;1;2;1;1;3;130;23/06/2016
2016014991;1;2;1;1;3;130;23/06/2016
2016014992;5;2;1;1;3;130;25/06/2016
2016014993;1;2;1;1;6;130;25/06/2016
2016014994;1;2;1;1;1;130;25/06/2016
2016014995;1;2;3;1;3;130;25/06/2016
2016014996;2;2;2;1;3;130;25/06/2016
2016014997;1;2;2;1;5;130;26/06/2016
2016014998;1;2;1;1;2;130;22/06/2016
2016014999;1;2;1;1;6;130;25/06/2016
2016015000;1;2;3;1;3;130;26/06/2016
2016015001;1;2;1;1;4;130;10/06/2016
2016015002;5;2;1;1;7;130;27/06/2016
2016015003;5;2;1;1;1;130;27/06/2016
2016015004;1;2;1;1;3;130;26/06/2016
2016015005;1;2;2;1;6;130;10/06/2016
2016015006;1;2;1;1;3;130;20/06/2016
2016015007;1;2;1;1;6;130;04/06/2016
2016015008;1;2;1;1;1;130;27/06/2016
2016015009;1;2;1;1;3;130;27/06/2016
2016015010;2;2;2;1;3;130;27/06/2016
2016015011;5;2;9;1;3;130;27/06/2016
2016015012;5;2;2;1;2;130;27/06/2016
2016015013;1;2;2;1;5;130;14/06/2016
2016015014;1;2;1;1;2;130;26/06/2016
2016015015;1;2;1;1;4;130;20/06/2016
2016015016;1;2;3;1;1;130;27/06/2016
2016015017;1;2;3;1;3;130;28/06/2016
2016015018;1;2;1;1;1;130;19/06/2016
2016015019;1;2;3;1;3;130;28/06/2016
2016015020;1;1;1;1;2;130;26/06/2016
2016015021;1;2;1;1;1;130;28/06/2016
2016015022;5;2;1;1;3;130;29/06/2016
2016015023;1;2;1;1;1;130;28/06/2016
2016015024;1;2;1;1;3;130;29/06/2016
2016015025;5;2;1;1;2;130;29/06/2016
2016015026;1;2;1;1;2;130;28/06/2016
2016015027;1;2;1;1;3;130;30/06/2016
2016015028;1;2;1;1;2;130;29/06/2016
2016015029;1;2;1;1;2;130;29/06/2016
2016015030;1;2;1;1;2;130;30/06/2016
2016015031;5;1;1;1;3;130;30/06/2016
2016015032;1;2;1;1;2;130;30/06/2016
2016015033;1;2;2;1;3;130;30/06/2016
2016015034;1;2;6;1;2;130;24/06/2016
2016015035;1;2;2;1;3;130;23/06/2016
2016015036;1;2;1;1;1;130;06/06/2016
2016015037;1;2;1;1;6;130;01/07/2016
2016015038;1;2;1;1;6;130;28/06/2016
2016015039;1;2;1;1;3;130;26/06/2016
2016015040;5;2;1;1;1;130;01/07/2016
2016015041;5;2;1;1;7;130;02/07/2016
2016015042;1;2;1;1;3;130;06/06/2016
2016015043;1;2;1;1;6;130;02/07/2016
2016015044;1;2;8;1;6;130;02/07/2016
2016015045;1;2;1;1;1;130;02/07/2016
2016015046;1;2;1;1;6;130;01/07/2016
2016015047;1;2;3;1;3;130;02/07/2016
2016015048;1;2;1;1;2;130;02/07/2016
2016015049;1;2;1;1;6;130;01/07/2016
2016015050;1;2;1;1;3;130;02/07/2016
2016015051;5;2;1;1;6;130;24/06/2016