num_acc;lum;agg;inter;atm;col;dep;date
2016015052;5;2;1;1;3;130;02/07/2016
2016015053;1;2;1;1;2;130;02/07/2016
2016015054;5;2;1;1;6;130;21/06/2016
2016015055;1;2;1;1;3;130;21/06/2016
2016015056;1;2;1;1;2;130;30/06/2016
2016015057;1;2;2;1;3;130;03/07/2016
2016015058;1;2;1;1;5;130;03/07/2016
2016015059;5;2;1;1;3;130;04/07/2016
2016015060;1;2;1;1;6;130;04/07/2016
2016015061;1;2;3;1;3;130;04/07/2016
2016015062;1;2;1;1;3;130;04/07/2016
2016015063;1;2;1;1;6;130;04/07/2016
2016015064;3;2;1;1;6;130;05/07/2016
2016015065;1;2;1;1;7;130;05/07/2016
2016015066;1;2;1;1;3;130;04/07/2016
2016015067;1;2;3;1;6;130;05/07/2016
2016015068;1;1;1;1;3;130;05/07/2016
2016015069;1;2;1;1;1;130;05/07/2016
2016015070;2;2;1;1;6;130;05/07/2016
2016015071;5;2;1;1;7;130;06/07/2016
2016015072;1;2;1;1;1;130;05/07/2016
2016015073;1;1;1;1;3;130;21/06/2016
2016015074;1;2;1;1;7;130;06/07/2016
2016015075;1;2;1;1;1;130;06/07/2016
2016015076;1;2;3;1;3;130;05/07/2016
2016015077;1;2;1;1;3;130;06/07/2016
2016015078;1;2;1;1;3;130;06/07/2016
2016015079;3;2;1;1;6;130;06/07/2016
2016015080;5;2;1;1;7;130;06/07/2016
2016015081;5;2;1;1;2;130;07/07/2016
2016015082;5;2;1;1;3;130;07/07/2016
2016015083;5;2;1;1;2;130;07/07/2016
2016015084;1;2;1;1;1;130;05/07/2016
2016015085;1;2;1;1;3;130;06/07/2016
2016015086;1;2;1;1;2;130;18/06/2016
2016015087;5;1;1;1;7;130;08/07/2016
2016015088;1;2;1;1;6;130;05/07/2016
2016015089;1;2;1;1;3;130;06/07/2016
2016015090;1;2;1;1;3;130;08/07/2016
2016015091;1;2;1;1;3;130;08/07/2016
2016015092;1;2;1;1;6;130;08/07/2016
2016015093;1;2;1;1;5;130;08/07/2016
2016015094;1;2;1;1;3;130;08/07/2016
2016015095;1;2;1;1;3;130;08/07/2016
2016015096;1;2;1;1;3;130;08/07/2016
2016015097;5;2;1;1;3;130;08/07/2016
2016015098;5;2;1;1;6;130;09/07/2016
2016015099;1;2;1;1;2;130;08/07/2016
2016015100;1;2;1;1;3;130;08/07/2016
2016015101;1;2;2;1;3;130;07/06/2016
2016015102;1;2;3;1;6;130;27/06/2016
2016015103;1;2;1;1;2;130;09/07/2016
2016015104;5;2;1;1;3;130;09/07/2016
2016015105;5;2;1;1;6;130;10/07/2016
2016015106;1;2;1;1;5;130;09/07/2016
2016015107;1;2;1;1;6;130;06/07/2016
2016015108;1;2;1;1;3;130;10/07/2016
2016015109;5;2;1;1;3;130;10/07/2016
2016015110;1;2;1;1;2;130;11/07/2016
2016015111;1;2;1;1;2;130;11/07/2016
2016015112;1;2;1;1;3;130;11/07/2016
2016015113;1;2;1;1;3;130;11/07/2016
2016015114;1;2;1;1;3;130;01/07/2016
2016015115;1;2;1;1;4;130;11/07/2016
2016015116;5;2;8;1;3;130;11/07/2016
2016015117;5;2;1;1;7;130;12/07/2016
2016015118;5;2;1;1;3;130;12/07/2016
2016015119;1;1;1;1;3;130;09/07/2016
2016015120;1;2;3;1;3;130;12/07/2016
2016015121;1;2;1;1;7;130;12/07/2016
2016015122;1;2;3;1;3;130;12/07/2016
2016015123;1;2;1;1;2;130;11/07/2016
2016015124;1;2;1;1;3;130;12/07/2016
2016015125;5;1;1;1;6;130;13/07/2016
2016015126;5;2;1;1;6;130;13/07/2016
2016015127;1;2;1;1;2;130;13/07/2016
2016015128;1;2;3;1;6;130;13/07/2016
2016015129;1;2;1;1;2;130;13/07/2016
2016015130;1;1;1;1;6;130;13/07/2016
2016015131;1;2;1;1;6;130;13/07/2016
2016015132;5;2;1;1;6;130;14/07/2016
2016015133;1;2;1;1;4;130;13/07/2016
2016015134;1;2;1;1;2;130;14/07/2016
2016015135;1;2;3;1;3;130;13/07/2016
2016015136;1;2;6;1;3;130;07/07/2016
2016015137;1;1;3;1;3;130;14/07/2016
2016015138;1;2;1;1;3;130;09/07/2016
2016015139;1;2;1;1;6;130;01/07/2016
2016015140;1;2;1;1;2;130;04/07/2016
2016015141;1;2;3;1;6;130;15/07/2016
2016015142;1;2;1;1;3;130;02/07/2016
2016015143;1;2;1;1;6;130;15/07/2016
2016015144;1;2;1;1;2;130;15/07/2016
2016015145;1;2;1;1;2;130;02/07/2016
2016015146;1;2;1;1;6;130;14/07/2016
2016015147;1;2;1;1;6;130;15/07/2016
2016015148;1;2;1;1;6;130;16/07/2016
2016015149;5;2;6;1;3;130;16/07/2016
2016015150;1;2;1;1;2;130;17/07/2016
2016015151;1;2;2;1;3;130;17/07/2016
2016015152;1;1;1;1;6;130;17/07/2016
2016015153;1;2;1;1;3;130;01/07/2016
2016015154;1;2;1;1;3;130;12/07/2016
2016015155;5;2;1;1;3;130;18/07/2016
2016015156;5;2;1;1;6;130;18/07/2016
2016015157;1;2;1;1;2;130;18/07/2016
2016015158;1;2;1;1;2;130;18/07/2016
2016015159;1;2;1;1;4;130;18/07/2016
2016015160;1;2;1;1;6;130;16/07/2016
2016015161;1;2;3;1;3;130;07/07/2016
2016015162;1;2;2;1;3;130;30/06/2016
2016015163;1;2;1;1;1;130;18/07/2016
2016015164;1;2;1;1;4;130;18/07/2016
2016015165;1;2;1;2;3;130;18/06/2016
2016015166;5;2;1;1;1;130;26/06/2016
2016015167;1;2;1;1;4;130;18/07/2016
2016015168;2;2;1;1;6;130;19/07/2016
2016015169;1;1;1;1;7;130;05/07/2016
2016015170;2;2;1;1;6;130;18/07/2016
2016015171;1;2;3;1;3;130;19/07/2016
2016015172;1;2;1;1;3;130;19/07/2016
2016015173;1;2;1;1;3;130;19/07/2016
2016015174;1;2;1;1;3;130;19/07/2016
2016015175;5;2;1;1;3;130;20/07/2016
2016015176;1;2;1;1;7;130;20/07/2016
2016015177;1;2;1;1;6;130;20/07/2016
2016015178;1;2;1;1;6;130;20/07/2016
2016015179;1;2;1;1;6;130;20/07/2016
2016015180;5;2;1;1;3;130;20/07/2016
2016015181;1;2;1;1;7;130;21/07/2016
2016015182;1;2;1;1;6;130;21/07/2016
2016015183;1;2;1;1;6;130;21/07/2016
2016015184;1;2;1;1;1;130;21/07/2016
2016015185;5;1;2;1;3;130;15/05/2016
2016015186;2;2;1;1;1;130;21/07/2016
2016015187;5;2;1;1;1;130;21/07/2016
2016015188;5;2;1;1;6;130;22/07/2016
2016015189;1;2;3;1;2;130;15/07/2016
2016015190;1;2;9;1;5;130;20/07/2016
2016015191;1;2;1;1;6;130;22/07/2016
2016015192;1;2;1;1;6;130;22/07/2016
2016015193;1;2;1;1;3;130;22/07/2016
2016015194;1;2;1;1;1;130;22/07/2016
2016015195;5;2;1;1;3;130;23/07/2016
2016015196;1;2;1;1;6;130;23/07/2016
2016015197;1;2;1;1;1;130;23/07/2016
2016015198;1;2;1;2;1;130;23/07/2016
2016015199;5;2;2;1;3;130;23/07/2016
2016015200;5;2;1;1;2;130;23/07/2016
2016015201;1;2;1;1;3;130;24/07/2016
2016015202;1;2;3;1;3;130;05/07/2016
2016015203;1;1;1;1;3;130;24/07/2016
2016015204;5;2;1;1;3;130;20/07/2016
2016015205;1;2;1;1;6;130;23/07/2016
2016015206;1;2;1;1;7;130;25/07/2016
2016015207;1;2;1;1;1;130;25/07/2016
2016015208;1;2;1;1;2;130;21/07/2016
2016015209;1;2;1;1;6;130;25/07/2016
2016015210;1;2;1;1;3;130;25/07/2016
2016015211;1;2;1;1;3;130;25/07/2016
2016015212;1;2;1;1;2;130;24/07/2016
2016015213;1;2;1;1;5;130;26/07/2016
2016015214;1;2;1;1;5;130;25/07/2016
2016015215;1;2;1;1;1;130;26/07/2016
2016015216;1;2;1;1;5;130;26/07/2016
2016015217;1;2;3;1;2;130;26/07/2016
2016015218;2;2;1;1;6;130;26/07/2016
2016015219;5;2;1;1;3;130;26/07/2016
2016015220;1;2;2;1;6;130;26/07/2016
2016015221;1;2;3;1;1;130;25/07/2016
2016015222;1;2;6;1;3;130;27/07/2016
2016015223;1;2;1;1;6;130;27/07/2016
2016015224;1;2;3;1;3;130;27/07/2016
2016015225;1;2;1;1;2;130;27/07/2016
2016015226;1;2;1;1;6;130;27/07/2016
2016015227;1;2;3;1;3;130;27/07/2016
2016015228;1;2;3;1;3;130;27/07/2016
2016015229;1;2;1;1;6;130;28/07/2016
2016015230;1;2;1;1;6;130;28/07/2016
2016015231;1;2;1;1;6;130;28/07/2016
2016015232;1;1;1;1;6;130;28/07/2016
2016015233;1;2;1;1;6;130;27/07/2016
2016015234;1;2;1;1;6;130;28/07/2016
2016015235;1;2;1;1;2;130;28/07/2016
2016015236;5;2;2;1;3;130;29/07/2016
2016015237;1;1;1;1;2;130;28/07/2016
2016015238;1;2;1;1;3;130;07/07/2016
2016015239;1;2;1;1;6;130;29/07/2016
2016015240;5;2;1;1;2;130;29/07/2016
2016015241;5;2;6;1;6;130;29/07/2016
2016015242;5;2;2;1;3;130;30/07/2016
2016015243;5;2;1;1;3;130;30/07/2016
2016015244;1;2;1;1;1;130;30/07/2016
2016015245;5;2;3;1;3;130;30/07/2016
2016015246;1;2;2;1;3;130;30/07/2016
2016015247;1;2;1;1;4;130;30/07/2016
2016015248;1;2;1;1;4;130;25/06/2016
2016015249;1;2;1;1;6;130;31/07/2016
2016015250;1;2;8;1;6;130;28/07/2016
2016015251;1;2;1;1;3;130;25/07/2016
2016015252;1;2;3;1;3;130;31/07/2016
2016015253;1;2;1;1;3;130;29/07/2016
2016015254;1;2;3;1;3;130;31/07/2016
2016015255;1;2;1;1;6;130;31/07/2016
2016015256;1;2;1;1;3;130;28/07/2016
2016015257;1;2;2;1;3;130;02/08/2016
2016015258;1;2;1;1;6;130;02/08/2016
2016015259;1;2;7;1;4;130;02/08/2016
2016015260;2;2;1;1;6;130;02/08/2016
2016015261;1;2;1;1;6;130;03/08/2016
2016015262;1;2;3;1;1;130;03/08/2016
2016015263;1;2;2;1;3;130;03/08/2016
2016015264;5;2;2;1;1;130;02/08/2016
2016015265;1;2;1;1;3;130;04/08/2016
2016015266;1;2;1;1;2;130;01/08/2016
2016015267;1;1;1;1;6;130;04/08/2016
2016015268;1;2;1;1;3;130;24/07/2016
2016015269;1;2;1;1;2;130;04/08/2016
2016015270;1;2;2;1;3;130;04/08/2016
2016015271;5;2;1;2;1;130;05/08/2016
2016015272;1;2;1;1;5;130;05/08/2016
2016015273;1;2;1;1;3;130;12/07/2016
2016015274;1;2;2;1;6;130;05/08/2016
2016015275;1;2;1;1;6;130;05/08/2016
2016015276;5;2;1;1;6;130;05/08/2016
2016015277;1;2;1;1;3;130;29/07/2016
2016015278;5;2;3;1;7;130;06/08/2016
2016015279;1;2;3;1;6;130;02/08/2016
2016015280;1;2;1;1;2;130;03/08/2016
2016015281;1;2;7;1;1;130;06/08/2016
2016015282;5;2;1;1;6;130;07/08/2016
2016015283;5;2;1;1;3;130;07/08/2016
2016015284;1;2;3;1;3;130;07/08/2016
2016015285;1;2;6;1;6;130;08/08/2016
2016015286;1;2;1;1;2;130;08/08/2016
2016015287;1;2;1;1;6;130;08/08/2016
2016015288;5;2;2;1;6;130;08/08/2016
2016015289;5;2;2;1;3;130;08/08/2016
2016015290;1;2;1;1;2;130;01/08/2016
2016015291;1;2;3;1;3;130;09/08/2016
2016015292;1;2;1;1;3;130;09/08/2016
2016015293;1;2;1;1;6;130;09/08/2016
2016015294;1;2;1;1;2;130;09/08/2016
2016015295;1;2;1;8;6;130;09/08/2016
2016015296;1;2;1;1;6;130;09/08/2016
2016015297;1;2;1;1;6;130;10/08/2016
2016015298;1;2;1;1;1;130;11/08/2016
2016015299;1;2;1;1;6;130;11/08/2016
2016015300;1;2;1;1;3;130;11/08/2016
2016015301;1;2;1;1;2;130;11/08/2016
2016015302;1;2;1;5;2;130;10/08/2016
2016015303;1;2;1;1;3;130;11/08/2016
2016015304;1;2;4;1;2;130;12/08/2016
2016015305;1;2;1;1;3;130;12/08/2016
2016015306;1;2;1;1;3;130;12/08/2016
2016015307;1;2;1;1;6;130;12/08/2016
2016015308;5;2;1;1;3;130;13/08/2016
2016015309;1;2;1;1;2;130;13/08/2016
2016015310;1;2;1;1;6;130;08/08/2016
2016015311;1;2;1;1;6;130;13/08/2016
2016015312;5;2;1;1;6;130;13/08/2016
2016015313;5;2;1;1;2;130;13/08/2016
2016015314;5;2;1;1;6;130;14/08/2016
2016015315;5;2;2;1;3;130;14/08/2016
2016015316;1;2;1;1;3;130;13/08/2016
2016015317;1;2;1;1;7;130;14/08/2016
2016015318;2;2;1;1;3;130;15/08/2016
2016015319;1;2;1;1;3;130;14/08/2016
2016015320;1;2;1;1;4;130;15/08/2016
2016015321;5;2;1;1;3;130;15/08/2016
2016015322;5;2;1;1;1;130;15/08/2016
2016015323;1;2;1;1;1;130;15/08/2016
2016015324;1;2;9;1;3;130;11/08/2016
2016015325;5;2;1;1;6;130;16/08/2016
2016015326;1;2;1;1;1;130;16/08/2016
2016015327;4;1;1;1;6;130;17/08/2016
2016015328;1;2;6;1;3;130;17/08/2016
2016015329;1;2;1;1;4;130;17/08/2016
2016015330;1;2;1;1;3;130;13/08/2016
2016015331;1;2;1;1;5;130;12/08/2016
2016015332;5;2;1;1;3;130;17/08/2016
2016015333;5;2;1;1;7;130;18/08/2016
2016015334;5;2;1;1;3;130;17/08/2016
2016015335;1;2;1;1;3;130;17/08/2016
2016015336;1;2;9;1;2;130;29/06/2016
2016015337;1;2;1;1;1;130;05/08/2016
2016015338;1;2;1;1;2;130;18/08/2016
2016015339;2;1;1;1;6;130;18/08/2016
2016015340;5;2;1;1;6;130;18/08/2016
2016015341;2;2;1;1;2;130;19/08/2016
2016015342;1;2;1;1;3;130;19/08/2016
2016015343;5;2;1;1;1;130;19/08/2016
2016015344;1;1;2;1;1;130;18/08/2016
2016015345;1;2;2;1;6;130;20/08/2016
2016015346;1;2;3;8;3;130;20/08/2016
2016015347;5;2;1;1;3;130;20/08/2016
2016015348;5;2;1;1;6;130;21/08/2016
2016015349;1;2;1;1;3;130;21/08/2016
2016015350;5;2;1;1;6;130;21/08/2016
2016015351;1;2;1;1;3;130;22/08/2016
2016015352;1;2;1;1;6;130;22/08/2016
2016015353;1;2;1;1;6;130;22/08/2016
2016015354;1;1;1;1;5;130;22/08/2016
2016015355;1;2;3;1;3;130;17/08/2016
2016015356;1;2;1;1;1;130;23/08/2016
2016015357;1;2;3;1;1;130;19/08/2016
2016015358;1;2;2;1;3;130;23/08/2016
2016015359;1;2;1;1;2;130;23/08/2016
2016015360;1;2;1;1;7;130;23/08/2016
2016015361;1;2;1;1;1;130;23/08/2016
2016015362;2;2;1;1;2;130;23/08/2016
2016015363;5;2;1;1;6;130;21/08/2016
2016015364;1;2;1;1;6;130;17/08/2016
2016015365;1;2;1;1;5;130;22/08/2016
2016015366;1;2;6;1;1;130;22/08/2016
2016015367;1;2;3;1;3;130;24/08/2016
2016015368;1;2;1;1;6;130;24/08/2016
2016015369;1;2;1;1;3;130;24/08/2016
2016015370;5;1;1;1;3;130;25/08/2016
2016015371;1;2;3;1;3;130;24/08/2016
2016015372;2;2;1;1;5;130;29/07/2016
2016015373;1;1;1;1;3;130;08/08/2016
2016015374;1;2;1;1;6;130;24/08/2016
2016015375;1;2;1;1;3;130;24/08/2016
2016015376;1;2;1;1;6;130;24/08/2016
2016015377;1;2;6;1;3;130;25/08/2016
2016015378;1;1;1;1;6;130;25/08/2016
2016015379;1;2;1;1;2;130;25/08/2016
2016015380;1;2;1;1;1;130;26/08/2016
2016015381;1;2;1;1;1;130;26/08/2016
2016015382;1;2;1;1;3;130;21/08/2016
2016015383;1;1;1;1;3;130;17/08/2016
2016015384;1;2;1;1;6;130;26/08/2016
2016015385;5;2;2;1;3;130;26/08/2016
2016015386;5;2;3;1;2;130;25/08/2016
2016015387;5;2;1;1;6;130;26/08/2016
2016015388;1;2;2;1;2;130;26/08/2016
2016015389;5;2;1;1;3;130;26/08/2016
2016015390;1;2;1;1;3;130;27/08/2016
2016015391;1;2;3;1;3;130;27/08/2016
2016015392;1;2;1;1;3;130;27/08/2016
2016015393;1;2;2;1;3;130;27/08/2016
2016015394;1;2;4;1;3;130;27/08/2016
2016015395;5;2;1;1;3;130;28/08/2016
2016015396;5;2;2;1;3;130;28/08/2016
2016015397;5;2;1;1;4;130;28/08/2016
2016015398;5;2;1;1;3;130;28/08/2016
2016015399;1;2;1;1;2;130;28/08/2016
2016015400;1;2;1;1;1;130;29/08/2016
2016015401;1;2;2;1;3;130;25/08/2016
2016015402;1;2;1;1;6;130;23/08/2016
2016015403;1;2;3;1;3;130;29/08/2016
2016015404;1;2;1;1;1;130;30/08/2016
2016015405;1;2;1;1;6;130;29/08/2016
2016015406;1;2;4;1;3;130;30/08/2016
2016015407;1;2;1;1;6;130;30/08/2016
2016015408;1;2;1;1;2;130;25/08/2016
2016015409;1;2;1;1;2;130;30/08/2016
2016015410;1;1;3;1;6;130;30/08/2016
2016015411;1;2;1;1;4;130;30/08/2016
2016015412;5;2;1;1;6;130;30/08/2016
2016015413;5;2;1;1;6;130;31/08/2016
2016015414;2;2;1;1;6;130;31/08/2016
2016015415;1;2;3;1;3;130;30/08/2016
2016015416;1;2;1;2;3;130;30/08/2016
2016015417;1;2;1;1;5;130;31/08/2016
2016015418;1;2;1;1;1;130;30/08/2016
2016015419;2;2;1;1;3;130;31/08/2016
2016015420;3;2;1;1;2;130;31/08/2016
2016015421;1;2;1;1;6;130;31/08/2016
2016015422;1;2;1;1;5;130;31/08/2016
2016015423;1;2;1;1;3;130;01/09/2016
2016015424;1;2;3;1;3;130;01/09/2016
2016015425;1;2;1;1;6;130;01/09/2016
2016015426;1;2;1;1;3;130;01/09/2016
2016015427;1;2;1;1;3;130;01/09/2016
2016015428;5;2;1;1;3;130;01/09/2016
2016015429;1;2;1;1;3;130;25/08/2016
2016015430;1;2;1;1;2;130;02/09/2016
2016015431;1;2;1;1;3;130;02/09/2016
2016015432;1;2;1;1;7;130;02/09/2016
2016015433;5;2;9;1;1;130;02/09/2016
2016015434;1;2;1;1;1;130;02/09/2016
2016015435;1;2;1;1;3;130;03/09/2016
2016015436;1;2;1;1;6;130;31/08/2016
2016015437;1;2;2;1;7;130;30/08/2016
2016015438;5;2;1;1;3;130;04/09/2016
2016015439;5;2;3;1;3;130;04/09/2016
2016015440;1;2;1;1;6;130;04/09/2016
2016015441;1;1;1;1;6;130;04/09/2016
2016015442;1;2;1;1;3;130;04/09/2016
2016015443;1;2;2;1;3;130;04/09/2016
2016015444;1;2;1;1;1;130;04/09/2016
2016015445;1;2;2;1;3;130;31/08/2016
2016015446;5;2;3;1;1;130;05/09/2016
2016015447;1;2;1;1;4;130;05/09/2016
2016015448;1;2;2;1;3;130;05/09/2016
2016015449;1;2;2;1;1;130;05/09/2016
2016015450;1;2;1;1;3;130;05/09/2016
2016015451;5;2;5;1;3;130;05/09/2016
2016015452;1;2;1;1;6;130;03/09/2016
2016015453;1;2;3;1;6;130;03/09/2016
2016015454;1;2;1;1;6;130;30/08/2016
2016015455;1;2;1;1;6;130;31/08/2016
2016015456;1;2;1;1;3;130;01/09/2016
2016015457;1;2;1;1;1;130;06/09/2016
2016015458;1;2;1;1;2;130;06/09/2016
2016015459;1;2;1;1;6;130;06/09/2016
2016015460;1;2;1;1;3;130;07/09/2016
2016015461;5;2;1;1;6;130;07/09/2016
2016015462;5;2;2;1;3;130;07/09/2016
2016015463;5;2;1;1;1;130;07/09/2016
2016015464;5;2;1;1;3;130;02/09/2016
2016015465;1;2;1;1;7;130;08/09/2016
2016015466;1;2;6;1;5;130;08/09/2016
2016015467;1;2;2;1;3;130;08/09/2016
2016015468;1;2;1;1;6;130;08/09/2016
2016015469;1;1;1;1;3;130;08/09/2016
2016015470;1;2;1;1;6;130;08/09/2016
2016015471;5;2;1;1;6;130;08/09/2016
2016015472;5;1;1;1;7;130;09/09/2016
2016015473;1;2;3;1;3;130;09/09/2016
2016015474;1;2;1;1;3;130;09/09/2016
2016015475;1;2;1;1;6;130;05/09/2016
2016015476;1;2;1;1;5;130;09/09/2016
2016015477;1;2;1;1;6;130;09/09/2016
2016015478;1;2;1;1;1;130;06/09/2016
2016015479;1;2;1;1;6;130;06/09/2016
2016015480;1;2;2;1;3;130;09/09/2016
2016015481;5;2;1;1;2;130;09/09/2016
2016015482;5;2;1;1;3;130;10/09/2016
2016015483;1;2;1;1;2;130;10/09/2016
2016015484;1;2;1;1;3;130;06/09/2016
2016015485;1;2;1;1;7;130;10/09/2016
2016015486;1;2;1;1;1;130;10/09/2016
2016015487;1;2;5;1;3;130;10/09/2016
2016015488;1;1;1;1;3;130;06/09/2016
2016015489;2;2;1;1;6;130;06/09/2016
2016015490;1;2;1;1;6;130;11/09/2016
2016015491;1;2;1;1;2;130;11/09/2016
2016015492;1;1;2;1;3;130;09/08/2016
2016015493;1;2;1;1;3;130;11/09/2016
2016015494;5;2;1;1;2;130;11/09/2016
2016015495;5;2;1;1;6;130;11/09/2016
2016015496;5;2;1;1;6;130;17/07/2016
2016015497;5;1;1;1;6;130;12/09/2016
2016015498;1;2;1;1;3;130;11/09/2016
2016015499;1;2;1;1;6;130;12/09/2016
2016015500;1;2;3;1;6;130;05/09/2016
2016015501;1;2;1;1;6;130;12/09/2016
2016015502;1;2;1;1;2;130;06/09/2016
2016015503;5;2;1;1;2;130;12/09/2016
2016015504;1;2;2;1;3;130;11/09/2016
2016015505;1;2;1;1;5;130;12/09/2016
2016015506;1;2;3;1;3;130;13/09/2016
2016015507;2;2;1;1;3;130;12/09/2016
2016015508;1;2;3;1;3;130;13/09/2016
2016015509;1;2;3;1;3;130;09/09/2016
2016015510;5;2;1;1;7;130;14/09/2016
2016015511;5;1;1;1;7;130;14/09/2016
2016015512;1;2;2;1;6;130;07/09/2016
2016015513;1;2;1;1;4;130;31/08/2016
2016015514;1;2;1;1;6;130;08/09/2016
2016015515;5;2;1;1;2;130;14/09/2016
2016015516;1;2;1;1;6;130;14/09/2016
2016015517;1;2;1;2;1;130;14/09/2016
2016015518;1;2;1;2;2;130;14/09/2016
2016015519;1;2;1;1;7;130;13/09/2016
2016015520;1;2;1;2;3;130;14/09/2016
2016015521;1;2;1;1;3;130;14/09/2016
2016015522;1;2;6;1;7;130;14/09/2016
2016015523;1;2;1;8;7;130;15/09/2016
2016015524;1;2;1;1;6;130;15/09/2016
2016015525;1;2;1;1;6;130;25/08/2016
2016015526;1;2;3;1;3;130;15/09/2016
2016015527;1;2;1;1;3;130;15/09/2016
2016015528;5;2;9;1;6;130;15/09/2016
2016015529;5;2;1;3;6;130;16/09/2016
2016015530;1;1;1;1;6;130;16/09/2016
2016015531;1;1;3;2;3;130;16/09/2016
2016015532;1;2;1;1;1;130;16/09/2016
2016015533;1;2;1;1;3;130;09/09/2016
2016015534;5;2;1;1;2;130;15/09/2016
2016015535;5;2;1;1;6;130;16/09/2016
2016015536;5;2;1;1;6;130;17/09/2016
2016015537;1;2;1;1;3;130;16/09/2016
2016015538;1;2;1;1;3;130;15/09/2016
2016015539;2;2;2;1;3;130;17/09/2016
2016015540;1;2;1;1;4;130;17/09/2016
2016015541;1;2;1;1;7;130;17/09/2016
2016015542;1;2;1;1;6;130;17/09/2016
2016015543;1;2;7;1;6;130;05/09/2016
2016015544;1;2;1;1;6;130;12/09/2016
2016015545;1;2;1;1;6;130;08/09/2016
2016015546;1;2;1;1;6;130;19/09/2016
2016015547;1;2;1;1;3;130;19/09/2016
2016015548;1;2;3;1;3;130;19/09/2016
2016015549;1;2;2;1;3;130;19/09/2016
2016015550;1;2;3;1;3;130;20/08/2016
2016015551;1;2;1;1;6;130;19/09/2016
2016015552;2;2;2;1;2;130;19/09/2016
2016015553;1;2;1;1;3;130;24/08/2016
2016015554;5;2;1;1;6;130;20/09/2016
2016015555;1;2;1;1;2;130;18/09/2016
2016015556;1;2;1;1;7;130;01/09/2016
2016015557;1;2;1;1;5;130;20/09/2016
2016015558;1;2;1;1;2;130;20/09/2016
2016015559;5;2;2;1;3;130;17/09/2016
2016015560;1;2;1;1;3;130;20/09/2016
2016015561;1;2;1;1;1;130;20/09/2016
2016015562;1;2;1;1;1;130;21/09/2016
2016015563;1;2;1;1;6;130;16/09/2016
2016015564;1;2;5;1;3;130;21/09/2016
2016015565;1;2;1;1;6;130;21/09/2016
2016015566;1;2;6;1;2;130;21/09/2016
2016015567;1;2;1;1;2;130;21/09/2016
2016015568;1;1;1;1;1;130;22/09/2016
2016015569;1;2;1;1;3;130;21/09/2016
2016015570;1;2;1;7;3;130;21/09/2016
2016015571;1;2;2;1;3;130;15/09/2016
2016015572;1;2;1;1;3;130;22/09/2016
2016015573;3;2;1;1;6;130;22/09/2016
2016015574;1;2;3;7;3;130;23/09/2016
2016015575;1;2;1;1;2;130;20/09/2016
2016015576;1;2;3;1;5;130;23/09/2016
2016015577;5;2;4;1;3;130;23/09/2016
2016015578;3;2;2;1;4;130;23/09/2016
2016015579;1;2;2;1;3;130;21/09/2016
2016015580;1;1;1;1;2;130;22/09/2016
2016015581;1;2;3;1;1;130;24/09/2016
2016015582;1;2;1;1;3;130;24/09/2016
2016015583;5;2;3;1;3;130;24/09/2016
2016015584;5;2;1;1;3;130;25/09/2016
2016015585;1;2;1;1;1;130;23/09/2016
2016015586;5;2;1;1;3;130;25/09/2016
2016015587;5;2;3;1;3;130;25/09/2016
2016015588;1;2;1;1;2;130;22/09/2016
2016015589;1;2;3;1;3;130;25/09/2016
2016015590;1;2;1;1;6;130;25/09/2016
2016015591;5;2;1;1;3;130;25/09/2016
2016015592;5;2;1;1;1;130;25/09/2016
2016015593;2;2;2;1;3;130;23/09/2016
2016015594;1;2;1;1;5;130;26/09/2016
2016015595;1;2;6;1;6;130;26/09/2016
2016015596;1;2;3;1;1;130;26/09/2016
2016015597;5;2;1;1;6;130;26/09/2016
2016015598;1;2;6;1;2;130;27/09/2016
2016015599;1;2;1;1;3;130;27/09/2016
2016015600;1;2;4;1;3;130;27/09/2016
2016015601;1;2;2;1;3;130;03/09/2016
2016015602;1;2;6;1;3;130;27/09/2016
2016015603;1;2;1;1;2;130;27/09/2016
2016015604;1;2;1;1;6;130;27/09/2016
2016015605;5;2;1;1;7;130;28/09/2016
2016015606;5;1;1;1;1;130;28/09/2016
2016015607;1;2;4;1;4;130;28/09/2016
2016015608;1;2;1;1;2;130;28/09/2016
2016015609;1;2;2;1;3;130;28/09/2016
2016015610;5;2;1;2;1;130;27/09/2016
2016015611;1;2;1;1;6;130;22/09/2016
2016015612;1;2;1;1;2;130;28/09/2016
2016015613;1;2;1;1;2;130;28/09/2016
2016015614;1;2;1;1;1;130;28/09/2016
2016015615;5;2;2;1;3;130;28/09/2016
2016015616;2;2;4;3;3;130;27/09/2016
2016015617;1;2;1;1;6;130;21/09/2016
2016015618;1;1;1;1;7;130;29/09/2016
2016015619;5;2;2;1;3;130;29/09/2016
2016015620;5;2;1;1;3;130;29/09/2016
2016015621;5;2;1;1;3;130;29/09/2016
2016015622;5;2;1;1;7;130;29/09/2016
2016015623;1;2;1;1;6;130;29/09/2016
2016015624;1;2;1;1;7;130;30/09/2016
2016015625;1;2;1;1;1;130;29/09/2016
2016015626;1;2;1;2;2;130;30/09/2016
2016015627;1;2;1;1;6;130;29/09/2016