num_acc;lum;agg;inter;atm;col;dep;date
2016015628;2;2;1;1;6;130;29/09/2016
2016015629;1;2;1;3;4;130;30/09/2016
2016015630;1;2;1;1;3;130;29/09/2016
2016015631;5;2;1;1;6;130;30/09/2016
2016015632;5;2;3;1;3;130;30/09/2016
2016015633;5;2;1;1;3;130;30/09/2016
2016015634;5;2;1;1;7;130;30/09/2016
2016015635;2;2;1;1;2;130;30/09/2016
2016015636;5;2;1;2;7;130;01/10/2016
2016015637;1;2;2;1;3;130;17/09/2016
2016015638;1;2;1;2;6;130;01/10/2016
2016015639;1;2;2;1;3;130;01/10/2016
2016015640;1;2;1;1;1;130;20/09/2016
2016015641;1;2;1;2;2;130;01/10/2016
2016015642;1;2;1;1;6;130;02/10/2016
2016015643;1;2;6;1;3;130;02/10/2016
2016015644;1;2;1;1;2;130;03/10/2016
2016015645;1;2;1;1;2;130;03/10/2016
2016015646;1;2;3;1;5;130;03/10/2016
2016015647;2;2;1;1;6;130;03/10/2016
2016015648;1;1;1;1;1;130;03/10/2016
2016015649;1;2;3;1;3;130;12/09/2016
2016015650;1;2;1;1;3;130;22/09/2016
2016015651;1;2;1;1;1;130;03/10/2016
2016015652;1;2;6;1;3;130;03/10/2016
2016015653;2;2;2;1;5;130;03/10/2016
2016015654;5;2;1;1;3;130;03/10/2016
2016015655;5;2;1;1;6;130;03/10/2016
2016015656;5;2;2;1;3;130;03/10/2016
2016015657;5;2;1;1;6;130;04/10/2016
2016015658;1;2;1;1;2;130;20/09/2016
2016015659;1;2;3;1;3;130;03/10/2016
2016015660;1;2;1;1;3;130;03/10/2016
2016015661;1;2;1;1;6;130;03/10/2016
2016015662;1;2;1;1;3;130;04/10/2016
2016015663;1;2;1;1;3;130;04/10/2016
2016015664;1;2;1;1;5;130;04/10/2016
2016015665;1;2;1;1;3;130;04/10/2016
2016015666;5;2;7;1;5;130;04/10/2016
2016015667;1;2;1;1;2;130;04/10/2016
2016015668;1;2;1;1;6;130;04/10/2016
2016015669;1;2;1;1;6;130;22/09/2016
2016015670;1;2;1;1;3;130;04/10/2016
2016015671;1;2;1;1;6;130;04/10/2016
2016015672;1;2;3;1;6;130;03/10/2016
2016015673;1;2;1;1;6;130;05/10/2016
2016015674;1;2;1;1;1;130;05/10/2016
2016015675;1;2;1;1;1;130;05/10/2016
2016015676;1;2;1;1;2;130;05/10/2016
2016015677;2;2;1;1;6;130;31/08/2016
2016015678;4;2;6;1;3;130;05/10/2016
2016015679;5;2;1;1;3;130;06/10/2016
2016015680;1;2;1;1;3;130;06/10/2016
2016015681;1;2;1;2;1;130;06/10/2016
2016015682;1;2;3;3;7;130;06/10/2016
2016015683;1;2;1;2;3;130;06/10/2016
2016015684;5;2;1;2;3;130;06/10/2016
2016015685;1;2;1;1;6;130;05/10/2016
2016015686;1;2;1;1;2;130;07/10/2016
2016015687;1;2;1;1;1;130;07/10/2016
2016015688;1;2;1;1;3;130;07/10/2016
2016015689;1;2;1;1;6;130;07/10/2016
2016015690;1;2;1;1;3;130;28/09/2016
2016015691;5;2;1;1;3;130;07/10/2016
2016015692;1;2;1;1;3;130;07/10/2016
2016015693;2;2;2;1;6;130;08/10/2016
2016015694;1;1;1;1;7;130;08/10/2016
2016015695;1;2;1;1;6;130;03/10/2016
2016015696;1;2;1;1;4;130;08/10/2016
2016015697;1;2;6;1;3;130;08/10/2016
2016015698;5;2;2;1;3;130;09/10/2016
2016015699;2;2;2;1;7;130;08/10/2016
2016015700;1;2;1;1;6;130;30/09/2016
2016015701;1;2;1;1;2;130;09/10/2016
2016015702;1;2;1;1;2;130;30/09/2016
2016015703;1;2;2;1;6;130;03/10/2016
2016015704;1;2;3;1;3;130;05/10/2016
2016015705;1;2;1;1;3;130;09/10/2016
2016015706;1;2;1;1;3;130;04/10/2016
2016015707;5;2;1;1;1;130;09/10/2016
2016015708;5;2;1;1;3;130;09/10/2016
2016015709;5;2;2;1;3;130;10/10/2016
2016015710;5;1;1;1;7;130;10/10/2016
2016015711;1;2;1;1;3;130;10/10/2016
2016015712;1;2;6;1;2;130;10/10/2016
2016015713;5;2;6;1;3;130;09/10/2016
2016015714;1;2;1;1;3;130;28/09/2016
2016015715;1;2;1;1;6;130;04/10/2016
2016015716;5;2;1;1;3;130;10/10/2016
2016015717;2;2;1;1;3;130;11/10/2016
2016015718;5;2;1;1;6;130;10/10/2016
2016015719;1;2;1;1;3;130;11/10/2016
2016015720;1;2;6;1;3;130;11/10/2016
2016015721;5;2;1;1;6;130;02/09/2016
2016015722;3;1;1;1;7;130;12/10/2016
2016015723;5;2;1;1;6;130;11/10/2016
2016015724;1;2;1;1;6;130;11/10/2016
2016015725;1;2;3;1;3;130;06/10/2016
2016015726;1;2;9;1;3;130;11/10/2016
2016015727;5;2;9;1;6;130;12/10/2016
2016015728;2;2;1;1;6;130;28/09/2016
2016015729;1;2;6;1;3;130;12/10/2016
2016015730;1;2;1;1;2;130;11/10/2016
2016015731;1;2;1;1;6;130;29/09/2016
2016015732;1;2;1;1;6;130;12/10/2016
2016015733;1;2;1;1;3;130;12/10/2016
2016015734;1;2;1;1;3;130;13/10/2016
2016015735;2;2;1;2;2;130;13/10/2016
2016015736;1;2;1;1;3;130;13/10/2016
2016015737;2;2;1;1;3;130;13/10/2016
2016015738;5;2;1;8;6;130;13/10/2016
2016015739;1;2;1;2;2;130;01/10/2016
2016015740;1;2;1;8;2;130;14/10/2016
2016015741;1;2;1;2;1;130;14/10/2016
2016015742;5;2;1;1;4;130;14/10/2016
2016015743;5;2;2;1;3;130;16/10/2016
2016015744;5;2;2;1;3;130;16/10/2016
2016015745;2;2;1;1;5;130;16/10/2016
2016015746;2;2;1;1;6;130;15/10/2016
2016015747;1;2;2;1;3;130;11/10/2016
2016015748;5;2;1;1;6;130;16/10/2016
2016015749;1;2;1;1;6;130;11/10/2016
2016015750;1;2;1;1;6;130;17/10/2016
2016015751;1;2;1;1;1;130;17/10/2016
2016015752;1;2;1;2;6;130;30/09/2016
2016015753;1;2;1;3;4;130;17/10/2016
2016015754;2;2;1;8;1;130;17/10/2016
2016015755;1;2;1;1;3;130;17/10/2016
2016015756;2;2;1;1;3;130;18/10/2016
2016015757;3;1;1;3;7;130;17/10/2016
2016015758;1;2;1;1;3;130;18/10/2016
2016015759;1;2;3;1;3;130;03/09/2016
2016015760;5;1;1;1;1;130;18/10/2016
2016015761;1;2;1;1;6;130;07/10/2016
2016015762;5;2;1;1;6;130;19/10/2016
2016015763;2;2;1;1;6;130;19/10/2016
2016015764;1;2;1;1;6;130;07/10/2016
2016015765;1;2;1;1;2;130;19/10/2016
2016015766;1;1;1;1;6;130;19/10/2016
2016015767;1;2;1;1;6;130;19/10/2016
2016015768;1;2;2;1;3;130;15/10/2016
2016015769;1;2;1;1;2;130;27/06/2016
2016015770;5;2;2;1;3;130;19/10/2016
2016015771;1;2;1;1;3;130;19/10/2016
2016015772;1;2;1;1;6;130;20/10/2016
2016015773;1;1;1;1;5;130;20/10/2016
2016015774;1;2;1;1;6;130;16/10/2016
2016015775;1;2;3;1;6;130;20/10/2016
2016015776;5;2;1;1;4;130;20/10/2016
2016015777;5;2;1;1;3;130;20/10/2016
2016015778;1;2;1;1;6;130;16/10/2016
2016015779;1;2;1;1;6;130;20/10/2016
2016015780;1;2;1;1;3;130;21/10/2016
2016015781;1;2;9;1;1;130;21/10/2016
2016015782;1;2;1;1;3;130;21/10/2016
2016015783;1;2;3;1;3;130;21/10/2016
2016015784;1;2;1;1;3;130;21/10/2016
2016015785;5;2;1;1;7;130;21/10/2016
2016015786;5;2;1;1;7;130;22/10/2016
2016015787;1;2;1;1;7;130;22/10/2016
2016015788;1;2;1;1;6;130;22/10/2016
2016015789;1;2;1;1;6;130;22/10/2016
2016015790;1;2;1;2;1;130;22/10/2016
2016015791;5;2;1;2;7;130;22/10/2016
2016015792;5;2;3;1;3;130;23/10/2016
2016015793;5;2;1;1;3;130;24/10/2016
2016015794;5;2;1;1;6;130;24/10/2016
2016015795;2;2;2;1;2;130;09/09/2016
2016015796;1;2;3;2;3;130;23/10/2016
2016015797;1;2;1;1;6;130;12/10/2016
2016015798;2;2;1;1;3;130;12/10/2016
2016015799;1;2;1;1;3;130;24/10/2016
2016015800;1;2;1;1;3;130;24/10/2016
2016015801;1;2;1;1;7;130;20/10/2016
2016015802;1;2;1;1;3;130;24/10/2016
2016015803;1;2;1;2;2;130;25/10/2016
2016015804;1;2;1;1;1;130;25/10/2016
2016015805;1;2;1;1;6;130;25/10/2016
2016015806;5;2;1;1;6;130;25/10/2016
2016015807;5;1;1;1;3;130;25/10/2016
2016015808;5;2;3;1;3;130;25/10/2016
2016015809;1;2;1;1;6;130;05/10/2016
2016015810;1;2;1;1;6;130;26/10/2016
2016015811;1;2;1;1;3;130;26/10/2016
2016015812;2;2;1;1;2;130;26/10/2016
2016015813;1;2;9;1;6;130;04/10/2016
2016015814;1;2;1;1;2;130;27/10/2016
2016015815;1;2;3;1;3;130;27/10/2016
2016015816;1;2;1;1;6;130;27/10/2016
2016015817;1;2;1;1;1;130;27/10/2016
2016015818;5;2;1;1;2;130;27/10/2016
2016015819;5;2;1;1;2;130;28/10/2016
2016015820;1;2;1;1;6;130;28/10/2016
2016015821;1;2;2;1;3;130;17/10/2016
2016015822;1;2;1;1;2;130;28/10/2016
2016015823;1;1;2;1;6;130;17/10/2016
2016015824;1;2;1;1;5;130;15/10/2016
2016015825;1;2;1;1;6;130;28/10/2016
2016015826;1;1;1;1;3;130;28/10/2016
2016015827;5;1;1;1;3;130;28/10/2016
2016015828;1;1;2;1;3;130;28/10/2016
2016015829;2;2;1;1;2;130;21/10/2016
2016015830;2;2;1;1;5;130;29/10/2016
2016015831;1;2;1;1;6;130;24/10/2016
2016015832;1;2;1;1;6;130;29/10/2016
2016015833;1;2;1;1;2;130;05/10/2016
2016015834;1;1;1;1;6;130;29/10/2016
2016015835;5;2;1;1;7;130;30/10/2016
2016015836;5;2;1;1;3;130;30/10/2016
2016015837;5;2;1;1;2;130;30/10/2016
2016015838;5;2;1;1;6;130;30/10/2016
2016015839;1;2;1;1;6;130;28/10/2016
2016015840;2;2;1;1;6;130;29/10/2016
2016015841;1;1;1;1;3;130;13/10/2016
2016015842;1;2;1;1;3;130;30/10/2016
2016015843;1;2;1;1;6;130;23/10/2016
2016015844;5;2;1;1;6;130;30/10/2016
2016015845;1;2;1;1;6;130;14/10/2016
2016015846;1;2;1;1;6;130;18/10/2016
2016015847;1;2;2;1;6;130;31/10/2016
2016015848;1;1;1;1;6;130;31/10/2016
2016015849;1;1;1;1;4;130;31/10/2016
2016015850;1;2;1;1;1;130;31/10/2016
2016015851;4;2;1;1;6;130;31/10/2016
2016015852;5;2;3;1;1;130;31/10/2016
2016015853;1;2;1;1;3;130;31/10/2016
2016015854;1;2;1;1;1;130;01/11/2016
2016015855;3;1;1;1;5;130;31/10/2016
2016015856;5;2;1;1;6;130;31/10/2016
2016015857;5;2;1;1;3;130;27/10/2016
2016015858;1;2;1;1;2;130;27/10/2016
2016015859;1;2;1;1;3;130;02/11/2016
2016015860;5;2;3;1;3;130;02/11/2016
2016015861;5;2;1;1;6;130;02/11/2016
2016015862;2;2;3;1;3;130;21/10/2016
2016015863;2;2;1;1;5;130;03/11/2016
2016015864;1;2;1;7;6;130;03/11/2016
2016015865;1;2;4;9;6;130;03/11/2016
2016015866;1;2;1;1;4;130;28/10/2016
2016015867;1;2;1;1;6;130;03/11/2016
2016015868;5;2;1;1;3;130;02/11/2016
2016015869;5;2;1;1;6;130;03/11/2016
2016015870;5;2;1;1;1;130;03/11/2016
2016015871;5;2;1;1;1;130;03/11/2016
2016015872;5;2;3;1;6;130;03/11/2016
2016015873;1;2;1;1;6;130;30/10/2016
2016015874;5;2;1;1;2;130;03/11/2016
2016015875;1;2;1;1;3;130;10/10/2016
2016015876;2;2;1;1;3;130;02/11/2016
2016015877;1;2;1;1;6;130;28/10/2016
2016015878;1;2;1;7;1;130;04/11/2016
2016015879;1;2;3;1;3;130;04/11/2016
2016015880;1;2;1;1;3;130;04/11/2016
2016015881;1;2;1;1;6;130;04/11/2016
2016015882;1;2;1;1;6;130;26/10/2016
2016015883;1;2;2;1;3;130;04/11/2016
2016015884;1;2;1;1;6;130;26/10/2016
2016015885;1;2;1;1;3;130;04/11/2016
2016015886;5;2;1;2;3;130;04/11/2016
2016015887;1;2;2;1;2;130;04/11/2016
2016015888;5;2;3;8;2;130;05/11/2016
2016015889;5;2;1;2;1;130;05/11/2016
2016015890;1;1;1;1;2;130;02/11/2016
2016015891;1;2;6;1;3;130;04/11/2016
2016015892;1;2;3;1;2;130;05/11/2016
2016015893;2;2;1;1;6;130;05/11/2016
2016015894;5;2;1;1;4;130;23/09/2016
2016015895;1;2;1;1;4;130;06/11/2016
2016015896;2;2;1;1;3;130;06/11/2016
2016015897;5;2;3;1;3;130;06/11/2016
2016015898;1;2;1;1;6;130;07/11/2016
2016015899;1;2;1;1;4;130;07/11/2016
2016015900;2;2;2;1;3;130;04/11/2016
2016015901;1;2;3;1;3;130;07/11/2016
2016015902;1;2;1;1;3;130;07/11/2016
2016015903;1;2;1;1;6;130;07/11/2016
2016015904;5;2;1;1;6;130;07/11/2016
2016015905;5;2;2;1;6;130;07/11/2016
2016015906;5;2;1;1;6;130;07/11/2016
2016015907;5;2;1;1;1;130;07/11/2016
2016015908;1;2;3;1;3;130;08/11/2016
2016015909;1;2;1;1;3;130;08/11/2016
2016015910;1;2;1;1;3;130;08/11/2016
2016015911;1;2;1;1;6;130;05/11/2016
2016015912;5;2;1;1;6;130;08/11/2016
2016015913;1;2;2;1;3;130;08/11/2016
2016015914;2;2;1;2;3;130;09/11/2016
2016015915;1;2;1;8;2;130;09/11/2016
2016015916;5;2;1;1;6;130;08/11/2016
2016015917;1;2;1;1;3;130;05/11/2016
2016015918;1;1;1;1;6;130;04/11/2016
2016015919;1;2;3;8;3;130;09/11/2016
2016015920;1;2;1;2;2;130;09/11/2016
2016015921;1;2;6;1;6;130;09/11/2016
2016015922;1;2;3;1;3;130;09/11/2016
2016015923;1;2;1;1;2;130;04/11/2016
2016015924;5;2;3;1;5;130;09/11/2016
2016015925;3;2;1;1;6;130;08/11/2016
2016015926;5;2;2;1;3;130;10/11/2016
2016015927;1;2;1;1;3;130;10/11/2016
2016015928;1;2;1;3;3;130;09/11/2016
2016015929;1;2;1;1;6;130;29/10/2016
2016015930;1;2;2;1;3;130;10/11/2016
2016015931;5;2;3;1;3;130;11/11/2016
2016015932;1;2;1;1;3;130;11/11/2016
2016015933;5;2;1;1;2;130;11/11/2016
2016015934;3;2;2;1;1;130;11/11/2016
2016015935;5;2;1;1;1;130;11/11/2016
2016015936;4;2;1;1;3;130;11/11/2016
2016015937;5;2;1;1;2;130;11/11/2016
2016015938;5;2;9;1;1;130;11/11/2016
2016015939;5;2;3;1;3;130;12/11/2016
2016015940;1;2;3;1;4;130;12/11/2016
2016015941;3;2;3;1;3;130;12/11/2016
2016015942;5;2;9;1;2;130;12/11/2016
2016015943;5;2;9;1;3;130;12/11/2016
2016015944;5;2;9;1;6;130;12/11/2016
2016015945;1;2;2;1;1;130;12/11/2016
2016015946;5;2;1;1;4;130;12/11/2016
2016015947;1;1;6;1;3;130;13/11/2016
2016015948;5;2;1;1;2;130;13/11/2016
2016015949;5;2;1;1;6;130;14/11/2016
2016015950;1;2;1;1;7;130;22/10/2016
2016015951;1;2;1;2;2;130;14/11/2016
2016015952;2;2;1;1;1;130;14/11/2016
2016015953;1;2;1;1;5;130;15/11/2016
2016015954;1;2;1;1;2;130;15/11/2016
2016015955;1;2;1;1;3;130;15/11/2016
2016015956;2;2;1;1;3;130;14/11/2016
2016015957;5;2;8;1;6;130;15/11/2016
2016015958;1;1;1;1;2;130;15/11/2016
2016015959;1;2;1;1;5;130;15/11/2016
2016015960;1;2;2;1;7;130;15/11/2016
2016015961;5;2;2;2;3;130;05/11/2016
2016015962;5;2;1;1;2;130;15/11/2016
2016015963;4;2;1;1;1;130;15/11/2016
2016015964;1;2;3;1;6;130;16/11/2016
2016015965;1;2;1;1;6;130;16/11/2016
2016015966;1;2;1;1;3;130;13/11/2016
2016015967;1;2;1;1;6;130;16/11/2016
2016015968;1;2;1;1;1;130;16/11/2016
2016015969;5;2;3;1;3;130;16/11/2016
2016015970;1;2;1;1;6;130;17/11/2016
2016015971;1;2;1;1;3;130;17/11/2016
2016015972;2;2;1;1;6;130;17/11/2016
2016015973;1;2;1;1;4;130;17/11/2016
2016015974;1;2;1;1;6;130;04/11/2016
2016015975;1;2;1;1;2;130;12/11/2016
2016015976;1;2;1;1;6;130;17/11/2016
2016015977;5;2;1;1;6;130;07/11/2016
2016015978;1;2;7;1;3;130;17/11/2016
2016015979;5;2;1;1;2;130;17/11/2016
2016015980;5;2;2;1;3;130;17/11/2016
2016015981;5;2;1;1;6;130;18/11/2016
2016015982;1;2;1;1;3;130;18/11/2016
2016015983;1;2;1;1;3;130;18/11/2016
2016015984;1;2;1;1;6;130;18/11/2016
2016015985;1;2;1;8;7;130;18/11/2016
2016015986;1;2;1;8;3;130;18/11/2016
2016015987;5;2;1;2;3;130;18/11/2016
2016015988;5;2;1;1;7;130;18/11/2016
2016015989;5;2;1;1;6;130;19/11/2016
2016015990;5;2;1;9;3;130;19/11/2016
2016015991;1;2;1;1;3;130;19/11/2016
2016015992;5;2;1;1;3;130;19/11/2016
2016015993;5;2;2;1;3;130;19/11/2016
2016015994;3;2;1;1;2;130;09/11/2016
2016015995;2;2;9;1;3;130;17/11/2016
2016015996;1;2;1;1;3;130;20/11/2016
2016015997;5;2;1;2;2;130;20/11/2016
2016015998;5;2;1;2;6;130;20/11/2016
2016015999;5;2;1;2;6;130;21/11/2016
2016016000;5;2;2;1;3;130;19/11/2016
2016016001;1;2;1;3;6;130;21/11/2016
2016016002;1;2;2;1;6;130;17/11/2016
2016016003;5;2;1;2;1;130;20/11/2016
2016016004;1;2;1;1;7;130;08/11/2016
2016016005;1;2;4;1;3;130;10/11/2016
2016016006;5;2;1;3;2;130;22/11/2016
2016016007;1;1;1;1;6;130;22/11/2016
2016016008;3;1;1;1;7;130;22/11/2016
2016016009;1;1;1;2;1;130;22/11/2016
2016016010;1;2;3;3;2;130;21/11/2016
2016016011;1;2;3;3;6;130;22/11/2016
2016016012;1;2;1;1;5;130;23/11/2016
2016016013;1;2;1;1;3;130;23/11/2016
2016016014;1;2;1;1;3;130;23/11/2016
2016016015;1;2;1;1;7;130;23/11/2016
2016016016;2;2;1;1;2;130;23/11/2016
2016016017;1;2;1;1;3;130;24/11/2016
2016016018;2;2;1;3;7;130;24/11/2016
2016016019;5;2;1;2;6;130;25/11/2016
2016016020;1;2;1;1;6;130;25/11/2016
2016016021;5;2;8;1;6;130;25/11/2016
2016016022;5;2;1;1;2;130;25/11/2016
2016016023;5;2;1;8;6;130;25/11/2016
2016016024;5;2;3;3;6;130;25/11/2016
2016016025;5;2;1;2;6;130;25/11/2016
2016016026;5;2;3;3;4;130;21/11/2016
2016016027;5;2;1;1;1;130;27/11/2016
2016016028;5;2;9;1;2;130;27/11/2016
2016016029;5;2;1;1;6;130;27/11/2016
2016016030;1;2;9;1;1;130;26/11/2016
2016016031;5;2;1;1;3;130;26/11/2016
2016016032;5;2;1;1;6;130;27/11/2016
2016016033;1;2;3;1;1;130;17/11/2016
2016016034;1;2;3;1;3;130;23/11/2016
2016016035;2;2;1;1;2;130;28/11/2016
2016016036;1;2;1;1;5;130;28/11/2016
2016016037;1;2;1;1;2;130;28/11/2016
2016016038;1;2;1;1;5;130;04/11/2016
2016016039;1;2;1;1;3;130;28/11/2016
2016016040;5;2;1;1;6;130;28/11/2016
2016016041;5;2;1;1;3;130;28/11/2016
2016016042;1;2;1;1;4;130;29/11/2016
2016016043;1;2;2;2;6;130;22/11/2016
2016016044;1;2;1;1;3;130;29/11/2016
2016016045;1;2;1;1;3;130;29/11/2016
2016016046;3;1;1;1;5;130;29/11/2016
2016016047;5;2;1;1;6;130;29/11/2016
2016016048;2;2;1;1;6;130;28/11/2016
2016016049;1;2;2;1;5;130;30/11/2016
2016016050;2;2;3;1;2;130;30/11/2016
2016016051;1;2;1;1;6;130;30/11/2016
2016016052;1;2;3;1;5;130;30/11/2016
2016016053;1;2;1;1;5;130;30/11/2016
2016016054;1;2;1;1;6;130;30/11/2016
2016016055;5;2;1;1;3;130;30/11/2016
2016016056;1;2;1;1;6;130;30/11/2016
2016016057;5;2;1;1;3;130;01/12/2016
2016016058;5;2;1;1;6;130;01/12/2016
2016016059;1;1;1;1;6;130;02/12/2016
2016016060;5;1;1;1;6;130;01/12/2016
2016016061;1;2;1;1;7;130;03/11/2016
2016016062;1;2;3;1;2;130;02/12/2016
2016016063;5;2;1;1;3;130;03/10/2016
2016016064;1;2;1;1;1;130;02/12/2016
2016016065;5;2;1;1;6;130;02/12/2016
2016016066;5;2;2;1;3;130;02/12/2016
2016016067;5;2;1;1;2;130;01/12/2016
2016016068;5;2;1;1;6;130;03/12/2016
2016016069;5;2;2;1;6;130;03/12/2016
2016016070;5;2;4;1;1;130;26/11/2016
2016016071;1;2;6;1;3;130;04/12/2016
2016016072;2;2;1;1;6;130;17/11/2016
2016016073;1;2;1;1;3;130;05/12/2016
2016016074;1;2;1;1;6;130;05/12/2016
2016016075;5;2;1;1;1;130;05/12/2016
2016016076;1;2;3;1;3;130;06/12/2016
2016016077;1;2;1;1;3;130;05/12/2016
2016016078;5;2;1;1;3;130;01/12/2016
2016016079;5;2;1;1;6;130;06/12/2016
2016016080;5;2;1;1;3;130;06/12/2016
2016016081;1;2;1;1;3;130;06/12/2016
2016016082;1;2;1;1;7;130;06/12/2016
2016016083;1;2;1;1;4;130;07/12/2016
2016016084;1;2;1;1;1;130;07/12/2016
2016016085;1;2;1;1;6;130;07/12/2016
2016016086;1;2;1;1;6;130;07/12/2016
2016016087;1;2;1;1;3;130;07/12/2016
2016016088;2;2;1;1;3;130;07/12/2016
2016016089;5;2;1;1;4;130;07/12/2016
2016016090;5;2;2;1;6;130;03/12/2016
2016016091;1;2;2;1;3;130;05/12/2016
2016016092;5;2;1;1;6;130;08/12/2016
2016016093;5;2;3;1;7;130;08/12/2016
2016016094;1;2;1;1;6;130;09/12/2016
2016016095;1;1;1;1;6;130;09/12/2016
2016016096;1;2;2;1;6;130;09/12/2016
2016016097;1;2;1;1;6;130;09/12/2016
2016016098;1;2;3;1;3;130;09/12/2016
2016016099;1;2;1;1;6;130;09/12/2016
2016016100;2;2;1;1;6;130;09/12/2016
2016016101;1;2;4;1;7;130;09/12/2016
2016016102;5;2;1;1;7;130;09/12/2016
2016016103;5;2;1;1;6;130;09/12/2016
2016016104;5;2;3;1;3;130;10/12/2016
2016016105;1;2;1;1;3;130;25/11/2016
2016016106;5;2;2;1;3;130;10/12/2016
2016016107;5;2;1;1;1;130;11/12/2016
2016016108;5;2;1;1;3;130;11/12/2016
2016016109;5;2;3;8;7;130;10/12/2016
2016016110;1;2;1;1;3;130;05/12/2016
2016016111;1;2;6;1;2;130;11/12/2016
2016016112;5;2;1;1;1;130;11/12/2016
2016016113;5;2;2;1;3;130;11/12/2016
2016016114;1;2;2;1;3;130;12/12/2016
2016016115;1;2;1;1;6;130;09/12/2016
2016016116;1;2;1;1;6;130;12/12/2016
2016016117;1;2;3;1;3;130;12/12/2016
2016016118;1;2;1;1;3;130;12/12/2016
2016016119;5;2;1;1;6;130;12/12/2016
2016016120;5;2;1;1;3;130;12/12/2016
2016016121;5;2;1;1;1;130;12/12/2016
2016016122;5;2;1;1;1;130;12/12/2016
2016016123;1;2;1;1;2;130;12/12/2016
2016016124;1;2;1;1;7;130;13/12/2016
2016016125;1;2;3;1;3;130;13/12/2016
2016016126;5;2;1;1;6;130;13/12/2016
2016016127;1;1;1;1;3;130;14/12/2016
2016016128;1;2;1;1;1;130;14/12/2016
2016016129;2;2;1;1;6;130;15/12/2016
2016016130;2;2;1;1;3;130;15/12/2016
2016016131;1;2;1;1;6;130;15/12/2016
2016016132;1;2;1;1;6;130;15/12/2016
2016016133;2;2;1;1;2;130;14/12/2016
2016016134;1;2;1;1;3;130;15/12/2016
2016016135;1;2;1;1;6;130;15/12/2016
2016016136;5;2;1;2;6;130;15/12/2016
2016016137;5;2;1;1;6;130;15/12/2016
2016016138;2;2;2;1;1;130;16/12/2016
2016016139;1;2;3;1;3;130;16/12/2016
2016016140;1;2;1;1;2;130;16/12/2016
2016016141;1;2;1;1;6;130;16/12/2016
2016016142;2;2;9;1;6;130;16/12/2016
2016016143;5;2;1;1;3;130;16/12/2016
2016016144;5;2;1;1;3;130;16/12/2016
2016016145;5;2;1;1;6;130;17/12/2016
2016016146;5;2;3;1;1;130;17/12/2016
2016016147;1;2;3;1;3;130;16/12/2016
2016016148;1;2;1;1;6;130;16/12/2016
2016016149;1;2;2;1;3;130;18/12/2016
2016016150;5;2;1;1;7;130;18/12/2016
2016016151;5;2;1;2;6;130;19/12/2016
2016016152;5;2;1;8;3;130;20/12/2016
2016016153;1;2;1;1;1;130;29/11/2016
2016016154;5;2;1;8;5;130;20/12/2016
2016016155;1;1;1;1;2;130;21/12/2016
2016016156;1;2;3;1;6;130;21/12/2016
2016016157;1;2;1;1;4;130;17/12/2016
2016016158;1;2;6;1;3;130;14/12/2016
2016016159;1;2;1;1;2;130;22/12/2016
2016016160;1;2;1;1;6;130;22/12/2016
2016016161;5;2;1;1;6;130;22/12/2016
2016016162;1;2;1;1;3;130;17/12/2016
2016016163;5;2;9;1;2;130;23/12/2016
2016016164;2;2;1;1;1;130;23/12/2016
2016016165;5;2;1;1;6;130;21/12/2016
2016016166;1;2;1;1;6;130;16/12/2016
2016016167;1;2;2;1;6;130;23/12/2016
2016016168;5;2;1;1;2;130;23/12/2016
2016016169;5;2;1;1;3;130;23/12/2016
2016016170;1;2;3;1;1;130;24/12/2016
2016016171;1;2;1;1;2;130;21/12/2016
2016016172;1;2;1;1;3;130;24/12/2016
2016016173;1;1;1;1;5;130;24/12/2016
2016016174;1;2;3;1;3;130;24/12/2016
2016016175;5;2;1;1;2;130;23/12/2016
2016016176;1;2;1;1;3;130;25/12/2016
2016016177;5;2;3;1;6;130;25/12/2016
2016016178;1;1;1;1;2;130;25/12/2016
2016016179;5;2;1;1;1;130;26/12/2016
2016016180;1;2;1;1;7;130;26/12/2016
2016016181;1;2;1;1;6;130;26/12/2016
2016016182;1;2;2;1;5;130;26/12/2016
2016016183;1;2;9;1;3;130;26/12/2016
2016016184;5;2;1;1;4;130;26/12/2016
2016016185;5;2;1;1;3;130;27/12/2016
2016016186;5;2;1;1;6;130;27/12/2016
2016016187;1;2;1;1;4;130;27/12/2016
2016016188;1;2;1;1;2;130;27/12/2016
2016016189;1;2;1;1;6;130;27/12/2016
2016016190;5;2;1;1;7;130;27/12/2016
2016016191;5;2;1;1;3;130;27/12/2016
2016016192;1;2;2;1;3;130;09/12/2016
2016016193;5;2;1;1;6;130;27/12/2016
2016016194;1;2;3;1;5;130;27/12/2016
2016016195;3;2;3;1;1;130;09/12/2016
2016016196;1;2;1;1;3;130;28/12/2016
2016016197;5;2;1;1;5;130;28/12/2016
2016016198;1;2;3;1;6;130;23/12/2016
2016016199;1;2;7;1;6;130;27/12/2016
2016016200;5;2;1;1;6;130;29/12/2016
2016016201;1;2;1;1;3;130;29/12/2016
2016016202;1;2;1;1;3;130;17/12/2016
2016016203;1;2;9;1;3;130;25/12/2016