num_acc;lum;agg;inter;atm;col;dep;date
2016016204;2;2;1;1;6;130;29/12/2016
2016016205;5;2;1;1;3;130;29/12/2016
2016016206;5;2;1;1;6;130;29/12/2016
2016016207;1;2;1;1;1;130;30/12/2016
2016016208;1;2;1;1;3;130;30/12/2016
2016016209;2;2;3;1;1;130;30/12/2016
2016016210;1;2;1;1;6;130;31/12/2016
2016016211;1;2;1;1;6;130;31/12/2016
2016016212;1;2;3;1;3;130;31/12/2016
2016016213;4;2;1;1;3;130;31/12/2016
2016016214;1;2;1;1;1;130;31/12/2016
2016016215;1;2;1;1;2;130;16/12/2016
2016016216;1;1;1;1;1;130;15/12/2016
2016016217;1;2;1;1;4;130;23/12/2016
2016016218;3;1;1;1;1;130;16/12/2016
2016016219;5;2;1;1;1;130;03/12/2016
2016016220;1;2;1;1;1;130;26/09/2016
2016016221;2;1;1;1;1;130;07/02/2016
2016016222;4;2;1;1;1;130;10/01/2016
2016016223;1;2;1;1;6;130;04/03/2016
2016016224;1;2;3;1;3;130;06/01/2016
2016016225;1;2;1;1;6;130;31/01/2016
2016016226;1;2;1;1;4;130;06/01/2016
2016016227;1;2;3;1;1;130;15/01/2016
2016016228;1;2;1;1;6;130;05/02/2016
2016016229;1;2;1;1;4;130;17/02/2016
2016016230;1;2;1;1;6;130;25/02/2016
2016016231;1;2;1;1;6;130;02/02/2016
2016016232;2;1;1;1;6;130;06/02/2016
2016016233;2;1;1;1;1;130;14/02/2016
2016016234;1;2;1;1;6;130;02/03/2016
2016016235;1;1;1;9;6;130;03/03/2016
2016016236;1;1;1;1;2;130;05/03/2016
2016016237;3;1;1;1;7;130;07/03/2016
2016016238;1;1;1;2;2;130;17/03/2016
2016016239;5;2;1;1;5;130;25/03/2016
2016016240;1;2;1;1;2;130;31/03/2016
2016016241;1;1;1;1;5;130;06/06/2016
2016016242;3;1;1;1;1;130;28/05/2016
2016016243;5;2;1;1;6;130;16/04/2016
2016016244;1;1;1;2;1;130;01/04/2016
2016016245;1;1;1;1;1;130;16/04/2016
2016016246;1;1;1;1;2;130;19/04/2016
2016016247;1;2;1;1;2;130;24/06/2016
2016016248;2;2;1;1;3;130;25/04/2016
2016016249;2;2;1;1;3;130;28/04/2016
2016016250;1;2;1;1;2;130;29/04/2016
2016016251;1;2;1;1;2;130;29/04/2016
2016016252;2;1;1;1;4;130;23/05/2016
2016016253;2;1;1;1;3;130;24/05/2016
2016016254;3;1;1;1;6;130;28/05/2016
2016016255;2;1;1;1;1;130;01/06/2016
2016016256;2;2;1;1;6;130;03/09/2016
2016016257;1;2;3;1;3;130;29/06/2016
2016016258;1;1;1;1;6;130;21/05/2016
2016016259;3;1;1;1;1;130;03/07/2016
2016016260;1;2;1;1;6;130;25/05/2016
2016016261;2;1;1;1;3;130;12/07/2016
2016016262;2;2;2;1;3;130;23/07/2016
2016016263;1;1;1;1;3;130;25/05/2016
2016016264;2;2;1;1;6;130;25/07/2016
2016016265;1;2;1;1;3;130;01/08/2016
2016016266;1;2;3;1;3;130;06/07/2016
2016016267;1;2;1;1;6;130;18/07/2016
2016016268;1;1;1;1;1;130;20/07/2016
2016016269;1;2;1;1;6;130;15/06/2016
2016016270;1;1;1;1;2;130;22/06/2016
2016016271;5;2;1;1;1;130;21/06/2016
2016016272;1;2;1;1;3;130;28/06/2016
2016016273;4;1;1;1;6;130;25/09/2016
2016016274;1;1;1;1;3;130;05/08/2016
2016016275;1;1;1;1;3;130;14/08/2016
2016016276;1;2;3;1;6;130;14/08/2016
2016016277;1;2;1;1;6;130;22/08/2016
2016016278;1;1;1;1;2;130;22/08/2016
2016016279;1;1;1;1;3;130;25/08/2016
2016016280;1;2;1;1;3;130;15/08/2016
2016016281;3;1;1;1;3;130;21/08/2016
2016016282;1;2;1;1;6;130;21/09/2016
2016016283;1;2;3;1;1;130;03/09/2016
2016016284;1;2;1;1;1;130;08/09/2016
2016016285;1;2;1;1;3;130;02/09/2016
2016016286;1;2;1;1;2;130;20/09/2016
2016016287;1;1;1;1;3;130;07/10/2016
2016016288;1;2;1;1;6;130;19/10/2016
2016016289;1;2;1;1;3;130;18/10/2016
2016016290;5;2;1;3;5;130;24/11/2016
2016016291;1;1;1;1;1;130;08/10/2016
2016016292;1;1;1;1;4;130;17/11/2016
2016016293;2;1;1;1;4;130;14/11/2016
2016016294;1;2;1;1;5;130;12/12/2016
2016016295;4;1;1;1;7;130;17/11/2016
2016016296;5;1;1;1;6;130;26/11/2016
2016016297;1;2;1;1;6;130;15/02/2016
2016016298;1;2;8;1;6;130;04/05/2016
2016016299;1;1;3;1;2;130;05/05/2016
2016016300;2;2;1;1;6;130;29/07/2016
2016016301;1;2;1;1;7;130;24/09/2016
2016016302;5;2;1;1;3;130;04/10/2016
2016016303;1;2;3;1;6;130;05/10/2016
2016016304;1;2;3;1;6;130;11/10/2016
2016016305;2;1;1;8;3;130;16/10/2016
2016016306;5;1;1;1;6;130;17/12/2016
2016016307;3;1;1;1;6;130;25/12/2016
2016016308;5;2;6;1;3;300;03/01/2016
2016016309;3;1;1;1;7;300;22/01/2016
2016016310;1;1;1;1;7;300;06/02/2016
2016016311;1;2;1;1;6;130;24/02/2016
2016016312;1;2;3;1;3;130;04/03/2016
2016016313;1;1;1;1;2;300;31/03/2016
2016016314;1;1;1;1;6;300;25/04/2016
2016016315;1;1;1;1;5;300;25/04/2016
2016016316;1;1;3;2;5;130;18/05/2016
2016016317;1;1;1;1;6;130;12/06/2016
2016016318;1;1;1;1;2;300;06/07/2016
2016016319;1;2;1;1;6;300;21/06/2016
2016016320;1;1;3;1;5;130;15/07/2016
2016016321;1;1;3;1;3;300;15/07/2016
2016016322;1;1;1;1;6;130;25/08/2016
2016016323;2;1;1;1;7;300;28/08/2016
2016016324;1;1;1;1;3;130;29/08/2016
2016016325;1;2;3;1;3;130;16/09/2016
2016016326;1;1;1;1;5;300;20/10/2016
2016016327;1;1;1;1;1;300;04/11/2016
2016016328;5;2;3;2;3;300;18/11/2016
2016016329;1;2;1;1;6;300;18/11/2016
2016016330;3;2;1;1;6;300;04/12/2016
2016016331;1;1;1;1;1;300;07/12/2016
2016016332;1;2;1;1;6;130;03/01/2016
2016016333;1;2;1;1;2;130;05/01/2016
2016016334;1;1;1;1;6;130;05/01/2016
2016016335;1;2;1;2;6;130;07/01/2016
2016016336;1;2;1;8;3;130;07/01/2016
2016016337;1;2;1;1;6;130;09/01/2016
2016016338;1;1;6;1;2;130;12/01/2016
2016016339;1;1;1;1;4;130;13/01/2016
2016016340;1;2;3;2;3;130;14/01/2016
2016016341;5;1;1;1;2;130;15/01/2016
2016016342;5;1;1;1;2;130;16/01/2016
2016016343;1;2;1;1;2;130;19/01/2016
2016016344;1;2;6;1;3;130;21/01/2016
2016016345;1;2;1;1;2;130;22/01/2016
2016016346;1;2;1;1;7;130;26/01/2016
2016016347;1;2;3;1;3;130;26/01/2016
2016016348;1;1;1;1;6;130;27/01/2016
2016016349;1;2;1;1;4;130;27/01/2016
2016016350;3;2;1;1;6;130;29/01/2016
2016016351;1;1;1;1;4;130;01/02/2016
2016016352;1;1;1;3;6;130;07/02/2016
2016016353;1;2;3;1;5;130;05/02/2016
2016016354;1;2;2;1;3;130;10/02/2016
2016016355;5;1;1;2;7;130;08/02/2016
2016016356;1;1;1;1;6;130;13/02/2016
2016016357;1;1;1;1;2;130;16/02/2016
2016016358;5;2;1;1;1;130;16/02/2016
2016016359;1;1;1;1;1;130;17/02/2016
2016016360;1;2;7;1;2;130;17/02/2016
2016016361;5;2;1;1;2;130;19/02/2016
2016016362;1;2;1;1;4;130;20/02/2016
2016016363;1;2;1;1;2;130;22/02/2016
2016016364;2;2;3;1;3;130;26/02/2016
2016016365;1;2;1;1;4;130;01/03/2016
2016016366;1;1;2;1;3;130;02/03/2016
2016016367;1;1;1;1;1;130;05/03/2016
2016016368;1;1;1;1;5;130;05/03/2016
2016016369;1;1;1;1;2;130;06/03/2016
2016016370;5;2;1;1;7;130;06/03/2016
2016016371;1;1;1;1;4;130;04/03/2016
2016016372;1;1;1;1;4;130;07/03/2016
2016016373;1;2;1;1;2;130;07/03/2016
2016016374;1;2;1;1;3;130;08/03/2016
2016016375;1;1;1;1;6;130;10/03/2016
2016016376;1;2;1;1;3;130;11/03/2016
2016016377;5;1;1;1;6;130;12/03/2016
2016016378;1;1;1;1;6;130;14/03/2016
2016016379;1;2;1;1;6;130;10/03/2016
2016016380;1;1;1;2;6;130;16/03/2016
2016016381;1;1;1;2;7;130;16/03/2016
2016016382;2;2;2;1;5;130;17/03/2016
2016016383;1;2;1;1;2;130;17/03/2016
2016016384;1;1;1;1;7;130;19/03/2016
2016016385;2;1;1;1;7;130;20/03/2016
2016016386;1;1;6;1;2;130;21/03/2016
2016016387;1;2;3;1;1;130;24/03/2016
2016016388;1;2;1;1;6;130;25/03/2016
2016016389;1;1;1;1;4;130;26/03/2016
2016016390;1;1;1;1;6;130;26/03/2016
2016016391;1;2;1;1;6;130;28/03/2016
2016016392;1;2;1;1;2;130;30/03/2016
2016016393;1;1;1;1;3;130;30/03/2016
2016016394;1;2;1;2;6;130;01/04/2016
2016016395;1;1;9;1;1;130;04/04/2016
2016016396;5;2;1;1;6;130;07/04/2016
2016016397;1;2;2;1;1;130;07/04/2016
2016016398;1;1;9;1;3;130;08/04/2016
2016016399;1;1;1;1;4;130;08/04/2016
2016016400;3;1;2;1;3;130;08/04/2016
2016016401;1;1;1;1;7;130;09/04/2016
2016016402;3;2;3;1;3;130;10/04/2016
2016016403;1;2;1;1;2;130;11/04/2016
2016016404;1;2;3;1;4;130;12/04/2016
2016016405;1;1;3;1;3;130;14/04/2016
2016016406;1;2;1;1;2;130;16/04/2016
2016016407;1;2;2;1;3;130;17/04/2016
2016016408;1;2;1;1;2;130;20/04/2016
2016016409;1;2;2;1;3;130;20/04/2016
2016016410;1;2;1;1;6;130;21/04/2016
2016016411;1;1;1;1;3;130;22/04/2016
2016016412;1;2;1;1;1;130;23/04/2016
2016016413;1;1;1;1;6;130;26/04/2016
2016016414;1;2;1;1;1;130;26/04/2016
2016016415;1;2;6;1;3;130;27/04/2016
2016016416;1;1;1;1;3;130;27/04/2016
2016016417;1;2;1;1;5;130;27/04/2016
2016016418;1;2;1;1;2;130;27/04/2016
2016016419;5;2;1;1;6;130;29/04/2016
2016016420;1;2;1;1;2;130;02/05/2016
2016016421;1;1;1;1;6;130;04/05/2016
2016016422;5;1;6;1;3;130;06/05/2016
2016016423;1;2;2;1;3;130;09/05/2016
2016016424;1;2;1;1;2;130;11/05/2016
2016016425;1;2;1;1;3;130;12/05/2016
2016016426;1;2;3;1;3;130;12/05/2016
2016016427;1;1;1;1;2;130;07/05/2016
2016016428;1;1;1;1;3;130;12/05/2016
2016016429;1;2;1;1;3;130;14/05/2016
2016016430;1;2;1;1;2;130;17/05/2016
2016016431;1;1;1;1;3;130;18/05/2016
2016016432;1;2;1;1;6;130;24/05/2016
2016016433;1;2;6;1;4;130;26/05/2016
2016016434;1;2;9;1;6;130;27/05/2016
2016016435;1;2;6;1;3;130;28/05/2016
2016016436;5;2;1;1;7;130;28/05/2016
2016016437;1;2;6;1;7;130;31/05/2016
2016016438;1;2;1;1;6;130;01/06/2016
2016016439;1;1;6;1;3;130;01/06/2016
2016016440;1;2;1;1;6;130;03/06/2016
2016016441;1;1;1;1;3;130;04/06/2016
2016016442;1;2;1;1;2;130;07/06/2016
2016016443;1;2;1;1;3;130;08/06/2016
2016016444;1;1;2;1;3;130;13/06/2016
2016016445;1;2;1;1;4;130;14/06/2016
2016016446;1;2;1;1;1;130;15/06/2016
2016016447;3;1;1;1;1;130;14/06/2016
2016016448;1;1;1;1;2;130;15/06/2016
2016016449;1;2;1;2;7;130;16/06/2016
2016016450;2;1;1;1;2;130;17/06/2016
2016016451;1;2;9;1;1;130;17/06/2016
2016016452;2;2;6;1;2;130;19/06/2016
2016016453;1;1;3;1;3;130;21/06/2016
2016016454;2;2;1;1;7;130;22/06/2016
2016016455;1;1;1;1;4;130;23/06/2016
2016016456;1;1;1;1;6;130;24/06/2016
2016016457;1;2;1;1;3;130;24/06/2016
2016016458;1;2;3;1;6;130;28/06/2016
2016016459;1;1;1;1;2;130;28/06/2016
2016016460;1;1;1;1;3;130;29/06/2016
2016016461;1;2;1;1;2;130;30/06/2016
2016016462;1;1;1;1;1;130;01/07/2016
2016016463;1;1;3;1;6;130;01/07/2016
2016016464;1;2;1;1;3;130;30/06/2016
2016016465;2;2;1;1;1;130;03/07/2016
2016016466;1;2;2;1;3;130;05/07/2016
2016016467;1;1;6;1;2;130;05/07/2016
2016016468;1;1;1;1;7;130;05/07/2016
2016016469;1;2;6;1;1;130;07/07/2016
2016016470;1;2;1;1;1;130;07/07/2016
2016016471;1;2;1;1;2;130;08/07/2016
2016016472;1;1;2;1;3;130;07/07/2016
2016016473;1;2;3;1;3;130;09/07/2016
2016016474;1;1;1;1;2;130;11/07/2016
2016016475;1;1;1;1;2;130;12/07/2016
2016016476;1;1;6;1;2;130;13/07/2016
2016016477;5;2;1;1;6;130;15/07/2016
2016016478;1;2;1;1;2;130;18/07/2016
2016016479;1;1;1;1;1;130;22/07/2016
2016016480;1;1;1;1;6;130;24/07/2016
2016016481;1;1;1;1;2;130;26/07/2016
2016016482;1;1;1;1;4;130;26/07/2016
2016016483;1;1;1;1;6;130;27/07/2016
2016016484;1;1;1;1;3;130;27/07/2016
2016016485;1;2;1;1;6;130;28/07/2016
2016016486;3;1;1;1;1;130;31/07/2016
2016016487;3;1;1;1;7;130;01/08/2016
2016016488;1;2;3;1;3;130;01/08/2016
2016016489;1;2;1;1;5;130;01/08/2016
2016016490;1;1;1;1;3;130;06/08/2016
2016016491;1;1;1;1;2;130;16/08/2016
2016016492;1;2;1;1;7;130;18/08/2016
2016016493;1;2;1;1;3;130;20/08/2016
2016016494;3;2;1;1;7;130;22/08/2016
2016016495;2;2;1;1;3;130;24/08/2016
2016016496;1;1;1;1;5;130;24/08/2016
2016016497;3;2;1;1;7;130;26/08/2016
2016016498;1;2;1;1;2;130;27/08/2016
2016016499;1;1;1;1;2;130;29/08/2016
2016016500;1;2;6;1;6;130;30/08/2016
2016016501;1;1;1;1;4;130;30/08/2016
2016016502;1;2;2;1;6;130;31/08/2016
2016016503;1;2;1;1;3;130;07/09/2016
2016016504;1;1;1;1;6;130;07/09/2016
2016016505;1;1;1;1;1;130;07/09/2016
2016016506;1;2;4;1;4;130;08/09/2016
2016016507;1;1;1;1;5;130;08/09/2016
2016016508;1;1;1;1;1;130;08/09/2016
2016016509;1;1;1;1;3;130;09/09/2016
2016016510;1;1;1;1;2;130;09/09/2016
2016016511;1;2;2;1;5;130;09/09/2016
2016016512;2;1;1;1;3;130;09/09/2016
2016016513;5;2;1;1;6;130;10/09/2016
2016016514;1;2;1;1;2;130;12/09/2016
2016016515;1;2;1;1;6;130;14/09/2016
2016016516;2;1;1;1;5;130;19/09/2016
2016016517;1;2;1;1;1;130;19/09/2016
2016016518;1;1;1;1;4;130;20/09/2016
2016016519;1;1;1;1;6;130;20/09/2016
2016016520;1;2;9;1;3;130;21/09/2016
2016016521;1;1;1;1;6;130;23/09/2016
2016016522;1;1;1;1;3;130;24/09/2016
2016016523;1;2;1;1;3;130;24/09/2016
2016016524;1;1;1;1;7;130;24/09/2016
2016016525;1;1;1;1;3;130;26/09/2016
2016016526;1;2;1;1;2;130;28/09/2016
2016016527;1;1;1;1;4;130;30/09/2016
2016016528;1;1;1;2;3;130;30/09/2016
2016016529;2;2;6;1;2;130;30/09/2016
2016016530;1;1;1;1;6;130;01/10/2016
2016016531;3;2;1;1;2;130;03/10/2016
2016016532;3;2;1;1;2;130;04/10/2016
2016016533;2;2;4;3;4;130;06/10/2016
2016016534;1;2;1;5;6;130;07/10/2016
2016016535;1;2;1;1;3;130;10/10/2016
2016016536;1;1;2;1;3;130;10/10/2016
2016016537;1;1;1;1;5;130;20/10/2016
2016016538;1;2;1;1;1;130;21/10/2016
2016016539;1;1;1;1;3;130;22/10/2016
2016016540;1;1;1;1;2;130;27/10/2016
2016016541;1;1;1;1;2;130;28/10/2016
2016016542;1;1;1;1;3;130;29/10/2016
2016016543;1;2;6;1;3;130;31/10/2016
2016016544;1;2;9;1;6;130;03/11/2016
2016016545;3;1;1;2;4;130;05/11/2016
2016016546;1;1;1;1;2;130;10/11/2016
2016016547;1;1;3;1;3;130;07/11/2016
2016016548;1;1;1;1;3;130;10/11/2016
2016016549;1;1;1;1;3;130;12/11/2016
2016016550;4;2;1;1;2;130;12/11/2016
2016016551;1;2;6;1;4;130;16/11/2016
2016016552;1;2;1;1;4;130;17/11/2016
2016016553;1;1;1;1;4;130;17/11/2016
2016016554;5;2;1;1;5;130;17/11/2016
2016016555;5;1;1;1;7;130;18/11/2016
2016016556;1;1;1;1;3;130;18/11/2016
2016016557;1;2;1;3;3;130;21/11/2016
2016016558;3;1;1;2;3;130;21/11/2016
2016016559;3;2;1;3;2;130;24/11/2016
2016016560;1;1;1;8;7;130;25/11/2016
2016016561;1;2;1;8;2;130;25/11/2016
2016016562;5;2;1;1;6;130;27/11/2016
2016016563;1;1;1;1;2;130;28/11/2016
2016016564;3;1;1;1;4;130;29/11/2016
2016016565;1;1;3;1;3;130;30/11/2016
2016016566;1;2;1;1;6;130;01/12/2016
2016016567;1;2;1;1;2;130;01/12/2016
2016016568;5;1;1;1;5;130;02/12/2016
2016016569;1;1;1;1;3;130;04/12/2016
2016016570;1;2;1;1;6;130;06/12/2016
2016016571;3;1;1;1;4;130;12/12/2016
2016016572;3;1;1;2;3;130;16/12/2016
2016016573;1;2;1;1;2;130;17/12/2016
2016016574;5;2;6;1;6;130;17/12/2016
2016016575;1;1;1;1;3;130;20/12/2016
2016016576;1;1;1;8;3;130;20/12/2016
2016016577;3;1;2;1;3;130;25/12/2016
2016016578;4;1;1;1;3;130;26/12/2016
2016016579;1;2;1;1;6;130;29/12/2016
2016016580;3;1;1;5;2;680;01/01/2016
2016016581;3;1;1;2;4;680;28/01/2016
2016016582;3;1;1;2;6;680;15/02/2016
2016016583;3;1;1;1;5;680;27/02/2016
2016016584;1;1;3;1;2;680;07/03/2016
2016016585;3;1;1;1;2;680;23/03/2016
2016016586;3;1;1;1;6;680;20/04/2016
2016016587;1;1;1;1;2;680;19/04/2016
2016016588;1;1;1;1;6;680;23/04/2016
2016016589;2;1;1;3;3;680;02/06/2016
2016016590;3;1;1;8;2;680;30/05/2016
2016016591;1;2;1;1;4;680;10/06/2016
2016016592;1;1;1;1;3;680;23/06/2016
2016016593;1;1;1;1;2;680;12/07/2016
2016016594;1;1;1;1;6;680;10/09/2016
2016016595;1;1;1;7;4;680;14/09/2016
2016016596;3;1;1;8;3;680;14/10/2016
2016016597;3;1;1;1;5;680;25/11/2016
2016016598;2;1;4;1;6;680;25/11/2016
2016016599;2;1;4;1;3;680;26/11/2016
2016016600;1;1;1;1;2;680;12/12/2016
2016016601;1;1;1;1;4;680;27/12/2016
2016016602;2;2;2;3;6;780;09/02/2016
2016016603;1;1;1;1;6;780;14/02/2016
2016016604;2;1;1;1;1;780;26/06/2016
2016016605;1;1;1;1;7;780;06/08/2016
2016016606;1;1;1;1;3;780;28/08/2016
2016016607;1;1;1;1;3;780;08/10/2016
2016016608;3;1;1;6;7;780;29/10/2016
2016016609;3;2;1;1;7;780;05/12/2016
2016016610;5;2;6;1;7;780;16/12/2016
2016016611;1;1;1;1;7;720;14/02/2016
2016016612;3;1;1;1;5;720;29/07/2016
2016016613;1;1;1;1;6;720;07/08/2016
2016016614;1;1;1;1;6;720;14/08/2016
2016016615;1;1;1;1;2;720;18/09/2016
2016016616;1;1;1;1;2;720;15/11/2016
2016016617;2;1;1;1;6;720;28/12/2016
2016016618;3;2;1;1;5;720;16/01/2016
2016016619;3;1;1;1;1;720;10/02/2016
2016016620;3;1;1;1;7;720;13/02/2016
2016016621;5;2;1;1;2;720;04/03/2016
2016016622;1;1;1;1;6;720;06/05/2016
2016016623;1;1;1;1;6;720;19/06/2016
2016016624;1;1;1;1;7;720;08/08/2016
2016016625;1;1;1;2;6;720;19/08/2016
2016016626;1;1;1;1;3;720;18/08/2016
2016016627;3;1;9;1;3;720;29/09/2016
2016016628;3;1;1;1;6;720;27/10/2016
2016016629;1;2;1;1;1;720;31/10/2016
2016016630;5;2;1;1;6;720;14/11/2016
2016016631;1;2;1;1;2;950;03/05/2016
2016016632;1;2;1;1;6;950;14/05/2016
2016016633;1;2;1;1;3;950;08/06/2016
2016016634;1;2;1;1;6;950;20/08/2016
2016016635;1;2;2;1;3;950;26/08/2016
2016016636;1;2;1;1;3;950;07/09/2016
2016016637;1;1;1;1;6;720;03/02/2016
2016016638;1;1;1;8;7;720;09/03/2016
2016016639;1;1;1;1;6;720;18/03/2016
2016016640;1;1;1;1;1;720;06/06/2016
2016016641;1;1;1;1;6;720;16/08/2016
2016016642;1;1;1;1;6;720;13/09/2016
2016016643;1;1;1;1;3;490;07/01/2016
2016016644;1;1;1;8;1;490;05/02/2016
2016016645;3;1;1;1;1;490;05/02/2016
2016016646;2;1;1;1;2;490;29/02/2016
2016016647;1;1;1;1;3;490;29/03/2016
2016016648;3;1;1;1;2;490;19/04/2016
2016016649;1;1;1;3;7;490;28/05/2016
2016016650;3;1;1;1;7;490;06/08/2016
2016016651;3;1;1;1;7;490;28/08/2016
2016016652;1;1;1;1;6;490;06/10/2016
2016016653;1;1;1;2;6;490;23/10/2016
2016016654;1;1;1;8;6;490;26/12/2016
2016016655;1;1;2;1;3;240;28/02/2016
2016016656;1;1;1;1;1;240;13/03/2016
2016016657;1;1;2;1;3;240;02/04/2016
2016016658;1;1;2;1;5;240;06/04/2016
2016016659;1;1;1;5;1;240;05/09/2016
2016016660;1;1;1;2;6;240;17/10/2016
2016016661;3;1;1;1;7;240;10/11/2016
2016016662;1;1;2;1;3;240;28/12/2016
2016016663;1;1;6;2;3;680;13/05/2016
2016016664;1;1;1;1;1;680;26/05/2016
2016016665;1;1;1;1;1;680;26/11/2016
2016016666;4;2;1;3;6;190;06/01/2016
2016016667;1;2;1;1;3;190;02/05/2016
2016016668;1;1;1;1;3;190;28/07/2016
2016016669;1;1;1;1;6;190;30/07/2016
2016016670;2;1;1;3;3;190;16/09/2016
2016016671;3;1;1;1;6;330;06/10/2016
2016016672;1;2;1;8;7;670;07/01/2016
2016016673;5;2;1;2;6;670;11/01/2016
2016016674;1;1;1;1;6;670;09/06/2016
2016016675;1;1;1;1;6;670;01/07/2016
2016016676;1;2;1;1;7;670;08/07/2016
2016016677;1;2;4;1;3;670;06/07/2016
2016016678;1;1;1;1;5;670;07/08/2016
2016016679;1;1;1;1;6;670;10/09/2016
2016016680;3;1;1;2;6;670;18/09/2016
2016016681;3;1;1;1;6;140;26/06/2016
2016016682;1;1;1;1;6;140;06/12/2016
2016016683;4;1;1;2;7;140;06/01/2016
2016016684;1;2;1;1;6;140;10/01/2016
2016016685;1;1;1;1;2;140;09/01/2016
2016016686;1;2;2;8;6;140;15/01/2016
2016016687;4;2;1;1;6;140;19/01/2016
2016016688;1;2;3;7;6;140;10/02/2016
2016016689;1;2;1;1;6;140;25/02/2016
2016016690;5;2;1;1;6;140;08/03/2016
2016016691;5;2;1;2;6;140;06/03/2016
2016016692;3;1;6;1;6;140;10/03/2016
2016016693;5;2;2;1;6;140;16/02/2016
2016016694;1;2;1;1;2;140;15/03/2016
2016016695;5;2;1;1;6;140;27/03/2016
2016016696;1;2;1;1;5;140;30/03/2016
2016016697;1;2;2;3;3;140;30/03/2016
2016016698;2;2;2;2;3;140;31/03/2016
2016016699;1;2;1;2;6;140;23/04/2016
2016016700;1;2;1;7;6;140;18/04/2016
2016016701;1;2;1;1;6;140;28/04/2016
2016016702;1;2;1;1;3;140;11/05/2016
2016016703;2;1;1;1;6;140;13/05/2016
2016016704;1;1;1;1;6;140;14/05/2016
2016016705;1;2;1;1;6;140;24/05/2016
2016016706;1;2;1;1;6;140;25/05/2016
2016016707;1;2;1;1;1;140;03/06/2016
2016016708;5;2;1;1;6;140;27/05/2016
2016016709;5;1;1;2;2;140;31/05/2016
2016016710;1;2;1;1;1;140;23/06/2016
2016016711;1;2;1;1;3;140;29/06/2016
2016016712;1;2;3;1;6;140;21/07/2016
2016016713;1;1;1;1;5;140;22/07/2016
2016016714;1;2;2;1;3;140;03/08/2016
2016016715;1;2;6;8;3;140;29/07/2016
2016016716;1;2;4;1;3;140;10/08/2016
2016016717;1;1;1;1;2;140;25/08/2016
2016016718;1;2;1;1;6;140;05/09/2016
2016016719;3;1;6;1;7;140;09/09/2016
2016016720;1;1;2;1;3;140;10/09/2016
2016016721;5;2;2;1;3;140;11/09/2016
2016016722;3;1;1;1;6;140;11/09/2016
2016016723;1;2;2;1;3;140;20/09/2016
2016016724;1;1;1;1;7;140;09/09/2016
2016016725;5;2;1;1;7;140;06/10/2016
2016016726;5;2;3;1;6;140;08/10/2016
2016016727;1;2;1;1;6;140;12/10/2016
2016016728;1;2;2;1;3;140;14/10/2016
2016016729;2;2;3;1;3;140;14/10/2016
2016016730;1;1;1;1;6;140;18/10/2016
2016016731;3;1;1;1;2;140;21/10/2016
2016016732;1;1;1;1;7;140;22/10/2016
2016016733;3;2;1;3;6;140;09/11/2016
2016016734;1;2;1;1;7;140;22/11/2016
2016016735;4;2;1;3;6;140;07/11/2016
2016016736;3;2;6;1;3;140;06/12/2016
2016016737;5;2;1;1;1;140;24/12/2016
2016016738;5;2;1;1;6;140;27/12/2016
2016016739;3;1;2;1;3;310;05/01/2016
2016016740;2;1;1;1;1;310;08/02/2016
2016016741;1;1;1;1;1;310;18/04/2016
2016016742;5;2;3;1;3;310;07/05/2016
2016016743;1;2;1;1;6;140;21/01/2016
2016016744;1;2;1;1;3;140;23/02/2016
2016016745;1;2;2;1;3;140;06/04/2016
2016016746;1;2;2;1;3;140;04/04/2016
2016016747;1;1;1;1;6;140;12/04/2016
2016016748;1;2;6;1;3;140;10/06/2016
2016016749;1;1;1;1;2;140;24/07/2016
2016016750;1;2;1;1;5;140;05/08/2016
2016016751;1;2;1;1;5;140;13/08/2016
2016016752;1;2;2;1;3;140;17/08/2016
2016016753;1;2;2;1;1;140;27/09/2016
2016016754;1;2;1;1;6;140;07/08/2016
2016016755;1;2;1;1;3;140;06/10/2016
2016016756;1;2;9;1;1;140;11/10/2016
2016016757;5;2;2;8;3;140;20/10/2016
2016016758;1;1;1;1;7;140;09/11/2016
2016016759;3;1;1;1;6;300;06/02/2016
2016016760;3;1;1;5;1;300;13/02/2016
2016016761;1;1;1;1;1;300;25/02/2016
2016016762;2;1;1;1;1;300;04/04/2016
2016016763;3;1;1;1;6;300;08/04/2016
2016016764;3;2;1;1;6;300;22/05/2016
2016016765;1;1;6;1;2;300;04/06/2016
2016016766;1;1;1;1;3;300;09/07/2016
2016016767;3;1;1;1;6;300;12/09/2016
2016016768;1;1;1;1;1;300;20/09/2016
2016016769;1;1;1;1;3;300;12/11/2016
2016016770;1;1;1;1;1;300;15/11/2016
2016016771;5;2;1;1;6;300;05/12/2016
2016016772;3;1;1;1;7;300;09/12/2016
2016016773;1;2;6;1;4;300;24/12/2016
2016016774;3;2;1;1;6;610;21/06/2016
2016016775;1;1;1;1;1;880;09/07/2016
2016016776;3;1;1;2;1;80;02/01/2016
2016016777;2;2;1;3;6;80;20/02/2016
2016016778;1;1;1;1;6;80;11/03/2016
2016016779;1;2;1;1;6;80;05/06/2016
2016016780;1;2;1;1;6;80;08/06/2016