num_acc;lum;agg;inter;atm;col;dep;date
2016017939;1;1;1;1;3;10;23/08/2016
2016017940;1;1;1;1;5;10;04/10/2016
2016017941;1;1;1;8;1;10;08/01/2016
2016017942;5;1;6;1;6;10;25/02/2016
2016017943;2;1;1;1;1;10;18/06/2016
2016017944;5;2;1;1;1;10;11/09/2016
2016017945;1;2;1;1;1;10;02/10/2016
2016017946;3;1;1;1;1;10;16/12/2016
2016017947;5;2;6;1;7;10;02/07/2016
2016017948;3;2;1;2;6;10;21/12/2016
2016017949;1;2;1;1;6;10;19/12/2016
2016017950;2;1;1;1;3;10;17/03/2016
2016017951;1;1;2;1;3;10;19/03/2016
2016017952;1;2;1;1;4;10;06/06/2016
2016017953;2;1;1;8;2;10;16/12/2016
2016017954;1;1;1;7;5;150;11/07/2016
2016017955;1;1;1;1;1;150;27/08/2016
2016017956;1;1;1;1;2;150;29/08/2016
2016017957;1;1;9;1;1;150;23/01/2016
2016017958;1;1;1;1;6;150;26/01/2016
2016017959;3;1;1;1;7;150;23/08/2016
2016017960;1;2;6;1;2;150;18/09/2016
2016017961;1;1;1;8;3;150;21/10/2016
2016017962;1;1;1;9;1;150;31/12/2016
2016017963;1;1;1;2;6;150;02/06/2016
2016017964;1;1;1;1;5;150;03/09/2016
2016017965;5;1;6;1;3;150;15/12/2016
2016017966;1;1;1;1;7;150;24/08/2016
2016017967;1;1;1;1;5;30;29/08/2016
2016017968;1;1;1;1;3;30;28/10/2016
2016017969;3;1;1;1;6;30;26/01/2016
2016017970;3;2;1;1;1;30;21/05/2016
2016017971;3;1;1;1;1;30;15/12/2016
2016017972;5;2;6;2;3;30;22/12/2016
2016017973;1;2;1;1;7;30;05/06/2016
2016017974;3;2;1;1;6;30;18/01/2016
2016017975;1;2;1;3;6;30;22/05/2016
2016017976;5;1;2;1;3;30;27/10/2016
2016017977;1;2;1;1;6;840;10/06/2016
2016017978;3;1;1;1;6;840;30/03/2016
2016017979;1;1;1;1;3;840;03/06/2016
2016017980;4;1;1;1;6;840;19/06/2016
2016017981;1;1;1;1;6;840;20/06/2016
2016017982;2;1;1;1;7;840;26/07/2016
2016017983;1;1;1;1;1;840;15/08/2016
2016017984;1;1;1;1;3;840;25/08/2016
2016017985;2;1;1;1;6;840;10/09/2016
2016017986;1;1;1;1;3;840;12/09/2016
2016017987;1;1;1;1;7;840;15/09/2016
2016017988;1;1;1;1;1;840;28/10/2016
2016017989;2;1;1;1;1;840;12/11/2016
2016017990;2;1;1;1;1;840;11/12/2016
2016017991;3;1;1;1;1;840;18/12/2016
2016017992;1;1;1;1;1;840;23/12/2016
2016017993;3;1;1;2;6;20;03/02/2016
2016017994;2;1;1;1;1;20;20/07/2016
2016017995;3;1;2;2;3;20;14/01/2016
2016017996;1;2;1;1;4;20;10/03/2016
2016017997;1;2;1;1;3;20;17/05/2016
2016017998;1;1;6;1;3;20;03/10/2016
2016017999;1;2;1;1;1;20;25/05/2016
2016018000;5;2;1;1;3;20;19/10/2016
2016018001;1;1;1;1;6;20;22/10/2016
2016018002;3;1;1;2;7;20;28/04/2016
2016018003;1;1;1;1;1;20;18/06/2016
2016018004;1;1;2;3;3;20;11/05/2016
2016018005;1;1;1;1;7;20;04/07/2016
2016018006;2;2;1;1;6;20;24/12/2016
2016018007;1;2;2;1;6;20;28/01/2016
2016018008;1;1;1;8;1;20;25/04/2016
2016018009;1;2;1;1;6;20;15/10/2016
2016018010;1;1;1;1;7;20;02/01/2016
2016018011;1;1;2;1;3;20;02/01/2016
2016018012;1;2;1;1;6;20;18/06/2016
2016018013;1;1;1;1;6;20;26/06/2016
2016018014;2;2;9;1;6;20;13/10/2016
2016018015;1;2;4;1;3;20;15/03/2016
2016018016;1;2;1;1;7;20;03/11/2016
2016018017;1;1;1;1;1;20;01/01/2016
2016018018;3;1;1;2;7;20;31/01/2016
2016018019;3;1;1;1;3;20;21/02/2016
2016018020;1;2;1;2;6;20;31/03/2016
2016018021;3;1;1;3;6;20;13/06/2016
2016018022;1;1;1;1;5;20;05/08/2016
2016018023;1;1;2;7;3;20;14/09/2016
2016018024;1;1;3;1;3;20;16/09/2016
2016018025;1;1;1;1;1;20;27/12/2016
2016018026;1;2;3;1;1;20;05/09/2016
2016018027;1;2;1;1;6;20;22/10/2016
2016018028;3;1;1;2;7;20;05/11/2016
2016018029;2;1;1;1;1;20;08/05/2016
2016018030;3;1;1;1;6;20;15/07/2016
2016018031;1;1;3;1;1;20;28/01/2016
2016018032;1;1;2;1;3;20;10/05/2016
2016018033;1;1;1;7;1;20;20/08/2016
2016018034;1;2;1;1;3;20;05/09/2016
2016018035;3;1;1;2;6;20;06/11/2016
2016018036;1;1;1;1;6;130;27/03/2016
2016018037;1;1;1;2;1;130;18/05/2016
2016018038;1;1;1;1;7;130;04/06/2016
2016018039;3;1;1;1;7;130;01/08/2016
2016018040;1;1;1;1;3;130;04/08/2016
2016018041;3;1;1;1;7;130;18/08/2016
2016018042;1;2;1;1;1;130;13/09/2016
2016018043;1;1;1;5;1;130;17/12/2016
2016018044;1;1;1;1;1;130;26/12/2016
2016018045;1;1;1;1;7;380;29/10/2016
2016018046;1;2;1;1;1;380;24/06/2016
2016018047;1;1;1;1;1;380;25/06/2016
2016018048;1;1;1;1;5;380;16/07/2016
2016018049;1;1;1;2;3;380;11/11/2016
2016018050;3;2;3;8;6;380;10/01/2016
2016018051;5;1;2;1;3;380;01/03/2016
2016018052;1;2;1;1;6;380;22/06/2016
2016018053;1;1;4;1;3;380;27/07/2016
2016018054;1;1;1;1;1;380;08/09/2016
2016018055;5;2;2;1;3;380;18/10/2016
2016018056;5;2;1;1;2;380;13/12/2016
2016018057;5;2;1;1;6;380;06/12/2016
2016018058;5;1;1;3;3;380;29/02/2016
2016018059;1;1;1;1;1;380;25/07/2016
2016018060;3;1;3;1;3;380;11/01/2016
2016018061;1;1;1;2;6;380;17/09/2016
2016018062;1;1;1;1;6;380;07/04/2016
2016018063;1;1;1;1;6;380;15/01/2016
2016018064;1;2;1;1;6;380;27/01/2016
2016018065;4;2;1;1;6;380;28/01/2016
2016018066;1;1;1;1;5;380;12/02/2016
2016018067;1;1;1;2;3;380;12/02/2016
2016018068;1;2;1;1;6;380;06/05/2016
2016018069;1;1;1;1;6;380;15/05/2016
2016018070;1;1;2;1;3;380;15/05/2016
2016018071;1;2;1;1;2;380;06/09/2016
2016018072;1;1;2;7;3;380;15/10/2016
2016018073;3;1;1;2;1;380;18/10/2016
2016018074;1;1;1;1;4;380;31/10/2016
2016018075;1;2;2;1;3;380;22/03/2016
2016018076;1;1;1;1;1;380;22/06/2016
2016018077;1;1;1;1;1;380;23/06/2016
2016018078;1;1;1;1;3;310;29/04/2016
2016018079;1;2;1;2;6;310;14/10/2016
2016018080;5;2;3;1;2;310;23/10/2016
2016018081;5;2;4;8;3;310;28/10/2016
2016018082;5;2;1;1;6;310;14/12/2016
2016018083;1;1;2;1;1;310;28/01/2016
2016018084;3;1;1;1;6;310;28/04/2016
2016018085;1;1;2;1;3;310;07/10/2016
2016018086;1;1;3;1;6;310;10/10/2016
2016018087;1;1;1;5;3;310;27/10/2016
2016018088;1;1;1;5;1;310;29/10/2016
2016018089;3;1;3;2;5;310;10/11/2016
2016018090;5;2;1;5;3;310;24/11/2016
2016018091;1;1;1;1;6;310;16/12/2016
2016018092;1;2;1;8;3;310;31/12/2016
2016018093;1;2;3;1;1;310;12/05/2016
2016018094;1;1;1;1;3;310;08/07/2016
2016018095;3;1;1;5;2;310;04/11/2016
2016018096;3;2;1;3;6;310;21/11/2016
2016018097;3;1;1;5;5;310;01/01/2016
2016018098;1;1;2;1;1;310;13/01/2016
2016018099;2;2;1;2;6;310;30/04/2016
2016018100;1;1;1;1;1;310;27/07/2016
2016018101;5;2;1;1;6;310;30/07/2016
2016018102;1;1;3;1;3;310;18/10/2016
2016018103;3;1;1;1;1;310;21/10/2016
2016018104;3;1;1;9;2;310;28/11/2016
2016018105;3;1;6;5;7;310;29/10/2016
2016018106;1;2;8;7;6;310;30/10/2016
2016018107;1;2;1;2;6;310;09/11/2016
2016018108;1;1;1;1;5;310;21/12/2016
2016018109;3;1;1;5;6;310;31/12/2016
2016018110;1;2;1;1;1;310;24/05/2016
2016018111;1;2;1;1;6;310;01/10/2016
2016018112;1;1;1;1;6;310;16/10/2016
2016018113;1;1;1;1;6;310;18/10/2016
2016018114;3;1;1;1;6;310;29/10/2016
2016018115;3;2;1;1;7;310;02/11/2016
2016018116;2;2;1;2;1;310;05/11/2016
2016018117;1;1;4;1;7;310;06/11/2016
2016018118;5;2;6;2;3;310;22/11/2016
2016018119;1;2;1;1;6;310;30/11/2016
2016018120;3;1;3;1;7;310;25/11/2016
2016018121;2;2;1;1;6;310;08/12/2016
2016018122;1;1;1;2;6;310;15/12/2016
2016018123;3;1;1;8;6;310;05/01/2016
2016018124;1;1;3;6;6;310;06/02/2016
2016018125;1;1;1;1;6;310;18/12/2016
2016018126;1;1;1;1;1;310;17/05/2016
2016018127;3;1;1;2;6;310;13/11/2016
2016018128;3;2;1;1;6;310;17/11/2016
2016018129;1;1;3;1;3;310;01/12/2016
2016018130;1;2;1;1;3;310;23/10/2016
2016018131;1;2;5;7;3;310;24/11/2016
2016018132;1;1;2;1;3;310;05/08/2016
2016018133;3;1;9;2;7;310;09/09/2016
2016018134;3;1;1;1;7;310;08/10/2016
2016018135;3;1;1;5;6;310;29/12/2016
2016018136;1;1;3;1;3;310;28/10/2016
2016018137;2;1;3;7;3;310;09/07/2016
2016018138;5;1;2;1;1;310;02/12/2016
2016018139;1;1;3;1;3;310;06/12/2016
2016018140;5;2;3;1;6;310;12/12/2016
2016018141;1;1;1;1;1;310;28/12/2016
2016018142;3;1;1;1;6;310;23/04/2016
2016018143;1;1;1;1;1;310;04/11/2016
2016018144;1;1;1;1;7;290;18/03/2016
2016018145;1;1;3;1;3;290;15/02/2016
2016018146;1;1;1;1;3;290;09/09/2016
2016018147;5;1;3;2;3;290;24/01/2016
2016018148;2;2;6;4;1;290;11/02/2016
2016018149;2;1;1;8;7;290;23/02/2016
2016018150;1;1;1;1;3;290;01/05/2016
2016018151;1;1;3;1;3;290;06/09/2016
2016018152;1;2;1;1;6;290;07/10/2016
2016018153;3;1;1;8;6;290;15/10/2016
2016018154;1;1;1;1;3;290;31/10/2016
2016018155;5;1;1;1;1;290;13/11/2016
2016018156;4;2;1;1;6;290;22/05/2016
2016018157;1;1;1;1;1;290;07/08/2016
2016018158;5;2;1;1;6;290;06/12/2016
2016018159;1;1;1;1;1;290;30/05/2016
2016018160;1;1;1;1;7;290;15/09/2016
2016018161;3;1;1;1;6;290;15/10/2016
2016018162;3;1;1;1;6;290;04/12/2016
2016018163;3;1;1;8;6;290;17/10/2016
2016018164;1;1;1;1;1;290;01/04/2016
2016018165;1;1;1;1;1;290;15/05/2016
2016018166;1;1;1;1;2;290;13/07/2016
2016018167;1;1;1;1;3;290;22/08/2016
2016018168;1;1;1;1;3;290;10/10/2016
2016018169;1;2;1;2;6;290;21/01/2016
2016018170;1;2;1;1;1;290;06/07/2016
2016018171;3;1;1;5;6;350;22/10/2016
2016018172;1;2;1;1;6;350;21/10/2016
2016018173;1;2;1;1;6;350;24/11/2016
2016018174;3;1;1;2;1;350;11/12/2016
2016018175;1;1;1;2;6;350;11/06/2016
2016018176;1;1;1;1;6;350;05/07/2016
2016018177;1;1;2;1;3;350;05/09/2016
2016018178;1;2;1;1;6;350;16/09/2016
2016018179;1;1;3;1;1;350;02/10/2016
2016018180;4;1;3;1;1;350;27/10/2016
2016018181;1;1;1;1;1;350;28/04/2016
2016018182;1;1;4;1;2;350;16/10/2016
2016018183;2;1;1;1;7;350;04/12/2016
2016018184;1;2;1;1;6;350;02/09/2016
2016018185;1;2;1;1;1;350;03/09/2016
2016018186;3;1;1;1;7;350;12/10/2016
2016018187;1;1;2;1;1;350;13/10/2016
2016018188;2;1;1;1;1;350;28/11/2016
2016018189;3;1;3;1;2;350;13/12/2016
2016018190;3;1;1;1;6;350;15/01/2016
2016018191;1;1;3;1;3;350;09/06/2016
2016018192;1;1;1;1;6;350;14/06/2016
2016018193;1;1;3;1;3;350;08/07/2016
2016018194;1;1;1;1;1;350;28/08/2016
2016018195;1;1;1;1;7;350;28/08/2016
2016018196;3;1;1;2;6;350;18/10/2016
2016018197;1;1;2;1;3;350;27/10/2016
2016018198;4;1;2;5;6;350;23/11/2016
2016018199;5;2;7;1;6;350;13/12/2016
2016018200;3;1;1;2;6;350;07/02/2016
2016018201;1;1;9;8;1;350;24/03/2016
2016018202;1;1;2;1;3;350;06/04/2016
2016018203;1;1;1;2;6;350;29/04/2016
2016018204;1;1;1;1;2;350;01/05/2016
2016018205;1;1;1;1;6;350;03/05/2016
2016018206;1;2;1;1;5;350;15/05/2016
2016018207;1;1;1;1;1;350;09/07/2016
2016018208;1;1;1;1;5;350;24/07/2016
2016018209;1;1;3;1;3;350;02/08/2016
2016018210;1;1;1;1;1;350;13/08/2016
2016018211;2;1;1;1;6;350;06/10/2016
2016018212;1;1;1;1;5;350;15/10/2016
2016018213;3;1;1;3;6;350;06/11/2016
2016018214;1;1;3;1;3;350;18/11/2016
2016018215;1;1;2;1;3;350;02/12/2016
2016018216;5;2;1;1;6;350;03/12/2016
2016018217;5;2;1;1;3;350;04/12/2016
2016018218;1;1;3;1;3;350;06/12/2016
2016018219;3;1;1;1;7;350;29/12/2016
2016018220;1;2;3;1;3;350;15/10/2016
2016018221;1;2;1;7;6;350;18/11/2016
2016018222;3;1;1;8;1;350;02/12/2016
2016018223;2;1;1;5;1;350;11/12/2016
2016018224;1;1;1;5;7;350;17/12/2016
2016018225;3;1;1;1;7;350;26/12/2016
2016018226;1;1;1;1;1;350;05/01/2016
2016018227;1;1;1;1;7;350;23/07/2016
2016018228;1;2;2;1;3;350;30/08/2016
2016018229;3;1;1;1;7;350;09/10/2016
2016018230;3;1;1;2;7;350;21/12/2016
2016018231;2;1;1;5;5;350;23/12/2016
2016018232;1;2;1;1;6;440;12/02/2016
2016018233;1;1;1;1;3;440;18/10/2016
2016018234;1;1;2;2;3;440;20/05/2016
2016018235;1;2;1;1;3;440;13/10/2016
2016018236;1;1;1;9;6;440;15/10/2016
2016018237;1;1;1;1;2;440;02/10/2016
2016018238;1;1;1;1;6;440;11/10/2016
2016018239;1;1;1;1;5;440;19/02/2016
2016018240;1;1;2;1;3;440;03/05/2016
2016018241;1;1;1;1;2;440;03/06/2016
2016018242;1;1;1;1;1;440;04/07/2016
2016018243;4;2;6;1;3;440;24/11/2016
2016018244;1;2;1;1;6;440;03/12/2016
2016018245;3;1;1;1;5;440;07/12/2016
2016018246;1;1;4;5;5;440;10/12/2016
2016018247;1;1;2;1;3;440;12/12/2016
2016018248;3;1;1;5;6;440;18/12/2016
2016018249;1;1;2;8;3;440;19/12/2016
2016018250;1;1;3;1;2;440;04/05/2016
2016018251;1;1;1;1;3;440;24/07/2016
2016018252;1;1;2;1;1;440;08/09/2016
2016018253;3;1;1;1;6;440;02/10/2016
2016018254;1;2;9;1;3;440;18/10/2016
2016018255;1;1;1;1;3;440;24/10/2016
2016018256;1;2;1;7;6;440;28/10/2016
2016018257;1;1;1;1;1;440;26/11/2016
2016018258;3;1;5;5;3;440;26/10/2016
2016018259;1;2;6;7;3;440;29/10/2016
2016018260;1;1;1;7;2;440;31/10/2016
2016018261;3;1;1;8;3;440;15/11/2016
2016018262;5;2;1;1;6;440;04/12/2016
2016018263;1;1;1;1;1;440;13/10/2016
2016018264;3;1;1;1;1;440;29/10/2016
2016018265;1;2;3;1;1;440;06/12/2016
2016018266;1;1;1;1;4;440;07/07/2016
2016018267;1;1;1;1;6;440;09/08/2016
2016018268;1;1;2;2;3;440;15/10/2016
2016018269;1;2;3;1;3;440;17/10/2016
2016018270;1;1;1;1;5;440;06/11/2016
2016018271;1;1;1;7;2;440;03/12/2016
2016018272;1;1;1;1;6;440;05/12/2016
2016018273;1;1;1;2;6;440;16/10/2016
2016018274;1;1;1;2;7;440;12/11/2016
2016018275;1;2;1;1;6;440;12/10/2016
2016018276;1;1;3;1;2;440;22/10/2016
2016018277;1;1;1;1;3;440;22/10/2016
2016018278;1;2;1;1;6;440;25/10/2016
2016018279;1;2;1;1;3;440;05/11/2016
2016018280;2;2;1;1;6;440;28/11/2016
2016018281;1;1;1;1;6;440;13/12/2016
2016018282;1;2;1;1;6;440;15/12/2016
2016018283;2;1;1;5;5;440;17/12/2016
2016018284;2;2;1;1;6;440;27/12/2016
2016018285;3;1;1;2;6;440;24/11/2016
2016018286;3;1;1;5;7;440;30/12/2016
2016018287;1;2;1;1;3;250;19/10/2016
2016018288;1;1;1;1;7;250;16/04/2016
2016018289;1;1;1;2;1;250;02/06/2016
2016018290;1;1;1;1;3;250;24/06/2016
2016018291;1;2;1;2;6;250;30/04/2016
2016018292;3;2;1;1;3;250;07/12/2016
2016018293;3;1;1;1;1;250;08/05/2016
2016018294;1;1;1;1;1;250;20/05/2016
2016018295;1;2;1;1;1;250;20/11/2016
2016018296;1;1;1;1;3;250;09/07/2016
2016018297;3;1;1;1;6;250;19/08/2016
2016018298;1;1;1;2;1;250;22/04/2016
2016018299;1;1;1;1;3;730;31/05/2016
2016018300;1;1;4;1;1;730;07/07/2016
2016018301;1;1;1;1;7;730;25/07/2016
2016018302;3;1;1;1;7;390;15/03/2016
2016018303;2;1;1;1;7;390;03/12/2016
2016018304;1;1;1;1;7;390;25/08/2016
2016018305;1;1;3;7;3;390;09/09/2016
2016018306;3;1;1;1;1;390;17/11/2016
2016018307;1;2;1;1;1;390;03/10/2016
2016018308;1;1;1;1;3;390;28/10/2016
2016018309;1;1;2;5;3;390;14/12/2016
2016018310;3;1;1;1;7;390;01/01/2016
2016018311;1;2;6;1;3;390;01/02/2016
2016018312;1;1;3;1;1;390;27/03/2016
2016018313;1;1;3;1;3;390;30/06/2016
2016018314;2;1;2;1;3;390;08/08/2016
2016018315;3;1;1;1;6;390;21/09/2016
2016018316;1;1;3;1;3;390;25/09/2016
2016018317;1;1;3;1;2;390;07/04/2016
2016018318;3;1;1;1;1;390;22/10/2016
2016018319;1;1;2;1;3;390;12/11/2016
2016018320;1;2;2;7;3;390;26/07/2016
2016018321;2;2;1;1;6;390;01/08/2016
2016018322;1;1;1;1;3;390;11/09/2016
2016018323;3;1;1;5;6;390;27/11/2016
2016018324;3;2;1;1;6;390;19/12/2016
2016018325;2;1;1;1;7;390;18/04/2016
2016018326;1;1;1;1;1;390;06/07/2016
2016018327;2;1;1;3;6;390;18/09/2016
2016018328;1;1;1;1;7;390;23/11/2016
2016018329;1;1;1;8;6;390;19/12/2016
2016018330;1;2;1;1;6;390;14/11/2016
2016018331;1;1;1;3;1;220;02/01/2016
2016018332;1;1;1;1;6;220;09/01/2016
2016018333;3;1;1;2;7;220;19/01/2016
2016018334;5;2;1;6;6;220;26/01/2016
2016018335;1;1;1;1;1;220;24/02/2016
2016018336;1;1;1;1;3;220;09/07/2016
2016018337;1;1;1;1;6;220;13/10/2016
2016018338;3;1;2;1;3;220;15/11/2016
2016018339;3;1;1;2;6;220;20/02/2016
2016018340;1;1;1;1;4;220;20/03/2016
2016018341;2;1;2;1;3;220;10/07/2016
2016018342;1;1;1;1;6;220;22/07/2016
2016018343;4;2;1;1;6;220;03/08/2016
2016018344;3;1;2;1;1;220;01/10/2016
2016018345;1;1;1;1;6;220;29/10/2016
2016018346;1;1;1;1;1;220;11/11/2016
2016018347;2;1;1;2;6;220;23/12/2016
2016018348;1;1;3;1;3;220;12/03/2016
2016018349;4;2;1;1;6;220;14/04/2016
2016018350;1;1;1;1;1;220;20/05/2016
2016018351;1;1;1;1;1;220;05/06/2016
2016018352;1;1;1;1;7;220;16/06/2016
2016018353;1;1;1;1;7;220;07/09/2016
2016018354;2;2;1;5;6;220;10/10/2016
2016018355;1;1;1;1;3;220;29/10/2016
2016018356;1;1;1;1;6;220;30/11/2016
2016018357;5;2;1;1;6;220;09/12/2016
2016018358;3;1;1;1;7;220;04/02/2016
2016018359;1;2;1;1;6;220;03/08/2016
2016018360;1;2;1;1;7;220;24/09/2016
2016018361;2;1;1;1;7;220;29/09/2016
2016018362;3;1;1;5;1;220;25/01/2016
2016018363;3;1;6;2;6;220;31/01/2016
2016018364;1;1;1;1;7;220;22/08/2016
2016018365;1;1;1;3;6;220;02/01/2016
2016018366;1;1;2;6;3;220;02/03/2016
2016018367;1;2;1;1;6;220;07/06/2016
2016018368;1;2;1;1;2;220;03/07/2016
2016018369;1;1;1;1;6;220;23/09/2016
2016018370;1;1;9;1;3;220;28/09/2016
2016018371;3;1;1;1;7;220;30/11/2016
2016018372;1;1;3;2;4;220;23/12/2016
2016018373;1;1;1;3;6;220;05/01/2016
2016018374;1;1;2;1;3;220;08/01/2016
2016018375;1;1;1;1;1;220;16/02/2016
2016018376;1;1;1;6;1;220;09/03/2016
2016018377;2;1;1;1;6;220;04/06/2016
2016018378;1;1;3;1;3;220;25/06/2016
2016018379;1;1;1;1;1;220;18/09/2016
2016018380;1;1;1;1;1;220;30/09/2016
2016018381;1;2;1;1;1;220;05/10/2016
2016018382;1;2;7;1;3;220;14/10/2016
2016018383;3;1;1;1;3;220;11/11/2016
2016018384;1;2;1;2;6;220;22/11/2016
2016018385;1;2;1;1;6;220;11/12/2016
2016018386;3;1;1;1;6;220;10/12/2016
2016018387;3;1;1;1;1;220;08/01/2016
2016018388;1;2;1;3;6;220;17/02/2016
2016018389;1;1;1;2;5;220;27/03/2016
2016018390;1;1;1;1;2;220;28/04/2016
2016018391;1;2;3;1;6;220;11/07/2016
2016018392;1;1;1;3;6;220;15/09/2016
2016018393;1;1;6;8;6;220;19/09/2016
2016018394;3;2;6;5;6;220;30/09/2016
2016018395;2;1;2;1;3;220;06/12/2016
2016018396;1;1;1;1;3;220;22/12/2016
2016018397;1;2;7;1;6;220;27/12/2016
2016018398;1;1;2;1;1;680;30/05/2016
2016018399;1;1;1;7;2;680;23/08/2016
2016018400;1;1;1;1;1;680;26/08/2016
2016018401;5;2;3;1;2;680;27/08/2016
2016018402;3;1;1;1;1;680;02/12/2016
2016018403;1;1;1;1;6;680;17/01/2016
2016018404;1;2;1;2;7;680;19/10/2016
2016018405;1;2;1;1;1;680;22/09/2016
2016018406;1;1;1;1;6;680;25/09/2016
2016018407;5;2;1;1;6;680;23/10/2016
2016018408;3;1;1;1;6;680;30/10/2016
2016018409;1;1;3;2;3;680;07/01/2016
2016018410;2;2;1;4;2;680;19/01/2016
2016018411;5;1;1;2;7;680;14/02/2016
2016018412;1;1;1;1;7;680;27/06/2016
2016018413;1;1;1;1;1;680;05/07/2016
2016018414;3;1;1;5;7;680;22/12/2016
2016018415;1;2;1;1;1;680;08/04/2016
2016018416;3;1;1;1;6;680;19/09/2016
2016018417;1;2;1;1;1;680;22/10/2016
2016018418;1;1;4;1;1;680;06/11/2016
2016018419;5;2;1;1;2;680;24/12/2016
2016018420;1;2;1;1;3;680;28/06/2016
2016018421;1;1;1;8;6;680;25/03/2016
2016018422;1;2;1;1;6;680;07/07/2016
2016018423;2;1;1;2;6;680;21/11/2016
2016018424;2;2;1;1;3;340;18/02/2016
2016018425;1;1;1;9;6;340;11/03/2016
2016018426;1;1;1;1;6;340;17/05/2016
2016018427;1;1;1;1;3;340;18/05/2016
2016018428;3;1;1;1;6;340;30/01/2016
2016018429;1;2;1;7;6;340;06/12/2016
2016018430;1;2;1;2;6;340;20/12/2016
2016018431;1;1;1;1;6;340;10/01/2016
2016018432;3;1;1;2;6;340;22/01/2016
2016018433;1;1;1;1;6;340;25/02/2016
2016018434;3;1;1;2;6;340;02/03/2016
2016018435;1;1;1;1;5;340;12/05/2016
2016018436;1;2;1;1;1;340;24/06/2016
2016018437;1;2;1;1;6;340;06/07/2016
2016018438;2;2;1;1;6;340;18/07/2016
2016018439;5;2;1;1;6;340;26/07/2016
2016018440;1;2;1;1;2;340;26/07/2016
2016018441;3;1;1;1;2;340;22/10/2016
2016018442;3;1;2;2;3;340;04/11/2016
2016018443;3;1;1;1;7;340;06/12/2016
2016018444;2;2;1;1;1;340;08/02/2016
2016018445;4;2;2;1;6;150;09/02/2016
2016018446;1;1;1;3;3;150;10/02/2016
2016018447;1;1;3;1;3;150;07/04/2016
2016018448;5;2;2;1;3;150;07/12/2016
2016018449;1;2;1;1;6;150;26/07/2016
2016018450;1;2;3;7;6;150;28/12/2016
2016018451;5;2;1;1;6;150;31/07/2016
2016018452;1;2;1;1;6;150;04/10/2016
2016018453;1;2;1;1;7;150;02/10/2016
2016018454;5;2;1;3;6;150;25/10/2016
2016018455;1;2;3;1;3;150;01/10/2016
2016018456;5;2;1;3;6;150;22/11/2016
2016018457;4;2;1;2;6;150;24/11/2016
2016018458;5;2;1;1;6;150;07/11/2016
2016018459;1;2;1;1;6;340;08/02/2016
2016018460;1;2;1;1;3;340;06/04/2016
2016018461;1;1;1;2;1;340;08/05/2016
2016018462;3;1;1;2;1;340;31/05/2016
2016018463;1;1;1;1;6;860;12/08/2016
2016018464;1;1;1;1;3;860;04/10/2016
2016018465;1;1;1;1;6;860;06/11/2016
2016018466;2;1;1;1;1;860;06/11/2016
2016018467;2;1;1;1;3;860;13/01/2016
2016018468;3;1;1;2;6;860;25/03/2016
2016018469;1;2;1;7;2;860;17/07/2016
2016018470;1;1;1;1;7;860;26/07/2016
2016018471;1;1;1;1;7;860;26/08/2016
2016018472;3;1;9;1;7;860;26/08/2016
2016018473;3;1;1;8;7;860;10/11/2016
2016018474;3;1;1;2;7;860;23/11/2016
2016018475;1;1;2;1;3;860;23/07/2016
2016018476;1;1;1;2;1;860;29/07/2016
2016018477;1;1;1;1;1;860;05/06/2016
2016018478;1;2;6;1;3;290;16/09/2016
2016018479;1;1;1;1;1;290;10/12/2016
2016018480;1;1;1;1;5;410;04/05/2016
2016018481;4;1;1;3;2;410;10/06/2016
2016018482;1;1;1;1;7;410;01/07/2016
2016018483;1;1;4;1;3;410;01/07/2016
2016018484;1;1;1;1;7;410;05/07/2016
2016018485;1;1;1;1;3;410;10/07/2016
2016018486;1;2;1;1;3;410;18/07/2016
2016018487;1;1;1;5;3;410;20/09/2016
2016018488;1;1;1;1;6;410;01/10/2016
2016018489;5;2;3;1;3;410;28/10/2016
2016018490;5;2;1;3;3;410;12/11/2016
2016018491;1;1;1;1;6;410;12/12/2016
2016018492;5;2;1;1;1;410;31/01/2016
2016018493;1;1;2;1;3;410;06/03/2016
2016018494;1;1;1;1;3;410;01/04/2016
2016018495;1;2;1;1;6;410;03/03/2016
2016018496;1;2;1;1;6;410;27/04/2016
2016018497;1;1;1;1;7;410;03/05/2016
2016018498;2;1;2;1;3;410;28/05/2016
2016018499;3;1;1;1;6;410;18/06/2016
2016018500;1;1;1;1;5;410;25/06/2016
2016018501;3;1;1;2;6;410;28/06/2016
2016018502;1;1;1;7;1;410;30/06/2016
2016018503;1;2;1;1;7;410;09/07/2016
2016018504;3;1;1;1;6;410;13/08/2016
2016018505;1;2;1;1;6;410;23/08/2016
2016018506;2;2;1;1;2;410;19/09/2016
2016018507;5;2;2;1;3;410;04/10/2016
2016018508;1;2;1;1;6;410;09/10/2016
2016018509;2;2;1;5;2;410;27/10/2016
2016018510;3;1;1;5;7;410;01/11/2016
2016018511;1;2;3;1;3;410;13/11/2016
2016018512;1;1;1;1;6;410;15/12/2016
2016018513;3;1;1;1;1;410;16/12/2016
2016018514;3;1;1;1;6;410;19/12/2016
2016018515;1;1;2;2;3;410;22/12/2016
2016018516;1;2;3;7;3;410;12/01/2016