num_acc;lum;agg;inter;atm;col;dep;date
2016019669;5;2;1;1;6;160;03/04/2016
2016019670;1;1;1;1;1;160;16/06/2016
2016019671;1;2;1;1;6;160;04/09/2016
2016019672;1;2;1;1;5;160;30/05/2016
2016019673;1;2;1;1;6;160;15/05/2016
2016019674;1;1;1;1;1;160;16/09/2016
2016019675;2;2;1;1;1;160;10/09/2016
2016019676;1;2;1;1;7;160;08/10/2016
2016019677;5;2;1;1;7;160;05/10/2016
2016019678;1;2;1;1;3;160;11/10/2016
2016019679;1;2;1;1;2;160;03/07/2016
2016019680;1;2;1;1;6;160;20/08/2016
2016019681;1;2;6;1;6;160;20/08/2016
2016019682;1;2;1;1;6;160;02/08/2016
2016019683;1;1;1;2;1;160;25/10/2016
2016019684;5;2;1;8;1;160;25/11/2016
2016019685;2;2;1;1;6;160;06/09/2016
2016019686;2;2;1;1;6;160;12/11/2016
2016019687;5;2;1;1;6;160;19/12/2016
2016019688;1;2;1;1;6;160;16/12/2016
2016019689;1;2;6;1;3;160;19/04/2016
2016019690;1;2;1;2;3;160;30/05/2016
2016019691;5;2;2;1;3;160;17/06/2016
2016019692;1;2;1;1;5;160;20/06/2016
2016019693;1;2;1;1;1;160;05/07/2016
2016019694;1;2;4;1;3;160;22/08/2016
2016019695;1;2;6;1;3;160;04/09/2016
2016019696;2;2;3;1;3;160;26/09/2016
2016019697;1;2;2;1;6;160;05/10/2016
2016019698;2;2;1;1;6;160;06/10/2016
2016019699;2;2;2;1;3;160;21/11/2016
2016019700;1;1;1;1;1;770;24/05/2016
2016019701;3;1;1;1;6;770;12/08/2016
2016019702;1;1;3;1;3;770;12/12/2016
2016019703;1;2;1;1;3;690;07/07/2016
2016019704;4;2;1;8;6;690;22/07/2016
2016019705;1;2;1;1;7;690;11/09/2016
2016019706;2;2;1;2;6;690;25/10/2016
2016019707;1;2;3;1;3;590;05/03/2016
2016019708;1;2;6;1;6;660;04/02/2016
2016019709;1;1;1;1;7;660;05/06/2016
2016019710;4;1;1;2;7;660;17/12/2016
2016019711;1;2;1;1;1;600;23/01/2016
2016019712;1;1;1;1;7;50;18/08/2016
2016019713;1;2;6;1;7;170;03/12/2016
2016019714;5;2;1;2;6;170;11/02/2016
2016019715;1;2;1;1;6;170;14/12/2016
2016019716;1;1;1;1;2;170;19/03/2016
2016019717;5;2;2;1;3;170;26/12/2016
2016019718;1;2;3;1;3;170;02/04/2016
2016019719;1;2;1;1;6;170;30/12/2016
2016019720;1;2;1;1;2;170;08/04/2016
2016019721;1;2;1;1;3;170;15/04/2016
2016019722;1;2;1;1;2;170;14/05/2016
2016019723;1;2;2;1;3;170;25/05/2016
2016019724;1;2;1;1;7;170;28/05/2016
2016019725;1;2;1;1;3;170;31/05/2016
2016019726;1;2;2;1;3;170;12/06/2016
2016019727;2;2;2;1;7;170;13/06/2016
2016019728;1;2;1;1;7;170;05/07/2016
2016019729;1;2;2;1;3;170;07/07/2016
2016019730;1;2;1;1;7;170;09/07/2016
2016019731;1;1;1;1;2;170;11/07/2016
2016019732;1;2;1;1;7;170;30/07/2016
2016019733;1;2;2;1;3;170;16/08/2016
2016019734;1;1;1;1;1;170;10/08/2016
2016019735;1;1;1;1;7;170;03/09/2016
2016019736;1;2;1;1;2;170;23/09/2016
2016019737;1;2;1;1;6;170;05/10/2016
2016019738;5;2;6;1;7;170;13/10/2016
2016019739;1;2;1;1;7;170;15/10/2016
2016019740;5;2;1;3;7;170;09/11/2016
2016019741;1;2;1;2;6;170;09/11/2016
2016019742;2;1;1;1;1;170;25/11/2016
2016019743;2;2;1;1;7;170;02/12/2016
2016019744;5;2;2;1;6;170;30/12/2016
2016019745;1;2;1;1;3;170;01/01/2016
2016019746;3;1;1;1;2;170;31/12/2016
2016019747;4;1;1;3;4;170;03/01/2016
2016019748;4;1;1;3;2;170;03/01/2016
2016019749;5;1;1;3;4;170;03/01/2016
2016019750;4;2;1;2;7;170;04/01/2016
2016019751;5;2;2;2;6;170;04/01/2016
2016019752;1;2;1;1;6;170;06/01/2016
2016019753;5;2;2;2;3;170;06/01/2016
2016019754;2;2;1;2;7;170;07/01/2016
2016019755;1;2;1;1;6;170;07/01/2016
2016019756;1;2;1;2;2;170;08/01/2016
2016019757;1;2;2;2;3;170;10/01/2016
2016019758;5;2;1;3;1;170;12/01/2016
2016019759;5;1;1;1;7;170;14/01/2016
2016019760;1;2;2;1;6;170;19/01/2016
2016019761;1;1;1;1;2;170;20/01/2016
2016019762;5;2;1;1;6;170;23/01/2016
2016019763;1;1;1;1;4;170;25/01/2016
2016019764;1;1;1;1;6;170;26/01/2016
2016019765;5;2;1;1;2;170;27/01/2016
2016019766;2;2;2;2;3;170;28/01/2016
2016019767;5;2;1;1;6;170;31/01/2016
2016019768;1;2;1;1;5;170;01/02/2016
2016019769;1;2;1;1;2;170;02/02/2016
2016019770;5;1;1;2;2;170;02/02/2016
2016019771;5;2;6;2;6;170;02/02/2016
2016019772;1;2;3;2;3;170;03/02/2016
2016019773;2;2;1;1;2;170;03/02/2016
2016019774;1;2;1;1;6;170;05/02/2016
2016019775;1;2;1;2;7;170;06/02/2016
2016019776;5;1;1;1;6;170;06/02/2016
2016019777;5;2;2;1;3;170;08/02/2016
2016019778;1;2;2;1;6;170;09/02/2016
2016019779;1;2;1;2;6;170;10/02/2016
2016019780;5;2;1;2;2;170;11/02/2016
2016019781;1;2;1;1;1;170;11/02/2016
2016019782;1;2;1;1;6;170;12/02/2016
2016019783;1;2;1;1;6;170;12/02/2016
2016019784;1;2;1;1;2;170;12/02/2016
2016019785;5;2;1;2;3;170;22/02/2016
2016019786;5;2;1;1;6;170;28/02/2016
2016019787;2;1;1;1;7;170;01/03/2016
2016019788;1;2;1;2;3;170;02/03/2016
2016019789;1;2;1;1;3;170;02/03/2016
2016019790;1;1;1;1;7;170;03/03/2016
2016019791;1;2;1;1;2;170;04/03/2016
2016019792;1;2;1;2;1;170;09/03/2016
2016019793;1;2;1;1;3;170;16/03/2016
2016019794;1;2;1;1;6;170;16/03/2016
2016019795;1;2;1;1;2;170;18/03/2016
2016019796;1;2;1;1;6;170;21/03/2016
2016019797;1;2;2;1;3;170;24/03/2016
2016019798;1;2;1;2;2;170;27/03/2016
2016019799;1;2;6;1;3;170;27/03/2016
2016019800;1;2;1;1;2;170;01/04/2016
2016019801;5;2;1;1;5;170;01/04/2016
2016019802;1;1;1;1;2;170;03/04/2016
2016019803;5;2;1;2;6;170;03/04/2016
2016019804;1;2;1;1;4;170;04/04/2016
2016019805;1;2;1;2;6;170;04/04/2016
2016019806;1;2;6;1;6;170;06/04/2016
2016019807;1;2;2;1;6;170;06/04/2016
2016019808;3;1;1;1;2;170;10/04/2016
2016019809;1;2;1;1;2;170;11/04/2016
2016019810;5;2;1;1;6;170;12/04/2016
2016019811;1;2;3;1;3;170;12/04/2016
2016019812;1;2;1;1;4;170;12/04/2016
2016019813;1;2;3;1;6;170;12/04/2016
2016019814;1;2;1;1;4;170;13/04/2016
2016019815;1;2;1;1;6;170;14/04/2016
2016019816;1;2;1;2;6;170;14/04/2016
2016019817;1;2;1;1;6;170;15/04/2016
2016019818;1;2;3;1;1;170;15/04/2016
2016019819;1;2;3;1;3;170;16/04/2016
2016019820;1;2;3;1;3;170;18/04/2016
2016019821;1;1;1;1;1;170;23/04/2016
2016019822;1;2;1;1;1;170;03/05/2016
2016019823;1;2;1;1;1;170;03/05/2016
2016019824;3;1;1;1;6;170;03/05/2016
2016019825;1;2;1;1;3;170;06/05/2016
2016019826;1;2;1;1;1;170;09/05/2016
2016019827;5;2;1;1;6;170;11/05/2016
2016019828;5;2;1;1;7;170;16/05/2016
2016019829;1;2;1;1;2;170;17/05/2016
2016019830;1;2;1;2;2;170;18/05/2016
2016019831;1;1;2;1;3;170;20/05/2016
2016019832;5;2;1;1;6;170;22/05/2016
2016019833;1;2;1;1;7;170;23/05/2016
2016019834;1;2;1;1;3;170;23/05/2016
2016019835;2;2;1;1;1;170;23/05/2016
2016019836;1;2;1;1;4;170;24/05/2016
2016019837;1;2;1;1;6;170;26/05/2016
2016019838;1;1;1;1;3;170;27/05/2016
2016019839;1;2;1;1;3;170;27/05/2016
2016019840;5;2;1;1;7;170;29/05/2016
2016019841;1;1;1;1;2;170;31/05/2016
2016019842;1;2;1;1;3;170;03/06/2016
2016019843;1;2;1;1;3;170;03/06/2016
2016019844;1;2;1;1;3;170;06/06/2016
2016019845;1;1;1;1;6;170;08/06/2016
2016019846;1;2;2;1;3;170;08/06/2016
2016019847;1;2;1;1;1;170;10/06/2016
2016019848;1;2;1;1;2;170;11/06/2016
2016019849;1;1;1;1;2;170;13/06/2016
2016019850;1;2;1;1;6;170;13/06/2016
2016019851;1;2;1;1;2;170;16/06/2016
2016019852;1;2;2;1;3;170;17/06/2016
2016019853;1;2;2;1;3;170;19/06/2016
2016019854;1;2;1;1;2;170;20/06/2016
2016019855;1;2;1;1;5;170;21/06/2016
2016019856;5;2;2;1;3;170;21/06/2016
2016019857;5;2;1;1;6;170;23/06/2016
2016019858;1;2;1;1;3;170;23/06/2016
2016019859;1;2;2;1;3;170;23/06/2016
2016019860;1;2;2;1;3;170;24/06/2016
2016019861;1;2;2;1;3;170;25/06/2016
2016019862;1;2;2;1;3;170;25/06/2016
2016019863;5;2;1;1;6;170;26/06/2016
2016019864;1;2;1;1;2;170;28/06/2016
2016019865;1;2;3;2;3;170;28/06/2016
2016019866;1;2;2;2;1;170;28/06/2016
2016019867;1;1;1;1;4;170;28/06/2016
2016019868;5;1;1;1;5;170;28/06/2016
2016019869;1;2;1;1;6;170;01/07/2016
2016019870;1;2;1;1;6;170;03/07/2016
2016019871;1;1;1;1;4;170;05/07/2016
2016019872;1;2;1;1;3;170;05/07/2016
2016019873;1;2;1;1;3;170;06/07/2016
2016019874;1;2;3;1;3;170;06/07/2016
2016019875;1;2;1;1;3;170;08/07/2016
2016019876;1;2;1;1;6;170;14/07/2016
2016019877;1;1;1;1;6;170;16/07/2016
2016019878;5;2;1;1;6;170;17/07/2016
2016019879;5;1;1;1;2;170;17/07/2016
2016019880;1;2;1;1;4;170;17/07/2016
2016019881;1;2;1;1;3;170;18/07/2016
2016019882;1;2;6;1;6;170;21/07/2016
2016019883;1;1;1;1;1;170;21/07/2016
2016019884;1;2;1;1;7;170;25/07/2016
2016019885;1;2;2;1;3;170;26/07/2016
2016019886;1;2;4;1;3;170;26/07/2016
2016019887;1;2;2;1;3;170;26/07/2016
2016019888;1;2;1;1;3;170;30/07/2016
2016019889;1;2;1;1;2;170;01/08/2016
2016019890;1;1;1;1;2;170;02/08/2016
2016019891;1;2;2;1;3;170;02/08/2016
2016019892;1;2;1;1;2;170;03/08/2016
2016019893;1;2;2;1;3;170;04/08/2016
2016019894;1;2;1;1;6;170;09/08/2016
2016019895;1;1;1;1;2;170;10/08/2016
2016019896;5;2;2;1;3;170;11/08/2016
2016019897;1;2;3;1;3;170;22/08/2016
2016019898;1;2;6;1;6;170;22/08/2016
2016019899;1;2;1;1;6;170;24/08/2016
2016019900;1;2;1;1;6;170;27/08/2016
2016019901;1;2;1;1;6;170;28/08/2016
2016019902;1;2;3;1;2;170;29/08/2016
2016019903;1;2;1;1;2;170;30/08/2016
2016019904;1;2;1;1;3;170;30/08/2016
2016019905;5;2;3;1;3;170;30/08/2016
2016019906;1;2;2;1;6;170;02/09/2016
2016019907;1;1;1;1;2;170;04/09/2016
2016019908;5;2;1;1;7;170;04/09/2016
2016019909;5;2;1;1;6;170;04/09/2016
2016019910;1;2;1;1;2;170;06/09/2016
2016019911;1;2;1;1;7;170;06/09/2016
2016019912;1;2;9;1;3;170;10/09/2016
2016019913;1;1;1;1;6;170;11/09/2016
2016019914;5;2;1;1;7;170;15/09/2016
2016019915;1;2;2;1;2;170;15/09/2016
2016019916;1;2;3;1;3;170;23/09/2016
2016019917;1;1;1;1;4;170;23/09/2016
2016019918;5;2;1;1;6;170;24/09/2016
2016019919;1;2;1;1;7;170;24/09/2016
2016019920;5;2;1;1;2;170;25/09/2016
2016019921;1;2;1;1;3;170;25/09/2016
2016019922;5;2;3;1;3;170;27/09/2016
2016019923;1;2;1;1;3;170;28/09/2016
2016019924;5;2;1;1;6;170;28/09/2016
2016019925;1;2;2;1;3;170;29/09/2016
2016019926;1;2;1;1;6;170;30/09/2016
2016019927;2;2;1;1;7;170;02/10/2016
2016019928;1;2;2;1;3;170;02/10/2016
2016019929;1;2;3;1;3;170;04/10/2016
2016019930;1;2;1;1;6;170;05/10/2016
2016019931;1;2;1;1;3;170;05/10/2016
2016019932;1;2;2;1;1;170;06/10/2016
2016019933;1;1;1;1;6;170;06/10/2016
2016019934;1;1;1;1;2;170;07/10/2016
2016019935;1;1;1;1;2;170;07/10/2016
2016019936;5;2;1;1;6;170;08/10/2016
2016019937;1;2;1;1;6;170;11/10/2016
2016019938;1;2;2;1;6;170;12/10/2016
2016019939;1;2;2;1;6;170;12/10/2016
2016019940;1;2;3;1;3;170;14/10/2016
2016019941;5;2;1;1;6;170;14/10/2016
2016019942;1;1;6;1;3;170;15/10/2016
2016019943;5;2;1;1;6;170;16/10/2016
2016019944;1;2;6;1;3;170;17/10/2016
2016019945;1;2;2;1;1;170;17/10/2016
2016019946;1;2;1;1;6;170;18/10/2016
2016019947;1;2;1;1;6;170;20/10/2016
2016019948;1;1;6;1;6;170;22/10/2016
2016019949;1;1;1;2;6;170;24/10/2016
2016019950;1;2;4;1;3;170;26/10/2016
2016019951;1;2;1;1;7;170;28/10/2016
2016019952;1;2;2;1;6;170;02/11/2016
2016019953;1;2;1;1;2;170;02/11/2016
2016019954;5;2;1;2;3;170;04/11/2016
2016019955;1;2;3;1;3;170;05/11/2016
2016019956;5;2;2;1;3;170;05/11/2016
2016019957;5;2;2;1;1;170;06/11/2016
2016019958;5;1;1;1;6;170;06/11/2016
2016019959;1;1;4;1;4;170;08/11/2016
2016019960;2;2;2;6;3;170;09/11/2016
2016019961;1;2;2;1;3;170;09/11/2016
2016019962;1;2;2;1;2;170;13/11/2016
2016019963;5;2;1;1;6;170;16/11/2016
2016019964;5;2;1;1;6;170;17/11/2016
2016019965;5;2;1;2;6;170;18/11/2016
2016019966;5;2;1;1;3;170;18/11/2016
2016019967;1;1;1;1;4;170;18/11/2016
2016019968;2;2;1;2;2;170;18/11/2016
2016019969;5;2;1;2;3;170;20/11/2016
2016019970;5;2;1;2;6;170;23/11/2016
2016019971;1;1;1;2;3;170;24/11/2016
2016019972;5;2;1;1;6;170;24/11/2016
2016019973;1;2;1;1;3;170;25/11/2016
2016019974;5;1;1;1;1;170;27/11/2016
2016019975;1;1;1;1;3;170;25/11/2016
2016019976;1;2;1;1;3;170;30/11/2016
2016019977;1;1;1;1;5;170;01/12/2016
2016019978;3;1;1;9;7;170;03/12/2016
2016019979;1;2;2;1;3;170;04/12/2016
2016019980;1;2;1;1;2;170;05/12/2016
2016019981;1;2;1;1;6;170;07/12/2016
2016019982;1;2;2;1;3;170;09/12/2016
2016019983;5;2;2;1;3;170;10/12/2016
2016019984;1;2;1;1;3;170;12/12/2016
2016019985;1;1;1;1;7;170;12/12/2016
2016019986;1;2;1;1;6;170;12/12/2016
2016019987;1;2;1;1;3;170;15/12/2016
2016019988;5;2;1;2;7;170;16/12/2016
2016019989;1;2;1;1;3;170;16/12/2016
2016019990;5;2;1;1;2;170;16/12/2016
2016019991;5;2;1;3;2;170;22/12/2016
2016019992;1;2;1;2;3;170;22/12/2016
2016019993;1;2;1;1;3;170;29/12/2016
2016019994;1;2;1;1;6;170;02/11/2016
2016019995;1;2;6;1;6;170;23/11/2016
2016019996;5;2;1;1;6;170;05/10/2016
2016019997;1;2;1;1;6;170;03/01/2016
2016019998;5;2;1;1;6;170;08/01/2016
2016019999;5;2;1;1;6;170;08/01/2016
2016020000;1;2;3;1;3;170;12/01/2016
2016020001;1;2;1;1;6;170;15/01/2016
2016020002;1;2;6;1;6;170;18/01/2016
2016020003;1;2;1;1;2;170;15/01/2016
2016020004;1;2;1;1;2;170;02/02/2016
2016020005;1;1;1;1;6;170;05/02/2016
2016020006;1;2;1;1;6;170;12/02/2016
2016020007;3;1;1;1;1;170;14/02/2016
2016020008;1;2;1;1;3;170;01/03/2016
2016020009;5;2;2;1;3;170;05/04/2016
2016020010;1;2;2;1;3;170;11/04/2016
2016020011;1;1;1;1;3;170;17/04/2016
2016020012;1;2;1;1;1;170;24/04/2016
2016020013;1;1;1;1;6;170;04/05/2016
2016020014;1;2;1;1;6;170;08/05/2016
2016020015;5;2;1;1;7;170;08/05/2016
2016020016;1;2;2;1;3;170;11/05/2016
2016020017;1;2;1;1;5;170;15/05/2016
2016020018;3;2;1;1;6;170;19/05/2016
2016020019;1;2;3;1;6;170;21/05/2016
2016020020;1;2;6;1;3;170;21/05/2016
2016020021;2;2;1;1;6;170;05/06/2016
2016020022;1;1;1;1;1;170;09/06/2016
2016020023;1;2;1;1;2;170;09/06/2016
2016020024;1;2;1;1;6;170;19/06/2016
2016020025;1;2;1;1;7;170;21/06/2016
2016020026;1;2;3;1;3;170;22/06/2016
2016020027;1;2;1;1;2;170;30/06/2016
2016020028;1;2;5;1;1;170;04/07/2016
2016020029;1;2;1;1;2;170;09/07/2016
2016020030;1;1;2;1;3;170;11/07/2016
2016020031;5;1;1;1;1;170;12/07/2016
2016020032;5;1;1;1;4;170;12/07/2016
2016020033;1;1;1;1;4;170;17/07/2016
2016020034;1;2;1;1;6;170;19/07/2016
2016020035;1;2;1;1;6;170;19/07/2016
2016020036;5;2;6;1;6;170;20/07/2016
2016020037;1;1;1;1;2;170;22/07/2016
2016020038;1;1;1;1;3;170;31/07/2016
2016020039;1;1;1;1;1;170;02/08/2016
2016020040;1;2;1;1;6;170;03/08/2016
2016020041;5;2;1;1;2;170;04/08/2016
2016020042;1;2;6;1;3;170;05/08/2016
2016020043;1;2;1;1;2;170;08/08/2016
2016020044;1;2;1;1;2;170;08/08/2016
2016020045;1;2;1;1;3;170;09/08/2016
2016020046;1;1;1;1;3;170;12/08/2016
2016020047;5;2;1;1;3;170;15/08/2016
2016020048;1;2;1;1;6;170;20/08/2016
2016020049;1;2;1;1;6;170;22/08/2016
2016020050;1;2;1;1;6;170;26/08/2016
2016020051;1;2;1;1;6;170;28/08/2016
2016020052;1;2;4;1;3;170;31/08/2016
2016020053;1;2;1;1;6;170;03/09/2016
2016020054;1;2;1;1;6;170;05/09/2016
2016020055;1;2;1;1;3;170;23/09/2016
2016020056;1;2;1;1;6;170;06/10/2016
2016020057;1;1;1;1;3;170;07/10/2016
2016020058;1;2;1;1;6;170;07/10/2016
2016020059;1;2;1;1;2;170;19/10/2016
2016020060;1;2;1;1;3;170;26/10/2016
2016020061;1;2;6;1;6;170;27/10/2016
2016020062;1;2;1;1;6;170;28/10/2016
2016020063;1;2;1;1;6;170;29/10/2016
2016020064;1;2;3;1;3;170;31/10/2016
2016020065;1;2;6;1;6;170;03/11/2016
2016020066;1;1;1;1;4;170;12/11/2016
2016020067;1;2;1;1;6;170;14/11/2016
2016020068;1;2;2;1;3;170;17/11/2016
2016020069;5;2;2;1;3;170;18/11/2016
2016020070;1;1;1;1;5;170;21/11/2016
2016020071;1;2;1;1;6;170;24/11/2016
2016020072;1;2;2;1;3;170;24/11/2016
2016020073;1;2;1;1;6;170;28/11/2016
2016020074;1;2;6;1;3;170;29/11/2016
2016020075;1;2;3;1;3;170;29/11/2016
2016020076;1;2;1;1;6;170;03/12/2016
2016020077;1;2;1;1;6;170;16/12/2016
2016020078;1;1;1;4;6;270;14/01/2016
2016020079;1;2;1;1;6;270;23/02/2016
2016020080;1;1;1;1;3;270;09/05/2016
2016020081;1;1;1;2;1;270;20/06/2016
2016020082;1;1;2;1;3;270;10/09/2016
2016020083;3;1;1;1;1;270;29/10/2016
2016020084;1;1;1;1;6;270;30/10/2016
2016020085;3;1;1;1;2;270;06/11/2016
2016020086;2;1;1;1;1;270;27/11/2016
2016020087;1;2;7;8;7;400;25/11/2016
2016020088;3;1;1;2;6;610;06/03/2016
2016020089;1;1;1;1;6;610;17/04/2016
2016020090;1;1;1;8;6;610;30/05/2016
2016020091;2;1;1;1;7;610;11/06/2016
2016020092;3;1;1;1;2;610;19/08/2016
2016020093;2;1;9;5;6;610;15/11/2016
2016020094;1;1;1;8;6;610;18/11/2016
2016020095;1;1;1;1;6;610;25/11/2016
2016020096;1;1;1;1;6;610;11/12/2016
2016020097;2;1;1;9;7;610;12/12/2016
2016020098;5;2;1;1;6;170;31/12/2016
2016020099;2;2;1;1;2;170;01/01/2016
2016020100;5;2;1;1;3;170;02/01/2016
2016020101;2;2;6;1;2;170;06/01/2016
2016020102;2;2;1;1;3;170;07/01/2016
2016020103;2;2;3;1;3;170;12/01/2016
2016020104;5;2;1;2;6;170;12/01/2016
2016020105;1;1;1;1;4;170;14/01/2016
2016020106;1;1;1;1;2;170;22/01/2016
2016020107;1;1;1;1;2;170;24/01/2016
2016020108;1;2;3;1;6;170;05/02/2016
2016020109;5;2;1;1;3;170;05/02/2016
2016020110;1;2;1;1;6;170;18/02/2016
2016020111;1;2;6;1;1;170;19/02/2016
2016020112;1;1;1;1;1;170;04/03/2016
2016020113;1;2;6;1;3;170;18/03/2016
2016020114;1;1;1;1;2;170;25/03/2016
2016020115;2;2;1;1;2;170;28/03/2016
2016020116;1;2;1;1;1;170;01/04/2016
2016020117;5;2;2;1;3;170;04/04/2016
2016020118;1;2;2;1;3;170;08/04/2016
2016020119;2;2;6;1;3;170;11/04/2016
2016020120;5;2;1;1;6;170;13/04/2016
2016020121;1;2;2;1;1;170;20/04/2016
2016020122;1;2;1;1;3;170;27/04/2016
2016020123;1;2;3;1;3;170;29/04/2016
2016020124;2;1;1;1;6;170;07/05/2016
2016020125;1;1;3;1;1;170;12/05/2016
2016020126;1;1;1;1;6;170;19/05/2016
2016020127;1;2;1;1;2;170;01/06/2016
2016020128;1;1;1;1;5;170;03/06/2016
2016020129;1;2;1;1;2;170;09/06/2016
2016020130;1;2;2;1;2;170;24/06/2016
2016020131;1;2;3;1;3;170;09/07/2016
2016020132;1;2;3;1;6;170;13/07/2016
2016020133;3;1;1;1;6;170;21/07/2016
2016020134;5;1;3;1;3;170;29/07/2016
2016020135;1;2;1;1;6;170;09/08/2016
2016020136;1;2;1;1;2;170;11/08/2016
2016020137;1;2;1;1;2;170;11/08/2016
2016020138;1;2;1;1;3;170;13/08/2016
2016020139;2;2;9;1;2;170;13/07/2016
2016020140;1;2;1;1;6;170;14/08/2016
2016020141;2;1;9;1;2;170;13/08/2016
2016020142;1;2;1;1;1;170;17/08/2016
2016020143;1;1;1;1;1;170;22/08/2016
2016020144;1;2;7;1;6;170;26/08/2016
2016020145;1;2;1;1;1;170;02/09/2016
2016020146;1;2;1;1;6;170;07/09/2016
2016020147;1;1;1;1;6;170;08/09/2016
2016020148;2;2;2;1;1;170;11/09/2016
2016020149;1;2;1;1;6;170;15/09/2016
2016020150;1;2;1;1;1;170;16/09/2016
2016020151;1;2;6;1;3;170;05/10/2016
2016020152;2;2;1;1;2;170;13/10/2016
2016020153;1;2;6;1;2;170;09/11/2016
2016020154;5;1;6;1;4;170;21/11/2016
2016020155;1;1;1;1;1;170;26/11/2016
2016020156;1;2;4;1;3;170;01/12/2016
2016020157;1;2;6;1;3;170;05/12/2016
2016020158;5;2;6;1;3;170;08/12/2016
2016020159;1;1;1;1;6;170;09/12/2016
2016020160;1;2;1;1;6;170;09/12/2016
2016020161;1;2;1;1;3;170;09/12/2016
2016020162;1;2;9;1;1;170;09/12/2016
2016020163;2;1;1;1;5;170;13/12/2016
2016020164;1;1;6;1;4;170;20/12/2016
2016020165;1;1;1;4;7;370;14/02/2016
2016020166;1;1;1;1;7;370;10/07/2016
2016020167;1;1;1;1;2;370;19/07/2016
2016020168;1;1;1;1;1;370;04/08/2016
2016020169;1;1;1;1;2;370;23/08/2016
2016020170;2;1;1;2;2;370;27/10/2016
2016020171;1;1;1;1;6;370;28/10/2016
2016020172;1;1;1;1;2;370;27/12/2016
2016020173;3;1;1;2;6;340;22/01/2016
2016020174;3;1;1;3;3;340;27/03/2016
2016020175;1;2;1;1;7;340;25/04/2016
2016020176;1;2;1;1;6;340;16/06/2016
2016020177;1;2;1;1;3;340;24/06/2016
2016020178;1;2;1;1;3;340;18/07/2016
2016020179;1;1;1;1;1;340;06/08/2016
2016020180;1;1;1;1;6;340;22/08/2016
2016020181;1;1;1;1;5;340;03/10/2016
2016020182;1;1;1;1;2;340;18/11/2016
2016020183;3;1;1;1;6;340;28/11/2016
2016020184;1;2;2;1;3;340;28/11/2016
2016020185;1;2;1;1;3;340;02/12/2016
2016020186;3;1;1;1;5;340;12/12/2016
2016020187;1;2;1;1;6;660;06/04/2016
2016020188;1;1;1;1;6;660;17/09/2016
2016020189;3;1;1;1;6;300;02/01/2016
2016020190;3;1;1;1;7;300;05/01/2016
2016020191;1;2;1;1;7;300;06/01/2016
2016020192;3;1;1;2;1;300;13/02/2016
2016020193;1;1;1;1;2;300;15/02/2016
2016020194;1;2;1;1;1;300;17/03/2016
2016020195;3;1;1;1;6;300;12/03/2016
2016020196;1;2;1;1;1;300;14/04/2016
2016020197;3;1;1;1;6;300;15/06/2016
2016020198;1;1;1;1;3;300;24/06/2016
2016020199;1;1;1;1;2;300;29/06/2016
2016020200;1;1;1;1;3;300;26/07/2016
2016020201;1;1;1;1;1;300;03/08/2016
2016020202;1;1;1;1;6;300;08/09/2016
2016020203;3;1;1;1;3;300;16/09/2016
2016020204;1;1;3;1;3;300;04/10/2016
2016020205;1;1;3;1;3;300;31/10/2016
2016020206;3;1;1;1;2;300;16/11/2016
2016020207;1;1;1;1;2;300;30/11/2016
2016020208;1;2;1;1;1;300;30/11/2016
2016020209;1;1;1;1;6;300;16/12/2016
2016020210;1;2;1;1;6;410;03/02/2016
2016020211;1;1;1;1;6;410;25/02/2016
2016020212;1;1;1;1;5;410;02/03/2016
2016020213;5;2;1;2;7;410;08/03/2016
2016020214;1;1;1;1;6;410;10/03/2016
2016020215;1;1;1;1;6;410;05/04/2016
2016020216;1;1;1;2;7;410;07/04/2016
2016020217;1;2;3;2;3;410;24/04/2016
2016020218;1;1;1;3;6;410;31/05/2016
2016020219;1;1;1;1;6;410;19/06/2016
2016020220;1;1;3;1;3;410;19/06/2016
2016020221;1;2;1;1;3;410;27/07/2016
2016020222;1;1;1;1;1;410;07/09/2016
2016020223;1;1;1;1;7;410;04/10/2016
2016020224;1;2;1;1;2;410;06/10/2016
2016020225;2;2;1;2;1;410;07/11/2016
2016020226;3;1;1;6;7;410;17/11/2016
2016020227;5;1;1;1;1;410;25/11/2016
2016020228;1;1;1;1;5;410;30/11/2016
2016020229;5;2;1;1;3;410;06/12/2016
2016020230;3;1;1;1;2;410;14/12/2016
2016020231;3;2;1;2;6;410;25/12/2016
2016020232;3;1;1;5;6;770;09/01/2016
2016020233;1;1;3;1;3;770;23/03/2016
2016020234;1;2;3;3;6;770;10/05/2016
2016020235;2;1;1;1;7;770;17/05/2016
2016020236;3;2;1;1;6;770;08/11/2016
2016020237;1;2;1;1;1;620;01/05/2016
2016020238;1;1;1;1;6;620;24/05/2016
2016020239;1;1;1;1;1;620;30/09/2016
2016020240;5;2;1;1;6;620;06/12/2016
2016020241;1;1;1;1;7;620;19/10/2016
2016020242;1;2;1;1;3;620;19/06/2016
2016020243;1;1;1;2;6;620;20/02/2016
2016020244;1;2;1;1;6;620;24/02/2016
2016020245;1;1;1;6;7;620;28/02/2016