num_acc;lum;agg;inter;atm;col;dep;date
2016020246;1;1;1;1;3;620;02/04/2016
2016020247;1;1;1;1;3;620;13/09/2016
2016020248;3;1;1;1;1;440;23/02/2016
2016020249;1;1;1;1;7;630;20/01/2016
2016020250;3;1;1;1;6;630;25/05/2016
2016020251;1;1;1;1;2;630;11/07/2016
2016020252;1;1;1;1;2;630;21/11/2016
2016020253;1;2;1;3;7;370;22/01/2016
2016020254;1;1;1;1;6;370;23/02/2016
2016020255;1;1;1;7;6;370;14/03/2016
2016020256;1;1;1;1;2;370;22/04/2016
2016020257;1;1;1;1;2;370;06/05/2016
2016020258;1;1;1;1;6;370;08/05/2016
2016020259;1;1;1;1;3;370;06/06/2016
2016020260;1;2;1;1;1;370;07/06/2016
2016020261;1;1;1;1;6;370;09/07/2016
2016020262;1;1;1;1;7;370;20/08/2016
2016020263;3;1;1;1;3;370;08/10/2016
2016020264;1;1;1;8;6;370;14/10/2016
2016020265;1;1;1;1;6;370;28/10/2016
2016020266;1;1;1;4;6;370;06/11/2016
2016020267;5;1;1;1;7;370;12/12/2016
2016020268;1;1;1;1;5;370;15/12/2016
2016020269;5;1;1;1;4;370;22/12/2016
2016020270;1;1;1;1;6;210;05/07/2016
2016020271;1;1;1;1;3;210;02/08/2016
2016020272;3;1;1;1;7;210;21/08/2016
2016020273;3;1;1;8;1;210;17/09/2016
2016020274;1;2;1;1;6;210;29/10/2016
2016020275;5;1;1;1;2;830;14/01/2016
2016020276;3;2;9;1;3;830;03/04/2016
2016020277;2;1;1;1;6;830;23/04/2016
2016020278;1;1;1;1;3;830;28/04/2016
2016020279;1;2;1;1;3;830;05/05/2016
2016020280;1;1;1;1;3;830;14/05/2016
2016020281;1;2;1;1;3;830;21/05/2016
2016020282;1;2;1;1;1;830;01/06/2016
2016020283;5;2;6;1;1;830;22/06/2016
2016020284;1;2;1;1;3;830;11/07/2016
2016020285;1;2;1;1;1;830;23/07/2016
2016020286;1;2;1;1;6;830;30/07/2016
2016020287;1;2;1;1;7;830;11/08/2016
2016020288;1;1;1;1;1;830;09/10/2016
2016020289;1;1;1;7;4;830;23/10/2016
2016020290;2;2;6;1;1;830;08/11/2016
2016020291;1;1;1;1;1;830;09/11/2016
2016020292;1;1;1;2;4;830;24/11/2016
2016020293;1;2;1;1;1;870;09/03/2016
2016020294;1;1;1;1;1;870;15/10/2016
2016020295;3;1;2;1;3;870;12/12/2016
2016020296;3;2;1;2;6;350;06/11/2016
2016020297;1;1;1;2;3;202;09/03/2016
2016020298;1;2;1;1;6;202;11/04/2016
2016020299;2;1;1;1;3;202;13/04/2016
2016020300;3;1;9;1;6;202;15/04/2016
2016020301;1;1;1;1;3;202;18/07/2016
2016020302;1;1;1;1;3;202;03/09/2016
2016020303;2;1;1;1;7;202;14/09/2016
2016020304;5;1;1;1;7;202;22/09/2016
2016020305;1;2;1;1;5;470;09/01/2016
2016020306;1;1;1;1;7;470;01/03/2016
2016020307;1;1;1;1;5;470;13/03/2016
2016020308;1;1;2;1;3;470;11/09/2016
2016020309;1;1;1;7;7;470;23/09/2016
2016020310;3;1;1;1;6;230;07/05/2016
2016020311;1;1;1;1;7;230;14/06/2016
2016020312;3;1;2;1;3;500;24/01/2016
2016020313;3;1;2;2;3;500;27/01/2016
2016020314;2;1;3;1;3;500;28/01/2016
2016020315;1;1;1;1;1;500;27/04/2016
2016020316;1;1;1;1;3;500;25/06/2016
2016020317;1;1;1;1;1;500;28/08/2016
2016020318;3;1;1;2;6;500;13/11/2016
2016020319;1;1;1;8;5;220;17/02/2016
2016020320;2;1;1;2;6;220;21/02/2016
2016020321;1;1;9;1;6;220;08/03/2016
2016020322;1;1;1;6;1;220;09/03/2016
2016020323;4;2;1;1;6;220;11/03/2016
2016020324;2;1;1;5;6;220;13/03/2016
2016020325;1;1;1;1;2;220;06/07/2016
2016020326;3;2;2;1;3;220;30/08/2016
2016020327;1;1;2;1;3;220;02/09/2016
2016020328;1;1;1;8;6;220;04/09/2016
2016020329;2;1;1;1;6;220;21/10/2016
2016020330;1;1;1;1;1;220;30/10/2016
2016020331;2;1;2;9;6;220;15/11/2016
2016020332;3;1;1;1;1;220;24/12/2016
2016020333;1;1;1;1;2;140;02/03/2016
2016020334;1;1;1;3;6;140;17/06/2016
2016020335;5;2;3;8;1;80;08/01/2016
2016020336;1;1;1;1;6;80;06/02/2016
2016020337;1;2;3;7;1;80;11/03/2016
2016020338;1;1;1;1;7;80;13/03/2016
2016020339;1;1;1;1;7;80;14/05/2016
2016020340;1;1;1;1;7;80;06/06/2016
2016020341;1;1;1;1;7;80;03/07/2016
2016020342;2;2;1;8;6;180;09/01/2016
2016020343;2;2;3;1;6;180;14/01/2016
2016020344;5;1;6;3;6;180;22/01/2016
2016020345;1;2;1;1;2;180;28/12/2016
2016020346;5;2;1;3;3;180;31/01/2016
2016020347;1;2;3;1;6;180;28/12/2016
2016020348;5;2;1;8;6;180;08/02/2016
2016020349;2;2;1;1;6;180;10/02/2016
2016020350;1;2;1;8;3;180;03/03/2016
2016020351;1;2;4;1;7;180;13/03/2016
2016020352;1;2;1;1;6;180;16/03/2016
2016020353;1;2;3;1;5;180;17/03/2016
2016020354;5;2;1;1;6;180;03/04/2016
2016020355;1;2;3;2;6;180;11/04/2016
2016020356;5;2;1;2;6;180;16/04/2016
2016020357;1;1;1;1;7;180;21/04/2016
2016020358;1;2;2;1;1;180;02/05/2016
2016020359;1;2;3;1;6;180;27/04/2016
2016020360;5;2;1;1;6;180;06/05/2016
2016020361;1;1;1;1;6;180;03/05/2016
2016020362;1;2;3;2;6;180;11/05/2016
2016020363;1;1;2;1;2;180;01/06/2016
2016020364;5;2;3;1;6;180;13/06/2016
2016020365;1;2;1;3;6;180;15/06/2016
2016020366;1;2;2;1;3;180;19/06/2016
2016020367;1;2;1;1;6;180;25/06/2016
2016020368;1;2;3;1;6;180;08/07/2016
2016020369;1;1;1;1;6;180;05/07/2016
2016020370;1;2;1;1;6;180;10/07/2016
2016020371;1;1;1;1;1;180;11/07/2016
2016020372;4;1;6;1;7;180;21/07/2016
2016020373;1;1;1;1;1;180;18/07/2016
2016020374;1;2;3;1;3;180;02/08/2016
2016020375;1;2;1;1;2;180;10/08/2016
2016020376;1;2;1;1;2;180;08/08/2016
2016020377;5;1;6;1;7;180;02/09/2016
2016020378;1;2;3;1;3;180;04/09/2016
2016020379;3;1;1;1;6;180;15/09/2016
2016020380;1;2;1;1;6;180;24/09/2016
2016020381;1;2;1;1;6;180;03/10/2016
2016020382;1;2;3;1;3;180;03/10/2016
2016020383;2;2;3;1;6;180;04/10/2016
2016020384;5;2;6;1;7;180;09/10/2016
2016020385;2;2;2;1;3;180;09/10/2016
2016020386;1;2;2;1;6;180;11/10/2016
2016020387;1;1;1;1;6;180;18/10/2016
2016020388;5;2;1;9;6;180;30/10/2016
2016020389;3;1;1;5;3;180;11/11/2016
2016020390;5;2;1;1;3;180;18/11/2016
2016020391;1;2;1;1;1;180;22/11/2016
2016020392;5;2;4;1;3;180;27/11/2016
2016020393;1;2;5;1;6;180;02/12/2016
2016020394;1;1;1;1;3;180;03/12/2016
2016020395;1;2;6;1;3;180;12/12/2016
2016020396;5;2;6;1;6;180;08/12/2016
2016020397;2;1;2;1;3;180;12/12/2016
2016020398;1;2;1;1;1;180;27/12/2016
2016020399;1;1;9;1;1;830;25/02/2016
2016020400;1;1;1;1;1;830;01/04/2016
2016020401;3;1;1;5;6;410;23/01/2016
2016020402;1;2;1;1;3;410;30/06/2016
2016020403;1;1;1;1;3;410;08/07/2016
2016020404;1;1;1;1;7;410;24/07/2016
2016020405;1;1;1;1;3;410;10/09/2016
2016020406;1;2;1;1;1;410;24/09/2016
2016020407;3;1;1;5;1;410;20/12/2016
2016020408;1;1;1;1;1;120;08/01/2016
2016020409;1;1;1;8;1;120;12/01/2016
2016020410;1;1;1;3;6;120;12/02/2016
2016020411;1;1;1;2;6;120;05/04/2016
2016020412;2;1;1;1;6;120;11/04/2016
2016020413;1;1;1;3;6;120;09/05/2016
2016020414;1;1;1;1;6;120;12/06/2016
2016020415;1;1;1;1;6;120;21/07/2016
2016020416;1;1;1;1;6;120;17/10/2016
2016020417;1;1;1;5;1;120;08/11/2016
2016020418;1;1;1;1;5;120;28/12/2016
2016020419;1;1;1;1;6;580;13/01/2016
2016020420;3;1;1;6;6;580;02/03/2016
2016020421;3;1;1;1;6;580;13/07/2016
2016020422;1;1;1;8;6;710;12/05/2016
2016020423;1;1;1;6;7;360;09/02/2016
2016020424;3;1;1;1;6;360;08/10/2016
2016020425;1;1;1;5;6;360;30/12/2016
2016020426;1;1;1;1;2;150;13/05/2016
2016020427;1;1;1;1;6;150;16/07/2016
2016020428;1;1;1;1;4;430;20/08/2016
2016020429;1;1;1;1;2;630;22/04/2016
2016020430;1;1;1;1;2;630;18/05/2016
2016020431;1;1;1;2;6;630;04/08/2016
2016020432;1;1;1;1;6;630;18/10/2016
2016020433;1;1;1;1;2;630;25/10/2016
2016020434;1;1;1;1;2;630;09/12/2016
2016020435;1;1;1;7;5;870;02/01/2016
2016020436;1;1;1;4;6;230;05/03/2016
2016020437;1;1;1;2;2;870;02/07/2016
2016020438;1;1;1;1;7;870;03/08/2016
2016020439;1;1;1;1;4;870;16/08/2016
2016020440;2;1;1;1;2;340;08/01/2016
2016020441;1;1;1;1;2;340;10/01/2016
2016020442;3;1;1;3;6;340;27/02/2016
2016020443;3;1;1;1;6;340;26/03/2016
2016020444;3;1;1;2;6;340;02/04/2016
2016020445;1;1;1;2;7;340;08/05/2016
2016020446;1;1;1;3;2;340;08/05/2016
2016020447;1;1;1;2;7;340;10/05/2016
2016020448;1;1;1;1;6;340;18/06/2016
2016020449;1;1;1;1;6;340;26/06/2016
2016020450;1;1;1;1;2;340;14/07/2016
2016020451;3;1;1;1;3;340;29/07/2016
2016020452;3;1;1;1;6;340;11/08/2016
2016020453;1;1;1;1;1;340;26/08/2016
2016020454;1;1;1;1;6;340;09/09/2016
2016020455;1;1;1;1;3;340;24/09/2016
2016020456;1;1;1;1;1;340;03/10/2016
2016020457;2;1;1;1;5;340;14/11/2016
2016020458;1;1;1;3;6;340;22/11/2016
2016020459;3;1;1;9;7;340;24/11/2016
2016020460;3;1;1;1;5;340;27/11/2016
2016020461;3;1;1;1;1;480;21/02/2016
2016020462;2;1;1;4;6;480;05/03/2016
2016020463;1;1;1;1;7;480;05/03/2016
2016020464;1;1;1;1;2;480;04/04/2016
2016020465;1;1;1;1;7;480;08/04/2016
2016020466;1;1;1;1;7;480;30/04/2016
2016020467;2;1;1;1;7;480;15/06/2016
2016020468;1;1;1;1;2;480;23/06/2016
2016020469;3;1;1;1;1;480;06/08/2016
2016020470;1;1;1;1;6;480;04/09/2016
2016020471;3;1;1;1;2;480;31/10/2016
2016020472;1;1;1;4;5;480;08/11/2016
2016020473;3;1;1;1;2;80;01/10/2016
2016020474;1;1;1;8;6;80;24/10/2016
2016020475;3;1;1;1;2;80;03/12/2016
2016020476;1;1;1;8;3;440;04/01/2016
2016020477;1;1;1;1;2;440;18/10/2016
2016020478;1;1;1;1;7;440;01/01/2016
2016020479;1;1;3;1;3;440;29/01/2016
2016020480;3;1;1;1;7;440;17/02/2016
2016020481;3;1;1;2;7;440;20/02/2016
2016020482;3;1;1;2;6;440;08/03/2016
2016020483;1;1;1;1;6;440;06/06/2016
2016020484;3;1;1;1;6;440;02/07/2016
2016020485;3;1;1;1;6;440;01/08/2016
2016020486;3;1;1;1;6;440;17/09/2016
2016020487;1;1;1;1;2;440;28/10/2016
2016020488;1;1;1;1;6;440;12/11/2016
2016020489;1;1;1;1;6;440;14/11/2016
2016020490;1;1;1;1;7;440;03/12/2016
2016020491;3;1;1;1;2;440;03/12/2016
2016020492;3;1;1;1;2;440;08/12/2016
2016020493;3;1;1;1;6;440;11/12/2016
2016020494;1;1;1;8;7;440;12/12/2016
2016020495;1;1;1;1;7;140;22/05/2016
2016020496;1;1;1;1;2;140;22/06/2016
2016020497;1;1;1;1;7;140;18/07/2016
2016020498;1;1;1;1;6;140;08/12/2016
2016020499;3;1;1;1;5;500;18/02/2016
2016020500;1;1;1;1;5;500;02/05/2016
2016020501;1;1;1;1;1;500;17/05/2016
2016020502;3;1;1;1;2;500;18/05/2016
2016020503;3;1;1;1;6;500;27/08/2016
2016020504;1;1;1;8;6;500;16/09/2016
2016020505;3;1;1;8;4;500;30/10/2016
2016020506;1;1;3;2;5;500;09/11/2016
2016020507;1;1;1;7;4;500;11/12/2016
2016020508;1;1;1;1;6;500;22/02/2016
2016020509;3;1;1;1;2;500;23/06/2016
2016020510;1;1;1;1;2;500;30/08/2016
2016020511;1;1;2;1;3;500;19/10/2016
2016020512;1;1;1;4;6;500;19/11/2016
2016020513;1;1;1;8;1;500;23/11/2016
2016020514;1;1;1;1;1;500;05/12/2016
2016020515;1;2;1;1;6;180;07/01/2016
2016020516;1;2;1;1;3;180;09/01/2016
2016020517;5;2;1;2;6;180;11/01/2016
2016020518;1;2;1;4;7;180;15/01/2016
2016020519;5;2;2;3;6;180;07/01/2016
2016020520;1;2;1;2;6;180;28/01/2016
2016020521;5;2;4;1;3;180;25/03/2016
2016020522;1;2;1;1;1;180;04/06/2016
2016020523;1;2;2;1;6;180;06/06/2016
2016020524;1;2;3;1;5;180;06/06/2016
2016020525;1;2;3;1;2;180;21/06/2016
2016020526;1;1;1;1;1;180;08/07/2016
2016020527;1;1;1;1;3;180;12/09/2016
2016020528;1;1;9;5;2;180;15/11/2016
2016020529;1;2;1;1;6;180;08/12/2016
2016020530;1;2;3;1;3;180;09/12/2016
2016020531;1;1;1;7;1;440;06/10/2016
2016020532;3;1;2;1;3;440;24/12/2016
2016020533;1;1;1;1;6;720;04/06/2016
2016020534;1;1;1;1;1;720;06/06/2016
2016020535;1;1;1;1;5;720;10/02/2016
2016020536;1;1;1;1;7;720;18/02/2016
2016020537;1;1;1;1;1;720;21/02/2016
2016020538;3;1;9;2;3;720;09/03/2016
2016020539;1;1;1;2;1;720;24/02/2016
2016020540;1;1;1;1;1;720;18/03/2016
2016020541;1;1;1;1;1;720;03/05/2016
2016020542;1;2;1;1;1;720;19/05/2016
2016020543;1;1;1;8;2;720;12/05/2016
2016020544;1;1;1;1;6;720;09/06/2016
2016020545;1;1;1;1;3;720;25/07/2016
2016020546;3;1;1;1;6;720;31/07/2016
2016020547;1;1;1;1;3;720;16/08/2016
2016020548;1;2;1;7;1;720;27/08/2016
2016020549;1;1;1;1;1;720;07/09/2016
2016020550;1;1;1;1;1;720;10/09/2016
2016020551;3;2;1;9;6;720;08/09/2016
2016020552;1;2;2;1;1;720;07/10/2016
2016020553;1;1;1;1;3;720;14/10/2016
2016020554;3;1;1;1;2;720;12/11/2016
2016020555;3;1;1;2;1;720;12/11/2016
2016020556;1;1;9;1;1;650;17/10/2016
2016020557;1;2;1;1;3;830;02/02/2016
2016020558;1;2;1;1;6;830;25/02/2016
2016020559;1;2;1;1;3;830;22/03/2016
2016020560;1;1;1;1;1;830;19/05/2016
2016020561;1;1;1;1;3;830;10/06/2016
2016020562;1;2;1;1;1;830;14/06/2016
2016020563;1;1;1;1;3;830;07/07/2016
2016020564;5;2;1;1;1;830;18/07/2016
2016020565;1;1;1;1;5;830;25/07/2016
2016020566;5;1;1;1;7;830;02/08/2016
2016020567;1;2;1;1;3;830;11/09/2016
2016020568;5;2;1;1;3;830;28/09/2016
2016020569;1;1;1;1;3;830;08/12/2016
2016020570;2;2;6;7;6;830;08/12/2016
2016020571;3;1;1;1;1;600;01/01/2016
2016020572;1;2;1;1;6;600;02/01/2016
2016020573;1;1;1;1;1;600;16/01/2016
2016020574;1;1;1;1;3;600;03/07/2016
2016020575;1;1;1;1;7;600;24/10/2016
2016020576;3;2;1;2;6;600;23/10/2016
2016020577;1;1;1;1;6;600;05/11/2016
2016020578;1;1;6;1;2;910;06/05/2016
2016020579;1;1;1;1;1;800;30/09/2016
2016020580;2;2;3;2;3;190;02/01/2016
2016020581;1;2;1;1;6;190;30/12/2016
2016020582;2;2;1;2;6;190;04/01/2016
2016020583;2;2;1;2;3;190;06/01/2016
2016020584;1;2;1;2;1;190;06/01/2016
2016020585;5;2;2;1;6;190;09/01/2016
2016020586;2;2;1;1;6;190;14/01/2016
2016020587;1;2;3;1;3;190;15/01/2016
2016020588;5;1;2;1;3;190;20/01/2016
2016020589;1;2;1;1;6;190;21/01/2016
2016020590;1;2;2;1;3;190;21/01/2016
2016020591;2;2;1;2;6;190;30/01/2016
2016020592;2;2;3;1;3;190;01/02/2016
2016020593;1;2;1;1;3;190;06/02/2016
2016020594;2;2;3;2;1;190;14/02/2016
2016020595;2;2;1;1;1;190;15/02/2016
2016020596;1;2;1;1;6;190;16/02/2016
2016020597;1;2;2;1;3;190;19/02/2016
2016020598;1;2;1;1;2;190;05/03/2016
2016020599;5;2;5;1;3;190;05/03/2016
2016020600;1;2;3;1;3;190;07/03/2016
2016020601;1;2;1;1;3;190;10/03/2016
2016020602;1;2;1;1;3;190;11/03/2016
2016020603;1;2;3;1;3;190;13/03/2016
2016020604;1;2;3;1;3;190;14/03/2016
2016020605;1;2;1;1;6;190;18/03/2016
2016020606;2;2;2;1;1;190;18/03/2016
2016020607;1;2;1;1;3;190;24/03/2016
2016020608;1;2;1;1;6;190;01/04/2016
2016020609;1;2;1;1;6;190;02/04/2016
2016020610;1;2;1;1;6;190;05/04/2016
2016020611;1;2;1;1;3;190;12/04/2016
2016020612;1;2;1;1;6;190;14/04/2016
2016020613;1;2;1;1;2;190;15/04/2016
2016020614;1;2;1;1;5;190;16/04/2016
2016020615;5;2;3;1;3;190;08/05/2016
2016020616;1;2;1;3;4;190;11/05/2016
2016020617;1;1;1;1;4;190;26/05/2016
2016020618;1;2;1;1;4;190;26/05/2016
2016020619;1;2;3;1;3;190;28/05/2016
2016020620;1;2;1;2;2;190;02/06/2016
2016020621;1;2;1;1;2;190;06/06/2016
2016020622;1;2;1;1;3;190;07/06/2016
2016020623;1;2;1;1;2;190;16/06/2016
2016020624;1;2;1;1;4;190;18/06/2016
2016020625;1;2;1;1;2;190;21/06/2016
2016020626;5;2;1;3;7;190;24/06/2016
2016020627;1;2;1;1;1;190;29/06/2016
2016020628;1;2;1;1;3;190;02/07/2016
2016020629;1;2;3;1;3;190;06/07/2016
2016020630;5;2;3;1;3;190;13/07/2016
2016020631;1;1;1;1;1;190;17/07/2016
2016020632;1;2;1;1;6;190;18/07/2016
2016020633;1;1;1;1;7;190;26/07/2016
2016020634;1;2;1;1;6;190;26/07/2016
2016020635;1;2;3;1;3;190;27/07/2016
2016020636;5;2;1;1;6;190;05/08/2016
2016020637;1;2;1;1;2;190;08/08/2016
2016020638;1;2;6;1;6;190;11/08/2016
2016020639;5;2;1;1;6;190;13/08/2016
2016020640;5;2;1;1;6;190;23/08/2016
2016020641;1;2;2;1;6;190;03/09/2016
2016020642;1;2;3;1;4;190;05/09/2016
2016020643;1;2;1;1;2;190;06/09/2016
2016020644;1;2;1;1;6;190;13/09/2016
2016020645;1;2;2;1;6;190;19/09/2016
2016020646;1;2;3;1;3;190;21/09/2016
2016020647;1;2;2;1;5;190;23/09/2016
2016020648;1;2;1;1;7;190;24/09/2016
2016020649;1;2;2;1;3;190;27/09/2016
2016020650;1;2;1;1;6;190;29/09/2016
2016020651;1;2;1;1;1;190;30/09/2016
2016020652;1;2;1;7;2;190;03/10/2016
2016020653;1;2;1;1;3;190;04/10/2016
2016020654;1;2;3;1;3;190;09/10/2016
2016020655;2;2;3;1;3;190;09/10/2016
2016020656;1;2;1;1;4;190;13/10/2016
2016020657;1;2;3;1;3;190;25/10/2016
2016020658;1;2;1;1;6;190;26/10/2016
2016020659;1;2;1;1;3;190;27/10/2016
2016020660;1;2;3;1;3;190;28/10/2016
2016020661;5;2;3;1;3;190;03/11/2016
2016020662;1;2;1;1;1;190;04/11/2016
2016020663;5;2;1;2;7;190;11/11/2016
2016020664;1;2;3;3;3;190;13/11/2016
2016020665;1;1;1;1;2;190;15/11/2016
2016020666;1;2;1;2;1;190;16/11/2016
2016020667;1;2;1;2;6;190;18/11/2016
2016020668;1;2;3;1;3;190;19/11/2016
2016020669;1;2;2;1;3;190;22/11/2016
2016020670;5;2;1;3;4;190;22/11/2016
2016020671;1;2;1;1;6;190;02/12/2016
2016020672;1;2;3;1;1;190;03/12/2016
2016020673;1;2;3;1;6;190;05/12/2016
2016020674;2;2;3;1;3;190;09/12/2016
2016020675;5;2;2;1;3;190;12/12/2016
2016020676;1;2;2;1;3;190;15/12/2016
2016020677;2;2;1;1;6;190;15/12/2016
2016020678;1;2;1;1;2;190;18/12/2016
2016020679;1;2;1;1;2;190;18/12/2016
2016020680;5;2;1;1;3;190;18/12/2016
2016020681;5;2;1;1;2;190;20/12/2016
2016020682;5;2;3;1;3;190;21/12/2016
2016020683;5;2;1;2;2;190;22/12/2016
2016020684;5;2;3;2;3;190;24/12/2016
2016020685;5;2;1;8;2;680;11/02/2016
2016020686;1;2;6;1;3;680;09/05/2016
2016020687;3;1;1;1;6;680;10/09/2016
2016020688;5;2;3;2;6;680;14/10/2016
2016020689;2;2;1;2;6;590;03/03/2016
2016020690;3;1;1;1;7;590;01/09/2016
2016020691;1;1;1;7;5;590;08/05/2016
2016020692;1;1;2;8;3;590;14/05/2016
2016020693;1;1;1;1;6;590;25/06/2016
2016020694;1;2;1;1;6;590;13/08/2016
2016020695;1;2;1;1;1;590;16/08/2016
2016020696;5;2;1;3;1;190;10/01/2016
2016020697;1;2;1;1;6;190;28/04/2016
2016020698;1;2;1;3;6;190;29/05/2016
2016020699;1;1;1;1;3;190;13/06/2016
2016020700;1;1;1;1;3;190;05/07/2016
2016020701;1;2;1;1;6;190;17/07/2016
2016020702;1;1;1;1;3;190;30/07/2016
2016020703;1;2;6;1;3;190;09/10/2016
2016020704;1;2;1;1;6;190;09/12/2016
2016020705;1;2;1;2;6;190;02/02/2016
2016020706;1;2;1;1;6;190;17/07/2016
2016020707;1;2;9;1;3;190;29/10/2016
2016020708;1;1;1;2;3;190;14/10/2016
2016020709;5;2;1;3;1;190;25/11/2016
2016020710;1;2;1;2;3;680;10/05/2016
2016020711;1;1;1;1;3;680;27/05/2016
2016020712;1;1;1;1;6;680;01/06/2016
2016020713;1;2;6;1;3;680;06/06/2016
2016020714;2;2;1;1;2;680;31/08/2016
2016020715;5;2;1;1;1;680;06/10/2016
2016020716;3;1;1;1;3;680;25/11/2016
2016020717;1;1;1;5;6;680;15/12/2016
2016020718;1;2;1;1;2;210;23/01/2016
2016020719;3;1;1;2;1;210;11/02/2016
2016020720;5;2;1;2;6;210;13/02/2016
2016020721;1;1;2;1;3;210;10/04/2016
2016020722;1;2;1;1;3;210;20/05/2016
2016020723;1;2;6;1;3;210;06/06/2016
2016020724;1;2;2;1;3;210;04/07/2016
2016020725;2;2;2;1;3;210;29/09/2016
2016020726;1;2;1;1;2;210;04/10/2016
2016020727;1;2;6;1;6;210;07/10/2016
2016020728;1;2;9;1;3;210;11/10/2016
2016020729;1;2;2;1;3;210;20/10/2016
2016020730;1;2;4;1;3;210;27/10/2016
2016020731;2;2;3;1;3;210;03/11/2016
2016020732;3;1;1;1;5;210;28/11/2016
2016020733;5;2;4;1;6;210;23/11/2016
2016020734;1;2;1;1;2;210;01/01/2016
2016020735;5;2;1;3;5;210;12/01/2016
2016020736;5;2;1;1;6;210;13/01/2016
2016020737;5;2;1;2;6;210;14/01/2016
2016020738;1;1;1;1;6;210;22/01/2016
2016020739;5;2;1;1;1;210;30/01/2016
2016020740;1;2;1;1;6;210;02/02/2016
2016020741;1;2;1;8;6;210;11/02/2016
2016020742;5;2;1;1;6;210;28/02/2016
2016020743;5;2;2;1;3;210;28/02/2016
2016020744;1;2;6;2;3;210;03/03/2016
2016020745;5;2;7;1;4;210;08/03/2016
2016020746;5;2;3;1;6;210;11/03/2016
2016020747;5;2;1;1;6;210;13/03/2016
2016020748;1;2;2;1;4;210;17/03/2016
2016020749;5;2;4;1;6;210;26/03/2016
2016020750;1;2;9;1;1;210;27/03/2016
2016020751;1;2;1;1;6;210;06/04/2016
2016020752;3;2;1;2;6;210;03/04/2016
2016020753;1;2;1;8;6;210;03/05/2016
2016020754;1;2;1;1;6;210;13/05/2016
2016020755;5;2;1;1;6;210;15/05/2016
2016020756;1;2;3;1;1;210;18/05/2016
2016020757;1;2;2;1;3;210;26/05/2016
2016020758;1;2;1;1;6;210;26/05/2016
2016020759;5;2;2;1;6;210;27/05/2016
2016020760;1;2;1;3;4;210;02/06/2016
2016020761;1;2;2;1;3;210;06/06/2016
2016020762;1;2;3;1;1;210;06/06/2016
2016020763;1;2;3;1;3;210;10/06/2016
2016020764;1;2;7;1;6;210;29/06/2016
2016020765;1;2;7;1;6;210;30/06/2016
2016020766;1;2;7;1;6;210;04/07/2016
2016020767;2;2;4;1;6;210;05/07/2016
2016020768;1;2;1;1;1;210;12/07/2016
2016020769;1;2;1;1;6;210;27/07/2016
2016020770;1;2;3;1;1;210;27/07/2016
2016020771;1;2;2;1;3;210;07/08/2016
2016020772;1;2;1;1;6;210;16/08/2016
2016020773;1;2;1;1;6;210;22/08/2016
2016020774;1;2;3;1;3;210;06/09/2016
2016020775;1;2;2;1;6;210;10/09/2016
2016020776;1;2;1;1;3;210;12/09/2016
2016020777;5;2;1;1;7;210;18/09/2016
2016020778;1;2;1;1;3;210;20/09/2016
2016020779;2;2;1;1;2;210;16/10/2016
2016020780;1;2;1;1;4;210;18/10/2016
2016020781;5;2;3;1;5;210;25/10/2016
2016020782;1;2;5;1;6;210;27/10/2016
2016020783;1;2;2;1;3;210;29/10/2016
2016020784;1;2;2;1;3;210;29/10/2016
2016020785;5;2;2;2;3;210;21/11/2016
2016020786;1;2;2;7;6;210;02/12/2016
2016020787;1;2;4;1;1;210;01/12/2016
2016020788;2;2;1;5;6;210;09/12/2016
2016020789;1;2;1;1;6;210;10/12/2016
2016020790;2;2;1;5;3;210;08/12/2016
2016020791;5;2;4;1;6;210;28/12/2016
2016020792;3;1;1;1;1;420;11/01/2016
2016020793;1;1;1;1;1;420;05/02/2016
2016020794;1;1;1;2;6;420;12/02/2016
2016020795;3;1;1;1;6;420;08/03/2016
2016020796;1;2;1;1;6;420;08/03/2016
2016020797;2;1;1;1;7;420;29/05/2016
2016020798;1;1;1;1;7;420;06/06/2016
2016020799;1;1;1;3;3;420;11/07/2016
2016020800;1;1;1;1;1;420;13/08/2016
2016020801;1;1;1;1;7;420;14/09/2016
2016020802;2;2;1;2;7;220;14/01/2016
2016020803;3;1;1;2;2;220;22/01/2016
2016020804;3;2;1;3;6;220;27/01/2016
2016020805;3;1;1;3;2;220;08/02/2016
2016020806;2;1;1;1;3;220;25/01/2016
2016020807;1;2;1;1;1;220;26/01/2016
2016020808;5;2;1;3;6;220;13/02/2016
2016020809;5;2;1;1;7;220;23/02/2016
2016020810;1;2;3;1;3;220;07/03/2016
2016020811;1;2;1;1;1;220;08/03/2016
2016020812;1;2;4;1;3;220;19/02/2016
2016020813;1;2;1;1;6;220;31/03/2016
2016020814;1;2;1;7;6;220;13/04/2016
2016020815;1;1;1;1;6;220;19/04/2016
2016020816;1;1;3;1;3;220;18/04/2016
2016020817;5;2;1;1;1;220;14/05/2016
2016020818;2;1;1;8;7;220;30/06/2016
2016020819;1;2;3;1;3;220;04/07/2016
2016020820;1;1;1;1;2;220;05/07/2016
2016020821;1;1;1;2;1;220;13/07/2016