num_acc;lum;agg;inter;atm;col;dep;date
2016020822;1;2;1;8;4;220;20/07/2016
2016020823;1;2;1;1;2;220;21/07/2016
2016020824;1;1;3;1;3;220;25/07/2016
2016020825;4;2;1;1;6;220;08/08/2016
2016020826;1;2;9;1;6;220;26/07/2016
2016020827;1;2;1;1;3;220;08/08/2016
2016020828;1;2;1;1;6;220;14/08/2016
2016020829;1;2;1;1;6;220;10/08/2016
2016020830;5;2;6;1;3;220;19/08/2016
2016020831;1;1;1;1;2;220;29/08/2016
2016020832;1;2;6;1;3;220;09/08/2016
2016020833;1;1;6;1;6;220;15/09/2016
2016020834;1;2;6;1;3;220;03/10/2016
2016020835;1;2;6;2;7;220;02/11/2016
2016020836;1;1;1;1;2;220;14/11/2016
2016020837;1;1;1;1;6;220;15/11/2016
2016020838;1;2;1;2;6;220;16/11/2016
2016020839;1;2;1;1;2;220;03/12/2016
2016020840;1;2;1;1;6;220;26/11/2016
2016020841;1;2;1;1;7;220;09/12/2016
2016020842;2;2;3;1;3;220;07/12/2016
2016020843;3;1;4;5;6;220;18/12/2016
2016020844;3;1;1;1;6;220;26/12/2016
2016020845;3;2;2;1;6;220;29/12/2016
2016020846;1;1;1;1;3;220;28/12/2016
2016020847;1;1;1;1;3;220;05/01/2016
2016020848;3;1;1;1;7;220;16/12/2016
2016020849;1;1;6;8;3;220;05/01/2016
2016020850;5;2;3;1;3;220;05/01/2016
2016020851;2;2;6;2;4;220;12/01/2016
2016020852;1;2;1;2;6;220;09/01/2016
2016020853;3;1;3;2;2;220;15/01/2016
2016020854;5;2;1;1;6;220;31/01/2016
2016020855;5;2;1;2;6;220;12/01/2016
2016020856;1;1;1;1;3;220;04/02/2016
2016020857;1;2;1;1;2;220;05/02/2016
2016020858;1;2;1;1;3;220;05/02/2016
2016020859;1;1;1;2;4;220;09/02/2016
2016020860;1;1;6;1;2;220;18/02/2016
2016020861;1;1;1;1;7;220;23/01/2016
2016020862;1;1;6;1;3;220;28/02/2016
2016020863;1;1;1;1;6;220;07/03/2016
2016020864;1;1;1;1;7;220;28/02/2016
2016020865;4;1;2;1;4;220;22/03/2016
2016020866;1;1;1;1;2;220;06/04/2016
2016020867;1;2;2;1;1;220;20/04/2016
2016020868;1;1;1;1;7;220;15/04/2016
2016020869;1;2;6;1;3;220;19/04/2016
2016020870;1;2;1;1;6;220;22/04/2016
2016020871;1;2;2;1;1;220;31/03/2016
2016020872;3;1;1;1;6;220;01/05/2016
2016020873;1;2;1;1;4;220;28/04/2016
2016020874;1;2;3;1;3;220;28/04/2016
2016020875;1;2;6;7;3;220;15/05/2016
2016020876;1;1;9;1;3;220;25/05/2016
2016020877;4;2;3;1;2;220;28/05/2016
2016020878;1;2;6;1;3;220;06/06/2016
2016020879;1;2;2;1;6;220;08/06/2016
2016020880;1;1;4;1;2;220;11/06/2016
2016020881;1;2;1;1;4;220;15/06/2016
2016020882;1;1;9;1;2;220;26/06/2016
2016020883;1;2;1;1;6;220;05/07/2016
2016020884;1;1;1;1;7;220;05/07/2016
2016020885;1;2;1;1;3;220;18/07/2016
2016020886;1;1;1;1;3;220;24/07/2016
2016020887;1;2;1;1;6;220;22/07/2016
2016020888;1;1;1;1;7;220;26/07/2016
2016020889;1;1;1;1;2;220;27/07/2016
2016020890;1;2;2;1;3;220;28/07/2016
2016020891;1;1;1;1;4;220;02/08/2016
2016020892;1;1;6;1;3;220;06/08/2016
2016020893;3;2;1;1;6;220;26/06/2016
2016020894;1;2;6;1;3;220;10/08/2016
2016020895;1;2;2;1;3;220;05/08/2016
2016020896;1;2;1;1;3;220;09/08/2016
2016020897;1;1;6;1;7;220;26/08/2016
2016020898;1;2;1;1;2;220;31/08/2016
2016020899;1;1;1;1;6;220;07/09/2016
2016020900;1;1;1;1;4;220;03/09/2016
2016020901;4;2;1;1;7;220;13/09/2016
2016020902;1;2;1;1;6;220;12/09/2016
2016020903;1;1;6;1;3;220;12/09/2016
2016020904;1;1;1;1;1;220;03/07/2016
2016020905;1;2;2;1;3;220;05/07/2016
2016020906;1;1;1;3;1;220;16/09/2016
2016020907;1;1;3;1;2;220;22/09/2016
2016020908;1;1;3;1;3;220;21/09/2016
2016020909;1;1;6;1;3;220;16/09/2016
2016020910;1;2;3;1;2;220;01/10/2016
2016020911;5;2;2;1;1;220;04/10/2016
2016020912;1;1;1;1;4;220;04/10/2016
2016020913;1;1;3;1;3;220;06/10/2016
2016020914;1;1;6;1;5;220;01/10/2016
2016020915;1;1;3;1;3;220;29/09/2016
2016020916;1;1;1;7;6;220;11/10/2016
2016020917;3;1;2;1;3;220;24/06/2016
2016020918;1;2;2;1;3;220;07/10/2016
2016020919;3;1;1;1;6;220;07/10/2016
2016020920;1;2;1;1;5;220;18/10/2016
2016020921;1;1;1;1;2;220;26/10/2016
2016020922;1;2;1;1;2;220;21/09/2016
2016020923;5;2;1;2;6;220;20/10/2016
2016020924;5;1;1;1;3;220;02/11/2016
2016020925;1;1;2;1;5;220;29/10/2016
2016020926;2;1;1;1;4;220;07/11/2016
2016020927;5;2;1;2;4;220;08/11/2016
2016020928;5;2;2;1;1;220;24/10/2016
2016020929;1;2;2;1;6;220;29/10/2016
2016020930;1;2;2;1;3;220;07/11/2016
2016020931;1;2;3;1;2;220;12/11/2016
2016020932;5;2;2;1;3;220;11/11/2016
2016020933;1;2;2;2;3;220;20/11/2016
2016020934;5;2;2;1;3;220;25/11/2016
2016020935;3;1;1;2;6;220;11/11/2016
2016020936;1;1;6;1;2;220;25/11/2016
2016020937;1;1;6;1;1;220;18/11/2016
2016020938;2;2;1;1;6;220;22/11/2016
2016020939;1;2;6;1;3;220;03/12/2016
2016020940;1;2;1;1;6;220;06/12/2016
2016020941;5;1;6;2;6;220;08/12/2016
2016020942;1;2;1;1;6;220;10/12/2016
2016020943;1;1;3;1;3;220;24/11/2016
2016020944;4;2;1;1;6;220;24/11/2016
2016020945;2;1;1;1;6;220;24/12/2016
2016020946;3;1;1;1;1;220;07/12/2016
2016020947;1;2;1;1;6;230;10/02/2016
2016020948;2;2;1;7;1;230;24/05/2016
2016020949;1;2;1;1;7;230;08/07/2016
2016020950;1;2;1;1;7;230;25/07/2016
2016020951;1;2;2;1;3;230;26/07/2016
2016020952;1;1;2;1;3;230;23/09/2016
2016020953;1;1;1;1;5;230;12/10/2016
2016020954;5;2;4;1;1;240;13/03/2016
2016020955;1;2;2;1;3;240;15/03/2016
2016020956;1;2;1;1;3;240;20/04/2016
2016020957;5;2;3;1;6;240;18/04/2016
2016020958;1;1;1;3;1;240;31/05/2016
2016020959;1;2;1;1;6;240;03/08/2016
2016020960;1;2;1;1;6;240;05/08/2016
2016020961;1;2;1;1;6;240;11/08/2016
2016020962;5;2;2;5;6;240;03/11/2016
2016020963;1;2;2;1;3;240;19/11/2016
2016020964;1;1;1;1;6;240;07/12/2016
2016020965;1;2;1;1;6;240;13/12/2016
2016020966;2;2;1;5;6;240;11/01/2016
2016020967;5;2;2;1;3;240;27/01/2016
2016020968;2;2;1;3;6;240;12/02/2016
2016020969;1;2;1;1;6;240;23/02/2016
2016020970;1;2;3;1;6;240;07/04/2016
2016020971;1;2;3;7;3;240;10/04/2016
2016020972;1;2;1;1;2;240;04/04/2016
2016020973;1;2;3;1;6;240;30/04/2016
2016020974;1;2;3;2;3;240;30/04/2016
2016020975;1;2;3;1;3;240;04/05/2016
2016020976;1;1;1;1;3;240;22/07/2016
2016020977;1;2;1;1;6;240;14/09/2016
2016020978;5;2;3;1;6;240;02/10/2016
2016020979;1;2;1;1;6;240;06/10/2016
2016020980;1;2;9;2;6;240;17/10/2016
2016020981;1;1;6;1;6;240;10/10/2016
2016020982;1;2;1;1;6;240;26/10/2016
2016020983;1;1;1;1;1;240;25/10/2016
2016020984;1;2;1;1;2;240;25/10/2016
2016020985;5;1;2;1;3;240;07/11/2016
2016020986;1;1;9;1;5;240;01/12/2016
2016020987;1;2;2;1;7;240;22/09/2016
2016020988;2;1;1;1;2;240;05/11/2016
2016020989;5;2;6;1;3;240;13/12/2016
2016020990;1;1;1;1;6;240;17/12/2016
2016020991;2;2;3;2;6;250;06/01/2016
2016020992;1;2;7;2;6;250;06/01/2016
2016020993;5;2;1;9;6;250;07/01/2016
2016020994;5;2;3;2;3;250;07/01/2016
2016020995;5;2;3;2;3;250;08/01/2016
2016020996;3;2;1;3;6;250;11/01/2016
2016020997;3;2;1;3;1;250;11/01/2016
2016020998;5;2;3;1;6;250;15/01/2016
2016020999;5;2;1;1;6;250;17/01/2016
2016021000;3;2;1;1;6;250;22/01/2016
2016021001;2;2;1;1;6;250;25/01/2016
2016021002;1;1;9;2;6;250;03/02/2016
2016021003;5;2;1;2;6;250;04/02/2016
2016021004;5;2;9;9;6;250;11/02/2016
2016021005;5;2;1;1;6;250;14/02/2016
2016021006;1;2;1;1;6;250;14/02/2016
2016021007;1;2;1;1;4;250;15/02/2016
2016021008;5;2;1;2;6;250;18/02/2016
2016021009;5;2;1;2;1;250;05/03/2016
2016021010;1;2;1;1;7;250;15/03/2016
2016021011;2;2;1;1;6;250;21/03/2016
2016021012;5;2;1;1;2;250;23/03/2016
2016021013;1;1;1;8;5;250;25/03/2016
2016021014;5;2;1;1;6;250;26/03/2016
2016021015;1;2;1;1;6;250;01/04/2016
2016021016;1;2;1;1;6;250;01/04/2016
2016021017;1;2;2;1;6;250;08/04/2016
2016021018;5;2;1;1;6;250;10/04/2016
2016021019;1;2;1;1;6;250;11/04/2016
2016021020;1;2;1;1;6;250;12/04/2016
2016021021;5;2;1;2;6;250;13/04/2016
2016021022;1;2;6;1;3;250;24/04/2016
2016021023;5;2;1;3;6;250;01/05/2016
2016021024;1;2;2;1;3;250;02/05/2016
2016021025;5;2;3;1;3;250;06/05/2016
2016021026;1;2;2;1;3;250;07/05/2016
2016021027;1;2;1;1;6;250;10/05/2016
2016021028;5;2;1;2;6;250;14/05/2016
2016021029;1;2;1;1;6;250;18/05/2016
2016021030;1;2;4;1;6;250;20/05/2016
2016021031;5;2;1;8;6;250;28/05/2016
2016021032;5;2;1;1;2;250;28/05/2016
2016021033;5;2;1;1;6;250;04/06/2016
2016021034;5;2;1;1;6;250;06/06/2016
2016021035;1;2;1;1;6;250;07/06/2016
2016021036;1;2;2;1;6;250;07/06/2016
2016021037;1;2;1;1;2;250;09/06/2016
2016021038;1;2;1;2;6;250;17/06/2016
2016021039;1;2;3;8;2;250;18/06/2016
2016021040;1;2;6;1;2;250;19/06/2016
2016021041;1;2;1;1;6;250;21/06/2016
2016021042;1;2;9;1;6;250;21/06/2016
2016021043;1;2;1;1;6;250;23/06/2016
2016021044;1;2;1;1;6;250;24/06/2016
2016021045;1;2;1;1;6;250;26/06/2016
2016021046;5;2;4;2;6;250;29/06/2016
2016021047;1;2;1;1;3;250;04/07/2016
2016021048;5;2;1;1;6;250;16/07/2016
2016021049;1;2;9;1;6;250;22/07/2016
2016021050;1;2;1;1;6;250;23/07/2016
2016021051;5;2;1;1;6;250;27/07/2016
2016021052;1;2;1;1;6;250;06/08/2016
2016021053;3;1;1;1;6;250;25/08/2016
2016021054;1;2;1;1;3;250;27/08/2016
2016021055;1;2;1;1;7;250;30/08/2016
2016021056;5;2;3;1;3;250;31/08/2016
2016021057;1;2;1;1;6;250;09/09/2016
2016021058;1;2;1;1;6;250;09/09/2016
2016021059;1;2;1;1;6;250;12/09/2016
2016021060;1;2;1;8;6;250;15/09/2016
2016021061;1;2;9;8;3;250;16/09/2016
2016021062;1;2;1;1;1;250;16/09/2016
2016021063;1;2;3;1;6;250;24/09/2016
2016021064;1;2;1;1;7;250;02/10/2016
2016021065;1;2;1;1;2;250;03/10/2016
2016021066;1;2;1;1;3;250;06/10/2016
2016021067;1;2;3;1;6;250;11/10/2016
2016021068;1;2;1;1;1;250;14/10/2016
2016021069;5;2;1;1;6;250;15/10/2016
2016021070;5;1;1;2;6;250;16/10/2016
2016021071;1;2;1;1;6;250;18/10/2016
2016021072;1;2;1;1;5;250;28/10/2016
2016021073;5;2;1;1;6;250;30/10/2016
2016021074;1;2;1;1;6;250;03/11/2016
2016021075;5;2;1;2;6;250;05/11/2016
2016021076;1;2;3;1;3;250;07/11/2016
2016021077;5;2;1;1;7;250;27/11/2016
2016021078;1;2;1;1;1;250;26/11/2016
2016021079;5;2;1;1;6;250;28/11/2016
2016021080;1;2;1;1;2;250;01/12/2016
2016021081;5;2;1;1;6;250;09/12/2016
2016021082;1;2;1;9;6;250;09/12/2016
2016021083;1;1;1;1;6;250;11/12/2016
2016021084;3;2;1;1;6;250;14/12/2016
2016021085;1;2;1;1;6;250;18/12/2016
2016021086;1;2;1;1;3;250;27/12/2016
2016021087;5;2;1;9;6;250;20/01/2016
2016021088;3;2;1;3;6;250;04/01/2016
2016021089;1;2;1;1;6;250;26/01/2016
2016021090;3;2;1;2;6;250;02/02/2016
2016021091;1;2;1;2;6;250;04/02/2016
2016021092;5;2;1;2;5;250;04/02/2016
2016021093;1;1;1;1;7;250;10/02/2016
2016021094;5;2;1;1;6;250;23/02/2016
2016021095;1;2;1;1;7;250;09/03/2016
2016021096;5;2;1;1;7;250;11/03/2016
2016021097;1;1;1;1;6;250;12/03/2016
2016021098;1;1;1;1;6;250;30/03/2016
2016021099;1;2;1;1;6;250;28/04/2016
2016021100;1;2;1;2;7;250;23/04/2016
2016021101;1;1;1;1;3;250;02/05/2016
2016021102;1;2;9;1;4;250;18/03/2016
2016021103;1;2;1;1;6;250;08/05/2016
2016021104;1;2;1;1;6;250;27/04/2016
2016021105;1;2;1;1;1;250;01/06/2016
2016021106;1;2;7;1;3;250;26/06/2016
2016021107;5;2;3;1;1;250;13/07/2016
2016021108;5;2;1;1;2;250;27/07/2016
2016021109;1;2;1;1;4;250;21/09/2016
2016021110;1;2;7;1;6;250;23/09/2016
2016021111;5;1;1;1;7;250;09/10/2016
2016021112;5;2;1;3;6;250;10/11/2016
2016021113;4;2;1;8;6;250;17/11/2016
2016021114;5;2;3;1;3;250;13/12/2016
2016021115;1;2;1;1;1;250;22/01/2016
2016021116;5;2;6;1;1;250;02/02/2016
2016021117;1;2;1;2;6;250;08/02/2016
2016021118;1;2;3;1;6;250;05/03/2016
2016021119;1;2;1;2;7;250;05/04/2016
2016021120;1;2;1;2;3;250;14/05/2016
2016021121;1;2;1;1;4;250;17/05/2016
2016021122;1;2;1;1;6;250;27/05/2016
2016021123;1;2;1;1;6;250;07/06/2016
2016021124;1;2;2;3;3;250;11/06/2016
2016021125;1;2;3;2;3;250;11/06/2016
2016021126;1;1;3;2;3;250;11/06/2016
2016021127;1;1;1;3;6;250;14/06/2016
2016021128;1;2;2;1;1;250;15/06/2016
2016021129;1;2;1;1;6;250;19/06/2016
2016021130;1;2;1;1;3;250;27/06/2016
2016021131;1;2;1;1;6;250;28/06/2016
2016021132;1;2;3;1;3;250;03/07/2016
2016021133;1;2;6;1;6;250;05/07/2016
2016021134;1;2;7;1;3;250;06/07/2016
2016021135;1;1;3;1;2;250;08/07/2016
2016021136;1;2;3;1;7;250;15/07/2016
2016021137;1;1;1;1;3;250;03/08/2016
2016021138;1;2;3;1;6;250;26/08/2016
2016021139;1;2;3;1;1;250;27/08/2016
2016021140;1;1;1;1;2;250;24/09/2016
2016021141;1;2;3;1;2;250;24/09/2016
2016021142;5;2;3;1;3;250;28/09/2016
2016021143;1;2;1;1;3;250;30/09/2016
2016021144;5;2;1;1;2;250;07/10/2016
2016021145;5;2;3;1;6;250;13/10/2016
2016021146;1;2;1;1;6;250;15/10/2016
2016021147;1;2;3;2;2;250;17/10/2016
2016021148;1;2;1;1;2;250;04/11/2016
2016021149;1;1;1;4;6;250;08/11/2016
2016021150;1;2;1;4;6;250;08/11/2016
2016021151;1;1;1;1;3;250;24/11/2016
2016021152;1;2;8;1;6;250;28/11/2016
2016021153;1;2;2;1;3;250;06/12/2016
2016021154;1;2;1;1;3;250;10/12/2016
2016021155;3;1;1;1;5;260;14/12/2016
2016021156;1;1;1;8;3;840;14/01/2016
2016021157;1;2;1;2;7;840;02/03/2016
2016021158;1;1;2;1;3;840;11/03/2016
2016021159;1;2;1;1;3;840;02/04/2016
2016021160;1;1;1;1;6;840;05/06/2016
2016021161;1;1;2;1;3;840;14/07/2016
2016021162;1;1;1;1;6;840;14/08/2016
2016021163;1;1;1;1;3;840;02/11/2016
2016021164;1;1;1;1;6;840;23/11/2016
2016021165;3;1;1;1;6;840;27/11/2016
2016021166;2;1;3;5;3;840;11/12/2016
2016021167;3;2;1;1;6;590;26/02/2016
2016021168;1;2;6;1;2;590;26/03/2016
2016021169;1;2;8;1;1;590;18/08/2016
2016021170;2;2;1;2;6;590;09/11/2016
2016021171;5;2;1;1;6;590;28/11/2016
2016021172;2;1;1;1;1;790;29/02/2016
2016021173;3;1;1;1;6;790;18/06/2016
2016021174;1;1;3;1;3;790;05/07/2016
2016021175;1;1;2;1;3;790;16/08/2016
2016021176;1;2;1;7;1;790;02/09/2016
2016021177;1;1;4;1;3;790;07/09/2016
2016021178;1;2;2;1;3;790;23/09/2016
2016021179;1;1;1;1;6;790;03/10/2016
2016021180;3;1;1;5;6;790;30/12/2016
2016021181;4;2;1;1;6;620;07/01/2016
2016021182;1;1;1;1;7;620;20/04/2016
2016021183;1;1;1;1;1;620;04/06/2016
2016021184;1;1;2;1;3;620;07/06/2016
2016021185;1;2;3;1;3;620;09/10/2016
2016021186;1;2;1;9;6;620;02/12/2016
2016021187;1;2;1;1;6;620;05/12/2016
2016021188;1;1;2;1;1;620;06/12/2016
2016021189;3;1;1;5;1;590;13/01/2016
2016021190;3;1;1;1;3;590;23/01/2016
2016021191;1;1;1;1;2;590;13/03/2016
2016021192;1;1;1;1;2;590;08/05/2016
2016021193;1;2;1;1;3;590;24/05/2016
2016021194;3;1;1;2;6;590;30/06/2016
2016021195;1;2;1;1;3;590;11/10/2016
2016021196;1;2;1;1;6;590;17/10/2016
2016021197;1;2;1;1;6;590;16/10/2016
2016021198;1;2;1;1;4;590;23/12/2016
2016021199;3;1;1;1;6;740;17/01/2016
2016021200;1;2;1;1;1;740;01/05/2016
2016021201;1;1;1;1;7;740;14/08/2016
2016021202;1;1;1;1;3;740;23/08/2016
2016021203;5;1;1;4;6;10;11/02/2016
2016021204;5;2;1;1;6;10;06/07/2016
2016021205;1;1;1;1;2;10;19/07/2016
2016021206;1;2;1;1;3;10;08/09/2016
2016021207;3;1;1;2;1;10;23/10/2016
2016021208;5;2;1;1;6;10;26/11/2016
2016021209;1;1;1;1;1;830;04/01/2016
2016021210;1;1;1;6;3;830;08/03/2016
2016021211;3;1;1;1;5;830;26/03/2016
2016021212;1;1;1;1;1;830;11/04/2016
2016021213;1;1;1;1;6;830;25/04/2016
2016021214;1;2;3;1;3;830;16/05/2016
2016021215;1;1;1;1;1;830;01/07/2016
2016021216;1;1;1;1;3;830;11/08/2016
2016021217;3;1;1;1;1;830;15/10/2016
2016021218;3;1;1;1;6;830;30/10/2016
2016021219;1;1;1;1;3;830;10/12/2016
2016021220;1;2;1;1;2;260;20/01/2016
2016021221;5;2;1;1;2;260;13/12/2016
2016021222;5;2;1;1;7;260;27/01/2016
2016021223;1;2;2;1;6;260;26/11/2016
2016021224;5;1;1;2;6;260;12/02/2016
2016021225;5;2;1;1;6;260;20/03/2016
2016021226;1;2;3;1;5;260;02/03/2016
2016021227;1;1;3;1;3;260;29/04/2016
2016021228;1;2;1;1;6;260;27/04/2016
2016021229;1;1;1;1;3;260;20/05/2016
2016021230;1;2;1;1;1;260;15/05/2016
2016021231;1;2;3;1;3;260;05/05/2016
2016021232;1;1;1;1;2;260;26/05/2016
2016021233;1;1;1;1;3;260;28/06/2016
2016021234;5;2;1;1;1;260;09/07/2016
2016021235;1;2;1;1;3;260;10/07/2016
2016021236;1;2;1;1;6;260;06/07/2016
2016021237;1;1;1;1;2;260;31/07/2016
2016021238;1;1;1;1;5;260;05/08/2016
2016021239;1;2;1;1;3;260;16/08/2016
2016021240;1;1;1;1;7;260;26/06/2016
2016021241;1;1;1;1;1;260;12/09/2016
2016021242;1;2;1;1;6;260;03/10/2016
2016021243;1;2;1;1;6;260;21/09/2016
2016021244;3;2;1;1;6;260;24/10/2016
2016021245;1;2;3;1;6;260;26/10/2016
2016021246;3;1;1;1;3;260;04/09/2016
2016021247;3;1;1;1;6;260;12/09/2016
2016021248;5;1;1;1;2;260;06/12/2016
2016021249;2;2;1;1;6;260;04/01/2016
2016021250;2;2;6;1;2;260;04/01/2016
2016021251;5;2;1;8;3;260;06/01/2016
2016021252;1;2;1;1;3;260;11/01/2016
2016021253;1;2;6;1;3;260;12/01/2016
2016021254;1;2;1;1;3;260;12/01/2016
2016021255;1;2;1;2;7;260;14/01/2016
2016021256;2;2;1;1;3;260;14/01/2016
2016021257;1;2;1;1;6;260;01/02/2016
2016021258;1;2;1;1;6;260;13/02/2016
2016021259;5;2;2;1;1;260;14/02/2016
2016021260;1;2;1;1;6;260;14/03/2016
2016021261;5;2;1;1;4;260;16/03/2016
2016021262;1;2;2;1;3;260;19/03/2016
2016021263;1;2;3;1;3;260;19/03/2016
2016021264;1;2;1;1;2;260;21/03/2016
2016021265;1;1;1;1;3;260;23/03/2016
2016021266;1;2;1;1;6;260;23/03/2016
2016021267;3;1;6;1;7;260;30/03/2016
2016021268;1;2;2;1;3;260;07/04/2016
2016021269;1;2;1;1;3;260;07/04/2016
2016021270;1;2;3;1;2;260;10/04/2016
2016021271;1;2;1;1;2;260;14/04/2016
2016021272;1;1;3;1;2;260;16/04/2016
2016021273;5;2;6;1;3;260;20/04/2016
2016021274;1;2;1;1;3;260;21/04/2016
2016021275;1;2;1;1;5;260;29/04/2016
2016021276;1;2;1;1;1;260;02/05/2016
2016021277;1;2;4;1;3;260;05/05/2016
2016021278;1;2;2;2;5;260;11/05/2016
2016021279;5;2;1;1;1;260;16/05/2016
2016021280;1;2;1;1;6;260;17/05/2016
2016021281;1;2;1;1;2;260;19/05/2016
2016021282;1;2;1;1;6;260;28/05/2016
2016021283;1;2;1;1;3;260;01/06/2016
2016021284;1;2;3;2;3;260;01/06/2016
2016021285;1;1;1;1;2;260;03/06/2016
2016021286;5;2;2;1;3;260;08/06/2016
2016021287;1;2;2;1;3;260;11/06/2016
2016021288;1;2;1;1;6;260;22/06/2016
2016021289;2;2;1;1;3;260;22/06/2016
2016021290;1;2;6;1;3;260;25/06/2016
2016021291;1;2;1;1;6;260;28/06/2016
2016021292;1;2;1;1;6;260;29/06/2016
2016021293;1;1;1;1;6;260;01/07/2016
2016021294;1;1;1;1;6;260;02/07/2016
2016021295;1;1;1;1;4;260;07/07/2016
2016021296;3;2;1;1;6;260;12/07/2016
2016021297;1;2;1;1;5;260;13/07/2016
2016021298;1;2;2;1;3;260;11/08/2016
2016021299;1;2;1;1;3;260;13/08/2016
2016021300;1;2;1;1;6;260;15/08/2016
2016021301;1;2;1;1;3;260;26/08/2016
2016021302;1;2;1;1;6;260;26/08/2016
2016021303;5;2;1;1;6;260;02/09/2016
2016021304;1;1;1;1;2;260;12/09/2016
2016021305;1;2;1;1;3;260;13/09/2016
2016021306;1;2;1;1;6;260;15/09/2016
2016021307;1;2;1;1;6;260;21/09/2016
2016021308;1;2;3;1;5;260;28/09/2016
2016021309;1;2;3;1;3;260;29/09/2016
2016021310;1;2;1;1;2;260;05/10/2016
2016021311;1;2;1;1;2;260;08/10/2016
2016021312;1;2;2;1;1;260;15/10/2016
2016021313;1;2;1;1;6;260;18/10/2016
2016021314;1;2;6;1;3;260;21/10/2016
2016021315;1;2;2;1;3;260;07/11/2016
2016021316;1;2;1;1;2;260;09/11/2016
2016021317;1;2;1;1;2;260;11/11/2016
2016021318;5;2;1;1;2;260;16/11/2016
2016021319;1;2;1;1;2;260;18/11/2016
2016021320;1;2;3;1;3;260;18/11/2016
2016021321;1;2;1;1;3;260;20/11/2016
2016021322;1;2;1;1;6;260;21/11/2016
2016021323;3;1;1;1;7;260;26/11/2016
2016021324;1;2;1;1;6;260;26/11/2016
2016021325;1;2;6;1;3;260;25/11/2016
2016021326;1;2;2;1;3;260;29/11/2016
2016021327;1;2;2;1;3;260;30/11/2016
2016021328;3;2;3;1;3;260;05/12/2016
2016021329;1;2;1;1;2;260;08/12/2016
2016021330;1;2;6;1;3;260;15/12/2016
2016021331;1;2;1;1;6;260;15/12/2016
2016021332;3;1;6;1;5;260;16/12/2016
2016021333;1;2;1;1;6;260;17/12/2016
2016021334;1;2;1;1;4;260;17/12/2016
2016021335;1;1;1;1;2;260;21/12/2016
2016021336;1;2;1;1;2;260;28/12/2016
2016021337;3;1;1;1;6;260;30/12/2016
2016021338;1;2;1;1;6;260;29/12/2016
2016021339;1;2;1;1;3;260;08/01/2016
2016021340;3;1;1;1;6;260;11/01/2016
2016021341;1;2;1;1;6;260;14/01/2016
2016021342;5;2;6;2;3;260;14/01/2016
2016021343;1;2;3;1;1;260;30/01/2016
2016021344;1;1;2;1;2;260;03/02/2016
2016021345;1;2;1;1;6;260;03/02/2016
2016021346;4;1;1;1;7;260;17/02/2016
2016021347;1;1;1;1;1;260;27/02/2016
2016021348;1;1;1;1;1;260;16/02/2016
2016021349;5;2;1;1;2;260;27/02/2016
2016021350;5;2;2;1;3;260;03/03/2016
2016021351;1;2;1;1;6;260;07/03/2016
2016021352;1;1;3;1;3;260;11/03/2016
2016021353;1;1;6;1;4;260;31/03/2016
2016021354;5;2;3;1;3;260;16/04/2016
2016021355;5;2;2;1;3;260;17/04/2016
2016021356;1;2;1;1;2;260;27/04/2016
2016021357;1;2;1;1;3;260;26/04/2016
2016021358;5;2;3;1;3;260;30/04/2016
2016021359;1;1;1;1;1;260;04/05/2016
2016021360;1;2;2;1;6;260;04/05/2016
2016021361;1;2;1;1;6;260;04/05/2016
2016021362;1;2;1;1;3;260;14/05/2016
2016021363;1;2;3;1;3;260;26/05/2016
2016021364;1;2;1;1;5;260;26/05/2016
2016021365;1;2;1;1;6;260;30/05/2016
2016021366;3;1;3;1;5;260;28/05/2016
2016021367;1;2;6;1;6;260;09/06/2016
2016021368;1;2;1;1;2;260;07/06/2016
2016021369;1;1;1;2;3;260;16/06/2016
2016021370;1;2;2;1;3;260;22/06/2016
2016021371;1;2;3;1;6;260;30/06/2016
2016021372;2;2;3;1;1;260;29/06/2016
2016021373;1;2;1;1;3;260;04/07/2016
2016021374;1;1;1;1;5;260;12/07/2016
2016021375;1;2;1;1;2;260;13/07/2016
2016021376;1;1;1;1;2;260;18/07/2016
2016021377;1;2;1;1;2;260;16/07/2016
2016021378;1;1;1;1;7;260;16/07/2016
2016021379;5;2;1;1;7;260;04/05/2016
2016021380;1;2;1;1;6;260;09/06/2016
2016021381;1;1;1;1;6;260;04/08/2016
2016021382;1;1;1;1;6;260;22/09/2016
2016021383;1;1;1;1;4;260;22/09/2016
2016021384;1;2;1;1;6;260;27/09/2016
2016021385;1;2;3;1;1;260;28/09/2016
2016021386;3;1;1;1;5;260;30/09/2016
2016021387;1;2;1;2;6;260;13/10/2016
2016021388;1;2;1;1;6;260;21/10/2016
2016021389;5;2;3;2;3;260;25/10/2016
2016021390;1;2;1;1;3;260;26/10/2016
2016021391;1;2;1;1;3;260;27/10/2016
2016021392;1;2;1;1;6;260;08/11/2016
2016021393;5;1;1;1;3;260;12/11/2016
2016021394;2;2;4;2;2;260;10/11/2016
2016021395;1;2;1;1;6;260;30/11/2016
2016021396;1;2;1;1;6;260;05/12/2016
2016021397;3;1;2;1;3;260;12/12/2016