num_acc;lum;agg;inter;atm;col;dep;date
2016023128;1;2;1;1;3;310;27/09/2016
2016023129;1;2;1;1;1;310;24/09/2016
2016023130;1;1;1;1;4;310;28/09/2016
2016023131;1;2;1;7;6;310;29/09/2016
2016023132;1;2;1;1;3;310;29/09/2016
2016023133;1;2;1;1;6;310;29/09/2016
2016023134;1;1;1;1;3;310;29/09/2016
2016023135;1;2;1;1;6;310;29/09/2016
2016023136;1;1;1;1;2;310;29/09/2016
2016023137;5;2;1;1;6;310;30/09/2016
2016023138;1;2;1;1;3;310;01/10/2016
2016023139;1;2;1;1;1;310;03/10/2016
2016023140;1;2;2;1;3;310;03/10/2016
2016023141;1;1;1;1;3;310;03/10/2016
2016023142;1;2;1;1;6;310;03/10/2016
2016023143;1;1;1;1;6;310;04/10/2016
2016023144;1;1;1;1;3;310;05/10/2016
2016023145;1;2;2;1;3;310;05/10/2016
2016023146;1;1;1;1;3;310;05/10/2016
2016023147;5;1;1;1;6;310;06/10/2016
2016023148;5;2;3;1;3;310;06/10/2016
2016023149;1;2;1;1;3;310;06/10/2016
2016023150;5;2;1;1;6;310;06/10/2016
2016023151;1;2;1;1;6;310;06/10/2016
2016023152;1;2;2;1;6;310;06/10/2016
2016023153;1;1;1;1;4;310;06/10/2016
2016023154;5;1;1;1;3;310;06/10/2016
2016023155;1;2;1;1;1;310;07/10/2016
2016023156;1;2;1;1;3;310;07/10/2016
2016023157;1;2;1;1;1;310;08/10/2016
2016023158;1;2;2;1;1;310;08/10/2016
2016023159;1;2;1;1;3;310;08/10/2016
2016023160;1;2;1;1;6;310;09/10/2016
2016023161;1;2;1;1;3;310;08/10/2016
2016023162;2;2;1;1;3;310;10/10/2016
2016023163;1;2;3;1;3;310;10/10/2016
2016023164;1;1;1;1;3;310;11/10/2016
2016023165;5;2;2;1;3;310;11/10/2016
2016023166;2;1;1;1;3;310;12/10/2016
2016023167;1;1;1;1;5;310;12/10/2016
2016023168;1;1;1;1;5;310;12/10/2016
2016023169;1;2;1;1;6;310;12/10/2016
2016023170;1;2;1;1;6;310;12/10/2016
2016023171;1;2;4;1;3;310;12/10/2016
2016023172;3;2;1;2;3;310;14/10/2016
2016023173;5;2;1;2;3;310;14/10/2016
2016023174;1;1;1;1;2;310;15/10/2016
2016023175;1;1;3;1;3;310;15/10/2016
2016023176;1;2;1;1;2;310;16/10/2016
2016023177;2;1;1;1;3;310;17/10/2016
2016023178;5;1;1;1;2;310;18/10/2016
2016023179;1;1;1;1;2;310;18/10/2016
2016023180;1;2;1;1;3;310;18/10/2016
2016023181;5;2;1;1;3;310;19/10/2016
2016023182;3;1;1;1;1;310;20/10/2016
2016023183;5;1;6;1;3;310;20/10/2016
2016023184;1;2;1;1;3;310;20/10/2016
2016023185;1;1;1;1;2;310;20/10/2016
2016023186;1;2;1;1;3;310;20/10/2016
2016023187;2;2;1;1;2;310;20/10/2016
2016023188;1;2;1;1;6;310;21/10/2016
2016023189;1;2;1;1;3;310;21/10/2016
2016023190;5;2;2;1;3;310;22/10/2016
2016023191;1;2;3;1;6;310;22/10/2016
2016023192;5;1;1;2;2;310;24/10/2016
2016023193;1;2;3;1;3;310;24/10/2016
2016023194;5;1;1;2;5;310;27/10/2016
2016023195;1;2;1;1;6;310;25/10/2016
2016023196;1;2;1;1;3;310;27/10/2016
2016023197;1;2;1;1;6;310;28/10/2016
2016023198;1;2;1;1;3;310;28/10/2016
2016023199;3;1;1;1;6;310;30/10/2016
2016023200;1;2;2;1;3;310;31/10/2016
2016023201;5;2;3;1;3;310;01/11/2016
2016023202;4;1;1;1;4;310;01/11/2016
2016023203;1;1;1;1;4;310;02/11/2016
2016023204;1;2;1;1;3;310;02/11/2016
2016023205;5;2;1;1;2;310;02/11/2016
2016023206;1;2;1;1;3;310;03/11/2016
2016023207;1;2;1;1;1;310;03/11/2016
2016023208;2;2;1;1;3;310;03/11/2016
2016023209;5;2;1;1;2;310;03/11/2016
2016023210;2;2;2;1;3;310;04/11/2016
2016023211;5;1;1;1;3;310;04/11/2016
2016023212;3;1;1;1;1;310;04/11/2016
2016023213;5;2;3;2;3;310;05/11/2016
2016023214;4;2;1;2;6;310;05/11/2016
2016023215;1;2;1;1;1;310;06/11/2016
2016023216;5;1;1;1;2;310;07/11/2016
2016023217;1;2;3;1;3;310;07/11/2016
2016023218;1;2;1;1;1;310;08/11/2016
2016023219;5;2;3;2;3;310;08/11/2016
2016023220;5;2;1;1;6;310;08/11/2016
2016023221;5;2;1;3;2;310;09/11/2016
2016023222;5;1;1;1;2;310;09/11/2016
2016023223;4;1;1;2;4;310;10/11/2016
2016023224;1;1;1;2;3;310;10/11/2016
2016023225;1;2;1;1;1;310;10/11/2016
2016023226;1;2;1;1;6;310;12/11/2016
2016023227;5;2;1;1;1;310;13/11/2016
2016023228;1;2;1;1;2;310;11/11/2016
2016023229;1;1;1;1;5;310;14/11/2016
2016023230;1;1;1;1;5;310;14/11/2016
2016023231;1;2;3;1;3;310;15/11/2016
2016023232;5;2;3;1;1;310;15/11/2016
2016023233;2;2;1;1;6;310;16/11/2016
2016023234;1;1;1;1;2;310;16/11/2016
2016023235;2;2;1;1;3;310;16/11/2016
2016023236;1;2;2;1;3;310;17/11/2016
2016023237;1;1;1;1;3;310;17/11/2016
2016023238;5;2;1;1;7;310;17/11/2016
2016023239;1;1;1;2;2;310;18/11/2016
2016023240;1;2;1;1;4;310;19/11/2016
2016023241;3;1;1;1;6;310;20/11/2016
2016023242;2;2;2;2;3;310;21/11/2016
2016023243;3;2;1;1;6;310;17/11/2016
2016023244;3;1;1;2;3;310;21/11/2016
2016023245;4;2;1;3;6;310;21/11/2016
2016023246;2;2;1;1;3;310;22/11/2016
2016023247;1;2;1;1;6;310;23/11/2016
2016023248;2;1;1;2;2;310;21/11/2016
2016023249;1;2;1;1;1;310;24/11/2016
2016023250;2;2;3;1;3;310;24/11/2016
2016023251;5;2;1;1;6;310;24/11/2016
2016023252;1;2;1;1;4;310;25/11/2016
2016023253;5;2;1;1;3;310;25/11/2016
2016023254;5;2;1;1;6;310;25/11/2016
2016023255;5;1;1;5;6;310;26/11/2016
2016023256;1;2;1;1;1;310;27/11/2016
2016023257;5;2;1;1;3;310;26/11/2016
2016023258;4;1;1;1;2;310;28/11/2016
2016023259;5;2;1;1;3;310;28/11/2016
2016023260;5;2;2;1;1;310;29/11/2016
2016023261;1;2;1;1;3;310;30/11/2016
2016023262;1;2;1;1;1;310;30/11/2016
2016023263;1;2;1;1;3;310;30/11/2016
2016023264;5;2;1;1;3;310;01/12/2016
2016023265;1;1;1;1;3;310;30/11/2016
2016023266;1;2;3;1;1;310;01/12/2016
2016023267;1;2;1;1;6;310;02/12/2016
2016023268;5;2;1;1;7;310;03/12/2016
2016023269;5;2;2;1;3;310;03/12/2016
2016023270;5;2;1;1;1;310;03/12/2016
2016023271;5;1;1;1;2;310;04/12/2016
2016023272;5;2;1;1;6;310;05/12/2016
2016023273;1;2;1;1;3;310;06/12/2016
2016023274;1;2;1;1;3;310;30/11/2016
2016023275;1;2;1;1;3;310;06/12/2016
2016023276;5;1;1;1;2;310;07/12/2016
2016023277;1;1;1;1;2;310;07/12/2016
2016023278;5;2;1;1;6;310;07/12/2016
2016023279;1;2;1;1;1;310;06/12/2016
2016023280;1;2;1;1;6;310;08/12/2016
2016023281;1;2;1;1;6;310;08/12/2016
2016023282;3;1;1;1;6;310;04/12/2016
2016023283;1;2;1;1;6;310;09/12/2016
2016023284;4;1;1;1;4;310;09/12/2016
2016023285;4;2;1;1;6;310;10/12/2016
2016023286;1;2;1;1;6;310;10/12/2016
2016023287;1;2;1;1;3;310;11/12/2016
2016023288;5;2;1;1;3;310;11/12/2016
2016023289;1;2;1;1;3;310;09/12/2016
2016023290;1;2;1;1;3;310;12/12/2016
2016023291;1;2;1;1;5;310;12/12/2016
2016023292;5;2;2;1;3;310;14/12/2016
2016023293;1;2;1;1;6;310;14/12/2016
2016023294;5;1;1;1;3;310;15/12/2016
2016023295;3;2;1;1;6;310;15/12/2016
2016023296;5;2;1;1;6;310;18/12/2016
2016023297;5;1;1;1;6;310;18/12/2016
2016023298;3;2;1;1;4;310;19/12/2016
2016023299;2;2;1;1;6;310;21/12/2016
2016023300;1;2;1;1;3;310;21/12/2016
2016023301;1;1;1;1;1;310;22/12/2016
2016023302;1;2;1;2;3;310;22/12/2016
2016023303;5;2;1;2;6;310;22/12/2016
2016023304;5;2;1;1;3;310;25/12/2016
2016023305;1;2;1;1;6;310;25/12/2016
2016023306;5;2;1;1;3;310;28/12/2016
2016023307;1;2;1;1;2;310;29/12/2016
2016023308;1;2;2;1;3;680;03/01/2016
2016023309;1;2;2;1;2;680;22/05/2016
2016023310;1;1;1;1;3;710;23/01/2016
2016023311;1;1;1;1;6;710;13/03/2016
2016023312;1;1;1;1;2;710;13/04/2016
2016023313;4;1;1;2;2;710;16/04/2016
2016023314;1;1;1;8;2;710;30/05/2016
2016023315;1;1;1;1;2;710;28/07/2016
2016023316;3;1;1;1;6;710;02/08/2016
2016023317;3;1;1;2;5;710;17/11/2016
2016023318;1;1;1;3;6;710;22/11/2016
2016023319;3;1;1;1;7;880;11/02/2016
2016023320;2;1;1;1;2;880;01/04/2016
2016023321;1;1;1;1;3;540;25/06/2016
2016023322;1;1;1;1;7;880;15/08/2016
2016023323;3;1;9;1;2;830;16/01/2016
2016023324;3;1;1;5;4;830;24/01/2016
2016023325;3;1;1;1;6;830;22/02/2016
2016023326;1;1;1;1;2;830;08/03/2016
2016023327;1;1;1;1;4;830;10/03/2016
2016023328;1;1;1;1;6;830;31/03/2016
2016023329;1;1;1;6;1;830;13/05/2016
2016023330;3;1;1;6;7;830;30/05/2016
2016023331;1;1;9;1;7;830;02/06/2016
2016023332;1;1;1;1;5;830;21/06/2016
2016023333;1;1;1;1;4;830;27/06/2016
2016023334;3;1;1;8;3;830;24/07/2016
2016023335;1;1;1;1;6;830;02/08/2016
2016023336;1;1;1;1;5;830;05/08/2016
2016023337;3;1;1;1;6;830;31/08/2016
2016023338;1;1;1;1;4;830;09/09/2016
2016023339;1;1;1;1;2;830;18/10/2016
2016023340;1;1;9;1;3;830;15/11/2016
2016023341;1;1;1;1;7;830;08/12/2016
2016023342;1;1;1;8;7;280;04/01/2016
2016023343;3;1;1;1;1;280;19/02/2016
2016023344;1;1;1;1;6;280;11/03/2016
2016023345;1;1;1;1;2;280;25/03/2016
2016023346;1;1;1;1;2;280;28/03/2016
2016023347;3;1;1;1;6;280;01/04/2016
2016023348;1;1;1;1;3;280;10/04/2016
2016023349;1;1;1;3;3;280;11/04/2016
2016023350;1;1;1;1;2;280;23/06/2016
2016023351;1;1;1;1;6;280;22/07/2016
2016023352;3;1;1;1;6;280;24/07/2016
2016023353;3;1;1;1;6;280;23/09/2016
2016023354;3;1;1;1;4;280;17/10/2016
2016023355;1;1;1;1;5;280;25/11/2016
2016023356;3;1;1;1;6;280;08/12/2016
2016023357;1;1;1;1;6;450;20/12/2016
2016023358;1;1;1;1;5;440;01/03/2016
2016023359;3;1;1;1;7;440;01/05/2016
2016023360;1;1;1;1;2;440;13/08/2016
2016023361;1;2;1;1;6;130;06/02/2016
2016023362;1;1;1;1;6;130;27/03/2016
2016023363;1;1;1;1;4;770;29/04/2016
2016023364;1;1;4;1;2;770;13/06/2016
2016023365;1;1;1;1;6;770;26/06/2016
2016023366;2;1;1;1;3;770;08/09/2016
2016023367;1;1;1;1;6;770;27/09/2016
2016023368;3;1;1;5;6;770;22/10/2016
2016023369;5;1;1;8;6;770;25/10/2016
2016023370;3;1;1;1;4;770;20/11/2016
2016023371;2;1;3;1;5;810;17/11/2016
2016023372;1;2;1;1;1;810;17/11/2016
2016023373;1;1;3;1;2;810;22/10/2016
2016023374;2;1;1;1;5;810;25/12/2016
2016023375;2;1;1;8;6;810;25/10/2016
2016023376;1;1;1;2;6;810;24/12/2016
2016023377;3;1;1;3;1;810;31/01/2016
2016023378;1;1;1;1;6;810;08/03/2016
2016023379;2;1;1;1;3;810;07/10/2016
2016023380;5;2;1;1;6;320;24/01/2016
2016023381;5;2;1;8;1;320;22/01/2016
2016023382;1;2;1;2;1;320;10/02/2016
2016023383;1;1;1;1;3;320;12/02/2016
2016023384;1;2;2;1;3;320;20/02/2016
2016023385;1;1;1;1;6;320;08/03/2016
2016023386;1;1;1;8;1;320;09/03/2016
2016023387;1;2;1;1;6;320;10/03/2016
2016023388;3;2;1;2;6;320;31/03/2016
2016023389;1;2;3;1;3;320;26/04/2016
2016023390;3;1;1;1;7;320;15/05/2016
2016023391;1;2;1;1;2;320;19/05/2016
2016023392;1;1;1;1;1;320;23/05/2016
2016023393;1;2;1;1;6;320;23/05/2016
2016023394;5;2;3;1;3;320;10/06/2016
2016023395;1;2;1;1;6;320;14/06/2016
2016023396;1;2;2;1;1;320;22/06/2016
2016023397;1;2;4;1;2;320;23/06/2016
2016023398;1;1;1;1;6;320;04/07/2016
2016023399;1;2;1;1;2;320;05/07/2016
2016023400;2;1;1;2;1;320;12/07/2016
2016023401;1;2;3;1;1;320;08/08/2016
2016023402;1;1;1;1;6;320;14/08/2016
2016023403;1;2;3;1;3;320;09/09/2016
2016023404;1;2;1;1;2;320;19/09/2016
2016023405;1;1;1;1;6;320;09/10/2016
2016023406;1;2;6;1;3;320;25/10/2016
2016023407;1;2;1;1;3;320;27/10/2016
2016023408;1;1;1;8;1;320;08/11/2016
2016023409;1;1;1;8;5;320;12/11/2016
2016023410;1;1;3;1;1;320;15/11/2016
2016023411;1;2;4;2;3;320;23/11/2016
2016023412;1;2;1;1;3;320;24/11/2016
2016023413;1;2;1;1;2;320;29/11/2016
2016023414;1;2;2;1;6;320;30/11/2016
2016023415;1;1;3;1;3;320;07/12/2016
2016023416;1;2;1;1;2;320;07/12/2016
2016023417;1;2;1;1;2;320;07/12/2016
2016023418;5;2;1;1;6;320;07/12/2016
2016023419;1;2;2;1;2;320;17/12/2016
2016023420;3;1;1;1;7;320;25/12/2016
2016023421;1;1;1;1;6;320;26/12/2016
2016023422;1;2;1;1;5;320;29/12/2016
2016023423;1;1;1;1;3;570;11/09/2016
2016023424;1;1;1;1;6;570;23/09/2016
2016023425;3;1;1;1;6;570;23/10/2016
2016023426;1;1;1;2;6;570;24/10/2016
2016023427;1;1;1;1;6;570;07/11/2016
2016023428;1;1;3;1;6;570;23/11/2016
2016023429;2;1;1;5;1;570;06/12/2016
2016023430;1;1;1;1;6;570;15/12/2016
2016023431;3;1;1;1;6;570;25/12/2016
2016023432;3;1;1;2;5;210;11/01/2016
2016023433;1;1;1;8;6;210;28/03/2016
2016023434;2;1;9;5;6;210;06/04/2016
2016023435;1;1;1;1;3;210;31/07/2016
2016023436;1;1;1;1;6;210;10/08/2016
2016023437;1;1;1;1;6;210;26/09/2016
2016023438;3;1;1;1;6;210;07/11/2016
2016023439;2;1;1;1;3;760;20/01/2016
2016023440;1;1;1;1;2;760;17/05/2016
2016023441;3;1;1;1;1;760;23/05/2016
2016023442;1;1;1;1;6;760;27/08/2016
2016023443;1;1;1;1;6;760;13/09/2016
2016023444;1;2;1;1;6;310;11/09/2016
2016023445;1;1;1;1;3;310;30/09/2016
2016023446;1;2;1;1;6;310;17/10/2016
2016023447;5;2;1;1;6;310;29/11/2016
2016023448;1;1;3;1;4;310;29/11/2016
2016023449;1;1;4;1;3;310;04/12/2016
2016023450;1;2;1;7;7;310;27/11/2016
2016023451;1;1;2;1;3;310;12/06/2016
2016023452;1;1;1;1;1;310;12/10/2016
2016023453;1;2;1;8;4;310;13/01/2016
2016023454;1;2;1;2;6;310;29/01/2016
2016023455;1;2;1;1;3;310;29/10/2016
2016023456;1;1;1;3;1;310;13/11/2016
2016023457;3;1;1;2;6;420;17/01/2016
2016023458;1;2;2;1;6;310;19/10/2016
2016023459;1;2;1;1;6;760;31/12/2016
2016023460;1;1;1;2;6;760;01/03/2016
2016023461;1;1;1;1;7;760;10/06/2016
2016023462;1;2;1;1;5;760;11/06/2016
2016023463;5;2;1;1;6;760;03/11/2016
2016023464;1;1;1;1;1;760;29/11/2016
2016023465;3;1;1;2;1;410;02/01/2016
2016023466;1;1;1;3;2;410;09/04/2016
2016023467;1;2;6;1;6;410;01/05/2016
2016023468;1;1;1;2;3;410;31/05/2016
2016023469;3;2;1;1;7;410;15/07/2016
2016023470;3;1;1;1;1;410;03/09/2016
2016023471;1;1;1;1;7;410;02/10/2016
2016023472;1;1;9;1;7;410;22/10/2016
2016023473;1;2;1;1;6;410;29/11/2016
2016023474;1;1;1;1;3;410;24/12/2016
2016023475;3;2;1;5;6;410;30/12/2016
2016023476;1;1;1;1;7;360;30/03/2016
2016023477;1;1;1;1;7;360;23/05/2016
2016023478;1;2;1;3;1;330;28/01/2016
2016023479;1;2;1;1;6;330;27/12/2016
2016023480;1;1;6;3;2;330;03/02/2016
2016023481;1;1;1;1;6;330;30/11/2016
2016023482;1;2;1;3;6;330;07/02/2016
2016023483;5;2;2;5;3;330;19/02/2016
2016023484;1;1;1;1;6;330;26/02/2016
2016023485;5;2;6;1;3;330;17/02/2016
2016023486;5;2;6;1;6;330;06/03/2016
2016023487;1;2;6;1;6;330;07/03/2016
2016023488;1;2;1;1;6;330;31/03/2016
2016023489;1;2;1;1;2;330;02/04/2016
2016023490;1;1;1;1;4;330;05/04/2016
2016023491;1;1;1;1;6;330;27/04/2016
2016023492;1;2;1;1;6;330;02/05/2016
2016023493;5;1;1;1;6;330;05/05/2016
2016023494;1;2;1;1;6;330;05/05/2016
2016023495;1;2;7;1;2;330;04/05/2016
2016023496;4;1;1;1;6;330;11/05/2016
2016023497;1;2;1;1;2;330;17/05/2016
2016023498;1;2;1;1;6;330;06/05/2016
2016023499;1;2;3;1;3;330;01/06/2016
2016023500;1;2;2;1;5;330;28/05/2016
2016023501;1;2;1;1;6;330;31/05/2016
2016023502;1;1;1;1;6;330;07/06/2016
2016023503;5;1;1;3;6;330;19/06/2016
2016023504;5;2;2;1;3;330;08/06/2016
2016023505;1;2;1;1;2;330;21/06/2016
2016023506;1;1;1;1;6;330;05/07/2016
2016023507;1;1;1;1;1;330;08/07/2016
2016023508;1;1;1;1;6;330;11/07/2016
2016023509;1;2;2;1;6;330;26/07/2016
2016023510;5;2;3;1;6;330;02/08/2016
2016023511;1;2;1;1;6;330;31/07/2016
2016023512;1;2;6;1;6;330;01/08/2016
2016023513;1;1;1;1;6;330;07/08/2016
2016023514;1;1;1;2;6;330;04/08/2016
2016023515;1;2;6;1;6;330;11/08/2016
2016023516;1;1;1;1;6;330;14/08/2016
2016023517;1;2;1;1;6;330;15/08/2016
2016023518;1;1;1;1;2;330;14/08/2016
2016023519;1;1;1;1;1;330;18/08/2016
2016023520;1;1;1;1;1;330;11/08/2016
2016023521;1;2;1;1;6;330;09/08/2016
2016023522;1;1;1;1;6;330;25/08/2016
2016023523;1;2;3;1;6;330;31/08/2016
2016023524;1;2;6;1;2;330;08/09/2016
2016023525;1;2;1;1;6;330;10/09/2016
2016023526;1;2;2;1;3;330;10/09/2016
2016023527;1;2;1;1;6;330;12/09/2016
2016023528;1;2;1;1;1;330;10/09/2016
2016023529;5;2;2;1;1;330;16/09/2016
2016023530;1;1;6;1;3;330;13/09/2016
2016023531;1;1;2;1;3;330;02/08/2016
2016023532;1;2;1;1;6;330;08/08/2016
2016023533;1;2;3;1;6;330;23/09/2016
2016023534;1;2;1;1;6;330;07/09/2016
2016023535;1;2;1;1;7;330;24/09/2016
2016023536;1;1;1;1;4;330;06/10/2016
2016023537;1;2;2;1;1;330;28/09/2016
2016023538;1;2;1;1;6;330;09/10/2016
2016023539;1;2;2;1;3;330;24/10/2016
2016023540;1;2;1;1;6;330;26/10/2016
2016023541;1;2;1;1;6;330;27/10/2016
2016023542;1;2;1;1;6;330;21/10/2016
2016023543;5;2;1;5;6;330;30/10/2016
2016023544;2;2;1;3;6;330;10/11/2016
2016023545;1;2;1;1;3;330;30/10/2016
2016023546;5;2;1;2;6;330;25/11/2016
2016023547;1;1;6;1;6;330;30/11/2016
2016023548;1;2;2;1;6;330;15/12/2016
2016023549;1;1;2;1;6;330;24/12/2016
2016023550;2;2;6;2;3;330;26/12/2016
2016023551;1;2;1;8;1;740;19/01/2016
2016023552;1;1;1;7;1;740;21/02/2016
2016023553;1;1;1;1;6;740;01/03/2016
2016023554;1;2;1;1;6;740;19/03/2016
2016023555;1;2;1;1;7;740;17/06/2016
2016023556;1;2;2;1;3;740;17/07/2016
2016023557;1;1;1;1;6;740;10/08/2016
2016023558;4;2;3;1;6;330;04/01/2016
2016023559;3;2;1;1;6;330;30/12/2016
2016023560;5;2;2;1;3;330;28/12/2016
2016023561;5;2;1;5;5;330;01/01/2016
2016023562;1;2;1;5;6;330;29/12/2016
2016023563;3;2;1;1;4;330;23/12/2016
2016023564;1;2;1;1;6;330;31/12/2016
2016023565;5;2;3;2;3;330;04/01/2016
2016023566;1;2;3;1;6;330;06/01/2016
2016023567;5;2;6;3;6;330;04/01/2016
2016023568;2;2;1;3;6;330;06/01/2016
2016023569;2;2;2;2;3;330;08/01/2016
2016023570;1;2;1;1;2;330;30/12/2016
2016023571;5;2;1;2;6;330;05/01/2016
2016023572;5;2;2;2;3;330;05/01/2016
2016023573;5;2;1;1;6;330;30/12/2016
2016023574;5;2;1;2;3;330;08/01/2016
2016023575;5;2;6;2;2;330;08/01/2016
2016023576;1;2;4;6;6;330;11/01/2016
2016023577;5;2;9;1;3;330;11/01/2016
2016023578;4;2;6;2;6;330;08/01/2016
2016023579;4;2;1;3;6;330;03/01/2016
2016023580;5;2;1;2;6;330;06/01/2016
2016023581;5;2;3;1;6;330;14/01/2016
2016023582;4;2;4;1;6;330;12/01/2016
2016023583;5;2;3;2;3;330;05/01/2016
2016023584;1;2;4;1;6;330;15/01/2016
2016023585;5;2;1;1;6;330;15/01/2016
2016023586;1;2;2;2;1;330;18/01/2016
2016023587;5;2;1;3;6;330;10/01/2016
2016023588;2;2;4;3;6;330;18/01/2016
2016023589;1;2;2;1;2;330;14/01/2016
2016023590;2;2;3;3;1;330;12/01/2016
2016023591;1;2;2;1;3;330;20/01/2016
2016023592;5;2;2;2;6;330;19/01/2016
2016023593;5;2;2;1;6;330;16/01/2016
2016023594;1;2;1;1;6;330;16/01/2016
2016023595;1;2;6;1;5;330;20/01/2016
2016023596;5;2;3;8;3;330;21/01/2016
2016023597;4;2;1;2;2;330;18/01/2016
2016023598;2;2;1;1;6;330;15/01/2016
2016023599;5;2;2;3;6;330;18/01/2016
2016023600;1;2;1;8;3;330;21/01/2016
2016023601;1;2;1;3;3;330;19/01/2016
2016023602;5;2;2;1;3;330;21/01/2016
2016023603;5;2;1;5;3;330;23/01/2016
2016023604;1;2;2;1;6;330;12/12/2016
2016023605;2;2;6;5;3;330;21/01/2016
2016023606;1;2;3;1;2;330;21/01/2016
2016023607;5;2;3;1;2;330;23/01/2016
2016023608;5;2;1;3;6;330;19/01/2016
2016023609;4;2;6;1;6;330;20/01/2016
2016023610;1;2;4;1;3;330;20/01/2016
2016023611;1;2;2;1;1;330;20/01/2016
2016023612;1;1;1;1;2;330;21/01/2016
2016023613;5;2;3;1;3;330;12/01/2016
2016023614;1;2;2;1;3;330;18/01/2016
2016023615;1;2;2;3;1;330;22/01/2016
2016023616;4;2;6;1;1;330;27/01/2016
2016023617;5;2;4;1;1;330;23/01/2016
2016023618;5;2;3;1;3;330;26/01/2016
2016023619;2;2;3;2;2;330;28/01/2016
2016023620;1;2;2;1;3;330;28/01/2016
2016023621;1;2;1;1;3;330;26/01/2016
2016023622;5;2;1;2;6;330;31/01/2016
2016023623;5;2;4;1;3;330;28/01/2016
2016023624;5;2;3;2;2;330;30/01/2016
2016023625;1;2;2;2;3;330;30/01/2016
2016023626;5;2;2;1;3;330;29/01/2016
2016023627;1;2;3;1;3;330;26/01/2016
2016023628;1;2;1;1;5;330;02/02/2016
2016023629;5;2;3;1;3;330;25/01/2016
2016023630;1;2;2;1;6;330;03/02/2016
2016023631;1;2;1;1;2;330;29/01/2016
2016023632;5;2;6;1;6;330;29/01/2016
2016023633;1;2;1;7;2;330;04/02/2016
2016023634;5;2;2;2;2;330;28/01/2016
2016023635;5;2;1;5;6;330;06/02/2016
2016023636;1;2;1;1;4;330;03/02/2016
2016023637;1;2;2;1;3;330;06/02/2016
2016023638;1;2;1;1;3;330;28/01/2016
2016023639;5;2;2;2;1;330;07/02/2016
2016023640;1;2;1;1;6;330;03/02/2016
2016023641;5;2;2;3;2;330;07/02/2016
2016023642;5;2;5;2;3;330;07/02/2016
2016023643;1;2;1;1;6;330;03/02/2016
2016023644;1;1;3;2;3;330;26/01/2016
2016023645;1;2;3;1;5;330;29/01/2016
2016023646;1;2;4;4;6;330;06/02/2016
2016023647;5;2;6;2;6;330;09/02/2016
2016023648;5;1;1;3;6;330;09/02/2016
2016023649;5;2;2;3;3;330;02/02/2016
2016023650;1;2;3;1;6;330;09/02/2016
2016023651;2;1;1;1;1;330;05/02/2016
2016023652;2;2;3;1;2;330;08/02/2016
2016023653;1;1;1;1;5;330;09/02/2016
2016023654;1;2;1;3;3;330;11/02/2016
2016023655;1;2;3;3;2;330;11/02/2016
2016023656;1;2;4;1;6;330;11/02/2016
2016023657;5;1;2;2;1;330;11/02/2016
2016023658;5;2;1;2;3;330;11/02/2016
2016023659;1;2;1;1;1;330;08/02/2016
2016023660;1;2;1;1;2;330;12/02/2016
2016023661;1;2;3;2;3;330;12/02/2016
2016023662;1;2;2;1;1;330;13/02/2016
2016023663;1;2;1;2;1;330;14/02/2016
2016023664;5;2;2;1;2;330;13/02/2016
2016023665;5;2;3;2;1;330;12/02/2016
2016023666;5;2;3;5;6;330;06/02/2016
2016023667;1;2;2;2;3;330;08/02/2016
2016023668;1;2;1;2;3;330;07/02/2016
2016023669;1;2;1;1;4;330;05/02/2016
2016023670;1;2;2;1;1;330;16/02/2016
2016023671;1;2;2;2;6;330;10/02/2016
2016023672;1;2;1;2;3;330;10/02/2016
2016023673;1;2;1;3;6;330;13/02/2016
2016023674;5;2;1;1;6;330;17/02/2016
2016023675;5;2;1;3;6;330;13/02/2016
2016023676;1;2;1;3;4;330;06/01/2016
2016023677;5;2;4;1;6;330;15/02/2016
2016023678;5;2;2;1;1;330;10/02/2016
2016023679;1;2;1;1;3;330;20/02/2016
2016023680;5;2;3;1;6;330;22/02/2016
2016023681;1;2;1;1;6;330;11/02/2016
2016023682;2;2;1;2;6;330;20/02/2016
2016023683;1;2;6;1;3;330;16/02/2016
2016023684;1;2;1;1;3;330;22/02/2016
2016023685;5;2;1;2;7;330;25/02/2016
2016023686;5;2;1;1;6;330;25/02/2016
2016023687;1;2;2;1;6;330;17/02/2016
2016023688;1;2;3;1;3;330;18/02/2016
2016023689;1;2;2;1;6;330;22/02/2016
2016023690;2;2;6;2;3;330;19/02/2016
2016023691;5;2;1;2;6;330;21/02/2016
2016023692;2;2;2;1;3;330;26/02/2016
2016023693;1;2;6;1;3;330;22/02/2016
2016023694;5;2;1;1;6;330;28/02/2016
2016023695;5;2;1;1;2;330;27/02/2016
2016023696;5;2;2;1;3;330;27/02/2016
2016023697;1;2;1;1;3;330;22/02/2016
2016023698;1;2;2;1;3;330;29/02/2016
2016023699;1;2;1;1;6;330;29/02/2016
2016023700;1;2;6;1;3;330;29/02/2016
2016023701;2;2;3;1;3;330;01/03/2016
2016023702;5;2;2;1;3;330;24/02/2016
2016023703;5;2;2;1;3;330;25/02/2016
2016023704;5;2;2;1;5;330;01/03/2016