num_acc;lum;agg;inter;atm;col;dep;date
2016024281;5;2;2;1;3;330;27/10/2016
2016024282;5;2;2;1;2;330;28/10/2016
2016024283;5;2;2;1;1;330;28/10/2016
2016024284;5;2;2;1;3;330;01/11/2016
2016024285;5;2;1;1;6;330;30/10/2016
2016024286;1;2;1;1;6;330;31/10/2016
2016024287;1;2;6;1;4;330;26/10/2016
2016024288;5;2;7;1;6;330;30/10/2016
2016024289;1;2;2;1;3;330;27/10/2016
2016024290;1;2;3;1;1;330;28/10/2016
2016024291;2;2;3;1;3;330;28/10/2016
2016024292;1;2;2;1;6;330;02/11/2016
2016024293;2;2;3;1;3;330;02/11/2016
2016024294;1;2;3;1;3;330;25/10/2016
2016024295;1;1;2;1;3;330;26/10/2016
2016024296;5;2;4;1;3;330;02/11/2016
2016024297;5;2;1;1;1;330;03/11/2016
2016024298;5;2;2;1;2;330;06/11/2016
2016024299;1;2;4;1;3;330;06/11/2016
2016024300;5;2;2;1;2;330;27/10/2016
2016024301;2;2;3;1;6;330;04/11/2016
2016024302;5;2;6;5;2;330;02/11/2016
2016024303;4;2;1;2;1;330;05/11/2016
2016024304;2;2;1;1;1;330;07/11/2016
2016024305;5;2;2;1;3;330;07/11/2016
2016024306;5;2;3;5;3;330;02/11/2016
2016024307;5;2;2;1;6;330;08/11/2016
2016024308;1;2;2;1;1;330;07/11/2016
2016024309;1;2;2;1;3;330;08/11/2016
2016024310;1;2;2;1;3;330;03/11/2016
2016024311;5;2;4;2;1;330;13/11/2016
2016024312;1;2;4;2;3;330;09/11/2016
2016024313;5;2;2;2;7;330;08/11/2016
2016024314;1;2;3;1;2;330;08/11/2016
2016024315;1;2;3;1;1;330;08/11/2016
2016024316;5;1;1;2;6;330;09/11/2016
2016024317;1;2;9;3;3;330;09/11/2016
2016024318;1;2;4;1;2;330;04/11/2016
2016024319;2;2;6;1;3;330;14/11/2016
2016024320;5;2;2;1;3;330;14/11/2016
2016024321;5;2;4;2;6;330;13/11/2016
2016024322;1;2;2;1;3;330;08/11/2016
2016024323;5;2;4;3;6;330;10/11/2016
2016024324;1;2;2;1;3;330;15/11/2016
2016024325;5;2;1;1;4;330;15/11/2016
2016024326;2;2;3;2;2;330;10/11/2016
2016024327;1;2;1;1;6;330;10/11/2016
2016024328;1;2;3;1;3;330;12/11/2016
2016024329;1;1;2;1;3;330;16/11/2016
2016024330;5;2;3;1;3;330;16/10/2016
2016024331;5;2;3;1;3;330;17/11/2016
2016024332;1;2;1;1;1;330;14/11/2016
2016024333;1;2;3;1;6;330;17/11/2016
2016024334;5;2;4;2;7;330;18/11/2016
2016024335;2;2;3;1;3;330;17/11/2016
2016024336;5;2;3;2;1;330;20/11/2016
2016024337;5;2;3;2;6;330;19/11/2016
2016024338;5;2;2;2;3;330;18/11/2016
2016024339;5;2;2;1;7;330;21/11/2016
2016024340;1;2;2;1;3;330;21/11/2016
2016024341;5;2;2;1;3;330;21/11/2016
2016024342;1;2;2;2;3;330;23/11/2016
2016024343;5;2;2;1;3;330;19/11/2016
2016024344;5;2;2;2;1;330;18/11/2016
2016024345;1;2;2;1;5;330;21/11/2016
2016024346;5;2;2;2;2;330;17/11/2016
2016024347;1;2;2;2;2;330;21/11/2016
2016024348;5;2;3;2;1;330;23/11/2016
2016024349;1;2;2;2;2;330;23/11/2016
2016024350;2;2;2;1;1;330;16/11/2016
2016024351;1;2;3;1;1;330;18/11/2016
2016024352;2;2;4;2;3;330;18/11/2016
2016024353;1;2;3;1;3;330;24/11/2016
2016024354;1;2;2;2;1;330;25/11/2016
2016024355;5;2;2;1;1;330;24/11/2016
2016024356;1;2;1;1;4;330;21/11/2016
2016024357;5;2;2;2;1;330;26/11/2016
2016024358;5;2;3;2;6;330;22/11/2016
2016024359;5;2;1;2;3;330;23/11/2016
2016024360;2;2;1;2;1;330;25/11/2016
2016024361;2;2;6;2;6;330;24/11/2016
2016024362;5;2;3;1;6;330;24/11/2016
2016024363;1;2;2;1;1;330;27/11/2016
2016024364;1;2;2;1;2;330;28/11/2016
2016024365;1;2;2;2;3;330;18/11/2016
2016024366;1;2;4;2;2;330;23/11/2016
2016024367;5;2;3;1;1;330;29/11/2016
2016024368;1;2;2;1;3;330;29/11/2016
2016024369;1;2;3;1;6;330;30/11/2016
2016024370;1;2;4;1;6;330;30/11/2016
2016024371;1;2;1;1;3;330;01/12/2016
2016024372;1;2;3;1;3;330;28/11/2016
2016024373;2;2;2;1;7;330;30/11/2016
2016024374;1;2;2;1;6;330;30/11/2016
2016024375;1;2;1;1;3;330;27/11/2016
2016024376;1;2;3;1;3;330;29/11/2016
2016024377;1;2;1;1;6;330;26/11/2016
2016024378;1;2;4;1;3;330;26/11/2016
2016024379;5;2;1;1;3;330;29/11/2016
2016024380;5;2;2;1;1;330;29/11/2016
2016024381;1;2;2;1;3;330;02/12/2016
2016024382;5;2;1;1;3;330;03/12/2016
2016024383;4;2;2;2;3;330;25/11/2016
2016024384;1;2;2;1;3;330;05/12/2016
2016024385;1;2;3;1;3;330;06/12/2016
2016024386;5;2;3;1;5;330;05/12/2016
2016024387;1;2;1;1;6;330;30/11/2016
2016024388;5;2;4;1;3;330;30/11/2016
2016024389;5;2;4;1;6;330;02/12/2016
2016024390;5;2;9;1;2;330;06/12/2016
2016024391;1;2;4;1;3;330;02/12/2016
2016024392;1;2;3;1;6;330;01/12/2016
2016024393;2;2;1;1;3;330;06/12/2016
2016024394;5;2;3;1;3;330;07/12/2016
2016024395;2;2;2;1;2;330;07/12/2016
2016024396;5;1;2;1;1;330;07/12/2016
2016024397;1;2;1;1;3;330;08/12/2016
2016024398;5;2;2;1;6;330;08/12/2016
2016024399;1;2;9;1;6;330;08/12/2016
2016024400;5;2;3;1;3;330;07/11/2016
2016024401;5;2;1;1;2;330;10/12/2016
2016024402;5;2;9;1;1;330;29/11/2016
2016024403;5;2;2;1;4;330;10/12/2016
2016024404;5;2;6;8;2;330;09/12/2016
2016024405;5;2;3;5;1;330;10/12/2016
2016024406;1;2;1;1;2;330;10/12/2016
2016024407;1;2;3;1;2;330;12/12/2016
2016024408;1;2;3;1;1;330;09/12/2016
2016024409;1;2;2;1;1;330;12/12/2016
2016024410;1;2;3;1;6;330;10/12/2016
2016024411;1;2;2;2;3;330;09/11/2016
2016024412;5;2;4;5;6;330;10/12/2016
2016024413;5;2;7;1;3;330;11/12/2016
2016024414;1;2;1;1;5;330;08/12/2016
2016024415;5;2;3;1;3;330;14/12/2016
2016024416;5;2;4;1;3;330;14/12/2016
2016024417;5;2;2;1;3;330;03/12/2016
2016024418;1;2;3;1;3;330;13/12/2016
2016024419;2;2;4;1;1;330;13/12/2016
2016024420;1;2;1;1;3;330;13/12/2016
2016024421;1;2;1;1;1;330;09/12/2016
2016024422;5;2;2;1;3;330;09/12/2016
2016024423;1;2;3;1;2;330;14/12/2016
2016024424;1;2;9;1;6;330;13/12/2016
2016024425;5;2;2;1;3;330;15/12/2016
2016024426;2;2;1;1;3;330;12/12/2016
2016024427;5;2;1;1;3;330;09/12/2016
2016024428;5;2;1;1;6;330;21/02/2016
2016024429;5;2;2;1;1;330;16/12/2016
2016024430;1;2;3;1;6;330;16/12/2016
2016024431;5;2;4;1;3;330;17/12/2016
2016024432;2;2;2;7;1;330;14/12/2016
2016024433;1;2;9;1;3;330;15/12/2016
2016024434;1;2;2;1;1;330;19/12/2016
2016024435;5;2;2;1;3;330;19/12/2016
2016024436;1;2;1;1;3;330;16/12/2016
2016024437;5;1;3;1;6;330;16/12/2016
2016024438;5;2;1;1;3;330;14/12/2016
2016024439;5;2;1;1;2;330;16/12/2016
2016024440;1;2;6;1;6;330;20/12/2016
2016024441;5;2;4;2;1;330;21/12/2016
2016024442;5;2;1;1;6;330;10/12/2016
2016024443;5;2;6;2;2;330;21/12/2016
2016024444;5;2;1;2;2;330;22/12/2016
2016024445;1;2;3;1;6;330;20/12/2016
2016024446;1;2;1;1;3;330;19/12/2016
2016024447;2;2;2;1;6;330;15/12/2016
2016024448;5;2;2;1;3;330;22/12/2016
2016024449;1;2;1;1;7;330;21/12/2016
2016024450;5;2;3;1;1;330;17/12/2016
2016024451;5;2;1;1;6;330;24/12/2016
2016024452;5;2;3;1;2;330;23/12/2016
2016024453;5;2;9;1;3;330;27/12/2016
2016024454;1;2;2;1;3;330;21/12/2016
2016024455;2;2;1;1;7;330;19/12/2016
2016024456;5;2;1;2;3;330;23/12/2016
2016024457;1;2;2;1;3;330;28/12/2016
2016024458;5;2;2;1;7;330;23/12/2016
2016024459;1;2;2;8;6;330;23/12/2016
2016024460;2;2;6;5;3;330;29/12/2016
2016024461;1;2;3;1;3;330;23/12/2016
2016024462;1;1;1;1;3;490;23/09/2016
2016024463;1;1;2;1;1;180;01/06/2016
2016024464;1;2;1;1;3;180;20/07/2016
2016024465;1;2;1;1;3;60;07/01/2016
2016024466;1;2;9;1;1;60;14/02/2016
2016024467;1;2;1;1;7;60;25/03/2016
2016024468;2;1;1;1;7;60;14/03/2016
2016024469;5;2;1;1;3;60;02/05/2016
2016024470;1;2;9;1;1;60;26/04/2016
2016024471;1;2;1;1;1;60;25/05/2016
2016024472;1;2;1;1;4;60;03/06/2016
2016024473;1;2;9;1;1;60;08/06/2016
2016024474;1;2;1;1;1;60;15/06/2016
2016024475;1;1;1;1;6;60;17/06/2016
2016024476;1;1;1;1;6;60;30/06/2016
2016024477;2;2;6;1;3;60;28/06/2016
2016024478;1;1;1;1;6;60;11/07/2016
2016024479;1;1;1;1;1;60;13/07/2016
2016024480;1;2;1;1;1;60;13/08/2016
2016024481;3;1;1;1;5;60;01/09/2016
2016024482;1;1;1;1;1;60;14/09/2016
2016024483;1;2;1;1;1;60;03/10/2016
2016024484;2;2;3;3;1;60;14/10/2016
2016024485;2;2;1;1;6;60;19/10/2016
2016024486;1;1;1;1;7;60;24/10/2016
2016024487;1;1;1;1;5;60;08/11/2016
2016024488;3;1;1;1;6;60;19/11/2016
2016024489;2;2;4;1;3;60;26/11/2016
2016024490;5;2;3;1;1;60;30/11/2016
2016024491;1;2;1;1;3;60;13/12/2016
2016024492;1;2;1;1;6;340;12/01/2016
2016024493;1;2;1;1;6;340;26/03/2016
2016024494;1;2;2;2;3;340;02/04/2016
2016024495;1;2;1;1;6;340;13/06/2016
2016024496;1;2;1;1;2;340;08/04/2016
2016024497;1;2;1;1;3;340;19/06/2016
2016024498;1;2;1;1;1;340;11/07/2016
2016024499;1;1;1;1;3;340;12/07/2016
2016024500;1;2;1;1;3;340;08/08/2016
2016024501;2;1;1;1;3;340;28/08/2016
2016024502;1;2;1;1;6;340;07/07/2016
2016024503;1;2;3;1;3;340;15/09/2016
2016024504;1;1;1;1;6;340;05/06/2016
2016024505;5;2;1;1;6;340;23/09/2016
2016024506;1;2;1;1;3;340;03/09/2016
2016024507;5;2;2;1;3;340;06/10/2016
2016024508;3;2;1;2;7;340;10/09/2016
2016024509;5;2;1;1;1;340;10/11/2016
2016024510;5;2;6;1;3;340;24/11/2016
2016024511;5;2;3;1;6;340;13/12/2016
2016024512;1;1;1;1;7;340;06/01/2016
2016024513;1;1;1;1;7;340;21/11/2016
2016024514;1;2;1;1;7;340;09/01/2016
2016024515;2;1;1;1;3;340;22/11/2016
2016024516;1;1;1;1;1;340;19/01/2016
2016024517;1;2;6;1;3;340;16/01/2016
2016024518;1;2;2;1;7;340;29/01/2016
2016024519;5;1;6;1;3;340;23/12/2016
2016024520;1;2;9;1;6;340;20/01/2016
2016024521;1;2;1;7;7;340;05/02/2016
2016024522;1;1;1;1;7;340;13/02/2016
2016024523;1;2;6;1;6;340;10/02/2016
2016024524;1;2;1;1;7;340;12/02/2016
2016024525;1;1;3;1;3;340;27/02/2016
2016024526;3;1;1;5;6;340;27/03/2016
2016024527;1;1;1;1;7;340;24/03/2016
2016024528;1;2;1;1;7;340;15/04/2016
2016024529;5;2;1;1;6;340;28/03/2016
2016024530;1;2;1;1;7;340;15/04/2016
2016024531;1;1;1;1;7;340;27/04/2016
2016024532;1;1;1;1;1;340;30/03/2016
2016024533;1;2;1;1;7;340;02/05/2016
2016024534;1;2;1;1;1;340;10/05/2016
2016024535;1;2;1;1;7;340;28/05/2016
2016024536;1;1;1;1;1;340;03/05/2016
2016024537;1;2;1;1;7;340;27/06/2016
2016024538;1;1;1;1;4;340;29/06/2016
2016024539;1;2;1;1;1;340;08/07/2016
2016024540;1;2;1;1;7;340;07/06/2016
2016024541;3;1;1;1;6;340;21/07/2016
2016024542;3;1;1;1;6;340;31/07/2016
2016024543;1;2;1;1;3;340;02/08/2016
2016024544;5;1;1;1;3;340;05/07/2016
2016024545;1;1;1;1;5;340;21/09/2016
2016024546;1;2;1;1;7;340;30/09/2016
2016024547;1;2;1;1;7;340;01/11/2016
2016024548;1;2;1;7;3;340;08/10/2016
2016024549;1;1;1;1;2;340;06/11/2016
2016024550;5;2;1;9;1;340;09/11/2016
2016024551;1;2;1;1;2;340;14/12/2016
2016024552;1;2;1;1;7;340;14/12/2016
2016024553;1;2;1;1;5;340;17/12/2016
2016024554;3;1;1;1;6;340;19/11/2016
2016024555;2;2;1;1;7;340;03/01/2016
2016024556;1;1;1;8;3;340;04/01/2016
2016024557;5;2;2;1;3;340;04/01/2016
2016024558;5;2;1;8;4;340;04/01/2016
2016024559;1;2;2;1;3;340;05/01/2016
2016024560;1;2;1;1;3;340;06/01/2016
2016024561;1;2;1;8;5;340;01/01/2016
2016024562;1;2;3;1;6;340;10/01/2016
2016024563;2;2;1;1;7;340;12/01/2016
2016024564;5;2;3;1;6;340;14/01/2016
2016024565;1;2;1;1;3;340;15/01/2016
2016024566;5;2;1;1;6;340;16/01/2016
2016024567;1;2;3;1;3;340;24/12/2016
2016024568;1;2;1;1;3;340;16/01/2016
2016024569;1;2;1;1;6;340;19/01/2016
2016024570;3;1;1;8;1;340;19/01/2016
2016024571;5;2;1;1;1;340;22/01/2016
2016024572;1;2;3;1;3;340;23/01/2016
2016024573;5;2;1;1;4;340;23/01/2016
2016024574;1;1;1;1;7;340;24/01/2016
2016024575;1;2;6;1;6;340;27/01/2016
2016024576;1;2;1;1;7;340;27/01/2016
2016024577;2;2;1;1;3;340;28/01/2016
2016024578;5;2;1;1;6;340;28/01/2016
2016024579;1;2;1;1;3;340;30/01/2016
2016024580;5;2;1;1;6;340;31/01/2016
2016024581;1;1;1;1;7;340;01/02/2016
2016024582;1;2;2;1;3;340;01/02/2016
2016024583;1;2;1;1;6;340;22/12/2016
2016024584;5;2;3;1;3;340;02/02/2016
2016024585;5;2;1;1;6;340;02/02/2016
2016024586;1;2;1;1;6;340;03/02/2016
2016024587;1;2;1;1;3;340;04/02/2016
2016024588;5;2;2;1;3;340;04/02/2016
2016024589;1;2;3;1;3;340;05/02/2016
2016024590;1;2;1;1;6;340;08/02/2016
2016024591;5;2;1;1;2;340;08/02/2016
2016024592;1;2;1;1;7;340;10/02/2016
2016024593;5;2;1;1;6;340;04/02/2016
2016024594;1;2;1;1;7;340;15/02/2016
2016024595;1;2;2;1;2;340;15/02/2016
2016024596;1;2;1;1;7;340;16/02/2016
2016024597;1;2;1;1;4;340;19/02/2016
2016024598;1;2;1;1;6;340;19/02/2016
2016024599;1;2;1;1;3;340;20/02/2016
2016024600;5;2;3;1;3;340;21/02/2016
2016024601;1;2;1;2;2;340;22/02/2016
2016024602;5;2;2;1;6;340;22/02/2016
2016024603;1;2;2;1;3;340;25/02/2016
2016024604;1;2;1;1;6;340;25/02/2016
2016024605;5;2;1;1;6;340;28/02/2016
2016024606;1;2;3;1;3;340;02/03/2016
2016024607;1;2;1;1;7;340;03/03/2016
2016024608;1;2;2;1;1;340;07/03/2016
2016024609;1;2;1;1;6;340;08/03/2016
2016024610;1;2;1;1;2;340;08/03/2016
2016024611;1;2;1;1;6;340;08/03/2016
2016024612;1;2;1;1;7;340;09/03/2016
2016024613;1;2;1;2;6;340;09/03/2016
2016024614;2;2;1;2;4;340;09/03/2016
2016024615;5;2;1;8;3;340;09/03/2016
2016024616;1;1;1;1;2;340;10/03/2016
2016024617;1;2;1;1;7;340;11/03/2016
2016024618;1;2;3;1;1;340;14/03/2016
2016024619;1;2;1;1;4;340;15/03/2016
2016024620;1;2;1;1;3;340;15/03/2016
2016024621;1;2;1;2;7;340;17/03/2016
2016024622;5;2;1;1;6;340;19/03/2016
2016024623;5;2;6;1;2;340;23/03/2016
2016024624;5;2;1;1;2;340;24/03/2016
2016024625;2;2;2;1;1;340;27/03/2016
2016024626;1;2;1;1;3;340;29/03/2016
2016024627;1;2;1;1;1;340;29/03/2016
2016024628;5;2;3;1;3;340;30/03/2016
2016024629;5;2;1;1;6;340;30/03/2016
2016024630;1;2;3;1;3;340;01/04/2016
2016024631;1;1;1;2;2;340;02/04/2016
2016024632;1;2;1;2;6;340;04/04/2016
2016024633;3;2;1;1;7;340;05/04/2016
2016024634;1;2;1;1;4;340;07/04/2016
2016024635;1;2;1;1;3;340;10/04/2016
2016024636;1;1;1;1;6;340;10/04/2016
2016024637;1;2;1;8;1;340;06/04/2016
2016024638;1;2;1;1;4;340;13/04/2016
2016024639;5;2;6;1;3;340;13/04/2016
2016024640;1;2;1;1;3;340;14/04/2016
2016024641;1;2;1;1;3;340;15/04/2016
2016024642;1;2;2;1;2;340;15/04/2016
2016024643;1;2;1;1;2;340;18/04/2016
2016024644;1;2;1;1;7;340;16/04/2016
2016024645;1;2;1;1;1;340;10/04/2016
2016024646;1;2;1;1;6;340;19/04/2016
2016024647;1;2;1;1;2;340;19/04/2016
2016024648;1;2;3;1;3;340;19/04/2016
2016024649;5;2;1;2;3;340;22/04/2016
2016024650;1;2;1;1;1;340;22/04/2016
2016024651;1;2;2;1;3;340;25/04/2016
2016024652;1;2;1;1;6;340;25/04/2016
2016024653;1;2;2;1;3;340;26/04/2016
2016024654;1;2;3;1;1;340;26/04/2016
2016024655;3;1;1;1;3;340;26/04/2016
2016024656;1;2;1;1;5;340;28/04/2016
2016024657;1;1;1;1;6;340;28/04/2016
2016024658;1;2;1;1;3;340;02/05/2016
2016024659;1;2;1;1;2;340;03/05/2016
2016024660;1;2;2;1;3;340;04/05/2016
2016024661;1;2;1;1;2;340;07/05/2016
2016024662;1;2;1;1;3;340;09/05/2016
2016024663;2;2;1;2;7;340;10/05/2016
2016024664;1;2;1;8;3;340;11/05/2016
2016024665;1;2;1;2;6;340;13/05/2016
2016024666;1;2;1;2;3;340;13/05/2016
2016024667;1;2;1;2;6;340;13/05/2016
2016024668;1;2;1;1;7;340;14/05/2016
2016024669;1;2;2;1;1;340;16/05/2016
2016024670;1;2;1;1;6;340;17/05/2016
2016024671;1;2;9;1;6;340;18/05/2016
2016024672;1;2;1;1;2;340;19/05/2016
2016024673;1;2;1;1;7;340;19/05/2016
2016024674;1;2;1;1;3;340;20/05/2016
2016024675;5;2;1;1;6;340;21/05/2016
2016024676;1;2;2;1;3;340;21/05/2016
2016024677;5;2;3;1;3;340;25/05/2016
2016024678;1;2;3;1;2;340;25/05/2016
2016024679;1;2;1;1;1;340;26/05/2016
2016024680;5;2;1;2;1;340;28/05/2016
2016024681;5;2;1;2;3;340;28/05/2016
2016024682;5;2;1;3;6;340;29/05/2016
2016024683;5;2;1;1;6;340;29/05/2016
2016024684;1;2;1;8;7;340;01/06/2016
2016024685;1;1;2;1;1;340;03/06/2016
2016024686;1;2;3;1;3;340;03/06/2016
2016024687;1;2;1;1;4;340;03/06/2016
2016024688;5;2;1;1;3;340;04/06/2016
2016024689;1;2;2;1;3;340;04/06/2016
2016024690;1;2;1;1;6;340;06/06/2016
2016024691;1;2;2;1;3;340;08/06/2016
2016024692;1;2;1;1;1;340;09/06/2016
2016024693;1;2;1;1;2;340;09/06/2016
2016024694;1;2;1;1;6;340;09/06/2016
2016024695;1;2;1;1;6;340;09/06/2016
2016024696;3;1;1;1;6;340;11/06/2016
2016024697;1;2;1;1;1;340;12/06/2016
2016024698;1;2;1;1;1;340;13/06/2016
2016024699;1;2;3;1;1;340;14/06/2016
2016024700;1;2;1;1;3;340;15/06/2016
2016024701;5;2;6;2;3;340;15/06/2016
2016024702;5;2;7;1;7;340;21/05/2016
2016024703;1;2;1;1;7;340;16/06/2016
2016024704;5;2;6;2;3;340;18/06/2016
2016024705;1;1;1;1;2;340;18/06/2016
2016024706;5;2;3;1;7;340;24/06/2016
2016024707;1;2;1;1;3;340;24/06/2016
2016024708;1;2;1;1;6;340;24/06/2016
2016024709;1;2;1;1;3;340;25/06/2016
2016024710;1;2;1;1;6;340;27/06/2016
2016024711;1;2;1;1;3;340;27/06/2016
2016024712;1;2;1;1;6;340;27/06/2016
2016024713;1;2;9;1;3;340;28/06/2016
2016024714;1;2;3;1;4;340;01/07/2016
2016024715;5;2;4;1;3;340;02/07/2016
2016024716;1;2;1;1;2;340;03/07/2016
2016024717;1;2;2;1;6;340;04/07/2016
2016024718;1;2;6;1;3;340;05/07/2016
2016024719;1;2;2;1;3;340;07/07/2016
2016024720;5;2;1;1;6;340;07/07/2016
2016024721;1;2;1;1;3;340;09/07/2016
2016024722;1;2;2;1;3;340;09/07/2016
2016024723;1;2;1;1;6;340;11/07/2016
2016024724;1;2;1;1;2;340;12/07/2016
2016024725;5;2;6;1;6;340;13/07/2016
2016024726;5;1;1;1;4;340;15/07/2016
2016024727;1;2;1;1;5;340;18/07/2016
2016024728;1;2;1;1;3;340;18/07/2016
2016024729;5;2;2;1;3;340;20/07/2016
2016024730;1;2;1;1;6;340;20/07/2016
2016024731;1;2;1;1;3;340;18/07/2016
2016024732;1;2;3;1;6;340;23/07/2016
2016024733;1;2;1;1;6;340;25/07/2016
2016024734;1;2;2;1;3;340;26/07/2016
2016024735;1;2;1;1;2;340;26/07/2016
2016024736;1;2;2;1;1;340;26/07/2016
2016024737;5;2;3;1;3;340;28/07/2016
2016024738;1;2;9;1;2;340;29/07/2016
2016024739;1;2;1;1;6;340;30/07/2016
2016024740;1;2;1;1;6;340;31/07/2016
2016024741;1;2;2;1;3;340;01/08/2016
2016024742;1;2;2;1;3;340;01/08/2016
2016024743;1;2;1;1;3;340;02/08/2016
2016024744;1;2;1;1;2;340;02/08/2016
2016024745;1;2;1;1;3;340;03/08/2016
2016024746;1;2;1;1;3;340;06/08/2016
2016024747;1;2;1;1;3;340;08/08/2016
2016024748;1;2;1;1;4;340;11/08/2016
2016024749;1;2;2;1;3;340;19/08/2016
2016024750;5;2;1;1;6;340;22/08/2016
2016024751;1;2;1;1;3;340;24/08/2016
2016024752;1;2;1;1;3;340;29/08/2016
2016024753;1;2;3;1;3;340;30/08/2016
2016024754;1;2;1;1;1;340;31/08/2016
2016024755;1;2;2;1;3;340;02/09/2016
2016024756;1;2;1;1;3;340;05/09/2016
2016024757;1;2;1;1;2;340;05/09/2016
2016024758;1;2;1;1;3;340;07/09/2016
2016024759;1;2;1;1;6;340;05/09/2016
2016024760;1;2;2;1;3;340;06/09/2016
2016024761;1;2;1;1;6;340;06/09/2016
2016024762;1;2;1;1;3;340;06/09/2016
2016024763;5;2;2;1;5;340;08/09/2016
2016024764;1;2;2;1;1;340;09/09/2016
2016024765;1;2;1;1;6;340;10/09/2016
2016024766;1;2;1;1;1;340;11/09/2016
2016024767;1;2;1;1;6;340;13/09/2016
2016024768;1;2;1;1;6;340;13/09/2016
2016024769;1;2;1;1;4;340;15/09/2016
2016024770;1;2;1;1;7;340;16/09/2016
2016024771;1;2;1;1;4;340;16/09/2016
2016024772;1;1;1;1;2;340;16/09/2016
2016024773;1;2;2;1;5;340;17/09/2016
2016024774;1;1;1;1;4;340;18/09/2016
2016024775;5;2;1;1;3;340;20/09/2016
2016024776;1;2;1;1;6;340;21/09/2016
2016024777;1;2;1;1;3;340;22/09/2016
2016024778;1;2;1;1;1;340;22/09/2016
2016024779;1;2;1;1;6;340;23/09/2016
2016024780;5;2;2;1;3;340;25/09/2016
2016024781;1;2;1;1;1;340;28/09/2016
2016024782;1;2;1;1;3;340;28/09/2016
2016024783;1;2;1;1;3;340;23/09/2016
2016024784;1;2;1;1;3;340;29/09/2016
2016024785;5;2;9;1;7;340;01/10/2016
2016024786;5;2;3;1;6;340;01/10/2016
2016024787;3;1;1;2;7;340;02/10/2016
2016024788;5;2;1;1;3;340;02/10/2016
2016024789;1;2;1;1;2;340;05/10/2016
2016024790;1;2;1;1;3;340;07/10/2016
2016024791;5;2;1;1;5;340;08/10/2016
2016024792;5;2;1;1;7;340;09/10/2016
2016024793;1;2;1;1;2;340;10/10/2016
2016024794;1;2;1;1;3;340;12/10/2016
2016024795;5;2;1;3;6;340;12/10/2016
2016024796;1;2;2;2;2;340;14/10/2016
2016024797;1;1;1;3;1;340;14/10/2016
2016024798;1;2;1;2;6;340;14/10/2016
2016024799;3;2;1;1;2;340;14/10/2016
2016024800;1;2;1;1;3;340;17/10/2016
2016024801;1;2;1;1;2;340;18/10/2016
2016024802;2;2;1;1;2;340;18/10/2016
2016024803;5;2;1;1;6;340;19/10/2016
2016024804;1;2;1;8;7;340;23/10/2016
2016024805;1;2;1;1;6;340;24/10/2016
2016024806;1;2;1;1;2;340;25/10/2016
2016024807;5;2;2;8;3;340;25/10/2016
2016024808;1;2;1;1;2;340;25/10/2016
2016024809;5;2;2;1;3;340;28/10/2016
2016024810;1;2;1;1;2;340;30/10/2016
2016024811;1;2;1;1;6;340;31/10/2016
2016024812;1;1;1;1;7;340;31/10/2016
2016024813;1;2;2;1;1;340;03/11/2016
2016024814;5;2;1;2;6;340;04/11/2016
2016024815;5;2;1;2;3;340;04/11/2016
2016024816;1;2;2;1;3;340;05/11/2016
2016024817;5;2;1;1;2;340;05/11/2016
2016024818;5;2;1;1;7;340;05/11/2016
2016024819;5;2;1;1;7;340;06/11/2016
2016024820;2;2;3;1;3;340;06/11/2016
2016024821;1;2;9;1;1;340;08/11/2016
2016024822;3;1;1;1;5;340;08/11/2016
2016024823;1;2;1;1;6;340;11/11/2016
2016024824;5;2;1;1;3;340;11/11/2016
2016024825;5;2;1;1;3;340;16/11/2016
2016024826;1;2;1;1;6;340;17/11/2016
2016024827;1;2;1;8;1;340;15/11/2016
2016024828;1;2;9;2;1;340;20/11/2016
2016024829;1;1;1;8;6;340;20/11/2016
2016024830;5;2;1;1;6;340;21/11/2016
2016024831;1;2;1;8;6;340;22/11/2016
2016024832;2;2;1;1;6;340;23/11/2016
2016024833;1;2;1;2;4;340;24/11/2016
2016024834;1;2;1;2;6;340;24/11/2016
2016024835;5;2;1;1;4;340;27/11/2016
2016024836;5;2;1;1;3;340;27/11/2016
2016024837;1;2;1;1;6;340;28/11/2016
2016024838;1;2;1;8;3;340;28/11/2016
2016024839;5;2;1;1;5;340;03/12/2016
2016024840;5;2;2;1;3;340;04/12/2016
2016024841;5;2;1;2;1;340;04/12/2016
2016024842;1;2;1;1;3;340;06/12/2016
2016024843;1;2;1;1;3;340;07/12/2016
2016024844;5;2;3;1;6;340;09/12/2016
2016024845;5;2;2;1;7;340;08/12/2016
2016024846;5;2;1;1;6;340;09/12/2016
2016024847;1;2;1;1;6;340;10/12/2016
2016024848;5;2;9;1;6;340;10/12/2016
2016024849;1;2;1;1;1;340;11/12/2016
2016024850;1;2;1;1;6;340;12/12/2016
2016024851;5;2;3;2;3;340;15/12/2016
2016024852;1;2;1;1;7;340;08/12/2016
2016024853;1;2;1;2;3;340;16/12/2016
2016024854;2;2;1;1;2;340;16/12/2016
2016024855;1;2;1;1;3;340;17/12/2016
2016024856;5;2;2;1;3;340;18/12/2016
2016024857;1;2;1;2;3;340;20/12/2016