num_acc;lum;agg;inter;atm;col;dep;date
2016024858;1;1;1;2;7;340;20/12/2016
2016024859;1;2;1;1;2;340;22/12/2016
2016024860;1;2;1;1;7;340;23/12/2016
2016024861;1;2;1;1;3;340;23/12/2016
2016024862;5;2;1;1;6;340;29/12/2016
2016024863;2;2;1;1;2;340;13/01/2016
2016024864;5;2;3;1;3;340;07/02/2016
2016024865;1;1;1;1;5;340;15/02/2016
2016024866;3;2;1;1;7;340;20/02/2016
2016024867;3;1;9;1;7;340;09/10/2016
2016024868;5;2;1;1;7;340;05/03/2016
2016024869;5;2;1;2;7;340;02/04/2016
2016024870;5;2;7;1;2;340;04/05/2016
2016024871;1;2;1;1;1;340;07/05/2016
2016024872;1;1;1;1;2;340;15/05/2016
2016024873;5;2;3;1;1;340;13/05/2016
2016024874;1;2;1;1;3;340;31/05/2016
2016024875;3;1;1;1;7;340;08/06/2016
2016024876;1;2;1;1;6;340;10/06/2016
2016024877;2;2;1;1;7;340;12/06/2016
2016024878;1;2;1;1;3;340;14/06/2016
2016024879;1;2;3;1;3;340;28/06/2016
2016024880;1;2;1;1;6;340;28/06/2016
2016024881;1;1;1;1;1;340;10/07/2016
2016024882;1;2;1;1;5;340;31/07/2016
2016024883;1;2;1;1;6;340;29/08/2016
2016024884;1;2;1;1;7;340;02/09/2016
2016024885;1;1;1;1;1;340;06/09/2016
2016024886;3;1;1;1;1;340;06/10/2016
2016024887;1;1;1;1;3;340;10/10/2016
2016024888;5;2;1;1;6;340;17/10/2016
2016024889;1;2;1;1;3;340;19/11/2016
2016024890;3;1;1;1;1;340;19/11/2016
2016024891;5;2;1;1;6;340;09/12/2016
2016024892;5;2;1;2;3;340;16/12/2016
2016024893;2;2;2;2;6;350;05/01/2016
2016024894;5;2;9;1;6;350;10/01/2016
2016024895;2;2;7;2;6;350;04/01/2016
2016024896;5;2;6;3;3;350;12/01/2016
2016024897;5;2;1;1;6;350;06/01/2016
2016024898;2;2;3;5;6;350;22/01/2016
2016024899;1;1;1;1;1;350;23/02/2016
2016024900;1;2;1;1;6;350;25/02/2016
2016024901;1;2;1;1;2;350;15/03/2016
2016024902;5;1;1;8;6;350;19/03/2016
2016024903;1;2;2;1;1;350;02/04/2016
2016024904;1;2;1;1;3;350;16/04/2016
2016024905;1;2;6;1;6;350;02/06/2016
2016024906;1;2;2;2;3;350;03/07/2016
2016024907;1;2;1;1;6;350;09/08/2016
2016024908;1;2;1;1;2;350;24/08/2016
2016024909;1;2;1;1;6;350;05/09/2016
2016024910;5;2;3;2;3;350;18/09/2016
2016024911;5;2;1;8;6;350;30/09/2016
2016024912;1;2;1;1;6;350;04/10/2016
2016024913;1;2;1;1;2;350;28/09/2016
2016024914;5;2;1;1;1;350;18/10/2016
2016024915;5;2;6;1;6;350;22/11/2016
2016024916;5;2;4;1;6;350;24/11/2016
2016024917;1;2;1;1;2;350;29/11/2016
2016024918;5;2;2;1;3;350;22/12/2016
2016024919;1;2;1;7;6;350;09/12/2016
2016024920;1;2;1;1;6;350;02/01/2016
2016024921;1;1;1;3;7;350;03/01/2016
2016024922;5;2;1;1;2;350;10/12/2016
2016024923;3;1;1;2;7;350;03/01/2016
2016024924;3;1;1;5;7;350;11/12/2016
2016024925;1;1;1;1;3;350;09/12/2016
2016024926;2;2;2;1;3;350;04/01/2016
2016024927;5;2;1;1;6;350;05/01/2016
2016024928;1;2;1;1;6;350;14/12/2016
2016024929;1;2;1;2;4;350;12/12/2016
2016024930;5;2;3;1;6;350;05/01/2016
2016024931;1;2;1;1;7;350;13/12/2016
2016024932;5;2;1;1;6;350;01/01/2016
2016024933;3;2;6;1;3;350;14/12/2016
2016024934;5;2;2;2;3;350;06/01/2016
2016024935;5;2;2;8;3;350;18/12/2016
2016024936;1;2;1;1;6;350;07/01/2016
2016024937;5;2;3;1;3;350;19/12/2016
2016024938;1;2;1;1;2;350;07/01/2016
2016024939;1;1;7;1;6;350;19/12/2016
2016024940;2;2;3;2;6;350;08/01/2016
2016024941;1;1;1;5;2;350;20/12/2016
2016024942;1;2;1;3;3;350;08/01/2016
2016024943;1;1;1;1;2;350;22/12/2016
2016024944;5;2;5;3;3;350;08/01/2016
2016024945;5;2;1;1;6;350;22/12/2016
2016024946;5;2;3;8;2;350;09/01/2016
2016024947;3;2;1;2;6;350;09/01/2016
2016024948;3;1;1;1;2;350;23/12/2016
2016024949;1;2;6;1;7;350;10/01/2016
2016024950;5;2;3;1;3;350;25/12/2016
2016024951;1;2;6;7;6;350;11/01/2016
2016024952;5;2;1;1;6;350;26/12/2016
2016024953;3;1;1;1;2;350;27/12/2016
2016024954;1;2;6;1;3;350;13/01/2016
2016024955;3;2;6;1;6;350;27/12/2016
2016024956;5;2;1;1;3;350;13/01/2016
2016024957;5;2;3;1;6;350;30/12/2016
2016024958;1;2;6;1;3;350;14/01/2016
2016024959;5;2;2;1;3;350;30/12/2016
2016024960;1;2;5;1;6;350;14/01/2016
2016024961;5;2;2;1;7;350;14/01/2016
2016024962;5;2;2;1;3;350;14/01/2016
2016024963;1;2;5;1;3;350;15/01/2016
2016024964;3;1;1;8;1;350;15/01/2016
2016024965;5;2;2;1;2;350;18/01/2016
2016024966;5;2;6;2;6;350;18/01/2016
2016024967;5;2;2;1;3;350;20/01/2016
2016024968;4;2;2;1;6;350;21/01/2016
2016024969;1;2;6;1;6;350;21/01/2016
2016024970;1;2;3;8;2;350;21/01/2016
2016024971;5;2;6;3;6;350;22/01/2016
2016024972;1;2;3;1;3;350;22/01/2016
2016024973;1;2;1;1;3;350;23/01/2016
2016024974;1;2;6;1;3;350;25/01/2016
2016024975;1;2;2;1;6;350;26/01/2016
2016024976;1;2;1;1;6;350;26/01/2016
2016024977;5;2;3;1;3;350;26/01/2016
2016024978;1;2;2;2;3;350;27/01/2016
2016024979;5;2;1;1;6;350;30/12/2016
2016024980;1;2;3;8;3;350;29/01/2016
2016024981;1;2;1;1;6;350;21/11/2016
2016024982;5;2;2;1;6;350;29/01/2016
2016024983;1;2;1;8;6;350;30/01/2016
2016024984;1;2;3;1;3;350;01/02/2016
2016024985;1;2;1;2;2;350;02/02/2016
2016024986;1;2;2;1;6;350;02/02/2016
2016024987;5;2;1;1;6;350;02/02/2016
2016024988;5;2;2;1;3;350;02/02/2016
2016024989;1;2;3;1;6;350;04/02/2016
2016024990;1;2;3;1;6;350;04/02/2016
2016024991;5;2;2;1;3;350;05/02/2016
2016024992;1;2;1;1;6;350;05/02/2016
2016024993;1;2;3;1;6;350;06/02/2016
2016024994;1;2;1;2;4;350;08/02/2016
2016024995;1;2;1;2;6;350;12/02/2016
2016024996;5;2;1;3;6;350;13/02/2016
2016024997;1;1;1;2;6;350;13/02/2016
2016024998;1;2;1;1;3;350;13/02/2016
2016024999;3;2;1;1;6;350;14/02/2016
2016025000;5;2;5;1;3;350;14/02/2016
2016025001;1;2;1;1;6;350;15/02/2016
2016025002;1;2;1;1;6;350;17/02/2016
2016025003;1;1;3;1;6;350;17/02/2016
2016025004;5;2;3;2;6;350;17/02/2016
2016025005;1;2;6;1;3;350;18/02/2016
2016025006;1;2;3;1;4;350;18/02/2016
2016025007;1;2;1;1;2;350;19/02/2016
2016025008;1;2;3;1;6;350;16/02/2016
2016025009;1;1;1;1;5;350;16/02/2016
2016025010;2;2;5;8;3;350;21/02/2016
2016025011;3;1;1;2;7;350;23/02/2016
2016025012;2;2;1;8;2;350;23/02/2016
2016025013;1;2;1;1;3;350;23/02/2016
2016025014;1;2;1;3;6;350;24/02/2016
2016025015;1;2;6;2;6;350;24/02/2016
2016025016;5;2;5;1;3;350;25/02/2016
2016025017;5;2;1;1;6;350;26/02/2016
2016025018;1;2;3;1;6;350;27/02/2016
2016025019;1;2;5;1;6;350;27/02/2016
2016025020;1;2;1;1;6;350;29/02/2016
2016025021;1;2;1;3;6;350;01/03/2016
2016025022;1;2;1;2;6;350;02/03/2016
2016025023;1;2;3;2;3;350;02/03/2016
2016025024;1;2;1;2;6;350;03/03/2016
2016025025;1;2;2;1;3;350;03/03/2016
2016025026;1;2;1;1;3;350;03/03/2016
2016025027;1;2;2;1;2;350;05/03/2016
2016025028;3;1;1;1;7;350;05/03/2016
2016025029;1;2;1;1;6;350;05/03/2016
2016025030;1;2;2;1;3;350;06/03/2016
2016025031;1;2;6;8;6;350;07/03/2016
2016025032;1;2;3;1;3;350;07/03/2016
2016025033;1;2;1;1;4;350;08/03/2016
2016025034;1;2;6;1;6;350;08/03/2016
2016025035;1;2;1;1;6;350;09/03/2016
2016025036;2;2;6;1;3;350;10/03/2016
2016025037;1;2;1;8;6;350;10/03/2016
2016025038;1;2;2;1;3;350;15/03/2016
2016025039;5;2;2;1;6;350;11/03/2016
2016025040;5;2;1;1;7;350;11/03/2016
2016025041;1;2;2;1;2;350;11/03/2016
2016025042;1;1;1;1;7;350;12/03/2016
2016025043;1;2;1;1;3;350;14/03/2016
2016025044;1;2;3;1;3;350;14/03/2016
2016025045;1;2;2;1;6;350;16/03/2016
2016025046;1;2;1;1;2;350;17/03/2016
2016025047;1;2;1;1;1;350;20/03/2016
2016025048;1;2;3;1;3;350;18/03/2016
2016025049;1;2;3;1;6;350;18/03/2016
2016025050;1;1;6;1;3;350;19/03/2016
2016025051;1;2;2;1;2;350;19/03/2016
2016025052;1;2;3;1;6;350;20/03/2016
2016025053;1;2;2;1;6;350;20/03/2016
2016025054;1;1;1;1;2;350;20/03/2016
2016025055;1;2;2;2;3;350;26/03/2016
2016025056;1;2;2;1;3;350;28/03/2016
2016025057;1;2;1;2;6;350;30/03/2016
2016025058;1;2;5;1;6;350;31/03/2016
2016025059;1;2;5;1;4;350;31/03/2016
2016025060;1;2;2;1;6;350;31/03/2016
2016025061;1;2;1;1;3;350;01/04/2016
2016025062;1;2;6;1;3;350;01/04/2016
2016025063;1;2;1;1;6;350;01/04/2016
2016025064;1;2;5;1;4;350;01/04/2016
2016025065;5;2;2;1;6;350;03/04/2016
2016025066;5;2;5;1;7;350;04/04/2016
2016025067;1;2;3;1;6;350;04/04/2016
2016025068;1;2;1;1;6;350;05/04/2016
2016025069;1;2;3;1;4;350;05/04/2016
2016025070;1;2;6;1;4;350;07/04/2016
2016025071;1;2;1;1;6;350;07/04/2016
2016025072;1;2;2;1;3;350;07/04/2016
2016025073;1;1;5;1;1;350;07/04/2016
2016025074;1;2;1;1;6;350;07/04/2016
2016025075;1;2;1;1;7;350;08/04/2016
2016025076;5;2;3;2;6;350;09/04/2016
2016025077;1;2;1;1;2;350;10/04/2016
2016025078;1;2;6;1;3;350;11/04/2016
2016025079;1;2;3;1;2;350;11/04/2016
2016025080;1;2;1;1;6;350;13/04/2016
2016025081;1;2;2;2;3;350;14/04/2016
2016025082;1;2;3;1;3;350;15/04/2016
2016025083;1;2;5;1;2;350;16/04/2016
2016025084;1;2;1;1;2;350;16/04/2016
2016025085;2;2;1;1;3;350;16/04/2016
2016025086;1;2;2;1;3;350;17/04/2016
2016025087;1;2;1;1;4;350;18/04/2016
2016025088;1;2;3;1;3;350;18/04/2016
2016025089;1;2;1;1;2;350;18/04/2016
2016025090;1;2;1;1;6;350;18/04/2016
2016025091;1;2;3;1;1;350;18/04/2016
2016025092;1;2;3;1;3;350;18/04/2016
2016025093;1;2;2;1;3;350;19/04/2016
2016025094;2;1;1;1;7;350;20/04/2016
2016025095;1;2;5;1;3;350;21/04/2016
2016025096;3;2;2;1;2;350;24/04/2016
2016025097;1;2;2;1;3;350;22/04/2016
2016025098;1;2;3;1;2;350;22/04/2016
2016025099;1;2;1;1;4;350;22/04/2016
2016025100;1;2;1;1;4;350;22/04/2016
2016025101;1;2;1;1;6;350;25/04/2016
2016025102;1;2;3;1;3;350;25/04/2016
2016025103;1;2;5;1;3;350;27/04/2016
2016025104;5;2;1;1;2;350;28/04/2016
2016025105;2;2;2;1;7;350;29/04/2016
2016025106;1;2;3;2;3;350;29/04/2016
2016025107;1;2;2;3;6;350;29/04/2016
2016025108;5;2;1;1;6;350;30/04/2016
2016025109;1;2;3;1;6;350;03/05/2016
2016025110;1;2;1;1;7;350;03/05/2016
2016025111;1;2;1;1;3;350;04/05/2016
2016025112;1;2;3;1;6;350;04/05/2016
2016025113;2;2;6;7;3;350;04/05/2016
2016025114;2;2;5;1;7;350;05/05/2016
2016025115;1;2;6;1;3;350;05/05/2016
2016025116;1;2;1;1;3;350;04/05/2016
2016025117;1;2;1;1;2;350;06/05/2016
2016025118;1;2;1;1;6;350;08/05/2016
2016025119;1;2;1;1;6;350;09/05/2016
2016025120;1;2;6;1;6;350;11/05/2016
2016025121;1;2;1;1;6;350;12/05/2016
2016025122;1;2;3;1;1;350;12/05/2016
2016025123;1;2;2;1;3;350;12/05/2016
2016025124;1;2;3;8;6;350;17/05/2016
2016025125;1;2;1;1;6;350;17/05/2016
2016025126;3;1;1;1;7;350;18/05/2016
2016025127;5;2;6;1;6;350;18/05/2016
2016025128;1;2;1;1;6;350;19/05/2016
2016025129;1;2;1;1;6;350;19/05/2016
2016025130;1;2;2;1;3;350;20/05/2016
2016025131;1;2;6;1;1;350;20/05/2016
2016025132;1;2;2;1;3;350;20/05/2016
2016025133;3;2;1;1;2;350;22/05/2016
2016025134;1;2;3;1;3;350;23/05/2016
2016025135;1;2;1;1;3;350;30/05/2016
2016025136;1;2;1;1;3;350;24/05/2016
2016025137;1;2;6;1;2;350;25/05/2016
2016025138;3;2;1;1;6;350;28/05/2016
2016025139;1;2;5;1;3;350;28/05/2016
2016025140;1;2;1;1;6;350;26/05/2016
2016025141;1;1;1;1;1;350;24/05/2016
2016025142;1;2;3;1;3;350;24/05/2016
2016025143;1;2;1;1;2;350;28/05/2016
2016025144;1;2;2;1;3;350;27/05/2016
2016025145;5;2;2;1;3;350;29/05/2016
2016025146;1;1;1;1;4;350;30/05/2016
2016025147;1;2;1;1;6;350;27/05/2016
2016025148;1;2;1;1;3;350;28/05/2016
2016025149;1;2;2;1;3;350;02/06/2016
2016025150;1;2;2;8;6;350;01/06/2016
2016025151;1;2;1;1;4;350;03/06/2016
2016025152;3;2;1;1;1;350;04/06/2016
2016025153;1;2;2;1;1;350;05/06/2016
2016025154;1;2;3;1;3;350;05/06/2016
2016025155;1;2;6;1;3;350;06/06/2016
2016025156;1;2;2;1;3;350;06/06/2016
2016025157;1;2;2;1;3;350;07/06/2016
2016025158;1;2;1;1;3;350;07/06/2016
2016025159;1;2;6;1;3;350;07/06/2016
2016025160;1;2;1;1;2;350;07/06/2016
2016025161;5;2;2;1;3;350;07/06/2016
2016025162;1;2;1;1;6;350;08/06/2016
2016025163;1;2;5;1;6;350;08/06/2016
2016025164;1;2;2;1;1;350;08/06/2016
2016025165;1;2;1;1;3;350;09/06/2016
2016025166;1;2;6;1;1;350;10/06/2016
2016025167;1;2;6;1;3;350;10/06/2016
2016025168;5;2;6;2;6;350;11/06/2016
2016025169;1;2;5;1;6;350;11/06/2016
2016025170;1;2;1;2;6;350;11/06/2016
2016025171;1;2;2;3;6;350;11/06/2016
2016025172;1;2;2;1;3;350;11/06/2016
2016025173;1;2;3;8;7;350;12/06/2016
2016025174;1;2;1;1;6;350;12/06/2016
2016025175;5;2;5;1;6;350;12/06/2016
2016025176;1;2;1;3;2;350;13/06/2016
2016025177;1;2;1;1;3;350;14/06/2016
2016025178;1;2;1;1;6;350;14/06/2016
2016025179;1;2;1;8;6;350;14/06/2016
2016025180;2;2;1;2;6;350;14/06/2016
2016025181;1;2;1;8;5;350;14/06/2016
2016025182;1;2;2;3;3;350;14/06/2016
2016025183;1;2;1;1;2;350;15/06/2016
2016025184;1;2;1;1;4;350;16/06/2016
2016025185;1;2;2;1;4;350;16/06/2016
2016025186;1;2;7;1;7;350;17/06/2016
2016025187;1;2;1;1;3;350;17/06/2016
2016025188;1;2;3;1;3;350;18/06/2016
2016025189;2;2;1;1;7;350;18/06/2016
2016025190;5;2;3;1;6;350;19/06/2016
2016025191;1;2;2;1;3;350;19/06/2016
2016025192;1;2;1;1;6;350;19/06/2016
2016025193;1;2;1;1;2;350;20/06/2016
2016025194;1;2;1;2;3;350;20/06/2016
2016025195;1;1;6;2;7;350;20/06/2016
2016025196;1;1;6;3;2;350;20/06/2016
2016025197;1;2;3;1;6;350;22/06/2016
2016025198;1;2;1;3;6;350;23/06/2016
2016025199;5;2;6;1;6;350;22/06/2016
2016025200;5;2;3;1;6;350;24/06/2016
2016025201;1;2;1;1;3;350;24/06/2016
2016025202;1;2;6;1;3;350;24/06/2016
2016025203;1;2;1;1;4;350;24/06/2016
2016025204;1;2;2;1;6;350;26/06/2016
2016025205;1;2;2;1;3;350;27/06/2016
2016025206;1;2;2;2;7;350;27/06/2016
2016025207;1;2;1;1;4;350;31/05/2016
2016025208;1;2;2;1;3;350;27/06/2016
2016025209;1;2;3;1;3;350;28/06/2016
2016025210;1;2;1;1;6;350;28/06/2016
2016025211;5;2;1;1;3;350;28/06/2016
2016025212;1;2;1;1;2;350;29/06/2016
2016025213;1;2;1;1;6;350;29/06/2016
2016025214;5;2;1;1;6;350;30/06/2016
2016025215;1;2;3;1;3;350;30/06/2016
2016025216;5;2;2;2;3;350;12/06/2016
2016025217;1;2;3;8;5;350;30/06/2016
2016025218;1;2;3;1;3;350;01/07/2016
2016025219;1;2;1;1;2;350;01/07/2016
2016025220;1;2;6;1;6;350;02/07/2016
2016025221;1;2;1;1;6;350;04/07/2016
2016025222;1;2;3;1;3;350;04/07/2016
2016025223;1;2;6;1;6;350;05/07/2016
2016025224;1;2;1;1;2;350;05/07/2016
2016025225;1;2;6;1;6;350;07/07/2016
2016025226;1;2;1;1;2;350;15/04/2016
2016025227;3;2;5;1;2;350;14/07/2016
2016025228;1;2;6;1;5;350;07/07/2016
2016025229;1;2;6;1;3;350;07/07/2016
2016025230;1;2;2;1;3;350;07/07/2016
2016025231;1;2;1;1;3;350;08/07/2016
2016025232;1;2;3;1;6;350;09/07/2016
2016025233;1;2;1;1;1;350;12/07/2016
2016025234;1;2;2;1;3;350;16/07/2016
2016025235;1;2;1;1;6;350;17/07/2016
2016025236;1;1;9;1;2;350;13/07/2016
2016025237;1;2;5;1;6;350;15/07/2016
2016025238;1;2;5;1;7;350;15/07/2016
2016025239;1;2;6;1;3;350;16/07/2016
2016025240;1;2;2;1;3;350;16/07/2016
2016025241;1;2;2;1;2;350;17/07/2016
2016025242;1;2;1;1;6;350;12/07/2016
2016025243;1;2;2;1;3;350;17/07/2016
2016025244;3;2;1;1;6;350;18/07/2016
2016025245;1;2;6;1;2;350;18/07/2016
2016025246;1;2;3;1;3;350;19/07/2016
2016025247;1;2;1;1;2;350;19/07/2016
2016025248;1;2;3;1;3;350;19/07/2016
2016025249;1;2;6;1;2;350;20/07/2016
2016025250;1;2;1;1;3;350;20/07/2016
2016025251;1;2;6;1;1;350;20/07/2016
2016025252;1;2;1;1;2;350;21/07/2016
2016025253;1;2;6;1;3;350;22/07/2016
2016025254;1;2;1;1;1;350;22/07/2016
2016025255;1;2;3;1;3;350;26/07/2016
2016025256;1;2;3;1;3;350;26/07/2016
2016025257;1;2;1;1;3;350;26/07/2016
2016025258;1;2;1;1;7;350;26/07/2016
2016025259;1;2;1;1;7;350;27/07/2016
2016025260;1;2;1;1;3;350;27/07/2016
2016025261;1;2;5;1;1;350;08/08/2016
2016025262;1;2;1;1;6;350;05/08/2016
2016025263;1;2;3;2;3;350;19/08/2016
2016025264;1;2;2;1;2;350;24/08/2016
2016025265;1;2;1;1;4;350;27/08/2016
2016025266;1;2;3;1;6;350;28/08/2016
2016025267;1;2;6;3;3;350;19/08/2016
2016025268;1;2;1;1;6;350;28/08/2016
2016025269;1;2;2;8;3;350;20/08/2016
2016025270;1;2;2;1;3;350;21/08/2016
2016025271;1;2;1;1;6;350;22/08/2016
2016025272;1;2;2;1;3;350;29/07/2016
2016025273;1;2;1;1;2;350;03/08/2016
2016025274;1;2;2;1;4;350;31/08/2016
2016025275;1;2;1;1;2;350;30/08/2016
2016025276;1;2;1;7;3;350;29/08/2016
2016025277;1;2;1;1;1;350;30/08/2016
2016025278;1;2;2;1;6;350;29/07/2016
2016025279;1;2;3;1;3;350;16/08/2016
2016025280;1;2;3;2;3;350;03/08/2016
2016025281;1;2;9;1;2;350;06/08/2016
2016025282;1;2;2;1;7;350;06/08/2016
2016025283;1;2;2;1;3;350;06/10/2016
2016025284;1;2;3;1;6;350;03/10/2016
2016025285;1;2;6;1;2;350;09/10/2016
2016025286;1;2;2;1;3;350;04/10/2016
2016025287;1;2;1;1;3;350;05/10/2016
2016025288;1;2;6;1;3;350;06/10/2016
2016025289;5;2;3;1;3;350;06/10/2016
2016025290;1;2;3;1;3;350;06/10/2016
2016025291;1;2;5;1;3;350;06/10/2016
2016025292;1;2;2;1;3;350;07/10/2016
2016025293;1;2;2;1;2;350;12/10/2016
2016025294;1;2;2;1;3;350;07/10/2016
2016025295;1;2;6;1;3;350;07/10/2016
2016025296;1;2;1;1;3;350;07/10/2016
2016025297;1;2;3;1;2;350;10/10/2016
2016025298;1;1;5;1;4;350;11/10/2016
2016025299;1;2;1;1;6;350;11/10/2016
2016025300;3;2;1;1;6;350;01/09/2016
2016025301;1;2;6;1;3;350;12/10/2016
2016025302;4;2;1;1;6;350;02/09/2016
2016025303;1;2;1;1;6;350;12/10/2016
2016025304;1;2;5;1;2;350;02/09/2016
2016025305;1;2;6;1;3;350;12/10/2016
2016025306;1;2;6;1;6;350;03/09/2016
2016025307;1;2;6;1;3;350;12/10/2016
2016025308;1;2;1;1;6;350;03/09/2016
2016025309;1;2;1;1;3;350;13/10/2016
2016025310;4;2;2;1;2;350;04/09/2016
2016025311;1;2;1;1;3;350;13/10/2016
2016025312;1;2;4;1;3;350;05/09/2016
2016025313;5;2;1;1;6;350;13/10/2016
2016025314;1;2;2;1;6;350;05/09/2016
2016025315;5;2;1;1;6;350;14/10/2016
2016025316;1;1;1;1;2;350;06/09/2016
2016025317;1;2;6;1;6;350;14/10/2016
2016025318;1;2;2;1;6;350;06/09/2016
2016025319;1;2;1;1;3;350;14/10/2016
2016025320;1;2;2;1;3;350;03/09/2016
2016025321;1;2;1;2;4;350;15/10/2016
2016025322;1;1;3;1;7;350;16/10/2016
2016025323;1;1;1;1;4;350;07/09/2016
2016025324;1;2;1;1;3;350;17/10/2016
2016025325;1;2;6;1;4;350;07/09/2016
2016025326;1;2;2;8;3;350;17/10/2016
2016025327;5;2;6;1;3;350;17/10/2016
2016025328;1;2;2;1;3;350;08/09/2016
2016025329;5;2;3;1;3;350;18/10/2016
2016025330;1;2;2;1;2;350;08/09/2016
2016025331;1;2;3;1;3;350;17/10/2016
2016025332;1;2;1;1;2;350;09/09/2016
2016025333;1;2;2;1;6;350;18/10/2016
2016025334;1;2;2;1;3;350;10/09/2016
2016025335;1;2;2;1;3;350;19/10/2016
2016025336;1;2;2;1;6;350;11/09/2016
2016025337;1;2;6;1;6;350;19/10/2016
2016025338;3;2;6;1;6;350;12/09/2016
2016025339;5;2;1;1;1;350;19/10/2016
2016025340;1;2;2;1;6;350;13/09/2016
2016025341;1;2;1;1;2;350;20/10/2016
2016025342;1;2;1;8;4;350;13/09/2016
2016025343;1;2;1;1;6;350;20/10/2016
2016025344;1;2;5;1;3;350;14/09/2016
2016025345;3;2;1;1;6;350;21/10/2016
2016025346;1;2;6;1;4;350;21/10/2016
2016025347;1;2;3;1;6;350;22/08/2016
2016025348;4;2;1;1;6;350;16/09/2016
2016025349;1;2;1;1;4;350;15/09/2016
2016025350;1;2;3;1;3;350;03/10/2016
2016025351;1;2;1;5;3;350;25/10/2016
2016025352;3;2;1;1;7;350;26/10/2016
2016025353;1;2;6;1;3;350;16/09/2016
2016025354;1;2;2;3;2;350;23/10/2016
2016025355;1;2;5;1;2;350;16/09/2016
2016025356;3;2;1;2;7;350;23/10/2016
2016025357;5;2;1;8;3;350;21/10/2016
2016025358;4;2;3;1;3;350;17/09/2016
2016025359;1;2;1;1;2;350;17/09/2016
2016025360;4;2;6;2;7;350;24/10/2016
2016025361;1;2;1;8;4;350;21/10/2016
2016025362;2;2;2;2;3;350;18/09/2016
2016025363;5;2;1;1;6;350;25/10/2016
2016025364;5;2;6;8;4;350;26/10/2016
2016025365;1;1;5;2;6;350;18/09/2016
2016025366;5;2;2;1;1;350;27/10/2016
2016025367;1;2;3;1;6;350;27/10/2016
2016025368;2;2;1;1;7;350;19/09/2016
2016025369;1;2;1;1;3;350;20/09/2016
2016025370;5;2;1;1;6;350;28/10/2016
2016025371;1;2;2;1;3;350;28/10/2016
2016025372;1;2;1;1;3;350;21/10/2016
2016025373;1;2;1;1;2;350;21/09/2016
2016025374;1;2;1;1;2;350;28/10/2016
2016025375;1;2;2;1;3;350;21/09/2016
2016025376;1;2;2;1;6;350;30/10/2016
2016025377;5;2;2;1;3;350;21/09/2016
2016025378;5;2;1;1;1;350;30/10/2016
2016025379;1;2;6;1;6;350;22/09/2016
2016025380;1;1;1;1;6;350;27/10/2016
2016025381;1;2;1;1;7;350;25/10/2016
2016025382;1;2;1;1;6;350;31/10/2016
2016025383;1;2;1;1;6;350;23/09/2016
2016025384;1;2;1;1;7;350;31/10/2016
2016025385;1;2;5;1;2;350;23/09/2016
2016025386;1;2;5;1;4;350;23/09/2016
2016025387;1;2;1;1;6;350;01/11/2016
2016025388;1;2;1;1;6;350;01/11/2016
2016025389;1;1;1;1;6;350;02/11/2016
2016025390;1;2;2;1;6;350;26/09/2016
2016025391;1;1;6;7;3;350;03/11/2016
2016025392;1;2;5;1;7;350;27/09/2016
2016025393;1;2;3;1;7;350;03/11/2016
2016025394;1;1;1;1;4;350;04/11/2016
2016025395;1;2;2;1;2;350;28/09/2016
2016025396;1;2;6;8;6;350;04/11/2016
2016025397;3;1;9;2;6;350;04/11/2016
2016025398;5;2;3;2;7;350;29/09/2016
2016025399;1;1;6;2;6;350;04/11/2016
2016025400;5;2;1;2;3;350;29/09/2016
2016025401;3;1;1;1;6;350;06/11/2016
2016025402;1;2;1;1;4;350;29/09/2016
2016025403;4;2;4;2;7;350;06/11/2016
2016025404;3;2;5;2;2;350;29/09/2016
2016025405;1;1;1;1;3;350;07/11/2016
2016025406;1;2;1;1;7;350;30/09/2016
2016025407;1;2;2;1;1;350;08/11/2016
2016025408;1;2;1;1;3;350;30/09/2016
2016025409;1;2;1;1;7;350;06/09/2016
2016025410;1;2;3;1;7;350;28/09/2016
2016025411;3;1;1;2;2;350;08/11/2016
2016025412;1;2;3;1;6;350;08/11/2016
2016025413;1;2;1;1;6;350;09/11/2016
2016025414;1;2;1;1;2;350;09/11/2016
2016025415;1;1;1;2;2;350;09/11/2016
2016025416;3;1;1;1;4;350;09/11/2016
2016025417;3;1;1;1;2;350;10/11/2016
2016025418;1;2;1;1;7;350;10/11/2016
2016025419;5;2;6;2;3;350;10/11/2016
2016025420;3;1;1;1;3;350;11/11/2016
2016025421;4;1;1;2;4;350;12/11/2016
2016025422;1;2;1;1;6;350;06/10/2016
2016025423;3;1;1;1;6;350;11/11/2016
2016025424;1;2;2;2;3;350;12/11/2016
2016025425;5;2;2;2;3;350;12/11/2016
2016025426;2;2;2;1;3;350;14/11/2016
2016025427;1;2;1;2;2;350;15/11/2016
2016025428;5;2;3;2;3;350;16/11/2016
2016025429;5;2;1;1;6;350;17/11/2016
2016025430;4;2;8;1;7;350;17/11/2016
2016025431;1;1;6;1;4;350;17/11/2016
2016025432;1;2;3;1;3;350;17/11/2016
2016025433;5;2;3;1;1;350;17/11/2016