num_acc;lum;agg;inter;atm;col;dep;date
2016026587;1;2;1;1;6;420;01/04/2016
2016026588;5;2;1;2;6;420;23/01/2016
2016026589;5;2;3;2;3;420;31/01/2016
2016026590;1;2;1;1;3;420;12/02/2016
2016026591;1;2;1;1;3;420;17/02/2016
2016026592;5;2;3;1;3;420;13/02/2016
2016026593;1;2;2;1;3;420;02/01/2016
2016026594;1;2;3;1;1;420;12/03/2016
2016026595;1;2;1;1;6;420;14/03/2016
2016026596;1;2;3;1;3;420;19/03/2016
2016026597;1;2;1;1;6;420;02/01/2016
2016026598;1;2;1;1;7;420;07/01/2016
2016026599;5;2;1;1;7;420;15/01/2016
2016026600;1;1;1;1;4;420;11/03/2016
2016026601;1;2;1;2;6;420;04/03/2016
2016026602;1;2;1;8;6;420;16/01/2016
2016026603;1;2;1;1;3;420;22/01/2016
2016026604;1;2;3;2;6;420;01/04/2016
2016026605;1;2;6;1;6;420;01/03/2016
2016026606;1;2;1;1;6;420;05/02/2016
2016026607;1;2;1;1;6;420;10/02/2016
2016026608;1;2;1;1;6;420;31/03/2016
2016026609;1;1;1;1;4;420;11/04/2016
2016026610;1;2;1;1;6;420;12/04/2016
2016026611;1;2;1;1;6;420;14/04/2016
2016026612;5;2;3;2;3;420;23/04/2016
2016026613;1;2;1;1;6;420;22/04/2016
2016026614;1;2;3;1;2;420;21/02/2016
2016026615;1;2;3;1;3;420;28/04/2016
2016026616;5;2;1;1;6;420;06/03/2016
2016026617;1;2;2;1;3;420;07/03/2016
2016026618;1;2;2;8;6;420;13/04/2016
2016026619;1;2;3;2;1;420;13/04/2016
2016026620;1;2;1;1;6;420;12/04/2016
2016026621;1;2;1;1;6;420;22/03/2016
2016026622;1;1;1;1;4;420;14/04/2016
2016026623;1;2;1;1;6;420;25/03/2016
2016026624;1;2;1;2;4;420;10/05/2016
2016026625;5;2;1;1;6;420;15/05/2016
2016026626;1;2;1;1;6;420;20/05/2016
2016026627;1;2;1;1;2;420;20/05/2016
2016026628;1;2;1;1;6;420;20/05/2016
2016026629;1;2;1;1;1;420;21/05/2016
2016026630;1;2;3;1;6;420;27/05/2016
2016026631;1;2;1;1;3;420;25/05/2016
2016026632;1;2;1;2;6;420;31/05/2016
2016026633;1;2;1;3;6;420;02/06/2016
2016026634;1;1;1;1;3;420;06/06/2016
2016026635;1;2;2;1;6;420;02/05/2016
2016026636;1;2;1;1;6;420;05/05/2016
2016026637;1;2;1;3;6;420;02/06/2016
2016026638;1;2;1;1;6;420;12/06/2016
2016026639;1;2;1;1;6;420;10/06/2016
2016026640;1;2;1;1;1;420;13/06/2016
2016026641;2;2;1;1;1;420;17/06/2016
2016026642;1;2;2;1;6;420;17/06/2016
2016026643;1;2;2;1;3;420;18/06/2016
2016026644;1;2;1;1;6;420;22/06/2016
2016026645;1;2;1;1;6;420;29/06/2016
2016026646;1;1;2;1;3;420;24/04/2016
2016026647;1;2;1;1;7;420;11/06/2016
2016026648;1;2;1;1;3;420;28/06/2016
2016026649;1;2;3;1;3;420;21/06/2016
2016026650;1;2;1;1;6;420;30/06/2016
2016026651;1;2;1;1;6;420;08/07/2016
2016026652;1;2;1;8;6;420;11/07/2016
2016026653;1;2;3;1;3;420;13/07/2016
2016026654;1;1;1;2;4;420;22/07/2016
2016026655;5;2;3;1;3;420;26/07/2016
2016026656;1;1;1;1;6;420;22/07/2016
2016026657;5;2;1;1;2;420;28/07/2016
2016026658;1;2;1;1;6;420;01/08/2016
2016026659;1;2;1;1;6;420;03/08/2016
2016026660;1;2;1;1;2;420;02/08/2016
2016026661;1;2;1;1;4;420;06/08/2016
2016026662;1;2;3;1;3;420;02/08/2016
2016026663;1;2;3;1;3;420;05/08/2016
2016026664;5;1;1;1;6;420;30/08/2016
2016026665;1;2;2;1;3;420;08/06/2016
2016026666;1;2;1;1;6;420;01/09/2016
2016026667;1;2;3;1;3;420;13/07/2016
2016026668;1;2;3;1;3;420;02/07/2016
2016026669;1;1;1;1;7;420;01/07/2016
2016026670;1;2;1;1;6;420;03/09/2016
2016026671;5;2;1;1;7;420;09/09/2016
2016026672;1;2;2;1;1;420;13/09/2016
2016026673;5;2;1;2;3;420;17/09/2016
2016026674;1;2;1;1;6;420;15/08/2016
2016026675;1;2;1;1;6;420;16/09/2016
2016026676;1;2;1;1;2;420;20/09/2016
2016026677;1;2;1;1;4;420;21/09/2016
2016026678;1;2;1;1;7;420;25/09/2016
2016026679;5;2;1;1;6;420;24/09/2016
2016026680;1;2;3;1;6;420;28/09/2016
2016026681;1;2;3;1;6;420;30/08/2016
2016026682;5;2;1;3;1;420;25/09/2016
2016026683;4;1;4;1;3;420;05/10/2016
2016026684;1;2;1;1;6;420;09/10/2016
2016026685;2;2;3;1;3;420;15/10/2016
2016026686;1;1;1;1;7;420;04/09/2016
2016026687;5;2;1;1;3;420;18/10/2016
2016026688;1;2;1;1;6;420;12/09/2016
2016026689;5;2;3;1;3;420;31/10/2016
2016026690;1;2;1;1;6;420;21/10/2016
2016026691;5;1;2;3;3;420;05/11/2016
2016026692;2;2;2;2;7;420;06/11/2016
2016026693;2;2;3;8;6;420;13/11/2016
2016026694;1;2;1;1;6;420;13/11/2016
2016026695;2;2;3;1;6;420;14/11/2016
2016026696;1;2;1;1;5;420;11/11/2016
2016026697;5;2;1;1;6;420;12/11/2016
2016026698;1;2;1;1;2;420;15/11/2016
2016026699;1;2;3;1;1;420;17/11/2016
2016026700;1;2;3;3;6;420;22/11/2016
2016026701;1;2;9;1;2;420;29/11/2016
2016026702;1;2;1;1;6;420;16/11/2016
2016026703;1;2;1;1;6;420;30/11/2016
2016026704;5;2;1;1;2;420;29/11/2016
2016026705;2;1;3;1;4;420;06/12/2016
2016026706;1;1;3;1;6;420;06/12/2016
2016026707;1;2;1;1;6;420;29/10/2016
2016026708;1;2;1;1;7;420;07/12/2016
2016026709;5;2;1;1;7;420;10/12/2016
2016026710;1;2;1;1;6;420;13/12/2016
2016026711;1;2;1;1;6;420;17/12/2016
2016026712;5;2;1;1;6;420;21/01/2016
2016026713;1;2;1;1;6;420;01/12/2016
2016026714;1;1;1;1;3;420;03/02/2016
2016026715;4;2;1;1;6;420;10/02/2016
2016026716;1;1;1;1;1;420;14/02/2016
2016026717;1;2;1;1;3;420;05/03/2016
2016026718;1;2;1;1;6;420;07/04/2016
2016026719;1;2;1;1;4;420;07/04/2016
2016026720;1;2;3;1;1;420;27/04/2016
2016026721;3;1;1;1;6;420;28/05/2016
2016026722;1;2;1;1;2;420;30/06/2016
2016026723;1;2;1;1;4;420;05/07/2016
2016026724;1;2;1;1;6;420;09/07/2016
2016026725;1;2;1;1;6;420;21/09/2016
2016026726;1;2;4;1;3;420;27/09/2016
2016026727;3;1;1;2;3;420;01/10/2016
2016026728;1;2;1;1;2;420;04/10/2016
2016026729;1;2;1;1;3;420;04/10/2016
2016026730;5;2;1;1;3;420;07/10/2016
2016026731;5;2;3;1;3;420;20/12/2016
2016026732;5;2;1;1;6;430;15/12/2016
2016026733;1;2;1;1;3;430;08/01/2016
2016026734;5;2;1;1;6;430;24/12/2016
2016026735;5;2;1;1;6;430;29/01/2016
2016026736;1;2;1;1;2;430;01/02/2016
2016026737;1;2;1;1;6;430;27/12/2016
2016026738;1;2;1;1;6;430;03/02/2016
2016026739;1;2;7;1;6;430;15/04/2016
2016026740;1;1;6;1;3;430;05/05/2016
2016026741;1;2;1;1;2;430;01/06/2016
2016026742;1;2;3;1;3;430;03/06/2016
2016026743;1;2;1;1;6;430;27/06/2016
2016026744;1;2;1;1;1;430;24/06/2016
2016026745;1;2;1;1;3;430;26/07/2016
2016026746;1;2;1;1;6;430;02/08/2016
2016026747;1;2;1;1;6;430;12/08/2016
2016026748;1;2;1;1;4;430;06/09/2016
2016026749;1;2;1;1;6;430;07/09/2016
2016026750;1;2;1;1;3;430;05/10/2016
2016026751;1;2;1;1;6;430;11/10/2016
2016026752;1;2;3;2;6;430;13/10/2016
2016026753;1;2;1;1;6;430;07/11/2016
2016026754;1;2;1;1;6;430;08/11/2016
2016026755;5;2;1;1;6;430;02/12/2016
2016026756;5;2;1;3;6;440;08/01/2016
2016026757;1;2;3;1;3;440;14/01/2016
2016026758;1;1;2;3;1;440;15/01/2016
2016026759;5;2;1;1;6;440;03/02/2016
2016026760;5;2;1;2;6;440;24/02/2016
2016026761;5;2;1;2;6;440;05/03/2016
2016026762;4;2;1;1;6;440;01/04/2016
2016026763;1;2;1;1;6;440;02/04/2016
2016026764;1;2;1;1;6;440;14/04/2016
2016026765;1;2;2;1;3;440;08/05/2016
2016026766;1;2;3;1;3;440;21/05/2016
2016026767;1;1;1;1;1;440;23/05/2016
2016026768;1;2;1;1;2;440;27/05/2016
2016026769;1;2;6;1;7;440;05/06/2016
2016026770;1;2;6;1;3;440;30/06/2016
2016026771;1;2;2;1;3;440;04/07/2016
2016026772;1;2;1;1;6;440;16/07/2016
2016026773;1;2;1;1;7;440;14/07/2016
2016026774;1;2;2;1;3;440;05/08/2016
2016026775;1;2;1;1;3;440;06/08/2016
2016026776;1;2;2;1;6;440;13/08/2016
2016026777;1;2;1;1;1;440;15/08/2016
2016026778;1;2;1;1;6;440;27/08/2016
2016026779;1;2;1;1;6;440;21/09/2016
2016026780;1;2;1;1;3;440;23/09/2016
2016026781;1;2;1;1;3;440;08/10/2016
2016026782;5;2;1;1;6;440;06/11/2016
2016026783;1;2;1;1;3;440;07/01/2016
2016026784;1;2;1;1;6;440;22/11/2016
2016026785;1;2;1;1;6;440;24/11/2016
2016026786;1;2;2;1;1;440;09/01/2016
2016026787;5;2;1;3;6;440;16/11/2016
2016026788;1;2;1;1;6;440;19/11/2016
2016026789;5;2;1;1;6;440;05/01/2016
2016026790;1;2;1;1;7;440;29/12/2016
2016026791;5;2;1;1;6;440;27/11/2016
2016026792;5;2;1;2;6;440;08/01/2016
2016026793;2;2;1;1;6;440;14/11/2016
2016026794;2;2;6;2;6;440;14/01/2016
2016026795;5;2;1;2;6;440;25/11/2016
2016026796;1;2;1;1;6;440;21/01/2016
2016026797;2;2;1;1;6;440;09/11/2016
2016026798;1;2;1;1;7;440;13/01/2016
2016026799;1;1;1;1;6;440;07/11/2016
2016026800;2;2;6;2;6;440;16/11/2016
2016026801;1;2;1;1;6;440;20/11/2016
2016026802;1;2;6;1;3;440;12/01/2016
2016026803;2;2;1;8;6;440;22/11/2016
2016026804;1;2;6;1;6;440;02/08/2016
2016026805;5;1;1;1;6;440;25/11/2016
2016026806;1;2;6;1;6;440;29/01/2016
2016026807;2;2;1;1;6;440;21/11/2016
2016026808;5;2;2;1;3;440;01/01/2016
2016026809;2;2;1;1;6;440;16/11/2016
2016026810;5;2;6;1;3;440;01/02/2016
2016026811;3;1;1;1;4;440;13/11/2016
2016026812;5;2;1;1;1;440;15/01/2016
2016026813;5;2;1;2;1;440;20/11/2016
2016026814;5;2;1;1;3;440;14/11/2016
2016026815;4;1;1;2;4;440;20/11/2016
2016026816;1;2;1;1;2;440;19/11/2016
2016026817;1;2;3;8;6;440;15/11/2016
2016026818;5;2;1;2;6;440;09/11/2016
2016026819;5;2;1;2;1;440;22/12/2016
2016026820;5;2;1;1;3;440;13/12/2016
2016026821;2;2;1;5;6;440;10/12/2016
2016026822;1;2;1;7;3;440;07/12/2016
2016026823;1;2;1;1;6;440;03/02/2016
2016026824;1;2;1;1;6;440;22/12/2016
2016026825;1;2;1;1;2;440;02/12/2016
2016026826;1;1;1;1;3;440;08/12/2016
2016026827;3;2;1;2;3;440;22/12/2016
2016026828;5;2;1;1;1;440;19/12/2016
2016026829;3;2;1;1;3;440;20/12/2016
2016026830;1;2;1;1;3;440;08/12/2016
2016026831;1;2;1;2;6;440;30/01/2016
2016026832;1;1;1;1;2;440;02/12/2016
2016026833;5;2;1;1;7;440;09/02/2016
2016026834;5;2;3;1;6;440;28/12/2016
2016026835;1;2;6;1;2;440;25/01/2016
2016026836;1;2;1;1;6;440;02/12/2016
2016026837;5;2;1;1;1;440;01/01/2016
2016026838;2;2;1;1;6;440;22/12/2016
2016026839;5;2;1;2;6;440;31/01/2016
2016026840;5;2;1;1;6;440;22/12/2016
2016026841;1;2;1;1;6;440;11/01/2016
2016026842;5;2;1;1;6;440;23/12/2016
2016026843;5;2;1;9;6;440;25/01/2016
2016026844;5;2;1;5;6;440;10/12/2016
2016026845;2;2;2;1;3;440;31/01/2016
2016026846;5;2;1;1;6;440;01/12/2016
2016026847;1;2;1;2;3;440;01/02/2016
2016026848;5;2;3;6;6;440;06/02/2016
2016026849;1;2;6;1;6;440;20/01/2016
2016026850;1;2;3;1;2;440;29/01/2016
2016026851;5;2;1;1;7;440;24/02/2016
2016026852;3;1;1;2;6;440;06/01/2016
2016026853;1;2;1;1;5;440;23/11/2016
2016026854;5;2;1;2;7;440;06/01/2016
2016026855;1;2;1;8;3;440;04/01/2016
2016026856;1;2;1;1;6;440;17/02/2016
2016026857;5;2;1;9;6;440;17/01/2016
2016026858;5;2;1;1;7;440;28/02/2016
2016026859;1;2;1;1;6;440;07/01/2016
2016026860;1;2;2;1;3;440;28/01/2016
2016026861;1;2;1;1;1;440;28/01/2016
2016026862;1;2;1;2;6;440;22/01/2016
2016026863;2;2;1;2;6;440;12/01/2016
2016026864;2;2;1;1;3;440;15/02/2016
2016026865;1;2;1;1;4;440;01/02/2016
2016026866;5;2;9;6;6;440;12/02/2016
2016026867;2;2;1;8;1;440;22/02/2016
2016026868;1;2;1;1;6;440;01/02/2016
2016026869;2;2;6;1;6;440;16/02/2016
2016026870;1;2;1;2;3;440;23/02/2016
2016026871;1;2;1;1;2;440;26/02/2016
2016026872;1;2;1;1;3;440;16/02/2016
2016026873;3;2;1;1;3;440;26/02/2016
2016026874;5;2;1;6;3;440;09/02/2016
2016026875;2;2;1;3;6;440;23/02/2016
2016026876;1;2;9;1;6;440;23/02/2016
2016026877;1;2;1;2;6;440;01/03/2016
2016026878;2;1;1;1;6;440;10/03/2016
2016026879;1;2;1;1;6;440;03/03/2016
2016026880;1;2;1;2;6;440;01/03/2016
2016026881;1;2;1;1;2;440;08/03/2016
2016026882;1;2;2;1;3;440;09/02/2016
2016026883;1;2;5;1;3;440;11/03/2016
2016026884;1;2;6;1;3;440;12/03/2016
2016026885;5;2;1;1;6;440;04/03/2016
2016026886;1;2;1;1;1;440;01/03/2016
2016026887;1;1;1;1;3;440;14/03/2016
2016026888;1;2;1;1;3;440;25/03/2016
2016026889;1;2;1;1;6;440;03/03/2016
2016026890;1;1;1;1;3;440;25/03/2016
2016026891;1;2;1;1;5;440;22/03/2016
2016026892;1;2;1;1;6;440;15/03/2016
2016026893;1;1;1;1;3;440;17/03/2016
2016026894;2;2;1;1;6;440;26/02/2016
2016026895;1;2;1;1;2;440;09/03/2016
2016026896;1;2;1;1;2;440;01/04/2016
2016026897;1;1;1;2;4;440;30/03/2016
2016026898;1;2;1;1;6;440;13/03/2016
2016026899;1;2;1;1;1;440;01/04/2016
2016026900;1;2;1;1;6;440;20/03/2016
2016026901;1;1;1;1;6;440;21/03/2016
2016026902;1;2;1;2;3;440;25/03/2016
2016026903;1;2;1;1;6;440;29/03/2016
2016026904;1;2;1;1;2;440;17/03/2016
2016026905;1;2;1;1;3;440;23/03/2016
2016026906;1;2;1;1;6;440;22/03/2016
2016026907;5;2;1;1;3;440;17/03/2016
2016026908;1;2;1;1;6;440;14/04/2016
2016026909;1;2;2;1;3;440;18/04/2016
2016026910;1;2;1;1;3;440;13/04/2016
2016026911;1;2;1;1;7;440;13/03/2016
2016026912;1;2;1;1;6;440;15/03/2016
2016026913;2;2;1;1;6;440;12/03/2016
2016026914;2;2;1;1;6;440;17/03/2016
2016026915;1;2;1;1;2;440;01/04/2016
2016026916;1;1;1;1;5;440;26/04/2016
2016026917;1;2;1;1;1;440;17/03/2016
2016026918;1;2;1;1;3;440;25/04/2016
2016026919;1;2;1;1;3;440;22/03/2016
2016026920;1;2;1;1;1;440;01/05/2016
2016026921;1;2;1;1;3;440;16/04/2016
2016026922;1;2;1;1;3;440;26/04/2016
2016026923;1;2;1;1;1;440;23/04/2016
2016026924;1;2;1;1;5;440;15/04/2016
2016026925;1;1;1;1;3;440;04/05/2016
2016026926;1;1;1;1;2;440;28/04/2016
2016026927;5;1;1;1;6;440;23/04/2016
2016026928;1;2;1;1;3;440;09/05/2016
2016026929;1;2;1;1;3;440;16/05/2016
2016026930;5;1;1;1;3;440;13/04/2016
2016026931;1;2;1;1;6;440;06/05/2016
2016026932;2;2;1;1;2;440;08/04/2016
2016026933;1;2;1;1;7;440;20/05/2016
2016026934;1;2;1;1;6;440;04/05/2016
2016026935;1;2;1;1;3;440;03/05/2016
2016026936;1;2;1;1;1;440;23/04/2016
2016026937;1;1;1;2;4;440;20/05/2016
2016026938;1;2;1;1;6;440;23/04/2016
2016026939;5;2;1;2;6;440;30/04/2016
2016026940;1;2;1;1;6;440;09/04/2016
2016026941;1;2;1;1;6;440;16/04/2016
2016026942;1;1;1;1;6;440;28/04/2016
2016026943;1;2;1;1;3;440;29/04/2016
2016026944;5;1;1;1;6;440;29/04/2016
2016026945;1;2;1;1;4;440;03/05/2016
2016026946;1;2;1;1;6;440;26/05/2016
2016026947;1;1;1;1;6;440;24/05/2016
2016026948;1;2;1;1;6;440;19/05/2016
2016026949;1;2;3;1;6;440;24/05/2016
2016026950;1;2;1;1;6;440;26/05/2016
2016026951;1;1;1;1;2;440;23/05/2016
2016026952;1;2;1;1;3;440;21/05/2016
2016026953;3;1;1;1;6;440;27/05/2016
2016026954;5;2;1;1;3;440;07/06/2016
2016026955;1;2;1;1;6;440;07/06/2016
2016026956;1;2;1;1;6;440;08/06/2016
2016026957;1;2;1;1;6;440;23/05/2016
2016026958;1;2;1;1;6;440;11/05/2016
2016026959;1;2;1;1;1;440;10/06/2016
2016026960;1;2;2;1;6;440;07/06/2016
2016026961;1;1;1;1;4;440;15/06/2016
2016026962;1;2;1;1;1;440;08/06/2016
2016026963;4;2;1;2;7;440;23/06/2016
2016026964;3;2;1;2;2;440;18/06/2016
2016026965;1;2;1;1;6;440;16/06/2016
2016026966;1;1;1;1;3;440;12/05/2016
2016026967;1;2;2;1;6;440;11/06/2016
2016026968;1;2;1;1;6;440;23/06/2016
2016026969;1;1;1;1;5;440;28/05/2016
2016026970;3;2;1;1;7;440;10/06/2016
2016026971;1;2;1;1;6;440;11/05/2016
2016026972;3;2;1;1;6;440;25/06/2016
2016026973;1;2;1;1;6;440;17/05/2016
2016026974;1;2;1;1;6;440;24/05/2016
2016026975;1;2;1;1;6;440;25/05/2016
2016026976;1;2;1;2;7;440;29/05/2016
2016026977;1;2;1;1;3;440;25/05/2016
2016026978;1;2;1;1;1;440;08/06/2016
2016026979;3;2;1;2;6;440;11/06/2016
2016026980;1;2;1;2;6;440;13/06/2016
2016026981;1;1;1;1;4;440;11/06/2016
2016026982;1;2;1;1;2;440;08/06/2016
2016026983;1;2;1;8;6;440;21/06/2016
2016026984;1;1;1;1;2;440;17/06/2016
2016026985;1;2;7;1;6;440;05/06/2016
2016026986;1;2;1;1;6;440;16/06/2016
2016026987;1;2;1;1;3;440;22/06/2016
2016026988;1;2;1;1;6;440;09/06/2016
2016026989;3;2;1;1;6;440;28/06/2016
2016026990;1;2;1;1;3;440;13/06/2016
2016026991;1;2;1;3;6;440;22/06/2016
2016026992;1;2;1;1;3;440;24/06/2016
2016026993;1;2;1;1;2;440;30/06/2016
2016026994;5;2;1;1;1;440;26/06/2016
2016026995;1;2;1;1;1;440;07/06/2016
2016026996;1;2;1;1;6;440;08/07/2016
2016026997;1;2;1;1;3;440;11/07/2016
2016026998;1;2;9;1;6;440;21/07/2016
2016026999;5;2;1;1;6;440;03/08/2016
2016027000;1;2;1;1;6;440;11/07/2016
2016027001;1;2;1;1;6;440;10/07/2016
2016027002;1;2;1;1;3;440;19/07/2016
2016027003;1;2;1;1;1;440;24/07/2016
2016027004;1;2;9;1;6;440;17/07/2016
2016027005;1;2;1;1;3;440;19/07/2016
2016027006;1;2;1;1;3;440;04/07/2016
2016027007;1;2;1;1;3;440;11/08/2016
2016027008;1;2;1;2;1;440;12/07/2016
2016027009;1;2;1;1;6;440;18/07/2016
2016027010;1;2;1;1;6;440;26/07/2016
2016027011;1;2;1;1;3;440;29/07/2016
2016027012;1;2;1;1;6;440;16/08/2016
2016027013;1;1;1;1;7;440;02/07/2016
2016027014;1;2;1;1;3;440;10/08/2016
2016027015;2;2;1;1;6;440;17/07/2016
2016027016;1;1;1;1;4;440;30/07/2016
2016027017;1;2;1;1;6;440;01/07/2016
2016027018;1;2;1;1;6;440;11/07/2016
2016027019;1;2;1;1;6;440;06/07/2016
2016027020;1;2;2;1;3;440;10/07/2016
2016027021;5;2;1;1;6;440;17/08/2016
2016027022;1;1;1;1;4;440;25/07/2016
2016027023;5;2;1;1;6;440;12/07/2016
2016027024;1;2;1;1;6;440;15/07/2016
2016027025;1;2;1;1;6;440;01/07/2016
2016027026;1;2;1;1;6;440;12/08/2016
2016027027;1;2;1;1;6;440;23/08/2016
2016027028;1;2;1;1;6;440;03/09/2016
2016027029;1;2;1;1;1;440;16/09/2016
2016027030;1;2;1;1;6;440;01/09/2016
2016027031;2;1;1;1;6;440;16/09/2016
2016027032;5;2;2;1;1;440;02/10/2016
2016027033;1;1;1;1;6;440;20/08/2016
2016027034;1;2;6;1;6;440;02/09/2016
2016027035;3;2;1;1;6;440;30/08/2016
2016027036;1;1;1;1;6;440;30/08/2016
2016027037;5;1;1;1;6;440;24/09/2016
2016027038;1;2;1;1;4;440;29/09/2016
2016027039;1;2;1;1;6;440;07/08/2016
2016027040;5;2;1;1;7;440;20/08/2016
2016027041;1;2;1;1;6;440;02/08/2016
2016027042;1;2;1;1;6;440;23/08/2016
2016027043;1;2;1;1;6;440;25/09/2016
2016027044;1;1;1;1;6;440;09/08/2016
2016027045;1;2;1;1;4;440;04/10/2016
2016027046;1;2;1;1;2;440;23/08/2016
2016027047;1;1;1;1;3;440;12/08/2016
2016027048;1;2;3;1;2;440;18/10/2016
2016027049;1;2;1;1;6;440;01/09/2016
2016027050;5;2;1;1;7;440;21/10/2016
2016027051;1;2;1;1;3;440;18/09/2016
2016027052;1;1;1;1;6;440;15/09/2016
2016027053;1;2;1;1;7;440;12/09/2016
2016027054;1;2;1;1;6;440;28/09/2016
2016027055;1;2;1;1;6;440;08/09/2016
2016027056;5;2;1;1;3;440;22/10/2016
2016027057;1;2;1;1;6;440;30/09/2016
2016027058;1;2;1;1;6;440;23/09/2016
2016027059;1;2;1;1;3;440;20/09/2016
2016027060;1;2;1;1;3;440;20/09/2016
2016027061;1;2;1;1;1;440;28/09/2016
2016027062;1;2;1;1;6;440;05/10/2016
2016027063;2;2;1;1;6;440;02/10/2016
2016027064;1;2;1;1;6;440;14/10/2016
2016027065;1;2;1;1;6;440;07/10/2016
2016027066;2;2;1;1;6;440;04/08/2016
2016027067;1;2;1;1;3;440;28/09/2016
2016027068;5;2;1;1;1;440;07/11/2016
2016027069;1;2;1;1;6;440;08/10/2016
2016027070;1;2;3;1;6;440;03/10/2016
2016027071;1;2;1;1;6;440;10/10/2016
2016027072;1;2;1;1;6;440;23/09/2016
2016027073;1;2;6;1;6;440;10/09/2016
2016027074;1;2;1;1;3;440;15/09/2016
2016027075;1;2;1;1;6;440;24/09/2016
2016027076;2;2;1;1;6;440;06/09/2016
2016027077;1;2;1;1;3;440;29/09/2016
2016027078;5;2;1;1;6;440;30/09/2016
2016027079;1;2;1;1;1;440;29/09/2016
2016027080;1;2;1;1;3;440;15/09/2016
2016027081;1;2;1;1;6;440;01/10/2016
2016027082;5;2;1;1;6;440;24/11/2016
2016027083;1;2;1;1;6;440;08/10/2016
2016027084;1;2;1;1;2;440;03/10/2016
2016027085;1;2;1;1;1;440;21/10/2016
2016027086;1;2;1;1;3;440;29/10/2016
2016027087;5;2;1;1;3;440;06/10/2016
2016027088;1;2;1;1;6;440;19/10/2016
2016027089;2;2;1;1;5;440;12/10/2016
2016027090;1;2;1;1;3;440;28/10/2016
2016027091;1;2;1;1;5;440;18/10/2016
2016027092;5;2;1;1;6;440;23/10/2016
2016027093;1;2;1;1;6;440;07/10/2016
2016027094;5;2;1;1;1;440;14/11/2016
2016027095;1;2;1;1;1;440;04/11/2016
2016027096;2;2;1;1;6;440;18/11/2016
2016027097;5;2;1;2;6;440;08/11/2016
2016027098;5;2;3;1;6;440;06/10/2016
2016027099;5;2;1;1;7;440;03/12/2016
2016027100;1;2;1;1;1;440;06/10/2016
2016027101;1;2;1;1;6;440;16/10/2016
2016027102;1;1;1;1;7;440;31/10/2016
2016027103;1;2;1;1;7;440;08/12/2016
2016027104;3;1;1;1;2;440;02/10/2016
2016027105;1;2;1;1;6;440;17/10/2016
2016027106;5;2;1;1;5;440;06/10/2016
2016027107;5;2;1;1;6;440;16/10/2016
2016027108;1;2;1;1;3;440;24/10/2016
2016027109;1;2;6;2;3;440;23/11/2016
2016027110;1;2;1;1;6;440;17/10/2016
2016027111;3;2;1;1;5;440;13/11/2016
2016027112;5;2;1;1;3;440;15/12/2016
2016027113;2;2;1;1;6;440;12/11/2016
2016027114;3;2;1;1;4;440;20/12/2016
2016027115;3;2;1;2;6;440;13/11/2016
2016027116;1;1;4;1;1;440;06/11/2016
2016027117;1;2;1;6;7;440;03/01/2016
2016027118;1;2;3;1;3;440;30/12/2016
2016027119;1;2;1;1;3;440;04/01/2016
2016027120;1;2;1;1;1;440;05/01/2016
2016027121;1;2;2;1;3;440;06/01/2016
2016027122;5;2;1;3;7;440;06/01/2016
2016027123;5;2;2;2;3;440;08/01/2016
2016027124;3;2;1;2;2;440;10/01/2016
2016027125;2;2;1;1;5;440;16/01/2016
2016027126;5;2;1;2;3;440;18/01/2016
2016027127;2;2;3;1;2;440;20/01/2016
2016027128;5;2;3;1;3;440;21/01/2016
2016027129;1;2;1;1;3;440;23/01/2016
2016027130;1;2;1;1;7;440;26/01/2016
2016027131;1;2;3;1;1;440;15/02/2016
2016027132;1;2;1;1;7;440;25/02/2016
2016027133;1;2;1;1;4;440;03/03/2016
2016027134;1;1;2;1;1;440;19/03/2016
2016027135;1;2;7;1;3;440;07/04/2016
2016027136;1;2;1;1;3;440;12/04/2016
2016027137;1;2;1;1;5;440;19/04/2016
2016027138;2;2;6;1;6;440;23/04/2016
2016027139;1;1;2;1;2;440;26/04/2016
2016027140;1;2;2;1;3;440;28/04/2016
2016027141;1;2;1;1;3;440;02/05/2016
2016027142;1;2;1;1;3;440;08/05/2016
2016027143;1;2;1;1;7;440;11/05/2016
2016027144;1;2;1;1;2;440;19/05/2016
2016027145;1;2;6;1;3;440;24/05/2016
2016027146;1;2;2;1;3;440;03/06/2016
2016027147;1;2;1;1;2;440;03/06/2016
2016027148;1;2;1;1;1;440;04/06/2016
2016027149;1;2;6;1;6;440;14/06/2016
2016027150;1;2;1;1;2;440;17/06/2016
2016027151;1;2;1;1;6;440;21/06/2016
2016027152;1;2;2;1;7;440;24/06/2016
2016027153;1;2;1;1;6;440;29/06/2016
2016027154;1;2;1;1;1;440;29/06/2016
2016027155;1;2;1;1;1;440;30/06/2016
2016027156;1;2;1;1;1;440;05/07/2016
2016027157;1;2;1;1;3;440;13/07/2016
2016027158;1;2;2;1;3;440;17/07/2016
2016027159;1;2;1;1;2;440;22/07/2016
2016027160;1;2;2;1;3;440;27/07/2016
2016027161;1;2;3;1;5;440;04/08/2016
2016027162;1;2;1;1;2;440;13/08/2016