num_acc;lum;agg;inter;atm;col;dep;date
2016028891;1;2;2;1;6;540;25/08/2016
2016028892;1;2;1;1;4;540;26/08/2016
2016028893;5;2;2;1;2;540;26/08/2016
2016028894;1;2;2;1;3;540;28/08/2016
2016028895;1;2;1;1;3;540;29/08/2016
2016028896;5;2;2;1;3;540;31/08/2016
2016028897;1;2;2;1;2;540;31/08/2016
2016028898;1;2;1;1;2;540;31/08/2016
2016028899;1;2;1;1;4;540;31/08/2016
2016028900;4;1;2;1;3;540;04/09/2016
2016028901;1;2;1;1;3;540;03/09/2016
2016028902;1;2;7;1;7;540;02/09/2016
2016028903;1;2;2;1;1;540;02/09/2016
2016028904;1;2;1;1;3;540;02/09/2016
2016028905;1;2;1;1;3;540;05/09/2016
2016028906;1;2;1;1;6;540;07/09/2016
2016028907;1;2;1;1;6;540;07/09/2016
2016028908;1;2;1;1;3;540;10/09/2016
2016028909;1;1;1;1;2;540;31/08/2016
2016028910;1;1;1;1;1;540;29/08/2016
2016028911;1;2;1;1;4;540;13/09/2016
2016028912;1;2;1;1;2;540;02/09/2016
2016028913;4;2;1;1;1;540;11/09/2016
2016028914;5;2;2;1;3;540;22/09/2016
2016028915;1;2;3;1;6;540;21/09/2016
2016028916;5;2;1;1;6;540;22/09/2016
2016028917;1;2;1;1;3;540;12/09/2016
2016028918;1;2;3;1;2;540;23/09/2016
2016028919;1;2;2;1;3;540;23/09/2016
2016028920;1;2;2;1;1;540;25/09/2016
2016028921;1;2;1;1;3;540;25/09/2016
2016028922;5;2;3;1;3;540;27/09/2016
2016028923;1;2;1;1;6;540;28/09/2016
2016028924;1;2;2;1;2;540;28/09/2016
2016028925;1;2;1;1;3;540;28/09/2016
2016028926;5;2;2;1;6;540;28/09/2016
2016028927;1;2;1;1;3;540;13/09/2016
2016028928;1;2;2;1;2;540;15/09/2016
2016028929;1;2;1;1;6;540;29/09/2016
2016028930;1;2;2;1;3;540;29/09/2016
2016028931;1;2;2;7;6;540;29/09/2016
2016028932;1;2;1;1;7;540;30/09/2016
2016028933;1;2;2;1;3;540;01/10/2016
2016028934;1;2;2;1;3;540;02/10/2016
2016028935;1;2;2;1;7;540;29/09/2016
2016028936;1;2;1;1;3;540;03/10/2016
2016028937;1;2;1;1;3;540;03/10/2016
2016028938;1;2;1;1;2;540;04/10/2016
2016028939;1;2;2;1;3;540;03/10/2016
2016028940;1;2;1;1;6;540;05/10/2016
2016028941;1;2;3;1;6;540;10/10/2016
2016028942;1;2;1;1;6;540;06/10/2016
2016028943;1;2;2;1;7;540;11/10/2016
2016028944;1;2;1;1;6;540;11/10/2016
2016028945;1;2;2;1;6;540;10/10/2016
2016028946;1;2;2;1;2;540;11/10/2016
2016028947;1;2;2;1;6;540;15/10/2016
2016028948;1;2;1;1;2;540;16/10/2016
2016028949;1;2;1;1;6;540;15/09/2016
2016028950;1;2;1;1;2;540;07/10/2016
2016028951;1;2;3;1;3;540;18/10/2016
2016028952;1;2;1;1;3;540;19/10/2016
2016028953;1;2;1;1;6;540;20/10/2016
2016028954;4;2;2;1;3;540;22/10/2016
2016028955;5;2;1;1;6;540;23/10/2016
2016028956;1;2;1;1;6;540;25/10/2016
2016028957;1;2;1;1;3;540;27/10/2016
2016028958;1;2;1;1;6;540;22/10/2016
2016028959;5;2;3;3;3;540;24/10/2016
2016028960;1;2;1;1;6;540;24/10/2016
2016028961;1;2;1;1;4;540;30/10/2016
2016028962;1;2;1;1;3;540;30/10/2016
2016028963;5;2;2;1;1;540;30/10/2016
2016028964;1;2;1;1;2;540;31/10/2016
2016028965;1;2;1;1;3;540;03/11/2016
2016028966;5;2;1;1;3;540;03/11/2016
2016028967;1;1;1;1;4;540;16/09/2016
2016028968;1;2;1;1;6;540;27/10/2016
2016028969;1;2;1;1;6;540;04/11/2016
2016028970;5;2;1;1;3;540;04/11/2016
2016028971;1;2;2;2;1;540;06/11/2016
2016028972;4;2;1;1;6;540;08/11/2016
2016028973;1;1;4;1;5;540;10/11/2016
2016028974;1;2;1;1;2;540;13/10/2016
2016028975;4;2;2;1;1;540;15/11/2016
2016028976;3;1;1;1;6;540;14/11/2016
2016028977;5;2;6;1;6;540;12/11/2016
2016028978;5;1;1;2;4;540;16/11/2016
2016028979;1;2;2;1;3;540;16/11/2016
2016028980;5;1;2;3;6;540;09/11/2016
2016028981;5;1;1;1;6;540;09/11/2016
2016028982;5;2;1;1;6;540;11/11/2016
2016028983;1;2;1;2;4;540;17/11/2016
2016028984;1;2;2;1;6;540;09/11/2016
2016028985;1;2;3;1;3;540;08/11/2016
2016028986;5;2;1;3;6;540;22/11/2016
2016028987;1;2;2;1;3;540;10/11/2016
2016028988;1;2;1;1;3;540;17/11/2016
2016028989;5;2;1;1;6;540;14/11/2016
2016028990;1;2;4;1;6;540;18/11/2016
2016028991;1;2;1;1;2;540;18/11/2016
2016028992;1;2;1;2;4;540;19/11/2016
2016028993;5;2;1;2;6;540;21/11/2016
2016028994;1;2;1;1;2;540;22/11/2016
2016028995;1;1;1;1;2;540;23/11/2016
2016028996;1;2;1;1;6;540;22/11/2016
2016028997;5;2;1;1;4;540;23/11/2016
2016028998;1;2;1;1;6;540;25/11/2016
2016028999;1;2;1;1;6;540;25/11/2016
2016029000;5;1;3;1;1;540;26/11/2016
2016029001;5;2;3;1;6;540;28/11/2016
2016029002;1;2;1;1;4;540;28/11/2016
2016029003;1;2;1;1;3;540;23/11/2016
2016029004;1;2;1;1;6;540;17/11/2016
2016029005;1;2;2;1;3;540;23/11/2016
2016029006;1;2;1;1;6;540;26/11/2016
2016029007;5;2;1;1;4;540;29/11/2016
2016029008;5;2;1;1;3;540;29/11/2016
2016029009;5;2;3;1;1;540;29/11/2016
2016029010;1;2;1;1;6;540;29/11/2016
2016029011;5;2;1;2;6;540;17/10/2016
2016029012;1;2;1;1;3;540;20/10/2016
2016029013;5;2;1;1;3;540;05/12/2016
2016029014;5;2;2;1;3;540;26/11/2016
2016029015;5;2;1;1;3;540;30/11/2016
2016029016;1;2;3;1;6;540;07/12/2016
2016029017;1;1;1;1;2;540;08/12/2016
2016029018;5;2;3;1;6;540;08/12/2016
2016029019;5;1;1;1;2;540;08/12/2016
2016029020;1;2;2;1;2;540;10/12/2016
2016029021;5;1;1;1;2;540;10/12/2016
2016029022;1;2;3;1;3;540;09/12/2016
2016029023;1;1;2;7;6;540;14/12/2016
2016029024;1;2;4;1;6;540;12/12/2016
2016029025;1;2;2;1;6;540;21/12/2016
2016029026;5;2;1;1;6;540;22/12/2016
2016029027;5;2;2;1;3;540;20/12/2016
2016029028;5;2;2;1;6;540;20/12/2016
2016029029;1;2;1;2;6;540;22/12/2016
2016029030;5;2;1;1;6;540;21/12/2016
2016029031;1;2;1;1;1;540;04/11/2016
2016029032;2;2;1;2;6;540;23/01/2016
2016029033;5;2;1;1;6;540;09/02/2016
2016029034;1;1;1;1;1;540;29/02/2016
2016029035;1;2;4;1;6;540;09/03/2016
2016029036;1;1;1;1;5;540;12/03/2016
2016029037;1;2;1;1;2;540;19/03/2016
2016029038;1;2;1;1;6;540;29/04/2016
2016029039;1;1;1;1;6;540;27/09/2016
2016029040;1;2;1;1;6;540;08/10/2016
2016029041;1;2;1;1;3;540;14/10/2016
2016029042;5;2;1;1;2;540;26/10/2016
2016029043;5;2;1;2;6;540;10/11/2016
2016029044;1;2;1;2;4;540;16/11/2016
2016029045;5;2;1;2;6;540;14/01/2016
2016029046;2;2;1;3;6;540;30/01/2016
2016029047;1;2;3;1;3;540;18/02/2016
2016029048;3;1;1;1;1;540;22/04/2016
2016029049;1;1;1;1;3;540;23/06/2016
2016029050;1;2;1;1;3;540;07/07/2016
2016029051;1;2;1;1;3;540;29/07/2016
2016029052;1;2;2;1;3;540;08/08/2016
2016029053;1;2;1;1;3;540;23/09/2016
2016029054;1;2;1;1;1;540;28/09/2016
2016029055;3;1;1;1;6;540;30/10/2016
2016029056;1;1;1;1;1;540;06/01/2016
2016029057;1;2;1;1;7;540;28/11/2016
2016029058;1;1;1;8;7;540;09/02/2016
2016029059;2;2;1;1;7;540;28/11/2016
2016029060;1;2;3;1;7;540;15/05/2016
2016029061;1;2;6;8;7;540;23/05/2016
2016029062;1;1;1;1;2;540;25/05/2016
2016029063;3;1;1;8;7;540;18/06/2016
2016029064;1;1;1;1;3;540;06/08/2016
2016029065;1;1;3;1;7;540;24/08/2016
2016029066;1;2;1;1;2;540;27/08/2016
2016029067;1;1;1;1;1;540;01/09/2016
2016029068;3;1;1;5;6;540;23/10/2016
2016029069;1;1;1;1;1;540;31/10/2016
2016029070;2;2;3;1;6;550;17/11/2016
2016029071;5;2;3;1;3;550;29/10/2016
2016029072;2;2;1;8;6;550;01/02/2016
2016029073;1;1;3;2;3;550;12/01/2016
2016029074;1;1;1;1;3;550;10/06/2016
2016029075;1;2;3;1;3;550;22/06/2016
2016029076;1;1;1;1;1;550;08/07/2016
2016029077;1;2;1;1;6;550;08/09/2016
2016029078;1;2;3;1;6;550;30/11/2016
2016029079;2;1;1;1;1;550;17/12/2016
2016029080;1;2;1;1;6;550;11/01/2016
2016029081;1;2;1;1;6;550;23/01/2016
2016029082;5;2;1;2;6;550;11/02/2016
2016029083;1;2;1;7;6;550;25/02/2016
2016029084;5;2;3;1;3;550;27/02/2016
2016029085;1;2;1;3;6;550;04/03/2016
2016029086;3;1;1;1;6;550;20/03/2016
2016029087;1;2;1;1;3;550;12/04/2016
2016029088;1;2;5;1;3;550;20/04/2016
2016029089;1;2;3;1;3;550;27/04/2016
2016029090;1;1;1;1;7;550;20/05/2016
2016029091;3;1;1;1;7;550;22/05/2016
2016029092;1;2;6;1;6;550;26/06/2016
2016029093;1;2;1;1;6;550;15/07/2016
2016029094;1;2;1;1;3;550;17/07/2016
2016029095;1;1;6;1;3;550;22/07/2016
2016029096;1;2;3;1;6;550;01/09/2016
2016029097;1;1;1;1;6;550;12/10/2016
2016029098;5;2;1;1;6;550;19/10/2016
2016029099;5;2;1;1;6;550;28/11/2016
2016029100;5;2;1;1;6;550;08/12/2016
2016029101;5;2;1;1;6;560;01/01/2016
2016029102;1;2;1;1;6;560;01/01/2016
2016029103;1;2;3;1;3;560;02/01/2016
2016029104;1;1;1;3;5;560;03/01/2016
2016029105;5;2;3;2;6;560;04/01/2016
2016029106;1;1;1;1;6;560;04/01/2016
2016029107;1;2;1;1;6;560;06/01/2016
2016029108;1;2;3;1;6;560;07/01/2016
2016029109;5;2;1;2;7;560;11/01/2016
2016029110;1;2;1;1;3;560;11/01/2016
2016029111;3;1;1;3;4;560;11/01/2016
2016029112;5;2;3;1;3;560;13/01/2016
2016029113;1;2;9;3;6;560;14/01/2016
2016029114;1;2;1;1;4;560;15/01/2016
2016029115;5;2;1;5;3;560;15/01/2016
2016029116;5;2;1;2;7;560;17/01/2016
2016029117;1;2;1;1;2;560;24/01/2016
2016029118;5;2;2;1;3;560;25/01/2016
2016029119;1;2;3;1;3;560;25/01/2016
2016029120;1;2;1;3;6;560;27/01/2016
2016029121;1;2;2;1;3;560;28/01/2016
2016029122;1;2;2;1;3;560;29/01/2016
2016029123;5;2;1;1;6;560;29/01/2016
2016029124;1;2;1;1;7;560;31/01/2016
2016029125;1;1;1;1;3;560;31/01/2016
2016029126;5;2;3;2;3;560;01/02/2016
2016029127;1;2;1;1;6;560;02/02/2016
2016029128;1;2;1;1;4;560;02/02/2016
2016029129;5;2;1;1;2;560;05/02/2016
2016029130;5;2;1;1;3;560;05/02/2016
2016029131;1;2;1;1;6;560;07/02/2016
2016029132;1;2;1;1;2;560;08/02/2016
2016029133;2;2;3;2;6;560;11/02/2016
2016029134;1;2;1;1;4;560;12/02/2016
2016029135;1;2;1;1;6;560;15/02/2016
2016029136;1;1;1;1;7;560;15/02/2016
2016029137;1;2;1;1;6;560;17/02/2016
2016029138;1;2;1;1;2;560;21/02/2016
2016029139;3;1;1;1;1;560;22/02/2016
2016029140;1;2;1;2;6;560;22/02/2016
2016029141;5;2;1;1;6;560;24/02/2016
2016029142;1;2;1;1;2;560;27/02/2016
2016029143;5;2;1;1;7;560;28/02/2016
2016029144;1;1;1;1;7;560;29/02/2016
2016029145;1;1;6;1;3;560;01/03/2016
2016029146;1;2;1;2;6;560;03/03/2016
2016029147;1;2;6;2;2;560;03/03/2016
2016029148;1;2;1;1;3;560;06/03/2016
2016029149;1;1;1;1;3;560;10/03/2016
2016029150;1;1;1;1;1;560;11/03/2016
2016029151;1;2;1;1;3;560;12/03/2016
2016029152;1;1;1;1;2;560;13/03/2016
2016029153;1;2;1;1;3;560;18/03/2016
2016029154;1;2;6;1;3;560;21/03/2016
2016029155;1;2;6;1;3;560;21/03/2016
2016029156;1;2;1;1;7;560;21/03/2016
2016029157;1;1;1;1;2;560;25/03/2016
2016029158;1;2;1;6;6;560;27/03/2016
2016029159;1;2;1;1;4;560;31/03/2016
2016029160;1;2;1;1;7;560;31/03/2016
2016029161;1;2;1;1;7;560;31/03/2016
2016029162;5;2;1;1;6;560;02/04/2016
2016029163;1;2;1;1;3;560;05/04/2016
2016029164;1;2;1;1;3;560;05/04/2016
2016029165;1;2;1;1;3;560;05/04/2016
2016029166;1;2;1;1;7;560;05/04/2016
2016029167;5;2;2;1;3;560;06/04/2016
2016029168;1;2;1;1;6;560;06/04/2016
2016029169;2;2;1;1;3;560;07/04/2016
2016029170;1;2;1;1;2;560;08/04/2016
2016029171;5;2;1;1;6;560;10/04/2016
2016029172;1;2;1;1;6;560;10/04/2016
2016029173;4;1;1;1;6;560;08/04/2016
2016029174;1;2;1;1;2;560;13/04/2016
2016029175;1;2;1;1;6;560;14/04/2016
2016029176;1;2;1;1;2;560;14/04/2016
2016029177;1;2;1;1;3;560;15/04/2016
2016029178;2;2;1;1;7;560;17/04/2016
2016029179;1;2;1;1;7;560;11/04/2016
2016029180;1;2;1;1;3;560;20/04/2016
2016029181;1;1;1;1;7;560;20/04/2016
2016029182;1;1;1;1;4;560;21/04/2016
2016029183;1;2;1;1;3;560;23/04/2016
2016029184;1;2;1;1;6;560;24/04/2016
2016029185;1;2;2;1;3;560;25/04/2016
2016029186;1;2;1;1;2;560;26/04/2016
2016029187;1;2;1;2;2;560;29/04/2016
2016029188;1;2;1;2;3;560;29/04/2016
2016029189;1;2;1;1;1;560;30/04/2016
2016029190;2;2;1;1;2;560;30/04/2016
2016029191;1;2;1;1;6;560;03/05/2016
2016029192;1;2;1;1;2;560;03/05/2016
2016029193;1;1;1;1;6;560;06/05/2016
2016029194;1;2;2;1;3;560;06/05/2016
2016029195;1;2;1;1;7;560;07/05/2016
2016029196;1;2;1;1;2;560;10/05/2016
2016029197;1;2;1;1;6;560;13/05/2016
2016029198;5;1;1;1;7;560;17/05/2016
2016029199;1;2;3;1;3;560;17/05/2016
2016029200;1;1;1;1;3;560;17/05/2016
2016029201;1;2;1;2;2;560;20/05/2016
2016029202;1;2;1;1;7;560;20/05/2016
2016029203;1;2;1;1;2;560;26/05/2016
2016029204;1;2;1;1;2;560;27/05/2016
2016029205;1;2;2;1;3;560;30/05/2016
2016029206;1;1;1;1;1;560;31/05/2016
2016029207;1;2;3;1;2;560;31/05/2016
2016029208;1;2;1;1;2;560;03/06/2016
2016029209;1;2;2;1;3;560;04/06/2016
2016029210;1;1;1;1;3;560;06/06/2016
2016029211;1;1;1;1;2;560;06/06/2016
2016029212;1;2;1;1;7;560;06/06/2016
2016029213;1;2;1;1;6;560;07/06/2016
2016029214;1;2;1;1;6;560;09/06/2016
2016029215;1;2;2;1;3;560;09/06/2016
2016029216;1;1;1;3;4;560;10/06/2016
2016029217;5;2;2;1;6;560;10/06/2016
2016029218;1;2;1;1;1;560;11/06/2016
2016029219;1;2;3;3;3;560;13/06/2016
2016029220;1;2;1;2;2;560;14/06/2016
2016029221;1;2;1;1;6;560;14/06/2016
2016029222;1;2;1;1;4;560;14/06/2016
2016029223;1;2;2;1;3;560;17/06/2016
2016029224;1;2;2;1;3;560;18/06/2016
2016029225;1;2;1;1;3;560;20/06/2016
2016029226;1;2;6;2;3;560;21/06/2016
2016029227;5;2;1;1;6;560;21/06/2016
2016029228;1;2;1;1;6;560;22/06/2016
2016029229;1;2;6;3;2;560;23/06/2016
2016029230;1;2;1;3;6;560;23/06/2016
2016029231;1;2;1;1;3;560;24/06/2016
2016029232;1;2;1;1;6;560;24/06/2016
2016029233;1;2;2;1;3;560;25/06/2016
2016029234;1;1;1;1;4;560;27/06/2016
2016029235;1;2;1;1;6;560;02/07/2016
2016029236;5;2;1;1;7;560;02/07/2016
2016029237;1;1;1;1;1;560;03/07/2016
2016029238;5;2;1;1;6;560;07/07/2016
2016029239;1;2;1;1;2;560;08/07/2016
2016029240;1;2;1;1;6;560;08/07/2016
2016029241;1;2;1;1;3;560;09/07/2016
2016029242;1;2;1;1;7;560;09/07/2016
2016029243;1;2;1;1;6;560;10/07/2016
2016029244;1;2;1;1;6;560;13/07/2016
2016029245;1;2;3;7;6;560;15/07/2016
2016029246;1;2;2;1;6;560;16/07/2016
2016029247;1;1;2;1;5;560;19/07/2016
2016029248;1;2;6;1;6;560;20/07/2016
2016029249;1;2;1;1;4;560;22/07/2016
2016029250;1;2;2;1;3;560;23/07/2016
2016029251;1;2;1;1;2;560;25/07/2016
2016029252;1;2;1;1;1;560;26/07/2016
2016029253;1;2;2;1;7;560;26/07/2016
2016029254;1;2;1;1;2;560;26/07/2016
2016029255;1;1;1;1;6;560;28/07/2016
2016029256;1;2;1;1;3;560;29/07/2016
2016029257;1;2;1;8;3;560;30/07/2016
2016029258;1;2;1;1;6;560;31/07/2016
2016029259;1;2;2;1;3;560;01/08/2016
2016029260;1;2;1;1;2;560;01/08/2016
2016029261;1;2;2;1;3;560;02/08/2016
2016029262;1;2;1;1;6;560;03/08/2016
2016029263;1;2;1;1;6;560;03/08/2016
2016029264;5;2;1;1;7;560;05/08/2016
2016029265;1;2;1;1;6;560;05/08/2016
2016029266;5;2;1;1;7;560;05/08/2016
2016029267;1;2;1;1;1;560;08/08/2016
2016029268;1;1;1;1;2;560;09/08/2016
2016029269;1;2;1;1;6;560;10/08/2016
2016029270;1;2;1;1;3;560;10/08/2016
2016029271;1;1;1;1;7;560;11/08/2016
2016029272;1;2;2;1;3;560;12/08/2016
2016029273;5;2;1;1;6;560;13/08/2016
2016029274;1;1;1;1;7;560;13/08/2016
2016029275;1;2;3;1;3;560;13/08/2016
2016029276;1;2;1;1;7;560;14/08/2016
2016029277;5;2;1;1;3;560;17/08/2016
2016029278;1;1;1;1;2;560;17/08/2016
2016029279;1;2;1;1;3;560;17/08/2016
2016029280;1;2;1;1;7;560;20/08/2016
2016029281;1;2;1;1;7;560;21/08/2016
2016029282;1;2;1;1;3;560;21/08/2016
2016029283;5;2;1;1;6;560;22/08/2016
2016029284;1;2;1;1;3;560;22/08/2016
2016029285;1;2;6;1;3;560;26/08/2016
2016029286;1;2;1;1;7;560;26/08/2016
2016029287;1;1;1;1;6;560;28/08/2016
2016029288;5;2;1;2;6;560;28/08/2016
2016029289;1;2;1;1;6;560;29/08/2016
2016029290;1;2;2;1;3;560;29/08/2016
2016029291;2;2;6;1;3;560;29/08/2016
2016029292;1;2;2;1;3;560;31/08/2016
2016029293;1;2;1;1;3;560;31/08/2016
2016029294;1;2;1;1;6;560;02/09/2016
2016029295;1;2;1;1;7;560;02/09/2016
2016029296;5;2;1;1;7;560;03/09/2016
2016029297;1;2;1;1;6;560;03/09/2016
2016029298;1;2;1;1;6;560;03/09/2016
2016029299;1;2;1;1;1;560;05/09/2016
2016029300;4;1;1;1;7;560;07/09/2016
2016029301;1;2;6;1;3;560;07/09/2016
2016029302;1;1;6;2;1;560;10/09/2016
2016029303;1;2;3;1;3;560;11/09/2016
2016029304;1;2;1;1;3;560;12/09/2016
2016029305;1;2;6;1;3;560;15/09/2016
2016029306;5;2;1;1;2;560;16/09/2016
2016029307;1;2;1;1;3;560;16/09/2016
2016029308;1;2;1;1;2;560;17/09/2016
2016029309;1;1;1;1;4;560;22/09/2016
2016029310;1;2;3;1;3;560;28/09/2016
2016029311;1;2;1;1;7;560;11/09/2016
2016029312;1;2;1;1;7;560;13/09/2016
2016029313;1;2;1;1;7;560;23/09/2016
2016029314;1;1;1;1;7;560;29/09/2016
2016029315;1;2;1;1;7;560;28/09/2016
2016029316;1;2;1;1;7;560;22/09/2016
2016029317;1;2;1;1;7;560;01/10/2016
2016029318;5;2;1;1;6;560;01/10/2016
2016029319;1;2;1;1;6;560;03/10/2016
2016029320;5;2;1;1;7;560;06/10/2016
2016029321;1;2;2;1;4;560;06/10/2016
2016029322;1;2;1;1;6;560;06/10/2016
2016029323;1;2;1;1;1;560;07/10/2016
2016029324;1;2;1;1;3;560;07/10/2016
2016029325;1;2;1;1;2;560;09/10/2016
2016029326;1;2;1;1;7;560;08/10/2016
2016029327;1;2;1;1;2;560;11/10/2016
2016029328;5;2;6;1;6;560;11/10/2016
2016029329;2;2;6;1;6;560;12/10/2016
2016029330;1;1;1;1;6;560;13/10/2016
2016029331;1;2;1;1;6;560;13/10/2016
2016029332;1;2;6;1;2;560;14/10/2016
2016029333;1;2;6;1;2;560;14/10/2016
2016029334;1;2;6;1;2;560;18/10/2016
2016029335;2;2;3;2;3;560;18/10/2016
2016029336;1;2;1;1;6;560;18/10/2016
2016029337;1;2;1;1;3;560;18/10/2016
2016029338;1;2;1;1;6;560;19/10/2016
2016029339;1;1;1;1;4;560;20/10/2016
2016029340;1;2;3;1;2;560;20/10/2016
2016029341;1;2;1;1;6;560;21/10/2016
2016029342;1;2;6;1;3;560;21/10/2016
2016029343;1;2;1;1;6;560;22/10/2016
2016029344;1;2;1;1;7;560;24/10/2016
2016029345;1;2;3;1;3;560;24/10/2016
2016029346;5;2;2;1;3;560;27/10/2016
2016029347;5;2;1;1;7;560;28/10/2016
2016029348;1;2;1;1;6;560;28/10/2016
2016029349;2;1;3;1;3;560;28/10/2016
2016029350;3;1;1;1;6;560;29/10/2016
2016029351;5;1;1;1;1;560;31/10/2016
2016029352;1;1;1;1;2;560;01/11/2016
2016029353;5;2;1;1;6;560;01/11/2016
2016029354;5;2;1;1;7;560;05/11/2016
2016029355;1;2;1;1;7;560;05/11/2016
2016029356;1;2;6;2;3;560;08/11/2016
2016029357;1;2;1;7;6;560;09/11/2016
2016029358;5;1;6;1;6;560;12/11/2016
2016029359;5;2;3;1;6;560;12/11/2016
2016029360;1;2;6;8;6;560;15/11/2016
2016029361;5;2;1;8;4;560;16/11/2016
2016029362;1;1;1;8;1;560;17/11/2016
2016029363;1;2;1;8;4;560;17/11/2016
2016029364;5;1;1;6;7;560;19/11/2016
2016029365;5;2;1;2;6;560;21/11/2016
2016029366;1;2;3;1;6;560;22/11/2016
2016029367;1;2;1;1;2;560;23/11/2016
2016029368;1;2;1;1;6;560;25/11/2016
2016029369;5;2;1;1;6;560;27/11/2016
2016029370;1;2;1;1;2;560;29/11/2016
2016029371;1;2;1;1;7;560;30/11/2016
2016029372;1;2;1;1;6;560;01/12/2016
2016029373;5;2;6;1;7;560;03/12/2016
2016029374;5;2;1;1;6;560;03/12/2016
2016029375;5;2;2;1;3;560;04/12/2016
2016029376;2;2;1;1;7;560;06/12/2016
2016029377;1;2;2;5;3;560;07/12/2016
2016029378;2;2;6;5;3;560;07/12/2016
2016029379;1;2;1;1;3;560;09/12/2016
2016029380;1;2;2;1;1;560;13/12/2016
2016029381;1;2;6;1;3;560;12/12/2016
2016029382;1;2;3;1;1;560;16/12/2016
2016029383;5;2;1;1;6;560;17/12/2016
2016029384;1;2;1;2;2;560;21/12/2016
2016029385;1;1;1;1;6;560;23/12/2016
2016029386;1;2;1;7;6;560;28/12/2016
2016029387;5;2;2;1;3;560;28/12/2016
2016029388;5;2;2;1;7;560;30/12/2016
2016029389;5;2;1;1;7;560;31/12/2016
2016029390;3;1;1;1;5;340;31/01/2016
2016029391;1;1;1;2;5;340;04/04/2016
2016029392;1;2;1;1;1;340;13/08/2016
2016029393;1;1;1;1;6;340;06/10/2016
2016029394;2;2;1;1;3;340;12/10/2016
2016029395;5;2;1;1;6;560;01/01/2016
2016029396;5;2;1;3;3;560;18/01/2016
2016029397;5;2;6;3;2;560;18/01/2016
2016029398;5;2;1;1;6;560;19/01/2016
2016029399;5;2;3;2;7;560;15/01/2016
2016029400;1;1;6;2;6;560;07/02/2016
2016029401;5;2;1;3;3;560;19/02/2016
2016029402;1;2;1;1;2;560;25/02/2016
2016029403;1;2;2;1;3;560;22/03/2016
2016029404;5;2;1;1;6;560;20/03/2016
2016029405;1;1;3;2;4;560;26/03/2016
2016029406;1;2;2;1;3;560;11/04/2016
2016029407;1;2;2;1;6;560;26/04/2016
2016029408;5;2;2;1;1;560;20/02/2016
2016029409;1;2;1;1;3;560;10/05/2016
2016029410;1;2;2;1;3;560;10/05/2016
2016029411;1;2;1;1;6;560;12/05/2016
2016029412;1;2;1;1;3;560;14/05/2016
2016029413;1;2;2;1;3;560;17/05/2016
2016029414;1;2;1;1;6;560;19/05/2016
2016029415;1;2;1;1;2;560;12/05/2016
2016029416;1;2;3;1;3;560;25/05/2016
2016029417;1;2;2;1;1;560;25/05/2016
2016029418;1;2;3;1;4;560;13/06/2016
2016029419;1;2;3;1;3;560;21/06/2016
2016029420;1;2;6;2;4;560;29/06/2016
2016029421;1;2;3;1;2;560;30/06/2016
2016029422;1;2;3;1;6;560;01/07/2016
2016029423;1;1;1;1;6;560;08/07/2016
2016029424;1;1;1;1;7;560;11/07/2016
2016029425;1;2;1;1;6;560;16/07/2016
2016029426;1;2;1;1;6;560;22/07/2016
2016029427;1;2;1;1;3;560;24/07/2016
2016029428;1;2;4;1;3;560;05/08/2016
2016029429;1;2;1;1;3;560;13/08/2016
2016029430;1;2;3;1;6;560;16/08/2016
2016029431;1;2;1;1;6;560;18/08/2016
2016029432;1;2;1;1;3;560;24/08/2016
2016029433;5;2;1;1;3;560;29/08/2016
2016029434;1;2;1;1;6;560;27/08/2016
2016029435;1;2;1;1;3;560;05/09/2016
2016029436;1;2;3;1;3;560;09/09/2016
2016029437;1;2;1;1;4;560;12/09/2016
2016029438;1;2;1;1;3;560;16/09/2016
2016029439;1;2;6;1;4;560;18/09/2016
2016029440;5;2;1;2;3;560;28/09/2016
2016029441;2;2;3;1;3;560;07/10/2016
2016029442;1;2;1;1;2;560;07/10/2016
2016029443;5;2;6;1;6;560;17/10/2016
2016029444;5;2;4;1;3;560;19/10/2016
2016029445;1;2;1;1;6;560;28/10/2016
2016029446;1;2;3;1;3;560;28/10/2016
2016029447;1;2;6;1;2;560;31/10/2016
2016029448;1;2;1;1;3;560;02/11/2016
2016029449;1;2;1;1;3;560;03/11/2016
2016029450;5;2;1;1;3;560;10/11/2016
2016029451;5;2;1;1;6;560;15/11/2016
2016029452;5;2;6;1;3;560;24/11/2016
2016029453;1;2;6;1;2;560;01/12/2016
2016029454;3;2;1;1;1;560;05/12/2016
2016029455;4;2;1;1;3;560;08/12/2016
2016029456;1;2;1;8;3;560;12/12/2016
2016029457;1;2;6;1;3;560;14/12/2016
2016029458;1;2;2;1;6;560;16/12/2016
2016029459;2;2;1;2;3;560;20/12/2016
2016029460;1;1;1;8;6;490;11/03/2016
2016029461;3;1;3;1;6;330;26/06/2016
2016029462;3;1;1;1;1;330;13/08/2016
2016029463;1;1;1;1;6;330;17/11/2016
2016029464;3;1;1;1;6;330;24/03/2016
2016029465;2;1;2;2;3;330;16/06/2016
2016029466;1;1;2;1;5;330;06/07/2016
2016029467;1;2;1;1;3;330;17/08/2016