num_acc;lum;agg;inter;atm;col;dep;date
2016029468;1;2;1;1;6;330;20/09/2016
2016029469;2;2;1;1;6;400;14/10/2016
2016029470;1;2;1;1;2;400;22/10/2016
2016029471;5;2;1;3;4;400;23/11/2016
2016029472;2;2;1;1;3;400;27/12/2016
2016029473;5;2;1;1;6;570;25/10/2016
2016029474;5;2;1;8;6;570;15/01/2016
2016029475;5;2;1;1;6;570;23/01/2016
2016029476;5;2;1;1;6;570;06/02/2016
2016029477;1;1;1;2;1;570;13/02/2016
2016029478;1;2;1;1;7;570;22/03/2016
2016029479;2;2;1;1;1;570;28/04/2016
2016029480;1;2;3;1;6;570;07/06/2016
2016029481;1;2;1;1;1;570;10/06/2016
2016029482;1;1;3;1;5;570;24/06/2016
2016029483;1;2;6;1;6;570;24/06/2016
2016029484;5;2;1;2;2;570;29/06/2016
2016029485;1;2;3;1;3;570;29/07/2016
2016029486;1;2;1;1;2;570;31/07/2016
2016029487;1;2;9;1;6;570;07/09/2016
2016029488;2;2;1;1;3;570;29/11/2016
2016029489;5;2;3;1;3;570;18/01/2016
2016029490;1;2;2;1;6;570;15/01/2016
2016029491;1;1;1;1;6;570;28/02/2016
2016029492;1;2;1;1;1;570;16/04/2016
2016029493;1;1;1;1;1;570;04/05/2016
2016029494;1;1;6;1;6;570;21/07/2016
2016029495;1;2;6;1;3;570;13/09/2016
2016029496;5;2;3;1;1;570;29/11/2016
2016029497;1;2;1;1;6;570;01/12/2016
2016029498;5;2;1;1;6;570;08/12/2016
2016029499;1;2;1;2;6;570;04/01/2016
2016029500;1;2;3;1;6;570;05/01/2016
2016029501;1;1;1;2;6;570;07/01/2016
2016029502;1;2;3;3;6;570;11/01/2016
2016029503;5;2;1;2;6;570;11/01/2016
2016029504;1;2;1;3;6;570;13/01/2016
2016029505;1;2;2;1;3;570;14/01/2016
2016029506;1;1;2;1;3;570;15/01/2016
2016029507;2;2;3;4;3;570;15/01/2016
2016029508;5;1;3;1;6;570;16/01/2016
2016029509;1;2;1;1;6;570;22/01/2016
2016029510;5;2;1;2;6;570;22/01/2016
2016029511;1;2;3;1;3;570;25/01/2016
2016029512;5;2;3;2;3;570;31/01/2016
2016029513;5;1;1;2;6;570;10/02/2016
2016029514;1;2;1;1;3;570;15/02/2016
2016029515;3;1;1;1;6;570;26/02/2016
2016029516;1;2;1;1;3;570;02/03/2016
2016029517;5;1;1;1;2;570;03/03/2016
2016029518;1;2;1;1;1;570;06/03/2016
2016029519;1;2;1;1;6;570;11/03/2016
2016029520;5;2;3;1;3;570;17/03/2016
2016029521;1;1;3;1;6;570;20/03/2016
2016029522;5;1;1;1;6;570;21/03/2016
2016029523;2;2;1;1;6;570;26/03/2016
2016029524;1;2;1;1;1;570;06/04/2016
2016029525;1;2;3;1;3;570;08/04/2016
2016029526;1;2;3;1;3;570;12/04/2016
2016029527;2;2;1;2;6;570;16/04/2016
2016029528;5;2;4;3;3;570;30/04/2016
2016029529;1;2;3;1;6;570;30/04/2016
2016029530;1;1;1;1;6;570;07/05/2016
2016029531;1;2;1;1;2;570;13/05/2016
2016029532;1;2;4;1;3;570;24/05/2016
2016029533;1;2;1;1;6;570;26/05/2016
2016029534;1;2;3;1;1;570;01/06/2016
2016029535;1;1;1;1;6;570;01/06/2016
2016029536;1;2;1;1;3;570;06/06/2016
2016029537;1;2;5;3;3;570;07/06/2016
2016029538;1;2;6;1;3;570;06/06/2016
2016029539;1;2;1;1;3;570;09/06/2016
2016029540;3;1;1;1;1;570;11/06/2016
2016029541;1;2;1;1;6;570;04/04/2016
2016029542;1;2;3;1;3;570;15/06/2016
2016029543;5;2;2;1;3;570;16/06/2016
2016029544;1;1;1;1;6;570;16/06/2016
2016029545;1;2;1;1;6;570;22/06/2016
2016029546;1;2;3;1;3;570;29/06/2016
2016029547;1;2;1;1;6;570;30/06/2016
2016029548;1;2;2;1;3;570;30/06/2016
2016029549;1;2;1;1;3;570;18/07/2016
2016029550;1;1;1;1;1;570;22/07/2016
2016029551;1;2;1;1;3;570;29/07/2016
2016029552;1;1;4;1;3;570;31/07/2016
2016029553;1;2;1;2;6;570;04/08/2016
2016029554;1;2;1;1;6;570;14/08/2016
2016029555;1;2;4;1;2;570;19/08/2016
2016029556;1;2;2;1;3;570;22/08/2016
2016029557;1;2;2;1;6;570;25/08/2016
2016029558;5;2;2;1;3;570;26/08/2016
2016029559;1;2;3;1;2;570;26/08/2016
2016029560;1;2;3;1;6;570;03/09/2016
2016029561;1;1;1;1;6;570;08/09/2016
2016029562;1;1;4;1;3;570;12/09/2016
2016029563;1;2;3;1;6;570;17/09/2016
2016029564;5;2;1;1;2;570;18/09/2016
2016029565;1;1;1;1;6;570;21/09/2016
2016029566;3;2;4;1;6;570;22/09/2016
2016029567;1;2;4;1;6;570;23/09/2016
2016029568;4;2;1;1;6;570;24/09/2016
2016029569;1;2;1;1;6;570;29/09/2016
2016029570;5;2;1;1;3;570;29/09/2016
2016029571;1;2;6;1;3;570;04/10/2016
2016029572;1;2;1;7;6;570;04/10/2016
2016029573;1;2;1;1;1;570;07/10/2016
2016029574;5;2;1;1;1;570;08/10/2016
2016029575;1;2;1;1;6;570;10/10/2016
2016029576;1;2;3;1;3;570;31/10/2016
2016029577;5;2;2;2;3;570;05/11/2016
2016029578;5;2;3;1;2;570;06/11/2016
2016029579;1;1;2;1;1;570;06/11/2016
2016029580;1;2;1;2;6;570;16/11/2016
2016029581;2;2;3;2;1;570;17/11/2016
2016029582;2;2;1;3;6;570;21/11/2016
2016029583;1;2;1;1;6;570;22/11/2016
2016029584;1;1;1;1;2;570;23/11/2016
2016029585;5;2;1;2;6;570;23/11/2016
2016029586;2;2;1;1;3;570;25/11/2016
2016029587;1;2;1;1;6;570;28/11/2016
2016029588;1;1;1;1;6;570;30/11/2016
2016029589;2;2;1;1;2;570;01/12/2016
2016029590;5;2;1;1;6;570;06/12/2016
2016029591;1;2;1;1;6;570;09/12/2016
2016029592;3;1;1;1;2;570;09/12/2016
2016029593;4;2;1;1;6;570;10/12/2016
2016029594;5;2;1;1;6;570;14/12/2016
2016029595;3;2;1;1;5;570;15/12/2016
2016029596;1;2;2;2;3;570;22/12/2016
2016029597;5;2;1;1;6;570;23/12/2016
2016029598;2;2;1;5;6;570;19/01/2016
2016029599;1;2;2;1;3;570;13/03/2016
2016029600;1;2;1;1;6;570;21/03/2016
2016029601;1;2;2;1;3;570;29/03/2016
2016029602;3;1;1;1;3;570;12/04/2016
2016029603;1;2;1;1;6;570;13/04/2016
2016029604;1;2;6;1;3;570;20/04/2016
2016029605;1;2;2;1;3;570;21/04/2016
2016029606;1;2;3;7;6;570;08/05/2016
2016029607;1;2;1;1;6;570;11/05/2016
2016029608;1;1;1;1;7;570;11/05/2016
2016029609;2;2;3;1;7;570;27/06/2016
2016029610;1;2;3;1;6;570;13/08/2016
2016029611;2;2;1;1;7;570;16/09/2016
2016029612;1;2;1;1;1;570;22/09/2016
2016029613;2;2;6;1;1;570;24/09/2016
2016029614;1;2;3;1;2;570;04/10/2016
2016029615;1;1;1;1;2;570;05/10/2016
2016029616;3;1;1;1;7;570;07/10/2016
2016029617;5;2;1;1;2;570;22/10/2016
2016029618;1;2;6;1;3;570;23/10/2016
2016029619;3;2;2;1;3;570;04/11/2016
2016029620;5;2;1;2;4;570;22/11/2016
2016029621;1;2;1;1;6;570;05/12/2016
2016029622;1;2;1;8;6;570;07/12/2016
2016029623;2;2;3;2;3;570;22/12/2016
2016029624;5;2;1;8;7;570;14/12/2016
2016029625;1;2;1;1;5;570;07/01/2016
2016029626;1;1;1;1;6;570;27/01/2016
2016029627;1;2;1;1;6;570;26/02/2016
2016029628;5;2;1;1;3;570;28/02/2016
2016029629;1;2;1;1;1;570;15/03/2016
2016029630;1;1;1;1;2;570;13/08/2016
2016029631;3;1;1;1;6;570;24/10/2016
2016029632;5;2;3;1;6;570;09/01/2016
2016029633;5;2;1;1;1;570;27/12/2016
2016029634;1;1;1;5;6;570;11/01/2016
2016029635;4;2;1;2;6;570;12/01/2016
2016029636;5;2;1;1;6;570;19/01/2016
2016029637;1;2;1;1;6;570;20/01/2016
2016029638;3;2;1;1;6;570;04/02/2016
2016029639;1;2;1;1;6;570;12/02/2016
2016029640;3;2;1;3;6;570;13/02/2016
2016029641;1;2;1;1;3;570;14/02/2016
2016029642;1;2;1;1;6;570;27/02/2016
2016029643;1;2;1;1;3;570;27/02/2016
2016029644;1;2;1;1;3;570;15/03/2016
2016029645;1;2;1;1;2;570;17/03/2016
2016029646;1;1;1;2;6;570;26/03/2016
2016029647;1;2;6;1;3;570;26/03/2016
2016029648;5;2;6;3;3;570;31/03/2016
2016029649;1;2;1;1;6;570;07/04/2016
2016029650;1;1;1;1;1;570;18/04/2016
2016029651;1;2;1;1;6;570;20/04/2016
2016029652;1;2;1;1;3;570;06/05/2016
2016029653;1;2;1;1;2;570;06/05/2016
2016029654;1;2;1;1;1;570;12/05/2016
2016029655;5;2;1;1;6;570;16/05/2016
2016029656;1;2;1;1;2;570;21/05/2016
2016029657;1;1;1;1;1;570;25/05/2016
2016029658;1;2;1;1;2;570;26/05/2016
2016029659;1;1;1;1;6;570;03/06/2016
2016029660;1;2;6;3;3;570;16/06/2016
2016029661;1;2;2;1;6;570;17/06/2016
2016029662;1;2;1;1;2;570;04/07/2016
2016029663;1;2;1;1;6;570;05/07/2016
2016029664;1;2;1;1;5;570;08/07/2016
2016029665;5;2;1;1;3;570;24/07/2016
2016029666;1;2;9;1;6;570;24/08/2016
2016029667;1;2;1;1;6;570;31/08/2016
2016029668;1;2;1;1;6;570;02/09/2016
2016029669;1;2;1;1;6;570;02/09/2016
2016029670;1;2;1;1;6;570;11/09/2016
2016029671;1;1;1;1;6;570;16/09/2016
2016029672;1;2;2;1;1;570;19/09/2016
2016029673;1;2;1;1;3;570;27/09/2016
2016029674;1;1;1;1;6;570;05/10/2016
2016029675;1;2;2;1;6;570;11/10/2016
2016029676;1;2;1;1;6;570;15/10/2016
2016029677;4;2;1;1;6;570;07/11/2016
2016029678;1;2;2;2;3;570;09/11/2016
2016029679;2;2;1;1;6;570;23/11/2016
2016029680;5;2;3;2;6;570;23/11/2016
2016029681;3;2;1;1;6;570;23/11/2016
2016029682;5;2;1;2;5;570;02/12/2016
2016029683;1;2;1;1;1;570;03/12/2016
2016029684;5;2;1;1;6;570;05/12/2016
2016029685;5;2;1;1;6;570;06/12/2016
2016029686;5;2;1;1;6;570;06/12/2016
2016029687;1;1;1;1;6;570;07/12/2016
2016029688;5;2;1;1;3;570;12/12/2016
2016029689;5;2;1;1;5;570;16/12/2016
2016029690;5;2;1;2;6;570;22/12/2016
2016029691;1;1;1;1;6;450;03/07/2016
2016029692;1;1;1;1;6;450;05/08/2016
2016029693;1;2;1;1;3;450;25/08/2016
2016029694;1;1;1;1;7;201;18/04/2016
2016029695;1;2;1;1;6;201;10/06/2016
2016029696;1;1;1;1;7;201;09/08/2016
2016029697;1;2;1;1;6;201;08/11/2016
2016029698;3;1;1;1;6;201;25/12/2016
2016029699;1;1;1;1;3;110;14/07/2016
2016029700;1;1;1;1;2;110;14/07/2016
2016029701;3;1;1;1;6;110;30/07/2016
2016029702;1;1;1;1;2;110;20/09/2016
2016029703;1;1;3;1;3;570;10/06/2016
2016029704;1;2;1;1;2;570;29/10/2016
2016029705;1;2;1;1;7;860;23/01/2016
2016029706;1;1;1;1;6;860;04/09/2016
2016029707;5;2;1;2;6;580;02/01/2016
2016029708;5;2;1;1;6;580;19/12/2016
2016029709;1;2;1;2;6;580;08/01/2016
2016029710;2;2;1;2;7;580;12/01/2016
2016029711;1;2;1;1;6;580;12/01/2016
2016029712;1;2;1;1;7;580;16/01/2016
2016029713;1;2;1;1;7;580;27/01/2016
2016029714;2;2;1;1;7;580;27/01/2016
2016029715;1;2;1;1;1;580;27/01/2016
2016029716;5;2;1;1;7;580;10/02/2016
2016029717;1;2;1;1;7;580;19/02/2016
2016029718;1;2;1;1;6;580;11/02/2016
2016029719;1;2;1;2;6;580;24/02/2016
2016029720;1;2;1;3;2;580;04/03/2016
2016029721;1;2;1;1;7;580;10/03/2016
2016029722;1;2;1;1;3;580;17/03/2016
2016029723;1;2;1;1;4;580;11/03/2016
2016029724;1;2;7;1;6;580;17/03/2016
2016029725;1;2;2;1;3;580;19/03/2016
2016029726;1;2;1;1;6;580;23/03/2016
2016029727;1;2;2;1;3;580;31/03/2016
2016029728;1;2;1;1;1;580;10/04/2016
2016029729;1;2;1;1;3;580;13/04/2016
2016029730;1;2;1;1;2;580;06/04/2016
2016029731;1;2;1;1;6;580;15/04/2016
2016029732;1;2;3;1;1;580;18/04/2016
2016029733;1;2;6;1;2;580;22/04/2016
2016029734;5;2;1;2;6;580;30/04/2016
2016029735;1;2;3;1;2;580;10/05/2016
2016029736;1;2;1;1;3;580;14/05/2016
2016029737;5;2;1;2;3;580;21/05/2016
2016029738;1;2;6;1;2;580;17/05/2016
2016029739;1;2;1;1;7;580;29/05/2016
2016029740;5;2;1;2;7;580;29/05/2016
2016029741;1;2;1;1;7;580;31/05/2016
2016029742;1;2;1;1;7;580;07/06/2016
2016029743;1;2;1;1;2;580;08/06/2016
2016029744;1;2;1;1;2;580;10/06/2016
2016029745;1;2;1;1;2;580;12/06/2016
2016029746;1;2;1;2;3;580;14/06/2016
2016029747;5;1;1;2;3;580;12/06/2016
2016029748;1;2;1;1;6;580;21/06/2016
2016029749;1;2;3;1;6;580;01/07/2016
2016029750;1;2;3;1;2;580;09/07/2016
2016029751;1;2;1;1;7;580;18/07/2016
2016029752;1;2;1;1;7;580;19/07/2016
2016029753;1;2;1;1;7;580;20/07/2016
2016029754;5;2;1;1;7;580;10/07/2016
2016029755;1;2;1;1;2;580;05/07/2016
2016029756;1;2;1;1;7;580;28/07/2016
2016029757;1;2;3;1;1;580;27/07/2016
2016029758;1;2;1;1;3;580;28/07/2016
2016029759;5;2;1;1;2;580;07/07/2016
2016029760;1;2;1;1;6;580;02/08/2016
2016029761;4;2;1;1;7;580;06/07/2016
2016029762;5;2;1;1;2;580;14/08/2016
2016029763;1;2;1;1;7;580;29/08/2016
2016029764;5;2;1;1;3;580;29/08/2016
2016029765;1;2;1;1;7;580;31/08/2016
2016029766;1;2;1;1;2;580;01/09/2016
2016029767;1;2;1;1;1;580;02/09/2016
2016029768;1;2;1;2;7;580;05/09/2016
2016029769;1;2;6;1;3;580;08/09/2016
2016029770;5;2;2;2;1;580;14/09/2016
2016029771;1;2;1;1;3;580;15/09/2016
2016029772;1;2;1;2;7;580;18/09/2016
2016029773;1;2;1;1;2;580;26/09/2016
2016029774;1;2;1;1;7;580;27/09/2016
2016029775;1;2;3;1;4;580;27/09/2016
2016029776;1;2;3;1;6;580;07/10/2016
2016029777;5;2;1;1;6;580;09/10/2016
2016029778;2;2;1;1;6;580;14/10/2016
2016029779;1;2;2;1;3;580;28/10/2016
2016029780;5;2;2;1;6;580;01/11/2016
2016029781;1;2;1;1;6;580;27/10/2016
2016029782;2;2;1;2;4;580;07/11/2016
2016029783;5;2;2;3;6;580;07/11/2016
2016029784;1;2;3;1;3;580;05/11/2016
2016029785;1;2;1;3;7;580;09/11/2016
2016029786;5;2;1;2;6;580;12/11/2016
2016029787;1;2;1;1;3;580;23/11/2016
2016029788;2;2;6;1;3;580;29/11/2016
2016029789;1;2;1;1;6;580;30/11/2016
2016029790;5;2;9;1;6;580;07/12/2016
2016029791;5;2;1;1;1;580;08/12/2016
2016029792;2;2;1;1;6;580;10/12/2016
2016029793;5;2;1;1;2;580;09/12/2016
2016029794;5;2;1;1;7;580;14/12/2016
2016029795;1;2;3;1;3;580;15/12/2016
2016029796;1;2;3;1;3;580;17/12/2016
2016029797;5;2;3;9;2;580;22/12/2016
2016029798;1;2;1;1;6;580;25/12/2016
2016029799;2;2;1;1;7;580;24/12/2016
2016029800;5;2;1;2;7;580;26/12/2016
2016029801;5;2;1;8;7;580;27/12/2016
2016029802;1;2;1;1;3;690;01/04/2016
2016029803;1;2;1;7;3;690;20/04/2016
2016029804;1;1;1;3;1;690;07/06/2016
2016029805;1;2;1;1;5;690;11/06/2016
2016029806;1;1;1;7;5;690;01/09/2016
2016029807;1;1;1;2;3;690;16/09/2016
2016029808;1;2;1;1;6;690;12/10/2016
2016029809;1;2;1;1;6;690;20/12/2016
2016029810;4;2;1;2;6;950;02/01/2016
2016029811;5;1;1;5;3;950;31/01/2016
2016029812;1;2;1;1;3;950;14/06/2016
2016029813;1;2;1;1;6;950;06/09/2016
2016029814;1;2;8;1;6;950;27/10/2016
2016029815;3;1;6;1;6;950;28/11/2016
2016029816;2;1;1;2;3;950;09/12/2016
2016029817;3;1;1;2;6;950;31/01/2016
2016029818;3;1;1;8;6;950;12/02/2016
2016029819;2;1;1;2;5;950;30/03/2016
2016029820;1;1;6;1;2;950;08/04/2016
2016029821;5;2;7;1;6;950;07/07/2016
2016029822;1;2;7;1;6;950;26/08/2016
2016029823;1;1;1;1;1;950;14/10/2016
2016029824;5;2;1;2;3;950;14/10/2016
2016029825;5;1;1;1;1;590;06/01/2016
2016029826;5;2;3;1;6;590;07/01/2016
2016029827;5;1;1;8;1;590;02/01/2016
2016029828;5;2;9;1;3;590;12/01/2016
2016029829;3;2;1;1;7;590;22/01/2016
2016029830;5;2;1;9;2;590;20/01/2016
2016029831;3;1;3;1;3;590;30/01/2016
2016029832;1;2;3;1;6;590;03/02/2016
2016029833;1;2;1;1;6;590;05/02/2016
2016029834;1;2;3;1;3;590;13/02/2016
2016029835;1;1;1;1;6;590;27/02/2016
2016029836;5;2;1;2;6;590;23/12/2016
2016029837;3;1;1;1;7;590;11/03/2016
2016029838;1;2;2;1;5;590;16/03/2016
2016029839;5;2;1;1;3;590;18/03/2016
2016029840;1;2;3;1;6;590;20/04/2016
2016029841;1;2;1;1;6;590;28/04/2016
2016029842;1;2;3;1;3;590;12/04/2016
2016029843;1;1;1;1;1;590;03/05/2016
2016029844;1;2;1;1;6;590;05/05/2016
2016029845;2;2;1;1;6;590;15/04/2016
2016029846;1;2;1;3;2;590;16/06/2016
2016029847;1;1;4;1;3;590;29/06/2016
2016029848;1;2;1;1;6;590;19/07/2016
2016029849;1;1;1;1;1;590;26/07/2016
2016029850;1;2;3;1;3;590;05/08/2016
2016029851;1;2;3;1;6;590;18/08/2016
2016029852;1;2;1;1;3;590;20/08/2016
2016029853;1;1;1;1;3;590;20/07/2016
2016029854;1;2;1;7;6;590;13/09/2016
2016029855;1;1;2;7;3;590;09/09/2016
2016029856;5;2;1;1;6;590;09/10/2016
2016029857;1;1;1;1;3;590;09/10/2016
2016029858;5;2;1;1;6;590;13/10/2016
2016029859;1;2;1;1;6;590;08/10/2016
2016029860;1;2;3;1;3;590;11/10/2016
2016029861;1;2;1;1;6;590;26/09/2016
2016029862;5;2;2;1;3;590;28/10/2016
2016029863;3;1;1;1;6;590;03/12/2016
2016029864;1;2;1;1;6;590;07/12/2016
2016029865;1;1;3;1;3;590;05/12/2016
2016029866;5;1;1;1;6;590;11/12/2016
2016029867;1;2;3;1;3;590;08/12/2016
2016029868;5;2;1;2;6;590;22/01/2016
2016029869;5;2;6;1;6;590;03/07/2016
2016029870;1;2;3;1;6;590;24/07/2016
2016029871;1;2;6;1;6;590;17/02/2016
2016029872;1;1;1;1;1;590;28/02/2016
2016029873;3;1;1;1;7;590;15/02/2016
2016029874;5;2;1;3;1;590;03/03/2016
2016029875;1;2;1;1;3;590;05/04/2016
2016029876;1;2;3;1;6;590;10/05/2016
2016029877;1;2;1;1;3;590;30/06/2016
2016029878;1;1;1;1;1;590;10/09/2016
2016029879;1;2;1;7;6;590;03/10/2016
2016029880;1;2;1;1;6;590;19/12/2016
2016029881;2;2;9;1;1;590;04/01/2016
2016029882;5;2;3;2;3;590;24/02/2016
2016029883;1;2;1;1;1;590;04/05/2016
2016029884;1;2;1;1;6;590;16/06/2016
2016029885;5;2;1;1;6;590;03/07/2016
2016029886;1;2;1;1;6;590;03/10/2016
2016029887;5;2;9;2;6;590;17/10/2016
2016029888;1;2;1;1;1;590;16/10/2016
2016029889;5;2;9;1;2;590;27/11/2016
2016029890;1;2;1;1;6;590;22/11/2016
2016029891;1;2;3;1;2;590;05/12/2016
2016029892;1;2;1;1;6;590;01/01/2016
2016029893;1;2;1;1;1;590;05/12/2016
2016029894;5;2;1;1;6;590;01/01/2016
2016029895;3;2;1;1;6;590;11/12/2016
2016029896;3;2;1;1;6;590;17/01/2016
2016029897;2;2;1;2;6;590;04/02/2016
2016029898;1;2;1;1;6;590;03/03/2016
2016029899;1;2;3;1;3;590;20/02/2016
2016029900;5;2;1;1;6;590;27/02/2016
2016029901;1;2;1;1;2;590;08/04/2016
2016029902;1;2;1;1;6;590;02/04/2016
2016029903;1;2;9;1;6;590;16/04/2016
2016029904;1;2;9;1;6;590;27/05/2016
2016029905;1;2;1;1;6;590;18/07/2016
2016029906;1;1;1;1;1;590;19/06/2016
2016029907;1;2;2;1;3;590;11/07/2016
2016029908;5;2;1;1;6;590;24/07/2016
2016029909;1;2;1;1;2;590;27/07/2016
2016029910;1;1;1;1;6;590;30/07/2016
2016029911;1;2;1;1;2;590;28/08/2016
2016029912;1;2;1;7;6;590;12/09/2016
2016029913;1;2;9;1;3;590;28/10/2016
2016029914;1;2;1;1;1;590;14/10/2016
2016029915;1;2;1;1;1;590;05/10/2016
2016029916;3;1;1;8;6;590;22/12/2016
2016029917;3;2;3;1;3;590;12/12/2016
2016029918;5;2;1;1;1;590;07/12/2016
2016029919;5;2;3;8;3;590;06/01/2016
2016029920;1;2;1;1;6;590;13/01/2016
2016029921;1;2;1;1;6;590;03/02/2016
2016029922;2;1;1;1;3;590;29/01/2016
2016029923;1;1;1;9;6;590;16/02/2016
2016029924;3;1;1;1;1;590;11/03/2016
2016029925;3;1;1;1;1;590;22/03/2016
2016029926;1;2;1;1;6;590;26/02/2016
2016029927;5;2;2;1;3;590;24/02/2016
2016029928;1;2;1;9;6;590;24/02/2016
2016029929;1;2;9;2;6;590;09/03/2016
2016029930;5;2;2;1;3;590;15/03/2016
2016029931;2;1;1;1;3;590;14/03/2016
2016029932;2;1;1;8;3;590;03/03/2016
2016029933;1;1;3;1;5;590;30/03/2016
2016029934;3;1;1;2;2;590;27/03/2016
2016029935;1;2;9;1;6;590;29/03/2016
2016029936;1;1;6;1;6;590;06/04/2016
2016029937;1;2;4;1;6;590;05/05/2016
2016029938;1;2;1;1;6;590;15/04/2016
2016029939;1;2;3;1;6;590;19/04/2016
2016029940;1;1;1;2;5;590;29/04/2016
2016029941;1;2;3;1;6;590;03/06/2016
2016029942;1;2;2;1;2;590;16/05/2016
2016029943;1;2;3;1;3;590;07/06/2016
2016029944;1;2;1;1;2;590;09/06/2016
2016029945;1;2;3;1;3;590;06/06/2016
2016029946;1;2;1;1;7;590;14/07/2016
2016029947;1;2;6;1;3;590;03/07/2016
2016029948;1;2;1;3;6;590;30/05/2016
2016029949;1;2;1;1;2;590;09/07/2016
2016029950;5;2;1;1;6;590;25/06/2016
2016029951;5;2;1;8;3;590;01/07/2016
2016029952;1;2;2;1;3;590;22/07/2016
2016029953;1;2;3;1;3;590;15/08/2016
2016029954;5;2;1;1;7;590;27/08/2016
2016029955;1;2;3;1;3;590;16/08/2016
2016029956;5;2;2;1;3;590;01/09/2016
2016029957;1;1;1;1;5;590;09/08/2016
2016029958;1;2;3;1;6;590;02/09/2016
2016029959;1;2;1;7;6;590;12/09/2016
2016029960;1;2;1;1;3;590;23/09/2016
2016029961;1;2;3;1;5;590;12/09/2016
2016029962;1;2;1;1;6;590;01/10/2016
2016029963;1;2;2;1;3;590;19/09/2016
2016029964;5;2;1;1;3;590;01/10/2016
2016029965;1;2;1;1;6;590;03/10/2016
2016029966;1;2;3;1;3;590;14/10/2016
2016029967;5;2;3;1;5;590;18/10/2016
2016029968;5;2;1;2;6;590;05/11/2016
2016029969;3;1;1;1;6;590;22/10/2016
2016029970;1;2;7;1;6;590;01/11/2016
2016029971;1;2;1;1;6;590;22/10/2016
2016029972;1;2;2;1;3;590;29/10/2016
2016029973;5;1;1;1;6;590;19/11/2016
2016029974;3;1;1;1;2;590;12/11/2016
2016029975;5;2;3;2;6;590;02/12/2016
2016029976;1;2;2;1;3;590;10/01/2016
2016029977;1;1;1;1;7;590;24/12/2016
2016029978;1;2;1;1;6;590;12/01/2016
2016029979;1;2;1;1;6;590;21/01/2016
2016029980;1;2;1;1;6;590;31/01/2016
2016029981;1;2;1;2;6;590;04/02/2016
2016029982;3;2;6;1;3;590;06/02/2016
2016029983;1;2;1;1;4;590;09/02/2016
2016029984;2;2;1;1;6;590;04/02/2016
2016029985;1;2;1;1;6;590;16/02/2016
2016029986;1;2;2;1;1;590;20/02/2016
2016029987;3;2;1;1;3;590;13/02/2016
2016029988;1;2;1;1;6;590;24/02/2016
2016029989;1;2;1;1;6;590;12/03/2016
2016029990;4;2;6;2;6;590;18/03/2016
2016029991;1;1;1;1;6;590;26/03/2016
2016029992;1;2;2;1;3;590;12/04/2016
2016029993;1;2;2;1;1;590;17/04/2016
2016029994;5;2;3;3;3;590;23/04/2016
2016029995;3;2;2;1;1;590;16/04/2016
2016029996;1;2;1;1;1;590;22/04/2016
2016029997;2;2;2;1;3;590;30/04/2016
2016029998;1;1;1;1;2;590;04/05/2016
2016029999;1;2;1;1;6;590;03/05/2016
2016030000;4;2;4;1;6;590;07/05/2016
2016030001;1;2;1;1;6;590;17/05/2016
2016030002;1;1;1;1;6;590;26/05/2016
2016030003;3;2;2;1;3;590;24/05/2016
2016030004;1;1;1;1;1;590;02/06/2016
2016030005;1;2;1;1;5;590;09/06/2016
2016030006;1;2;1;1;1;590;11/06/2016
2016030007;1;2;1;2;3;590;14/06/2016
2016030008;1;2;1;1;6;590;16/06/2016
2016030009;5;2;1;1;2;590;23/06/2016
2016030010;1;2;1;1;6;590;24/06/2016
2016030011;1;1;1;1;4;590;28/06/2016
2016030012;5;2;3;1;3;590;04/07/2016
2016030013;1;2;1;1;6;590;04/07/2016
2016030014;5;2;2;1;6;590;10/07/2016
2016030015;1;2;1;1;1;590;15/07/2016
2016030016;1;2;1;1;3;590;23/07/2016
2016030017;1;2;1;1;3;590;30/07/2016
2016030018;1;2;9;1;6;590;02/08/2016
2016030019;5;2;1;1;2;590;14/08/2016
2016030020;1;1;1;1;6;590;08/08/2016
2016030021;1;1;3;1;3;590;26/08/2016
2016030022;1;2;3;1;3;590;28/08/2016
2016030023;1;1;2;1;6;590;30/08/2016
2016030024;1;2;1;1;6;590;02/09/2016
2016030025;3;1;1;1;7;590;08/09/2016
2016030026;5;2;3;1;7;590;12/09/2016
2016030027;1;2;1;1;6;590;23/09/2016
2016030028;1;2;1;1;6;590;23/09/2016
2016030029;3;2;1;1;7;590;02/10/2016
2016030030;3;2;1;1;6;590;09/10/2016
2016030031;2;2;2;1;4;590;04/10/2016
2016030032;1;1;1;1;7;590;16/10/2016
2016030033;1;2;1;1;1;590;14/10/2016
2016030034;5;2;1;1;3;590;07/10/2016
2016030035;1;2;1;1;6;590;21/10/2016
2016030036;3;2;2;1;3;590;24/10/2016
2016030037;5;2;1;1;3;590;31/10/2016
2016030038;5;2;2;1;1;590;13/11/2016
2016030039;1;2;1;1;1;590;25/11/2016
2016030040;1;2;2;1;3;590;29/11/2016
2016030041;2;2;6;9;6;590;29/11/2016
2016030042;1;2;1;1;6;590;09/12/2016
2016030043;5;2;1;1;3;590;16/12/2016