num_acc;lum;agg;inter;atm;col;dep;date
2016030620;1;2;1;1;1;590;07/10/2016
2016030621;3;1;1;1;5;590;05/11/2016
2016030622;5;2;1;2;6;590;09/11/2016
2016030623;5;2;1;1;3;590;08/12/2016
2016030624;2;2;1;1;6;590;07/12/2016
2016030625;1;2;2;1;3;590;25/12/2016
2016030626;3;1;1;9;6;590;28/12/2016
2016030627;1;2;1;1;6;680;21/02/2016
2016030628;1;2;1;1;6;680;29/06/2016
2016030629;3;1;1;2;6;680;16/09/2016
2016030630;1;1;1;1;7;680;02/10/2016
2016030631;1;2;1;1;6;680;04/10/2016
2016030632;1;1;1;1;6;680;18/10/2016
2016030633;5;2;1;1;1;680;22/10/2016
2016030634;5;2;1;1;6;680;09/11/2016
2016030635;5;2;1;1;6;680;01/12/2016
2016030636;1;2;6;7;6;680;09/12/2016
2016030637;5;2;3;1;3;680;10/12/2016
2016030638;5;2;6;1;2;680;16/09/2016
2016030639;1;2;9;1;2;680;20/09/2016
2016030640;1;2;3;1;7;680;22/09/2016
2016030641;1;2;1;1;7;680;24/09/2016
2016030642;1;2;3;2;7;680;01/10/2016
2016030643;5;2;1;1;7;680;08/10/2016
2016030644;1;2;4;1;1;680;16/10/2016
2016030645;1;1;4;1;1;680;20/10/2016
2016030646;1;2;1;8;7;680;14/11/2016
2016030647;3;1;6;1;2;680;29/11/2016
2016030648;5;2;1;4;6;680;07/12/2016
2016030649;1;2;1;5;7;680;15/12/2016
2016030650;1;1;3;1;3;430;03/06/2016
2016030651;1;2;7;1;1;430;11/07/2016
2016030652;1;1;1;1;1;430;18/08/2016
2016030653;2;2;3;1;3;430;06/12/2016
2016030654;1;1;1;7;6;430;05/05/2016
2016030655;1;2;6;1;3;410;21/01/2016
2016030656;3;1;1;2;6;410;02/03/2016
2016030657;2;1;1;2;6;410;02/03/2016
2016030658;1;2;1;1;6;410;26/02/2016
2016030659;1;1;6;1;2;410;07/05/2016
2016030660;1;1;3;1;3;410;23/06/2016
2016030661;1;1;6;1;7;410;01/07/2016
2016030662;3;1;1;5;7;410;29/07/2016
2016030663;4;2;1;1;6;410;16/11/2016
2016030664;3;2;1;1;6;410;25/01/2016
2016030665;1;1;1;1;3;410;10/02/2016
2016030666;1;1;1;4;3;410;18/02/2016
2016030667;3;1;1;1;2;410;19/02/2016
2016030668;1;1;1;1;3;410;08/08/2016
2016030669;3;1;1;1;2;410;28/08/2016
2016030670;1;1;1;1;1;410;02/09/2016
2016030671;4;1;1;1;1;410;02/09/2016
2016030672;3;1;3;1;3;410;01/12/2016
2016030673;1;1;1;1;2;410;12/12/2016
2016030674;5;2;1;1;1;410;16/12/2016
2016030675;1;2;2;2;1;600;10/10/2016
2016030676;1;2;1;1;6;600;10/10/2016
2016030677;1;2;1;1;6;600;23/04/2016
2016030678;2;2;1;1;6;600;16/01/2016
2016030679;1;2;1;1;6;600;03/02/2016
2016030680;1;2;1;1;6;600;05/02/2016
2016030681;1;2;1;1;6;600;21/05/2016
2016030682;5;2;3;1;3;600;03/04/2016
2016030683;1;2;1;1;6;600;19/04/2016
2016030684;1;1;1;1;2;600;26/07/2016
2016030685;1;2;9;1;6;600;06/07/2016
2016030686;5;1;1;1;6;600;01/07/2016
2016030687;1;1;3;1;3;220;28/05/2016
2016030688;1;2;6;1;3;220;28/05/2016
2016030689;3;1;1;2;6;220;11/06/2016
2016030690;1;1;1;1;3;220;14/07/2016
2016030691;1;1;6;7;2;220;17/08/2016
2016030692;3;1;1;1;1;220;13/10/2016
2016030693;1;2;1;3;1;220;04/11/2016
2016030694;3;1;1;6;6;220;20/11/2016
2016030695;3;1;1;1;6;220;27/11/2016
2016030696;1;1;1;2;7;220;31/01/2016
2016030697;1;1;6;1;3;220;08/04/2016
2016030698;1;1;2;1;4;220;14/05/2016
2016030699;1;1;1;1;2;220;18/05/2016
2016030700;1;1;1;1;1;220;05/06/2016
2016030701;1;1;3;1;3;220;07/08/2016
2016030702;1;2;1;1;3;220;22/08/2016
2016030703;3;1;1;1;6;220;08/09/2016
2016030704;2;1;1;8;1;220;19/10/2016
2016030705;5;2;3;8;7;220;10/12/2016
2016030706;3;1;1;9;7;600;15/01/2016
2016030707;3;2;1;3;3;600;03/01/2016
2016030708;3;2;1;8;7;600;01/02/2016
2016030709;1;2;1;8;6;600;03/02/2016
2016030710;4;2;1;1;6;600;27/02/2016
2016030711;5;2;1;1;6;600;11/03/2016
2016030712;1;2;3;1;6;600;24/03/2016
2016030713;1;1;1;1;1;600;27/03/2016
2016030714;3;2;2;1;3;600;09/04/2016
2016030715;1;2;3;1;6;600;15/04/2016
2016030716;1;2;2;1;5;600;18/04/2016
2016030717;1;2;1;1;6;600;14/05/2016
2016030718;1;2;1;1;6;600;20/05/2016
2016030719;1;2;3;1;3;600;24/05/2016
2016030720;1;2;3;1;6;600;06/06/2016
2016030721;1;2;3;1;3;600;24/07/2016
2016030722;1;2;3;1;6;600;26/07/2016
2016030723;3;2;6;1;3;600;27/07/2016
2016030724;1;2;1;1;6;600;30/07/2016
2016030725;3;1;6;1;6;600;31/07/2016
2016030726;1;1;1;1;1;600;05/08/2016
2016030727;1;2;1;1;6;600;13/08/2016
2016030728;1;2;1;1;3;600;07/09/2016
2016030729;1;1;1;1;2;600;01/10/2016
2016030730;3;1;1;1;6;600;02/10/2016
2016030731;1;1;1;1;3;600;02/10/2016
2016030732;1;1;3;1;3;600;17/10/2016
2016030733;1;1;1;1;6;600;11/10/2016
2016030734;1;2;3;1;3;600;18/10/2016
2016030735;3;2;3;1;1;600;14/10/2016
2016030736;1;2;1;1;1;600;27/11/2016
2016030737;5;2;3;1;3;600;11/11/2016
2016030738;1;2;6;1;6;600;14/12/2016
2016030739;5;1;9;9;6;600;27/12/2016
2016030740;4;2;2;1;6;600;14/02/2016
2016030741;1;1;1;1;3;600;04/03/2016
2016030742;1;2;3;1;5;600;04/03/2016
2016030743;1;2;1;1;6;600;22/02/2016
2016030744;5;2;1;1;6;600;07/03/2016
2016030745;3;1;1;1;5;600;17/03/2016
2016030746;1;1;1;1;7;600;20/03/2016
2016030747;1;1;2;1;1;600;11/03/2016
2016030748;3;1;1;2;3;600;04/04/2016
2016030749;5;1;1;1;7;600;14/02/2016
2016030750;1;2;1;1;3;600;01/05/2016
2016030751;2;2;1;1;3;600;27/05/2016
2016030752;1;2;1;1;3;600;06/06/2016
2016030753;1;1;1;1;1;600;10/06/2016
2016030754;5;2;6;1;6;600;08/07/2016
2016030755;1;1;1;1;4;600;18/07/2016
2016030756;1;2;1;1;6;600;26/07/2016
2016030757;5;2;2;1;3;600;30/07/2016
2016030758;1;2;1;1;6;600;15/08/2016
2016030759;3;2;1;1;6;600;09/09/2016
2016030760;1;2;9;1;3;600;13/09/2016
2016030761;1;2;7;1;6;600;19/09/2016
2016030762;1;2;1;1;6;600;23/09/2016
2016030763;1;2;1;1;2;600;29/09/2016
2016030764;1;2;1;2;6;600;13/10/2016
2016030765;1;2;2;1;3;600;19/10/2016
2016030766;1;1;1;1;1;600;03/11/2016
2016030767;1;2;3;1;6;600;08/11/2016
2016030768;3;2;3;3;3;600;20/11/2016
2016030769;1;2;9;9;1;600;07/12/2016
2016030770;1;1;1;3;2;840;11/05/2016
2016030771;3;1;1;1;2;840;12/05/2016
2016030772;1;1;1;2;1;840;13/06/2016
2016030773;3;1;1;1;7;840;07/08/2016
2016030774;1;1;1;1;7;840;28/08/2016
2016030775;1;1;1;1;6;840;27/09/2016
2016030776;1;1;1;1;3;710;26/07/2016
2016030777;2;1;1;1;6;710;25/08/2016
2016030778;1;1;1;8;1;710;02/11/2016
2016030779;3;1;1;5;7;710;01/12/2016
2016030780;3;1;1;1;7;910;17/01/2016
2016030781;3;1;1;5;1;910;17/12/2016
2016030782;1;1;1;1;2;740;09/07/2016
2016030783;1;1;1;3;3;740;14/07/2016
2016030784;1;1;1;7;4;740;07/12/2016
2016030785;1;1;1;1;7;740;22/12/2016
2016030786;5;2;2;1;3;610;15/01/2016
2016030787;5;2;2;9;6;610;16/01/2016
2016030788;5;2;2;1;6;610;16/01/2016
2016030789;1;2;2;1;3;610;16/01/2016
2016030790;5;2;1;1;6;610;20/01/2016
2016030791;2;2;6;2;2;610;20/01/2016
2016030792;3;1;3;1;2;610;27/01/2016
2016030793;1;2;7;1;6;610;01/02/2016
2016030794;1;2;1;1;6;610;02/02/2016
2016030795;5;2;6;2;3;610;04/03/2016
2016030796;1;2;1;1;3;610;08/03/2016
2016030797;1;2;1;1;4;610;10/03/2016
2016030798;1;2;3;1;3;610;12/03/2016
2016030799;1;2;1;1;4;610;15/03/2016
2016030800;5;2;1;1;3;610;29/03/2016
2016030801;1;2;1;1;6;610;29/04/2016
2016030802;1;2;2;1;1;610;04/05/2016
2016030803;3;1;1;8;6;610;12/05/2016
2016030804;1;2;4;1;2;610;24/05/2016
2016030805;1;2;3;1;6;610;28/05/2016
2016030806;1;2;2;1;6;610;14/06/2016
2016030807;1;2;6;1;3;610;25/06/2016
2016030808;1;2;3;1;3;610;02/07/2016
2016030809;1;2;1;1;3;610;24/06/2016
2016030810;1;2;1;1;6;610;08/07/2016
2016030811;1;2;6;1;3;610;15/07/2016
2016030812;1;2;1;1;3;610;28/07/2016
2016030813;1;2;3;8;6;610;03/08/2016
2016030814;1;1;1;1;1;610;09/08/2016
2016030815;1;2;2;7;6;610;12/08/2016
2016030816;1;2;6;1;3;610;15/08/2016
2016030817;1;2;6;1;3;610;11/09/2016
2016030818;5;2;3;1;6;610;21/10/2016
2016030819;5;2;1;2;2;610;17/11/2016
2016030820;5;2;2;1;3;610;03/12/2016
2016030821;1;1;1;1;6;610;07/12/2016
2016030822;1;2;1;7;6;610;29/12/2016
2016030823;1;2;3;8;6;610;31/12/2016
2016030824;1;2;3;1;4;610;28/01/2016
2016030825;1;1;1;1;6;610;04/03/2016
2016030826;1;2;6;2;3;610;31/05/2016
2016030827;1;2;1;1;6;610;22/06/2016
2016030828;1;2;3;7;3;610;07/07/2016
2016030829;1;2;1;1;1;610;10/09/2016
2016030830;1;2;2;1;3;610;05/10/2016
2016030831;1;2;3;1;3;610;17/10/2016
2016030832;1;2;6;1;3;610;27/09/2016
2016030833;5;2;3;1;6;610;16/11/2016
2016030834;1;1;2;1;3;610;26/07/2016
2016030835;1;2;2;7;3;610;29/11/2016
2016030836;1;2;7;1;6;610;30/11/2016
2016030837;1;2;3;1;6;610;01/12/2016
2016030838;5;2;6;1;6;610;14/12/2016
2016030839;1;2;1;1;1;610;07/01/2016
2016030840;1;2;2;1;3;610;23/03/2016
2016030841;1;1;1;3;1;610;11/05/2016
2016030842;1;2;2;3;3;610;10/05/2016
2016030843;5;2;1;1;7;610;27/08/2016
2016030844;1;2;6;1;3;610;02/09/2016
2016030845;2;2;2;2;3;610;12/11/2016
2016030846;3;2;1;1;6;610;20/02/2016
2016030847;1;1;1;6;1;160;09/02/2016
2016030848;1;1;1;1;6;160;02/05/2016
2016030849;1;1;3;2;3;160;18/02/2016
2016030850;5;2;1;1;6;160;05/06/2016
2016030851;1;1;1;1;7;160;22/06/2016
2016030852;1;1;1;1;7;160;08/10/2016
2016030853;1;1;2;1;3;160;15/12/2016
2016030854;1;1;1;4;1;20;08/04/2016
2016030855;1;1;1;1;2;20;01/05/2016
2016030856;1;1;1;1;5;20;31/08/2016
2016030857;2;2;3;2;3;170;17/06/2016
2016030858;1;1;6;1;3;170;25/08/2016
2016030859;1;1;1;1;4;170;15/10/2016
2016030860;3;1;1;1;1;170;04/12/2016
2016030861;1;2;1;1;1;600;23/07/2016
2016030862;1;1;1;1;6;600;07/10/2016
2016030863;4;2;2;8;6;620;07/01/2016
2016030864;5;2;1;4;7;620;30/12/2016
2016030865;5;2;1;9;3;620;19/01/2016
2016030866;3;1;1;1;6;620;17/01/2016
2016030867;5;2;3;1;3;620;16/01/2016
2016030868;2;1;1;2;6;620;27/01/2016
2016030869;1;2;1;2;6;620;13/02/2016
2016030870;1;2;3;1;3;620;19/02/2016
2016030871;3;1;1;1;6;620;28/02/2016
2016030872;5;2;1;1;6;620;28/02/2016
2016030873;5;2;1;1;6;620;05/02/2016
2016030874;5;2;1;1;6;620;11/03/2016
2016030875;1;2;1;1;2;620;08/03/2016
2016030876;1;2;1;3;3;620;16/04/2016
2016030877;1;2;1;1;7;620;12/04/2016
2016030878;1;2;1;1;6;620;12/04/2016
2016030879;1;1;1;1;6;620;22/04/2016
2016030880;1;1;1;1;6;620;07/05/2016
2016030881;1;2;2;1;3;620;14/05/2016
2016030882;1;2;9;1;6;620;14/05/2016
2016030883;1;2;5;1;6;620;24/05/2016
2016030884;1;2;1;1;3;620;16/05/2016
2016030885;1;2;1;1;3;620;13/05/2016
2016030886;1;1;1;1;7;620;03/04/2016
2016030887;1;2;6;1;6;620;11/06/2016
2016030888;2;2;2;1;6;620;25/06/2016
2016030889;1;2;1;1;6;620;19/06/2016
2016030890;1;2;1;1;6;620;06/06/2016
2016030891;1;2;1;2;6;620;28/06/2016
2016030892;1;2;1;1;6;620;21/07/2016
2016030893;1;2;1;1;3;620;09/06/2016
2016030894;1;2;2;1;3;620;12/08/2016
2016030895;1;2;1;7;6;620;22/08/2016
2016030896;1;1;6;1;7;620;01/09/2016
2016030897;1;2;3;1;6;620;10/06/2016
2016030898;2;2;2;1;1;620;24/09/2016
2016030899;1;2;1;1;6;620;05/10/2016
2016030900;1;2;1;1;7;620;07/10/2016
2016030901;3;1;1;2;6;620;20/10/2016
2016030902;1;2;1;1;6;620;06/10/2016
2016030903;1;2;1;1;6;620;12/10/2016
2016030904;1;1;1;8;6;620;13/11/2016
2016030905;1;2;6;1;3;620;23/11/2016
2016030906;1;2;1;1;6;620;01/12/2016
2016030907;1;2;2;1;3;620;08/09/2016
2016030908;1;2;1;5;2;620;29/12/2016
2016030909;3;1;1;2;6;620;04/02/2016
2016030910;1;1;1;1;3;620;17/03/2016
2016030911;1;2;1;1;6;620;31/03/2016
2016030912;1;2;1;1;3;620;08/04/2016
2016030913;5;2;3;1;3;620;20/05/2016
2016030914;1;2;2;2;3;620;22/05/2016
2016030915;1;1;1;1;1;620;05/07/2016
2016030916;1;2;2;1;3;620;06/07/2016
2016030917;1;2;1;1;6;620;31/07/2016
2016030918;1;2;1;1;6;620;20/10/2016
2016030919;5;2;1;2;3;620;18/11/2016
2016030920;2;2;1;1;3;620;25/11/2016
2016030921;5;2;1;2;6;620;21/12/2016
2016030922;5;2;1;1;7;620;15/01/2016
2016030923;1;2;1;8;6;620;07/02/2016
2016030924;1;2;1;9;6;620;28/12/2016
2016030925;5;2;1;4;6;620;02/03/2016
2016030926;1;2;1;1;6;620;22/03/2016
2016030927;3;1;1;1;6;620;22/07/2016
2016030928;1;1;1;1;6;620;27/07/2016
2016030929;1;2;2;1;3;620;19/08/2016
2016030930;1;2;6;1;3;620;25/08/2016
2016030931;1;1;1;2;4;620;06/09/2016
2016030932;1;2;3;8;3;620;17/11/2016
2016030933;5;2;1;2;6;620;06/01/2016
2016030934;5;2;3;1;6;620;06/01/2016
2016030935;1;2;3;1;2;620;10/01/2016
2016030936;5;2;1;2;6;620;13/02/2016
2016030937;5;2;1;1;6;620;11/01/2016
2016030938;5;2;1;2;6;620;30/01/2016
2016030939;1;2;1;1;3;620;18/01/2016
2016030940;3;1;1;8;1;620;02/03/2016
2016030941;3;2;1;1;6;620;01/02/2016
2016030942;1;2;6;8;3;620;09/02/2016
2016030943;1;2;1;3;6;620;20/02/2016
2016030944;1;2;6;1;6;620;28/02/2016
2016030945;1;2;1;1;6;620;28/02/2016
2016030946;1;2;1;1;1;620;10/04/2016
2016030947;1;2;6;1;3;620;13/04/2016
2016030948;1;2;1;1;3;620;02/05/2016
2016030949;1;2;1;1;6;620;24/05/2016
2016030950;1;1;1;1;4;620;05/05/2016
2016030951;5;2;1;1;7;620;16/05/2016
2016030952;1;1;1;1;3;620;20/06/2016
2016030953;1;2;1;1;1;620;14/06/2016
2016030954;1;2;1;1;3;620;18/06/2016
2016030955;5;2;3;1;3;620;26/06/2016
2016030956;1;2;1;1;6;620;17/08/2016
2016030957;1;2;1;1;6;620;12/09/2016
2016030958;1;2;6;1;3;620;22/09/2016
2016030959;1;1;1;1;3;620;17/08/2016
2016030960;5;2;1;1;6;620;24/09/2016
2016030961;1;2;9;1;6;620;30/09/2016
2016030962;3;1;1;1;7;620;15/10/2016
2016030963;5;2;1;1;1;620;14/09/2016
2016030964;1;2;1;1;3;620;15/10/2016
2016030965;5;2;5;1;3;620;08/10/2016
2016030966;1;2;1;7;7;620;05/10/2016
2016030967;1;1;2;1;3;620;04/10/2016
2016030968;1;2;1;1;1;620;05/11/2016
2016030969;3;2;1;1;6;620;18/11/2016
2016030970;2;2;3;1;6;620;10/11/2016
2016030971;5;2;1;1;7;620;17/11/2016
2016030972;1;2;3;1;3;620;21/11/2016
2016030973;1;2;1;3;6;620;27/01/2016
2016030974;1;1;1;1;7;620;10/02/2016
2016030975;3;2;1;1;3;620;25/02/2016
2016030976;5;2;3;1;1;620;28/02/2016
2016030977;5;2;1;1;3;620;27/03/2016
2016030978;5;2;1;1;7;620;01/04/2016
2016030979;1;2;1;1;6;620;18/04/2016
2016030980;2;1;4;1;7;620;05/06/2016
2016030981;1;1;1;2;1;620;31/05/2016
2016030982;1;2;3;1;3;620;07/07/2016
2016030983;1;2;2;2;6;620;21/06/2016
2016030984;5;2;1;1;1;620;16/07/2016
2016030985;5;2;4;1;3;620;06/09/2016
2016030986;1;1;3;1;3;620;07/09/2016
2016030987;1;1;8;1;6;620;24/09/2016
2016030988;2;2;2;1;6;620;07/10/2016
2016030989;5;2;1;2;6;620;12/11/2016
2016030990;5;2;1;1;7;620;20/11/2016
2016030991;1;2;1;7;3;620;15/12/2016
2016030992;2;2;1;1;6;620;17/12/2016
2016030993;5;2;1;1;6;620;22/12/2016
2016030994;1;2;1;1;6;620;22/12/2016
2016030995;1;2;1;1;6;620;30/03/2016
2016030996;3;1;1;9;3;620;16/04/2016
2016030997;5;2;1;1;6;620;30/04/2016
2016030998;1;2;1;8;6;620;18/05/2016
2016030999;1;1;1;2;1;620;18/05/2016
2016031000;1;2;1;1;1;620;06/06/2016
2016031001;1;2;2;1;6;620;24/06/2016
2016031002;1;1;1;1;5;620;10/07/2016
2016031003;1;2;1;1;5;620;12/07/2016
2016031004;5;2;1;1;6;620;22/07/2016
2016031005;1;2;1;1;6;620;31/07/2016
2016031006;1;2;1;2;3;620;20/08/2016
2016031007;1;2;2;1;3;620;29/08/2016
2016031008;1;2;1;1;6;620;07/09/2016
2016031009;5;2;1;1;3;620;26/09/2016
2016031010;3;1;1;1;1;620;02/10/2016
2016031011;1;1;9;1;5;620;04/08/2016
2016031012;1;1;3;1;3;620;15/10/2016
2016031013;1;1;1;1;7;620;02/11/2016
2016031014;2;2;1;1;3;620;03/11/2016
2016031015;3;2;1;1;6;620;14/12/2016
2016031016;2;2;1;1;6;620;27/12/2016
2016031017;1;2;7;1;6;620;06/01/2016
2016031018;5;2;1;1;6;620;07/01/2016
2016031019;1;2;6;1;3;620;03/02/2016
2016031020;5;2;1;2;3;620;23/01/2016
2016031021;2;2;1;3;6;620;09/02/2016
2016031022;1;1;1;2;4;620;19/03/2016
2016031023;2;2;1;1;3;620;31/03/2016
2016031024;5;2;3;1;3;620;18/02/2016
2016031025;5;2;1;1;6;620;02/02/2016
2016031026;3;1;1;1;6;620;09/05/2016
2016031027;5;2;9;1;6;620;05/03/2016
2016031028;5;2;1;1;6;620;08/04/2016
2016031029;4;2;2;1;6;620;10/06/2016
2016031030;1;2;2;1;3;620;22/06/2016
2016031031;1;2;2;1;3;620;01/05/2016
2016031032;1;2;2;1;1;620;10/05/2016
2016031033;1;2;1;1;6;620;21/06/2016
2016031034;3;1;1;1;6;620;27/07/2016
2016031035;1;1;1;1;7;620;24/07/2016
2016031036;3;1;1;1;6;620;12/07/2016
2016031037;1;1;9;1;3;620;30/06/2016
2016031038;1;1;1;1;1;620;24/06/2016
2016031039;1;2;6;1;6;620;19/09/2016
2016031040;1;1;1;1;2;620;06/08/2016
2016031041;1;2;1;1;6;620;27/09/2016
2016031042;3;1;1;1;6;620;16/08/2016
2016031043;3;1;1;1;6;620;16/08/2016
2016031044;3;1;1;1;6;620;16/09/2016
2016031045;1;2;6;7;6;620;28/11/2016
2016031046;1;2;1;3;6;620;04/11/2016
2016031047;1;2;1;1;6;620;10/12/2016
2016031048;1;2;1;1;6;620;04/01/2016
2016031049;5;2;1;1;1;620;08/11/2016
2016031050;1;1;1;1;6;620;10/12/2016
2016031051;5;2;1;1;6;620;04/11/2016
2016031052;5;2;3;1;3;620;05/01/2016
2016031053;1;2;1;1;6;620;03/12/2016
2016031054;2;2;1;1;2;620;14/12/2016
2016031055;1;2;2;8;3;620;17/12/2016
2016031056;2;2;1;1;6;620;12/01/2016
2016031057;1;2;1;1;6;620;28/11/2016
2016031058;5;1;2;1;3;620;25/11/2016
2016031059;5;1;6;1;6;620;17/12/2016
2016031060;2;2;3;1;3;620;05/01/2016
2016031061;1;2;1;1;2;620;13/12/2016
2016031062;5;2;3;1;3;620;13/01/2016
2016031063;1;2;9;1;6;620;13/01/2016
2016031064;2;2;3;1;3;620;10/02/2016
2016031065;1;2;4;1;6;620;17/02/2016
2016031066;5;2;1;1;6;620;10/12/2016
2016031067;2;1;1;2;3;620;08/02/2016
2016031068;1;2;1;7;6;620;29/11/2016
2016031069;1;2;1;1;7;620;20/01/2016
2016031070;3;2;1;1;6;620;11/11/2016
2016031071;1;2;1;2;6;620;01/03/2016
2016031072;1;2;6;1;6;620;22/11/2016
2016031073;1;2;1;1;3;620;10/12/2016
2016031074;1;2;1;1;3;620;08/01/2016
2016031075;1;2;1;1;1;620;21/01/2016
2016031076;5;2;3;1;6;620;06/12/2016
2016031077;3;1;1;1;7;620;03/03/2016
2016031078;1;2;1;1;6;620;28/01/2016
2016031079;5;1;9;1;6;620;11/02/2016
2016031080;1;2;1;1;6;620;02/02/2016
2016031081;5;2;1;1;1;620;31/01/2016
2016031082;1;2;1;1;6;620;27/01/2016
2016031083;1;2;1;1;3;620;12/01/2016
2016031084;1;2;1;1;6;620;20/01/2016
2016031085;2;2;1;1;6;620;10/02/2016
2016031086;1;2;3;1;2;620;10/03/2016
2016031087;1;2;3;1;6;620;05/03/2016
2016031088;5;2;2;1;3;620;17/02/2016
2016031089;1;2;1;2;6;620;14/02/2016
2016031090;3;1;1;1;3;620;08/02/2016
2016031091;5;2;1;1;2;620;11/02/2016
2016031092;1;2;6;1;6;620;24/02/2016
2016031093;5;2;1;1;6;620;15/02/2016
2016031094;1;2;1;1;3;620;14/03/2016
2016031095;1;2;3;1;3;620;10/03/2016
2016031096;1;2;1;1;6;620;07/04/2016
2016031097;1;1;1;1;1;620;22/03/2016
2016031098;1;2;2;2;3;620;09/04/2016
2016031099;1;2;1;1;6;620;16/03/2016
2016031100;1;2;3;1;3;620;01/04/2016
2016031101;5;1;1;1;7;620;16/01/2016
2016031102;1;2;1;1;7;620;17/01/2016
2016031103;1;2;1;1;2;620;24/03/2016
2016031104;1;1;2;1;3;620;09/03/2016
2016031105;1;2;1;1;3;620;24/02/2016
2016031106;1;1;9;1;3;620;12/03/2016
2016031107;1;2;1;1;3;620;01/05/2016
2016031108;1;2;2;1;1;620;01/05/2016
2016031109;1;2;1;1;3;620;02/02/2016
2016031110;1;2;1;1;6;620;17/02/2016
2016031111;1;2;1;8;6;620;19/02/2016
2016031112;5;2;1;2;3;620;02/03/2016
2016031113;1;2;1;1;3;620;19/03/2016
2016031114;1;2;3;1;3;620;03/04/2016
2016031115;1;2;3;2;3;620;22/02/2016
2016031116;1;2;3;1;3;620;09/04/2016
2016031117;1;2;1;1;3;620;26/02/2016
2016031118;5;2;1;1;6;620;05/05/2016
2016031119;1;2;1;1;3;620;19/03/2016
2016031120;1;2;3;1;3;620;21/05/2016
2016031121;5;2;1;1;6;620;16/05/2016
2016031122;1;2;3;1;3;620;01/05/2016
2016031123;3;1;1;1;3;620;25/03/2016
2016031124;1;2;2;1;3;620;10/05/2016
2016031125;1;2;1;1;3;620;12/05/2016
2016031126;1;1;1;1;3;620;28/05/2016
2016031127;1;2;1;1;3;620;15/04/2016
2016031128;1;2;1;1;6;620;19/03/2016
2016031129;1;2;1;1;5;620;25/04/2016
2016031130;1;1;3;1;3;620;16/04/2016
2016031131;1;2;1;1;2;620;07/05/2016
2016031132;1;2;1;1;6;620;08/05/2016
2016031133;1;1;1;1;1;620;13/05/2016
2016031134;1;2;1;1;1;620;11/06/2016
2016031135;1;2;6;1;6;620;16/05/2016
2016031136;1;2;1;1;3;620;22/06/2016
2016031137;1;1;1;1;1;620;01/07/2016
2016031138;1;2;2;1;3;620;27/06/2016
2016031139;1;2;3;1;3;620;24/05/2016
2016031140;1;2;1;2;1;620;17/06/2016
2016031141;1;2;1;1;6;620;24/06/2016
2016031142;1;2;1;1;6;620;27/06/2016
2016031143;1;2;2;2;3;620;30/06/2016
2016031144;5;2;2;1;6;620;25/07/2016
2016031145;1;2;1;1;6;620;26/06/2016
2016031146;1;1;1;1;3;620;03/07/2016
2016031147;1;2;1;1;6;620;23/07/2016
2016031148;1;1;3;1;3;620;02/07/2016
2016031149;1;2;1;1;3;620;04/07/2016
2016031150;1;2;9;1;3;620;22/07/2016
2016031151;1;2;1;1;6;620;31/07/2016
2016031152;1;2;1;1;7;620;12/07/2016
2016031153;1;2;1;1;6;620;11/08/2016
2016031154;5;2;2;1;3;620;23/07/2016
2016031155;1;2;2;1;3;620;29/07/2016
2016031156;1;1;1;1;1;620;16/07/2016
2016031157;1;2;1;1;2;620;16/08/2016
2016031158;2;2;1;1;2;620;05/08/2016
2016031159;1;2;3;1;1;620;25/07/2016
2016031160;1;2;1;1;1;620;19/06/2016
2016031161;1;1;1;1;3;620;01/08/2016
2016031162;1;2;1;1;6;620;10/08/2016
2016031163;5;2;1;1;1;620;21/08/2016
2016031164;1;2;1;1;6;620;18/08/2016
2016031165;1;2;1;1;1;620;29/08/2016
2016031166;1;2;1;1;3;620;27/08/2016
2016031167;1;2;1;1;3;620;23/09/2016
2016031168;1;2;2;1;3;620;27/08/2016
2016031169;1;2;1;1;6;620;26/08/2016
2016031170;1;2;2;1;3;620;29/08/2016
2016031171;1;2;1;1;6;620;16/08/2016
2016031172;1;2;4;1;3;620;26/08/2016
2016031173;1;2;2;8;1;620;01/10/2016
2016031174;1;2;1;1;3;620;13/09/2016
2016031175;1;2;1;1;6;620;01/09/2016
2016031176;1;2;3;1;3;620;21/08/2016
2016031177;1;2;1;1;6;620;12/10/2016
2016031178;1;1;1;1;2;620;14/09/2016
2016031179;1;2;1;1;2;620;20/09/2016
2016031180;2;2;2;1;2;620;07/10/2016
2016031181;1;2;9;1;6;620;03/09/2016
2016031182;1;2;2;1;5;620;13/10/2016
2016031183;1;2;9;1;6;620;04/09/2016
2016031184;2;2;2;1;3;620;11/09/2016
2016031185;1;2;3;1;3;620;29/09/2016
2016031186;1;2;3;2;3;620;12/10/2016
2016031187;1;2;1;1;6;620;11/10/2016
2016031188;1;2;1;2;3;620;12/10/2016
2016031189;1;2;6;1;3;620;05/11/2016
2016031190;1;2;1;1;6;620;04/10/2016
2016031191;5;2;9;1;3;620;08/11/2016
2016031192;1;2;2;2;3;620;12/10/2016
2016031193;1;2;6;1;2;620;30/10/2016
2016031194;1;1;1;5;6;620;21/10/2016
2016031195;5;2;2;1;1;620;01/11/2016