num_acc;lum;agg;inter;atm;col;dep;date
2016034079;1;2;1;1;6;770;10/06/2016
2016034080;5;2;1;1;6;770;25/06/2016
2016034081;1;2;1;1;3;770;26/06/2016
2016034082;1;1;1;1;2;770;27/07/2016
2016034083;1;1;9;1;3;770;28/09/2016
2016034084;3;1;1;5;1;770;22/10/2016
2016034085;1;1;3;5;2;770;22/10/2016
2016034086;1;2;3;1;2;770;24/10/2016
2016034087;3;1;1;5;1;770;12/11/2016
2016034088;3;1;1;1;6;770;13/12/2016
2016034089;5;2;1;1;6;770;31/12/2016
2016034090;1;1;6;1;3;770;24/01/2016
2016034091;1;1;1;1;2;770;27/01/2016
2016034092;1;1;1;2;3;770;30/01/2016
2016034093;3;1;2;1;3;770;07/02/2016
2016034094;1;1;3;2;3;770;09/02/2016
2016034095;1;1;6;1;3;770;12/02/2016
2016034096;5;2;7;2;6;770;22/02/2016
2016034097;1;1;1;1;2;770;07/03/2016
2016034098;3;1;1;1;6;770;13/03/2016
2016034099;1;1;6;1;3;770;03/04/2016
2016034100;1;1;3;1;3;770;12/04/2016
2016034101;1;1;1;1;6;770;27/04/2016
2016034102;1;2;1;1;6;770;29/04/2016
2016034103;3;1;6;1;6;770;08/05/2016
2016034104;1;2;1;1;3;770;09/05/2016
2016034105;1;1;1;1;6;770;10/05/2016
2016034106;1;1;1;1;3;770;18/05/2016
2016034107;1;1;2;1;3;770;19/05/2016
2016034108;1;2;1;1;6;770;08/06/2016
2016034109;1;1;1;8;3;770;11/06/2016
2016034110;1;1;1;8;3;770;18/06/2016
2016034111;1;1;1;1;1;770;25/06/2016
2016034112;1;1;2;1;4;770;26/06/2016
2016034113;1;2;1;1;6;770;27/06/2016
2016034114;1;1;1;1;2;770;28/07/2016
2016034115;1;1;1;1;6;770;30/07/2016
2016034116;1;2;3;1;6;770;22/08/2016
2016034117;2;1;1;1;6;770;04/09/2016
2016034118;3;1;4;8;6;770;04/09/2016
2016034119;1;1;2;1;3;770;14/09/2016
2016034120;1;1;1;1;6;770;15/09/2016
2016034121;1;1;1;1;1;770;19/09/2016
2016034122;1;2;1;1;6;770;10/10/2016
2016034123;3;1;6;3;6;770;18/10/2016
2016034124;3;1;6;1;2;770;04/11/2016
2016034125;5;1;4;1;1;770;06/11/2016
2016034126;5;1;1;1;6;770;28/09/2016
2016034127;1;1;4;3;5;770;09/11/2016
2016034128;3;1;1;5;7;770;18/12/2016
2016034129;1;1;1;2;6;770;11/01/2016
2016034130;5;2;1;1;6;770;21/01/2016
2016034131;1;2;1;2;6;770;02/02/2016
2016034132;1;2;1;1;6;770;03/02/2016
2016034133;2;2;1;2;6;770;09/02/2016
2016034134;1;2;1;1;6;770;16/02/2016
2016034135;1;1;1;1;6;770;23/02/2016
2016034136;1;1;2;1;5;770;26/02/2016
2016034137;1;1;3;1;4;770;04/03/2016
2016034138;1;2;1;1;1;770;26/03/2016
2016034139;1;2;1;1;1;770;27/03/2016
2016034140;1;2;4;1;6;770;14/04/2016
2016034141;2;1;1;1;6;770;08/05/2016
2016034142;1;1;3;1;2;770;17/05/2016
2016034143;1;2;3;1;2;770;21/05/2016
2016034144;1;2;1;1;1;770;21/05/2016
2016034145;1;2;1;1;4;770;06/06/2016
2016034146;1;2;2;1;6;770;09/06/2016
2016034147;1;2;4;1;6;770;10/06/2016
2016034148;1;2;6;1;2;770;13/06/2016
2016034149;1;1;6;1;3;770;23/06/2016
2016034150;1;2;1;1;4;770;08/07/2016
2016034151;1;2;1;1;3;770;09/07/2016
2016034152;1;1;1;1;5;770;18/07/2016
2016034153;1;2;3;1;6;770;23/07/2016
2016034154;1;2;1;1;3;770;05/08/2016
2016034155;1;2;9;1;6;770;08/08/2016
2016034156;1;2;3;1;3;770;13/08/2016
2016034157;5;2;1;1;6;770;03/09/2016
2016034158;1;1;1;1;1;770;06/09/2016
2016034159;1;2;1;7;6;770;03/10/2016
2016034160;1;1;1;1;6;770;11/10/2016
2016034161;1;2;1;1;6;770;12/10/2016
2016034162;5;2;1;3;6;770;10/11/2016
2016034163;5;2;1;2;6;770;21/11/2016
2016034164;5;2;2;1;5;770;27/11/2016
2016034165;1;2;1;1;6;770;04/12/2016
2016034166;5;2;9;1;3;770;19/11/2016
2016034167;2;2;1;1;6;770;05/12/2016
2016034168;5;2;1;2;6;770;12/12/2016
2016034169;1;1;1;2;3;770;13/12/2016
2016034170;1;2;9;1;3;770;28/12/2016
2016034171;5;2;4;1;6;770;07/11/2016
2016034172;5;2;1;1;3;770;12/03/2016
2016034173;1;2;2;1;3;770;17/03/2016
2016034174;1;1;1;2;1;770;30/04/2016
2016034175;2;1;1;1;5;770;21/05/2016
2016034176;2;2;7;2;6;770;18/11/2016
2016034177;1;1;6;8;1;770;19/11/2016
2016034178;3;1;9;2;5;770;15/11/2016
2016034179;1;1;1;1;4;770;15/12/2016
2016034180;3;1;1;2;6;770;14/01/2016
2016034181;1;2;1;1;6;770;20/12/2016
2016034182;1;2;2;1;6;770;02/02/2016
2016034183;5;1;1;1;6;770;06/02/2016
2016034184;1;2;1;6;6;770;08/02/2016
2016034185;3;1;1;1;1;770;12/02/2016
2016034186;3;1;3;1;3;770;14/02/2016
2016034187;2;2;1;1;6;770;16/02/2016
2016034188;5;2;6;2;6;770;19/02/2016
2016034189;3;1;1;2;6;770;25/02/2016
2016034190;1;1;1;1;1;770;03/03/2016
2016034191;1;2;1;1;6;770;17/03/2016
2016034192;3;1;1;1;3;770;21/03/2016
2016034193;1;1;1;1;5;770;22/03/2016
2016034194;2;1;1;1;1;770;10/04/2016
2016034195;5;1;6;1;3;770;15/04/2016
2016034196;1;2;6;1;3;770;15/04/2016
2016034197;1;1;1;2;7;770;22/05/2016
2016034198;1;2;3;8;6;770;03/06/2016
2016034199;1;2;2;1;6;770;06/06/2016
2016034200;1;2;1;1;6;770;10/06/2016
2016034201;1;2;2;1;3;770;13/06/2016
2016034202;1;1;9;1;3;770;23/06/2016
2016034203;1;2;4;1;6;770;25/06/2016
2016034204;1;2;3;1;3;770;30/06/2016
2016034205;1;2;4;1;1;770;23/08/2016
2016034206;1;1;6;1;3;770;23/08/2016
2016034207;1;1;4;1;3;770;31/08/2016
2016034208;1;2;9;1;2;770;12/09/2016
2016034209;1;2;3;1;6;770;24/09/2016
2016034210;1;2;2;1;6;770;27/09/2016
2016034211;1;2;3;2;1;770;30/09/2016
2016034212;3;2;1;2;1;770;30/09/2016
2016034213;1;1;2;1;3;770;03/10/2016
2016034214;2;2;3;1;6;770;03/10/2016
2016034215;3;1;1;2;1;770;10/11/2016
2016034216;5;2;4;9;3;770;17/11/2016
2016034217;1;2;2;1;6;770;28/11/2016
2016034218;1;2;3;1;6;770;08/12/2016
2016034219;1;2;6;2;6;770;13/12/2016
2016034220;1;2;6;1;6;770;20/12/2016
2016034221;5;2;1;1;1;770;02/01/2016
2016034222;1;1;1;1;7;770;20/12/2016
2016034223;1;2;1;1;6;770;12/10/2016
2016034224;3;2;6;2;6;770;03/02/2016
2016034225;1;2;6;1;7;770;21/01/2016
2016034226;1;2;6;2;6;770;24/02/2016
2016034227;1;1;1;2;1;770;07/04/2016
2016034228;1;2;3;1;3;770;19/04/2016
2016034229;1;2;2;1;3;770;09/05/2016
2016034230;1;1;1;8;6;770;13/05/2016
2016034231;1;2;1;8;6;770;15/05/2016
2016034232;2;2;6;1;6;770;09/05/2016
2016034233;1;2;1;1;6;770;11/04/2016
2016034234;1;1;1;1;2;770;14/05/2016
2016034235;1;2;1;1;3;770;06/06/2016
2016034236;1;2;3;1;6;770;23/06/2016
2016034237;1;1;1;8;6;770;24/06/2016
2016034238;1;1;2;1;1;770;28/06/2016
2016034239;1;2;6;1;6;770;29/06/2016
2016034240;1;2;6;2;2;770;02/08/2016
2016034241;1;1;1;1;6;770;02/08/2016
2016034242;1;2;1;1;6;770;08/08/2016
2016034243;1;2;3;7;7;770;13/08/2016
2016034244;1;1;3;1;4;770;22/08/2016
2016034245;1;1;2;1;1;770;25/08/2016
2016034246;1;2;1;1;1;770;31/08/2016
2016034247;2;2;1;2;6;770;04/09/2016
2016034248;1;2;3;2;2;770;05/09/2016
2016034249;1;2;1;1;6;770;21/09/2016
2016034250;1;1;2;1;5;770;21/09/2016
2016034251;1;2;3;7;3;770;29/09/2016
2016034252;3;1;1;1;1;770;27/10/2016
2016034253;5;1;1;3;6;770;10/11/2016
2016034254;5;2;1;1;6;770;08/12/2016
2016034255;2;2;2;1;6;770;20/12/2016
2016034256;3;1;6;1;7;770;25/12/2016
2016034257;3;1;1;1;6;770;28/12/2016
2016034258;1;1;1;1;1;770;02/01/2016
2016034259;3;1;1;5;3;770;09/12/2016
2016034260;1;2;6;1;6;770;03/04/2016
2016034261;5;2;1;1;7;770;11/03/2016
2016034262;1;2;6;1;7;770;07/04/2016
2016034263;3;1;1;1;2;770;09/06/2016
2016034264;1;1;1;1;2;770;08/07/2016
2016034265;3;1;1;1;2;770;06/07/2016
2016034266;1;1;3;1;3;770;17/07/2016
2016034267;3;1;1;1;2;770;26/09/2016
2016034268;1;2;3;1;3;770;12/09/2016
2016034269;1;1;1;2;3;770;17/12/2016
2016034270;5;2;5;8;6;770;04/01/2016
2016034271;1;1;3;2;3;770;09/03/2016
2016034272;1;2;1;1;6;770;04/05/2016
2016034273;1;1;1;1;6;770;21/05/2016
2016034274;1;1;2;1;3;770;30/06/2016
2016034275;1;1;1;2;5;770;15/09/2016
2016034276;5;2;1;2;6;770;15/10/2016
2016034277;1;1;1;8;7;770;29/10/2016
2016034278;1;2;5;1;6;770;26/02/2016
2016034279;5;2;2;9;6;770;02/03/2016
2016034280;1;2;4;1;7;770;10/03/2016
2016034281;1;2;6;1;6;770;07/05/2016
2016034282;1;2;1;1;6;770;11/08/2016
2016034283;1;2;8;1;3;770;22/06/2016
2016034284;2;2;2;1;1;770;27/09/2016
2016034285;3;1;1;5;6;770;26/10/2016
2016034286;5;1;1;1;5;770;29/11/2016
2016034287;1;2;1;1;6;770;08/01/2016
2016034288;5;2;2;2;3;770;08/01/2016
2016034289;5;2;2;2;6;770;08/01/2016
2016034290;1;2;3;1;2;770;13/01/2016
2016034291;5;2;1;1;7;770;20/01/2016
2016034292;1;1;1;1;1;770;22/01/2016
2016034293;5;2;3;1;1;770;26/01/2016
2016034294;5;2;1;1;6;770;08/02/2016
2016034295;1;2;3;1;6;770;17/02/2016
2016034296;3;1;1;1;3;770;28/02/2016
2016034297;5;2;1;1;1;770;09/03/2016
2016034298;1;2;3;1;3;770;21/03/2016
2016034299;1;2;3;1;7;770;23/03/2016
2016034300;1;1;1;1;6;770;26/03/2016
2016034301;1;2;3;2;6;770;29/03/2016
2016034302;2;1;6;1;7;770;17/04/2016
2016034303;1;2;1;1;6;770;20/04/2016
2016034304;3;1;1;1;5;770;29/04/2016
2016034305;5;2;1;2;7;770;21/05/2016
2016034306;1;1;6;2;6;770;22/05/2016
2016034307;1;2;1;1;5;770;03/06/2016
2016034308;1;2;2;1;1;770;08/06/2016
2016034309;2;1;1;1;1;770;11/06/2016
2016034310;1;2;1;1;7;770;26/06/2016
2016034311;1;2;3;1;3;770;24/06/2016
2016034312;1;2;2;1;3;770;29/07/2016
2016034313;5;2;2;1;5;770;04/08/2016
2016034314;1;2;1;1;6;770;01/08/2016
2016034315;1;2;2;1;3;770;05/08/2016
2016034316;5;2;6;1;7;770;14/08/2016
2016034317;5;2;6;1;3;770;06/09/2016
2016034318;1;2;2;1;1;770;11/09/2016
2016034319;2;2;3;1;7;770;17/09/2016
2016034320;5;2;3;1;6;770;06/10/2016
2016034321;3;1;3;1;5;770;22/10/2016
2016034322;5;2;2;1;6;770;21/11/2016
2016034323;1;2;1;1;5;770;26/11/2016
2016034324;1;2;3;7;6;770;28/11/2016
2016034325;1;2;1;1;1;770;28/11/2016
2016034326;1;2;2;1;3;770;05/12/2016
2016034327;3;1;3;1;7;770;07/12/2016
2016034328;1;2;1;1;1;770;11/12/2016
2016034329;5;2;2;1;6;770;19/12/2016
2016034330;3;1;1;1;2;770;09/12/2016
2016034331;2;2;2;1;3;770;28/12/2016
2016034332;2;2;1;2;6;770;05/01/2016
2016034333;1;1;3;1;1;770;12/01/2016
2016034334;1;2;5;1;3;770;25/01/2016
2016034335;1;2;1;1;3;770;06/02/2016
2016034336;1;2;3;2;6;770;12/02/2016
2016034337;5;2;3;2;6;770;15/02/2016
2016034338;1;2;2;1;6;770;13/03/2016
2016034339;3;2;6;1;1;770;29/03/2016
2016034340;5;2;1;2;1;770;04/04/2016
2016034341;1;2;3;3;1;770;25/03/2016
2016034342;5;2;6;1;7;770;21/04/2016
2016034343;1;2;1;1;6;770;21/04/2016
2016034344;1;2;2;1;3;770;01/05/2016
2016034345;1;2;1;1;1;770;03/05/2016
2016034346;1;1;1;1;3;770;01/05/2016
2016034347;1;2;3;2;2;770;10/05/2016
2016034348;1;2;1;1;1;770;24/05/2016
2016034349;1;1;1;1;2;770;27/05/2016
2016034350;1;2;3;2;3;770;31/05/2016
2016034351;1;2;1;1;3;770;04/06/2016
2016034352;1;2;1;1;2;770;08/06/2016
2016034353;1;1;1;1;1;770;08/06/2016
2016034354;1;2;1;1;6;770;10/06/2016
2016034355;1;1;1;2;2;770;20/06/2016
2016034356;1;2;1;1;6;770;04/07/2016
2016034357;1;2;2;1;3;770;26/06/2016
2016034358;1;2;1;1;3;770;01/07/2016
2016034359;1;1;1;1;5;770;16/07/2016
2016034360;1;2;1;1;7;770;01/08/2016
2016034361;3;1;1;2;2;770;04/08/2016
2016034362;1;1;1;1;6;770;09/08/2016
2016034363;1;1;1;1;2;770;26/08/2016
2016034364;1;1;1;2;1;770;05/09/2016
2016034365;1;2;1;1;6;770;12/09/2016
2016034366;1;2;3;1;6;770;13/09/2016
2016034367;1;1;1;1;2;770;19/09/2016
2016034368;3;1;1;1;5;770;21/09/2016
2016034369;3;1;1;1;6;770;26/09/2016
2016034370;1;2;1;1;6;770;28/09/2016
2016034371;3;1;1;2;7;770;30/09/2016
2016034372;3;1;1;2;6;770;01/10/2016
2016034373;1;1;1;1;1;770;06/10/2016
2016034374;3;1;1;1;6;770;11/10/2016
2016034375;1;2;1;1;6;770;23/09/2016
2016034376;1;2;1;1;4;770;21/10/2016
2016034377;1;2;1;1;3;770;15/10/2016
2016034378;1;1;1;2;1;770;24/10/2016
2016034379;5;2;6;1;7;770;29/10/2016
2016034380;5;2;1;1;1;770;25/11/2016
2016034381;1;2;1;1;3;770;04/12/2016
2016034382;5;2;1;1;6;770;09/12/2016
2016034383;5;2;6;1;6;770;08/12/2016
2016034384;3;1;1;1;5;770;09/12/2016
2016034385;5;2;1;1;3;770;13/12/2016
2016034386;1;2;1;1;6;770;14/12/2016
2016034387;3;1;1;1;1;770;25/12/2016
2016034388;3;1;1;1;6;770;28/12/2016
2016034389;1;2;1;2;7;770;22/01/2016
2016034390;5;2;2;1;3;770;05/03/2016
2016034391;1;2;3;1;6;770;11/03/2016
2016034392;1;2;4;1;3;770;07/05/2016
2016034393;5;2;1;1;6;770;22/05/2016
2016034394;1;1;3;1;3;770;07/06/2016
2016034395;1;1;1;1;1;770;08/06/2016
2016034396;1;1;1;2;7;770;11/06/2016
2016034397;1;1;4;1;5;770;11/06/2016
2016034398;1;1;1;1;6;770;11/08/2016
2016034399;1;1;1;1;6;770;28/08/2016
2016034400;5;1;3;1;3;770;03/10/2016
2016034401;1;2;1;3;7;770;23/10/2016
2016034402;1;2;1;1;5;770;11/11/2016
2016034403;1;2;3;1;6;770;12/11/2016
2016034404;3;1;6;2;5;770;12/01/2016
2016034405;5;2;1;1;3;770;06/02/2016
2016034406;1;1;1;1;3;770;19/02/2016
2016034407;1;2;1;1;3;770;07/03/2016
2016034408;5;2;2;1;3;770;21/03/2016
2016034409;1;2;3;1;6;770;29/03/2016
2016034410;5;2;2;1;6;770;19/04/2016
2016034411;1;2;1;1;1;770;21/04/2016
2016034412;1;1;1;1;3;770;03/04/2016
2016034413;3;1;1;1;2;770;15/05/2016
2016034414;1;1;3;1;3;770;07/06/2016
2016034415;3;1;1;1;2;770;30/07/2016
2016034416;1;2;1;1;6;770;11/08/2016
2016034417;1;1;1;1;2;770;30/10/2016
2016034418;5;1;6;1;3;770;12/10/2016
2016034419;5;2;3;1;6;770;02/11/2016
2016034420;3;1;1;1;4;770;01/11/2016
2016034421;3;1;1;2;2;770;08/11/2016
2016034422;5;1;4;1;1;770;08/12/2016
2016034423;5;1;2;1;3;770;14/12/2016
2016034424;5;1;1;1;6;780;31/12/2016
2016034425;1;2;3;1;2;780;23/01/2016
2016034426;1;2;2;1;3;780;11/12/2016
2016034427;2;2;1;1;6;780;05/01/2016
2016034428;2;1;1;1;7;780;14/10/2016
2016034429;3;2;4;1;3;780;09/01/2016
2016034430;5;2;1;1;3;780;15/12/2016
2016034431;1;2;2;1;3;780;09/10/2016
2016034432;1;2;1;1;6;780;09/12/2016
2016034433;1;1;1;1;6;780;21/12/2016
2016034434;1;1;1;1;6;780;28/10/2016
2016034435;2;1;2;1;3;780;22/01/2016
2016034436;5;2;2;1;6;780;02/02/2016
2016034437;1;2;1;1;6;780;08/01/2016
2016034438;5;2;1;1;6;780;27/01/2016
2016034439;5;2;2;3;1;780;12/01/2016
2016034440;1;2;2;1;6;780;25/01/2016
2016034441;3;2;1;1;6;780;01/01/2016
2016034442;1;2;1;1;6;780;09/02/2016
2016034443;1;2;4;1;2;780;02/02/2016
2016034444;1;2;3;1;6;780;05/02/2016
2016034445;3;1;1;1;6;780;16/02/2016
2016034446;2;2;2;1;3;780;03/03/2016
2016034447;1;2;1;1;6;780;13/03/2016
2016034448;5;2;3;1;6;780;12/03/2016
2016034449;1;2;2;1;3;780;10/03/2016
2016034450;1;1;1;1;5;780;03/02/2016
2016034451;1;1;1;2;6;780;06/04/2016
2016034452;1;2;1;1;6;780;13/04/2016
2016034453;1;1;6;1;3;780;01/05/2016
2016034454;1;2;2;1;3;780;27/04/2016
2016034455;1;2;2;1;3;780;14/04/2016
2016034456;4;1;1;1;6;780;17/05/2016
2016034457;1;2;2;3;6;780;22/05/2016
2016034458;1;2;1;1;6;780;03/04/2016
2016034459;1;1;1;1;7;780;21/05/2016
2016034460;1;2;1;2;5;780;09/04/2016
2016034461;1;2;1;1;7;780;26/05/2016
2016034462;3;2;6;1;1;780;05/06/2016
2016034463;1;2;1;1;6;780;04/05/2016
2016034464;1;2;1;2;1;780;28/05/2016
2016034465;1;1;1;1;7;780;25/06/2016
2016034466;2;1;3;1;3;780;23/06/2016
2016034467;5;2;2;9;6;780;14/01/2016
2016034468;1;2;3;1;3;780;30/06/2016
2016034469;1;2;1;1;1;780;09/06/2016
2016034470;1;2;2;1;2;780;06/07/2016
2016034471;5;2;2;1;6;780;08/07/2016
2016034472;1;2;1;1;6;780;19/07/2016
2016034473;1;2;1;2;6;780;14/07/2016
2016034474;1;2;1;1;1;780;19/08/2016
2016034475;5;2;1;1;6;780;01/09/2016
2016034476;1;1;1;1;6;780;27/08/2016
2016034477;1;2;1;1;3;780;28/07/2016
2016034478;1;2;1;1;6;780;11/07/2016
2016034479;5;2;1;1;6;780;10/08/2016
2016034480;1;2;2;1;3;780;13/08/2016
2016034481;1;2;1;1;6;780;17/10/2016
2016034482;3;1;3;1;6;780;30/09/2016
2016034483;1;2;6;1;3;780;01/11/2016
2016034484;1;2;1;1;5;780;25/10/2016
2016034485;1;2;2;1;3;780;27/09/2016
2016034486;1;2;1;1;6;780;30/09/2016
2016034487;1;1;1;1;6;780;17/11/2016
2016034488;1;2;1;1;6;780;20/11/2016
2016034489;1;2;1;1;6;780;13/11/2016
2016034490;5;2;2;1;6;780;13/12/2016
2016034491;5;2;1;1;6;780;30/11/2016
2016034492;5;2;9;1;3;780;30/11/2016
2016034493;2;2;1;1;6;780;20/12/2016
2016034494;5;2;2;1;6;780;12/01/2016
2016034495;1;2;1;1;6;780;03/02/2016
2016034496;1;2;2;7;6;780;20/01/2016
2016034497;2;2;1;1;6;780;17/03/2016
2016034498;1;2;1;1;6;780;29/03/2016
2016034499;1;2;1;1;2;780;03/04/2016
2016034500;1;2;1;1;3;780;24/03/2016
2016034501;1;1;1;1;6;780;19/06/2016
2016034502;1;2;2;1;6;780;02/05/2016
2016034503;1;2;1;1;6;780;19/07/2016
2016034504;1;2;1;1;6;780;23/03/2016
2016034505;1;2;1;1;1;780;07/07/2016
2016034506;1;2;2;1;3;780;08/08/2016
2016034507;1;2;3;1;1;780;09/02/2016
2016034508;1;2;1;1;4;780;30/03/2016
2016034509;1;2;1;1;2;780;29/06/2016
2016034510;1;2;1;1;2;780;06/08/2016
2016034511;1;2;1;1;3;780;22/08/2016
2016034512;1;2;1;1;3;780;23/08/2016
2016034513;3;1;1;1;2;780;27/08/2016
2016034514;1;1;1;1;2;780;30/08/2016
2016034515;1;2;2;1;3;780;25/08/2016
2016034516;1;2;1;1;3;780;23/06/2016
2016034517;1;2;3;1;2;780;26/07/2016
2016034518;3;1;1;5;7;780;22/09/2016
2016034519;4;2;8;1;6;780;19/09/2016
2016034520;1;2;1;1;1;780;01/10/2016
2016034521;1;2;1;1;6;780;11/10/2016
2016034522;1;2;1;2;2;780;18/10/2016
2016034523;5;2;1;2;7;780;16/10/2016
2016034524;5;2;1;1;3;780;03/11/2016
2016034525;1;2;1;1;6;780;17/11/2016
2016034526;1;2;6;1;2;780;20/10/2016
2016034527;5;2;1;1;7;780;24/09/2016
2016034528;5;2;2;1;3;780;24/12/2016
2016034529;5;2;1;1;6;780;08/01/2016
2016034530;1;1;1;8;6;780;24/01/2016
2016034531;1;2;2;1;3;780;24/01/2016
2016034532;1;2;3;8;7;780;27/01/2016
2016034533;1;2;1;2;3;780;28/01/2016
2016034534;1;2;1;1;6;780;16/02/2016
2016034535;1;2;2;1;3;780;20/02/2016
2016034536;1;2;1;1;6;780;29/02/2016
2016034537;1;1;1;1;3;780;06/05/2016
2016034538;5;2;1;8;6;780;10/06/2016
2016034539;1;2;1;1;6;780;28/06/2016
2016034540;1;2;2;1;3;780;07/07/2016
2016034541;1;2;1;1;6;780;07/07/2016
2016034542;5;2;1;1;7;780;12/07/2016
2016034543;1;2;1;1;3;780;15/07/2016
2016034544;5;2;1;1;7;780;22/07/2016
2016034545;1;2;1;1;2;780;23/07/2016
2016034546;5;2;1;1;7;780;30/08/2016
2016034547;1;2;1;1;1;780;03/09/2016
2016034548;1;1;1;1;6;780;11/09/2016
2016034549;1;2;1;2;3;780;15/09/2016
2016034550;1;2;1;1;7;780;29/09/2016
2016034551;5;2;1;1;3;780;13/10/2016
2016034552;1;2;1;1;6;780;19/10/2016
2016034553;5;2;3;1;3;780;26/10/2016
2016034554;5;2;1;2;6;780;17/11/2016
2016034555;5;2;1;2;2;780;20/11/2016
2016034556;5;2;1;8;6;780;12/12/2016
2016034557;3;2;1;1;1;780;14/12/2016
2016034558;1;2;1;1;1;780;15/12/2016
2016034559;5;2;2;1;3;780;26/12/2016
2016034560;1;2;1;1;4;780;04/01/2016
2016034561;3;2;1;1;2;780;06/01/2016
2016034562;5;2;1;1;6;780;11/01/2016
2016034563;1;2;1;1;2;780;18/01/2016
2016034564;5;2;1;1;2;780;23/01/2016
2016034565;2;2;6;8;6;780;24/01/2016
2016034566;1;2;1;1;6;780;27/01/2016
2016034567;1;2;2;8;3;780;09/02/2016
2016034568;1;2;1;1;4;780;19/02/2016
2016034569;1;2;1;2;6;780;02/03/2016
2016034570;2;1;1;9;6;780;07/03/2016
2016034571;1;2;2;1;3;780;26/03/2016
2016034572;1;2;1;1;6;780;02/04/2016
2016034573;1;1;1;5;7;780;10/04/2016
2016034574;5;2;3;1;6;780;12/04/2016
2016034575;1;2;3;1;3;780;18/04/2016
2016034576;1;2;6;1;3;780;19/04/2016
2016034577;5;2;1;9;6;780;02/05/2016
2016034578;1;2;1;1;6;780;07/06/2016
2016034579;5;2;1;1;1;780;19/06/2016
2016034580;1;2;2;2;3;780;23/06/2016
2016034581;1;2;1;1;1;780;30/06/2016
2016034582;1;2;2;1;1;780;02/07/2016
2016034583;1;2;3;1;3;780;19/07/2016
2016034584;1;2;1;1;2;780;22/07/2016
2016034585;1;2;3;1;2;780;25/07/2016
2016034586;3;1;3;1;7;780;26/07/2016
2016034587;5;2;1;1;6;780;30/07/2016
2016034588;1;2;1;1;6;780;07/08/2016
2016034589;1;2;1;1;6;780;23/08/2016
2016034590;1;2;1;1;6;780;24/08/2016
2016034591;1;2;1;1;6;780;27/08/2016
2016034592;3;1;1;1;1;780;01/09/2016
2016034593;1;2;1;1;6;780;12/09/2016
2016034594;1;2;1;1;6;780;20/09/2016
2016034595;1;1;1;2;2;780;01/10/2016
2016034596;1;1;1;1;4;780;06/10/2016
2016034597;1;2;1;1;3;780;25/10/2016
2016034598;1;1;1;1;3;780;30/10/2016
2016034599;2;2;3;1;3;780;19/11/2016
2016034600;3;1;1;1;1;780;27/11/2016
2016034601;1;1;1;5;2;780;17/12/2016
2016034602;5;2;1;2;2;780;29/10/2016
2016034603;1;1;1;1;1;780;06/10/2016
2016034604;1;2;1;1;6;780;02/01/2016
2016034605;4;2;1;9;3;780;10/01/2016
2016034606;1;2;6;1;6;780;29/09/2016
2016034607;1;2;1;1;3;780;04/02/2016
2016034608;1;2;6;1;3;780;09/12/2016
2016034609;1;2;1;1;6;780;08/01/2016
2016034610;5;2;3;2;6;780;05/03/2016
2016034611;1;2;2;1;6;780;08/12/2016
2016034612;5;2;1;1;1;780;23/02/2016
2016034613;1;2;3;1;3;780;01/04/2016
2016034614;1;2;1;1;2;780;30/04/2016
2016034615;5;2;3;2;3;780;14/01/2016
2016034616;2;1;3;1;3;780;13/06/2016
2016034617;1;2;3;1;3;780;22/06/2016
2016034618;3;1;1;1;1;780;29/06/2016
2016034619;4;1;1;1;6;780;06/07/2016
2016034620;1;2;1;1;1;780;05/07/2016
2016034621;1;2;3;1;6;780;11/07/2016
2016034622;1;2;3;1;3;780;21/07/2016
2016034623;3;1;6;1;1;780;20/05/2016
2016034624;1;2;1;1;4;780;13/09/2016
2016034625;1;2;1;1;2;780;09/07/2016
2016034626;1;2;1;1;6;780;01/09/2016
2016034627;3;1;1;1;1;780;11/09/2016
2016034628;2;2;1;2;6;780;21/10/2016
2016034629;1;1;1;1;1;780;25/02/2016
2016034630;1;1;1;1;6;780;06/04/2016
2016034631;1;2;1;1;6;780;22/03/2016
2016034632;1;2;1;1;7;780;23/04/2016
2016034633;2;1;1;5;1;780;11/05/2016
2016034634;1;1;1;1;3;780;24/05/2016
2016034635;3;1;1;1;6;780;19/06/2016
2016034636;1;2;1;1;6;780;23/06/2016
2016034637;1;2;1;1;6;780;08/07/2016
2016034638;5;2;4;1;7;780;11/07/2016
2016034639;1;1;9;1;2;780;19/07/2016
2016034640;1;2;1;1;6;780;22/07/2016
2016034641;1;1;1;1;7;780;16/08/2016
2016034642;1;1;1;1;6;780;25/08/2016
2016034643;1;2;1;1;3;780;10/09/2016
2016034644;3;1;1;2;6;780;16/09/2016
2016034645;1;2;5;1;6;780;20/09/2016
2016034646;1;2;3;7;6;780;30/10/2016
2016034647;1;1;2;1;6;780;03/12/2016
2016034648;1;2;1;1;4;780;08/09/2016
2016034649;2;2;1;1;7;780;13/09/2016
2016034650;4;1;1;1;7;780;05/12/2016
2016034651;1;2;7;8;3;780;16/01/2016
2016034652;5;2;1;1;3;780;04/01/2016
2016034653;2;2;3;1;3;780;01/11/2016
2016034654;3;1;1;1;1;780;16/01/2016