num_acc;lum;agg;inter;atm;col;dep;date
2016034655;1;2;1;1;3;780;16/01/2016
2016034656;1;2;6;1;3;780;13/06/2016
2016034657;1;2;1;1;3;780;21/11/2016
2016034658;3;2;7;2;6;780;04/02/2016
2016034659;1;2;1;1;6;780;19/09/2016
2016034660;1;2;1;1;6;780;11/12/2016
2016034661;1;2;1;8;3;780;23/05/2016
2016034662;2;2;1;1;1;780;20/04/2016
2016034663;5;2;1;3;2;780;13/11/2016
2016034664;1;2;1;1;4;780;23/03/2016
2016034665;1;2;4;1;3;780;30/11/2016
2016034666;1;1;1;1;1;780;11/05/2016
2016034667;1;1;1;1;5;780;29/12/2016
2016034668;1;1;1;7;2;780;08/07/2016
2016034669;1;2;2;1;3;780;03/08/2016
2016034670;1;1;1;1;3;780;01/07/2016
2016034671;1;1;9;1;3;780;21/07/2016
2016034672;1;1;1;3;4;780;21/06/2016
2016034673;1;1;1;1;3;780;18/08/2016
2016034674;1;2;2;1;1;780;28/06/2016
2016034675;1;2;1;1;6;780;26/09/2016
2016034676;1;2;1;1;3;780;17/05/2016
2016034677;1;2;3;1;3;780;04/01/2016
2016034678;1;2;4;1;3;780;26/09/2016
2016034679;1;2;1;1;6;780;21/04/2016
2016034680;2;2;3;1;1;780;05/10/2016
2016034681;1;1;2;1;3;780;22/11/2016
2016034682;3;1;1;1;6;780;30/10/2016
2016034683;1;2;1;1;6;780;14/01/2016
2016034684;5;2;1;2;6;780;27/01/2016
2016034685;2;2;3;1;5;780;16/02/2016
2016034686;1;2;1;1;6;780;19/02/2016
2016034687;5;2;1;1;6;780;25/02/2016
2016034688;1;2;1;1;6;780;13/01/2016
2016034689;1;2;1;1;5;780;29/04/2016
2016034690;1;2;3;2;3;780;19/05/2016
2016034691;1;2;2;1;3;780;26/04/2016
2016034692;1;2;1;3;3;780;23/05/2016
2016034693;1;2;1;1;6;780;08/03/2016
2016034694;1;2;3;2;6;780;11/05/2016
2016034695;1;2;3;7;7;780;10/06/2016
2016034696;1;2;3;1;6;780;06/07/2016
2016034697;1;2;1;1;6;780;03/06/2016
2016034698;1;2;1;1;6;780;21/07/2016
2016034699;1;2;1;1;7;780;27/07/2016
2016034700;1;2;3;1;3;780;24/06/2016
2016034701;1;2;3;1;3;780;15/08/2016
2016034702;1;2;3;1;3;780;22/08/2016
2016034703;5;2;1;1;6;780;22/08/2016
2016034704;1;2;3;1;3;780;26/08/2016
2016034705;1;2;1;1;6;780;16/03/2016
2016034706;1;2;2;2;2;780;05/09/2016
2016034707;1;2;1;1;2;780;13/09/2016
2016034708;1;2;1;1;6;780;18/09/2016
2016034709;1;2;3;1;3;780;17/09/2016
2016034710;5;2;1;2;6;780;18/10/2016
2016034711;2;2;1;1;6;780;08/11/2016
2016034712;1;2;3;2;3;780;13/11/2016
2016034713;1;2;2;1;3;780;17/11/2016
2016034714;5;2;1;2;3;780;17/11/2016
2016034715;1;2;3;2;3;780;07/11/2016
2016034716;1;2;1;1;6;780;29/11/2016
2016034717;2;2;2;1;6;780;01/12/2016
2016034718;1;2;3;1;6;780;03/12/2016
2016034719;5;2;3;1;3;780;06/12/2016
2016034720;5;1;2;2;1;780;12/12/2016
2016034721;1;2;4;1;1;780;07/12/2016
2016034722;1;2;1;1;1;780;24/12/2016
2016034723;1;2;2;1;3;780;07/01/2016
2016034724;1;2;1;1;6;780;17/12/2016
2016034725;1;2;1;1;6;780;09/12/2016
2016034726;1;2;1;2;3;780;09/11/2016
2016034727;5;2;3;1;3;780;11/01/2016
2016034728;1;2;8;1;6;780;07/12/2016
2016034729;1;2;2;1;3;780;28/01/2016
2016034730;1;2;1;2;1;780;25/01/2016
2016034731;1;2;3;1;6;780;29/01/2016
2016034732;2;2;3;1;1;780;29/01/2016
2016034733;1;2;2;2;6;780;07/03/2016
2016034734;1;2;2;1;6;780;09/03/2016
2016034735;3;2;2;1;1;780;13/03/2016
2016034736;3;2;1;1;6;780;14/03/2016
2016034737;1;2;1;1;7;780;21/03/2016
2016034738;1;2;3;1;6;780;29/03/2016
2016034739;1;2;1;1;6;780;27/03/2016
2016034740;1;2;3;2;1;780;02/04/2016
2016034741;5;2;3;1;3;780;20/01/2016
2016034742;5;2;1;1;6;780;20/01/2016
2016034743;2;2;9;1;4;780;24/04/2016
2016034744;1;2;1;2;2;780;14/04/2016
2016034745;1;2;2;1;1;780;19/04/2016
2016034746;1;2;1;1;3;780;03/05/2016
2016034747;3;2;1;1;6;780;04/05/2016
2016034748;1;2;1;1;3;780;07/05/2016
2016034749;1;2;2;2;6;780;10/05/2016
2016034750;1;2;1;2;6;780;12/05/2016
2016034751;1;2;2;1;3;780;25/05/2016
2016034752;1;2;1;1;3;780;08/05/2016
2016034753;1;1;1;1;4;780;31/05/2016
2016034754;1;2;2;1;3;780;06/06/2016
2016034755;1;2;1;1;4;780;10/06/2016
2016034756;1;2;1;1;3;780;11/06/2016
2016034757;2;2;1;1;1;780;18/06/2016
2016034758;1;1;3;1;3;780;26/06/2016
2016034759;1;2;1;1;2;780;29/06/2016
2016034760;1;2;1;1;7;780;30/06/2016
2016034761;1;2;1;1;6;780;11/07/2016
2016034762;1;2;1;1;3;780;22/07/2016
2016034763;1;2;2;1;6;780;17/08/2016
2016034764;1;2;1;1;6;780;23/08/2016
2016034765;1;2;1;1;2;780;12/06/2016
2016034766;5;2;3;1;2;780;05/01/2016
2016034767;1;2;2;1;2;780;01/09/2016
2016034768;1;2;1;1;6;780;05/10/2016
2016034769;1;2;2;1;1;780;07/09/2016
2016034770;5;2;2;1;3;780;07/09/2016
2016034771;1;2;4;1;1;780;02/11/2016
2016034772;1;1;1;1;3;780;03/11/2016
2016034773;1;2;1;1;3;780;04/11/2016
2016034774;5;2;1;3;6;780;09/11/2016
2016034775;1;2;1;1;6;780;25/11/2016
2016034776;3;2;1;1;3;780;26/11/2016
2016034777;1;2;1;1;3;780;28/11/2016
2016034778;1;2;2;1;6;780;02/12/2016
2016034779;1;2;1;1;3;780;02/12/2016
2016034780;1;2;1;1;6;780;08/12/2016
2016034781;1;2;1;1;6;780;20/12/2016
2016034782;5;2;1;2;7;780;12/12/2016
2016034783;2;2;7;1;6;780;28/10/2016
2016034784;5;2;1;1;3;780;30/11/2016
2016034785;5;2;3;1;3;780;15/12/2016
2016034786;5;2;2;1;3;790;09/12/2016
2016034787;5;2;1;1;6;790;18/12/2016
2016034788;2;2;1;8;3;790;05/01/2016
2016034789;5;2;1;1;6;790;27/12/2016
2016034790;3;2;1;1;2;790;19/01/2016
2016034791;1;2;1;1;1;790;21/01/2016
2016034792;1;1;1;2;2;790;28/01/2016
2016034793;1;2;1;1;6;790;16/02/2016
2016034794;1;2;1;1;3;790;26/02/2016
2016034795;1;2;1;1;6;790;28/02/2016
2016034796;1;2;1;1;6;790;29/02/2016
2016034797;1;2;1;1;6;790;01/03/2016
2016034798;1;2;4;2;7;790;04/03/2016
2016034799;1;2;2;1;2;790;08/03/2016
2016034800;5;2;1;1;6;790;16/03/2016
2016034801;1;2;6;1;3;790;17/03/2016
2016034802;1;2;1;1;4;790;30/03/2016
2016034803;1;2;1;1;3;790;02/04/2016
2016034804;5;2;1;1;6;790;08/04/2016
2016034805;1;2;2;8;3;790;30/05/2016
2016034806;1;2;3;1;3;790;20/06/2016
2016034807;1;2;1;8;3;790;02/07/2016
2016034808;1;2;2;8;5;790;04/07/2016
2016034809;5;2;5;1;7;790;21/08/2016
2016034810;2;2;3;1;3;790;21/08/2016
2016034811;1;2;1;1;6;790;22/08/2016
2016034812;1;2;1;1;6;790;02/09/2016
2016034813;1;1;1;1;1;790;11/09/2016
2016034814;1;2;1;1;2;790;20/09/2016
2016034815;1;2;1;1;3;790;21/09/2016
2016034816;1;2;2;1;6;790;23/09/2016
2016034817;1;2;1;1;1;790;24/09/2016
2016034818;1;2;3;1;3;790;27/09/2016
2016034819;1;2;1;1;1;790;25/09/2016
2016034820;5;2;3;1;3;790;24/10/2016
2016034821;5;2;1;1;6;790;21/10/2016
2016034822;5;2;1;1;3;790;02/12/2016
2016034823;3;2;2;2;3;790;14/01/2016
2016034824;5;2;3;1;3;790;13/01/2016
2016034825;1;2;1;2;6;790;28/01/2016
2016034826;1;2;2;1;6;790;29/01/2016
2016034827;1;2;1;6;1;790;08/02/2016
2016034828;1;1;1;1;1;790;12/03/2016
2016034829;1;2;1;1;6;790;17/03/2016
2016034830;1;1;1;1;1;790;27/03/2016
2016034831;1;2;1;1;7;790;08/04/2016
2016034832;3;2;3;1;7;790;10/04/2016
2016034833;1;2;7;8;6;790;03/06/2016
2016034834;1;1;2;1;7;790;21/06/2016
2016034835;1;2;3;1;6;790;01/07/2016
2016034836;1;1;9;1;3;790;09/07/2016
2016034837;1;2;3;1;3;790;11/07/2016
2016034838;1;1;2;1;1;790;15/07/2016
2016034839;1;2;1;1;3;790;16/07/2016
2016034840;1;2;9;1;3;790;21/07/2016
2016034841;1;2;2;1;3;790;24/08/2016
2016034842;1;2;6;2;3;790;29/08/2016
2016034843;1;2;1;1;6;790;02/09/2016
2016034844;1;2;1;1;7;790;11/09/2016
2016034845;1;2;1;1;2;790;21/09/2016
2016034846;1;2;2;1;3;790;22/09/2016
2016034847;5;2;2;1;3;790;29/09/2016
2016034848;1;1;2;1;7;790;21/10/2016
2016034849;1;2;3;1;3;790;29/10/2016
2016034850;2;1;2;8;7;790;23/11/2016
2016034851;5;2;3;8;7;790;15/12/2016
2016034852;1;2;1;1;6;800;24/01/2016
2016034853;1;2;9;1;6;800;01/04/2016
2016034854;1;2;6;2;3;800;18/05/2016
2016034855;1;1;1;1;6;800;25/05/2016
2016034856;1;2;1;1;6;800;07/06/2016
2016034857;1;2;9;1;6;800;07/08/2016
2016034858;1;2;1;1;6;800;15/08/2016
2016034859;1;2;1;1;6;800;06/09/2016
2016034860;1;2;1;1;3;800;29/09/2016
2016034861;1;2;1;1;6;800;10/10/2016
2016034862;1;2;1;1;6;800;28/10/2016
2016034863;5;2;1;1;6;800;02/12/2016
2016034864;5;1;9;1;3;800;26/11/2016
2016034865;5;2;1;1;6;800;23/12/2016
2016034866;3;1;1;2;7;800;24/12/2016
2016034867;1;1;3;2;5;800;02/01/2016
2016034868;1;1;1;3;7;800;02/01/2016
2016034869;2;2;1;2;2;800;02/01/2016
2016034870;5;2;1;1;7;800;05/01/2016
2016034871;1;2;3;1;7;800;07/01/2016
2016034872;1;2;1;1;7;800;07/01/2016
2016034873;1;2;1;2;4;800;11/01/2016
2016034874;1;2;1;2;1;800;11/01/2016
2016034875;5;2;1;2;7;800;12/01/2016
2016034876;1;2;1;2;2;800;12/01/2016
2016034877;1;2;1;2;7;800;12/01/2016
2016034878;1;1;1;1;2;800;15/01/2016
2016034879;1;2;1;1;7;800;17/01/2016
2016034880;3;1;6;1;3;800;22/01/2016
2016034881;1;2;1;7;7;800;20/01/2016
2016034882;1;2;1;1;3;800;25/01/2016
2016034883;1;2;1;1;7;800;29/01/2016
2016034884;1;2;1;1;2;800;29/01/2016
2016034885;1;2;1;3;4;800;30/01/2016
2016034886;5;2;1;2;1;800;01/02/2016
2016034887;1;1;1;1;1;800;04/02/2016
2016034888;1;2;1;1;7;800;04/02/2016
2016034889;5;2;1;1;7;800;05/02/2016
2016034890;1;2;1;1;3;800;08/02/2016
2016034891;1;2;3;2;7;800;09/02/2016
2016034892;5;2;3;2;3;800;09/02/2016
2016034893;5;2;1;1;6;800;17/02/2016
2016034894;5;2;2;1;3;800;19/02/2016
2016034895;2;2;1;1;6;800;19/01/2016
2016034896;2;2;1;2;6;800;23/02/2016
2016034897;1;2;9;1;7;800;25/02/2016
2016034898;1;2;1;1;6;800;26/02/2016
2016034899;5;2;1;1;3;800;27/02/2016
2016034900;1;2;1;1;3;800;29/02/2016
2016034901;1;2;1;1;6;800;29/02/2016
2016034902;5;2;1;1;7;800;05/03/2016
2016034903;5;2;1;1;7;800;10/03/2016
2016034904;1;2;1;1;7;800;15/03/2016
2016034905;1;2;2;1;3;800;15/03/2016
2016034906;1;2;1;1;3;800;16/03/2016
2016034907;1;2;3;1;3;800;16/03/2016
2016034908;1;2;1;1;2;800;17/03/2016
2016034909;1;2;1;1;7;800;23/03/2016
2016034910;1;2;1;1;3;800;30/03/2016
2016034911;1;2;1;7;6;800;19/05/2016
2016034912;1;2;1;1;4;800;02/04/2016
2016034913;5;2;2;1;3;800;06/04/2016
2016034914;5;2;2;1;3;800;16/04/2016
2016034915;1;2;1;1;3;800;08/04/2016
2016034916;1;2;1;1;6;800;12/04/2016
2016034917;1;2;9;1;3;800;13/04/2016
2016034918;1;1;1;1;4;800;19/04/2016
2016034919;1;2;1;1;7;800;20/04/2016
2016034920;1;2;1;1;7;800;20/04/2016
2016034921;1;2;1;1;2;800;26/04/2016
2016034922;1;2;1;2;6;800;29/04/2016
2016034923;2;2;6;1;7;800;15/05/2016
2016034924;1;2;6;1;1;800;01/05/2016
2016034925;5;2;2;1;6;800;06/05/2016
2016034926;2;2;2;1;3;800;07/05/2016
2016034927;1;2;1;1;2;800;07/05/2016
2016034928;1;2;1;1;3;800;11/05/2016
2016034929;1;2;3;1;3;800;11/05/2016
2016034930;1;2;2;1;3;800;13/05/2016
2016034931;1;2;9;1;3;800;16/05/2016
2016034932;1;2;1;1;3;800;16/05/2016
2016034933;1;1;1;3;7;800;18/05/2016
2016034934;5;2;2;1;3;800;05/05/2016
2016034935;1;2;1;1;4;800;20/05/2016
2016034936;1;2;6;1;3;800;25/05/2016
2016034937;1;2;1;1;6;800;26/05/2016
2016034938;1;2;1;1;3;800;27/05/2016
2016034939;1;2;1;1;6;800;28/05/2016
2016034940;1;1;1;1;6;800;04/06/2016
2016034941;1;2;3;1;3;800;06/06/2016
2016034942;5;2;1;2;6;800;06/06/2016
2016034943;1;2;3;1;3;800;09/06/2016
2016034944;1;1;1;1;1;800;09/06/2016
2016034945;1;2;1;1;6;800;07/06/2016
2016034946;1;1;1;1;1;800;11/06/2016
2016034947;1;2;1;1;3;800;18/06/2016
2016034948;1;2;2;1;3;800;24/06/2016
2016034949;1;2;1;1;4;800;27/06/2016
2016034950;1;2;6;1;3;800;28/06/2016
2016034951;1;2;4;1;3;800;07/07/2016
2016034952;1;2;1;1;6;800;07/07/2016
2016034953;5;2;1;1;7;800;13/07/2016
2016034954;1;1;1;1;3;800;18/07/2016
2016034955;1;1;1;1;6;800;22/07/2016
2016034956;5;2;1;1;3;800;26/07/2016
2016034957;1;2;1;1;7;800;27/07/2016
2016034958;1;2;1;1;4;800;05/08/2016
2016034959;1;2;1;1;3;800;01/08/2016
2016034960;1;2;3;1;3;800;17/08/2016
2016034961;5;2;3;2;7;800;19/08/2016
2016034962;1;2;3;1;3;800;21/08/2016
2016034963;1;2;3;1;3;800;24/08/2016
2016034964;1;2;3;1;3;800;27/08/2016
2016034965;1;2;1;1;2;800;31/08/2016
2016034966;1;2;1;7;6;800;30/08/2016
2016034967;1;2;3;1;6;800;01/09/2016
2016034968;1;2;1;1;3;800;03/09/2016
2016034969;1;2;2;1;3;800;04/09/2016
2016034970;1;1;1;1;4;800;09/09/2016
2016034971;1;2;6;1;6;800;14/09/2016
2016034972;1;2;1;1;3;800;14/09/2016
2016034973;1;2;1;1;7;800;17/09/2016
2016034974;1;2;1;1;2;800;20/09/2016
2016034975;1;2;1;1;3;800;20/09/2016
2016034976;1;2;1;1;6;800;28/09/2016
2016034977;1;2;1;1;2;800;03/10/2016
2016034978;2;2;1;1;2;800;03/10/2016
2016034979;1;2;1;1;6;800;05/10/2016
2016034980;1;2;3;1;3;800;08/10/2016
2016034981;1;2;1;1;6;800;11/10/2016
2016034982;1;2;1;2;6;800;14/10/2016
2016034983;1;2;1;1;6;800;14/10/2016
2016034984;1;2;1;1;3;800;17/10/2016
2016034985;5;2;1;1;6;800;22/10/2016
2016034986;1;2;1;1;6;800;30/10/2016
2016034987;5;2;3;1;3;800;03/11/2016
2016034988;5;2;1;2;3;800;07/11/2016
2016034989;2;2;1;3;6;800;09/11/2016
2016034990;1;1;1;1;2;800;10/11/2016
2016034991;1;2;2;2;3;800;15/11/2016
2016034992;2;2;1;2;6;800;16/11/2016
2016034993;1;2;1;2;2;800;18/11/2016
2016034994;1;2;1;1;3;800;19/11/2016
2016034995;5;2;2;2;3;800;21/11/2016
2016034996;3;1;1;1;6;800;12/09/2016
2016034997;1;2;2;1;3;800;23/11/2016
2016034998;3;1;1;1;3;800;25/11/2016
2016034999;1;1;1;1;3;800;29/11/2016
2016035000;1;2;1;2;6;800;30/11/2016
2016035001;5;2;1;1;3;800;01/12/2016
2016035002;5;2;2;1;3;800;03/12/2016
2016035003;1;1;1;1;6;800;03/12/2016
2016035004;5;2;3;1;3;800;06/12/2016
2016035005;1;2;1;1;3;800;07/12/2016
2016035006;5;2;1;1;6;800;10/12/2016
2016035007;1;2;1;1;2;800;09/12/2016
2016035008;5;2;1;1;2;800;09/12/2016
2016035009;5;2;1;1;6;800;17/12/2016
2016035010;5;2;1;1;6;800;17/12/2016
2016035011;2;2;6;1;3;800;19/12/2016
2016035012;1;2;1;1;6;800;20/12/2016
2016035013;1;2;1;1;6;800;21/12/2016
2016035014;1;2;1;1;6;800;21/12/2016
2016035015;2;2;9;1;6;810;11/02/2016
2016035016;5;2;1;1;6;810;24/04/2016
2016035017;3;1;1;1;1;810;22/08/2016
2016035018;1;1;3;1;5;810;30/09/2016
2016035019;1;2;1;1;3;810;12/10/2016
2016035020;2;1;2;8;3;810;10/11/2016
2016035021;1;2;3;1;6;810;09/06/2016
2016035022;1;2;1;1;1;810;03/07/2016
2016035023;1;2;1;1;6;810;06/07/2016
2016035024;1;1;2;1;3;810;16/01/2016
2016035025;1;1;1;8;3;810;18/01/2016
2016035026;3;1;1;1;1;810;06/02/2016
2016035027;1;1;1;1;5;810;17/02/2016
2016035028;5;2;7;1;6;810;25/03/2016
2016035029;1;2;1;1;7;810;08/06/2016
2016035030;1;1;1;1;5;810;03/07/2016
2016035031;3;1;1;1;1;810;09/07/2016
2016035032;1;1;1;1;7;810;11/08/2016
2016035033;1;1;1;1;1;810;24/09/2016
2016035034;1;2;1;1;7;810;15/12/2016
2016035035;3;1;1;5;1;810;24/12/2016
2016035036;1;1;1;1;7;810;20/02/2016
2016035037;4;2;1;1;7;810;21/05/2016
2016035038;1;2;1;1;6;810;12/05/2016
2016035039;1;1;1;1;6;810;21/05/2016
2016035040;1;2;1;1;6;810;02/06/2016
2016035041;1;1;1;1;6;810;18/08/2016
2016035042;1;2;1;1;3;810;03/09/2016
2016035043;1;2;9;1;3;810;27/09/2016
2016035044;2;2;1;1;3;810;25/11/2016
2016035045;1;2;1;1;6;810;27/11/2016
2016035046;2;2;1;2;6;810;18/11/2016
2016035047;2;2;1;1;6;820;04/01/2016
2016035048;1;2;3;1;6;820;13/02/2016
2016035049;1;2;1;1;6;820;24/03/2016
2016035050;1;2;6;1;3;820;28/06/2016
2016035051;1;1;3;1;7;820;01/07/2016
2016035052;1;2;2;1;3;820;12/08/2016
2016035053;1;1;4;1;3;820;03/09/2016
2016035054;1;2;2;1;6;820;29/09/2016
2016035055;2;1;1;5;5;820;01/12/2016
2016035056;1;1;1;1;1;820;06/12/2016
2016035057;3;1;3;5;1;820;20/12/2016
2016035058;1;2;6;2;7;820;10/11/2016
2016035059;1;2;7;1;6;820;19/11/2016
2016035060;1;2;1;1;6;820;25/11/2016
2016035061;5;2;1;1;6;820;09/01/2016
2016035062;1;2;6;1;6;820;26/01/2016
2016035063;3;1;1;1;6;820;11/12/2016
2016035064;3;1;1;1;6;820;15/12/2016
2016035065;3;1;1;2;3;820;28/02/2016
2016035066;5;2;3;1;3;820;09/02/2016
2016035067;1;2;1;1;1;820;12/02/2016
2016035068;1;2;1;1;6;820;27/12/2016
2016035069;5;2;1;1;6;820;15/03/2016
2016035070;1;1;1;1;3;820;17/03/2016
2016035071;5;2;3;1;3;820;01/03/2016
2016035072;1;2;1;1;3;820;15/02/2016
2016035073;2;2;1;1;6;820;19/02/2016
2016035074;1;1;1;1;2;820;20/02/2016
2016035075;1;2;1;1;6;820;11/03/2016
2016035076;5;2;2;1;3;820;20/03/2016
2016035077;1;2;2;1;3;820;28/04/2016
2016035078;1;2;3;1;3;820;03/05/2016
2016035079;1;2;3;1;3;820;07/05/2016
2016035080;1;1;3;1;1;820;04/05/2016
2016035081;1;2;1;1;6;820;20/05/2016
2016035082;1;1;3;1;3;820;17/05/2016
2016035083;1;2;1;7;6;820;27/05/2016
2016035084;1;2;1;1;3;820;28/05/2016
2016035085;5;2;2;1;3;820;07/06/2016
2016035086;1;2;3;1;3;820;04/06/2016
2016035087;1;1;2;1;3;820;23/06/2016
2016035088;3;1;1;1;6;820;04/07/2016
2016035089;1;2;3;1;6;820;12/07/2016
2016035090;1;2;3;1;3;820;23/08/2016
2016035091;1;2;1;1;7;820;19/08/2016
2016035092;1;1;1;1;3;820;21/08/2016
2016035093;1;1;1;2;5;820;14/10/2016
2016035094;1;2;1;1;1;820;29/08/2016
2016035095;1;2;1;1;6;820;06/09/2016
2016035096;1;2;1;1;6;820;09/09/2016
2016035097;1;2;3;1;3;820;27/09/2016
2016035098;1;2;6;1;3;820;03/10/2016
2016035099;1;1;2;1;3;820;04/10/2016
2016035100;2;2;1;1;6;820;14/10/2016
2016035101;5;2;2;1;3;820;26/10/2016
2016035102;1;1;1;1;4;830;21/01/2016
2016035103;1;2;3;1;3;830;24/01/2016
2016035104;1;2;1;1;6;830;03/02/2016
2016035105;1;1;1;1;1;830;22/03/2016
2016035106;1;1;1;1;6;830;10/04/2016
2016035107;1;2;3;1;3;830;29/03/2016
2016035108;1;1;9;1;3;830;14/04/2016
2016035109;1;2;1;1;1;830;20/04/2016
2016035110;1;2;1;1;6;830;21/04/2016
2016035111;1;2;1;1;3;830;29/04/2016
2016035112;1;2;1;1;2;830;07/05/2016
2016035113;1;2;6;1;6;830;18/05/2016
2016035114;1;2;1;1;6;830;24/05/2016
2016035115;1;1;1;1;2;830;03/06/2016
2016035116;1;2;2;1;1;830;12/07/2016
2016035117;1;2;1;1;6;830;12/07/2016
2016035118;1;2;6;1;3;830;28/07/2016
2016035119;1;1;1;1;6;830;26/07/2016
2016035120;1;2;3;1;3;830;09/08/2016
2016035121;1;2;1;1;1;830;23/08/2016
2016035122;1;2;2;1;2;830;24/08/2016
2016035123;1;1;6;1;3;830;05/09/2016
2016035124;1;2;1;1;6;830;20/10/2016
2016035125;1;2;1;1;5;830;01/11/2016
2016035126;1;2;1;1;6;830;23/11/2016
2016035127;1;2;1;1;6;830;28/11/2016
2016035128;1;2;3;1;3;830;12/12/2016
2016035129;1;2;1;1;6;830;30/01/2016
2016035130;5;2;1;1;6;830;08/05/2016
2016035131;1;2;1;1;2;830;25/05/2016
2016035132;1;2;1;1;6;830;11/06/2016
2016035133;1;2;1;1;1;830;24/06/2016
2016035134;1;2;1;1;1;830;29/06/2016
2016035135;1;1;1;1;1;830;12/07/2016
2016035136;1;2;1;1;3;830;04/08/2016
2016035137;1;2;1;1;2;830;22/08/2016
2016035138;5;2;6;1;3;830;12/08/2016
2016035139;1;2;1;1;6;830;02/09/2016
2016035140;1;1;3;1;6;830;28/09/2016
2016035141;1;2;1;1;3;830;24/09/2016
2016035142;5;2;3;1;3;830;30/09/2016
2016035143;1;2;1;1;6;830;08/10/2016
2016035144;1;2;1;1;6;830;11/10/2016
2016035145;1;2;1;1;3;830;22/10/2016
2016035146;1;2;3;1;3;830;28/10/2016
2016035147;3;1;1;1;1;830;11/11/2016
2016035148;5;1;1;3;3;830;24/11/2016
2016035149;1;2;8;7;6;830;25/11/2016
2016035150;2;2;1;1;6;830;15/01/2016
2016035151;1;1;1;1;3;830;30/01/2016
2016035152;3;1;1;1;7;830;30/01/2016
2016035153;1;2;6;1;6;830;05/02/2016
2016035154;1;1;1;1;5;830;04/02/2016
2016035155;1;2;1;1;6;830;08/02/2016
2016035156;1;2;1;8;5;830;12/02/2016
2016035157;5;2;1;1;6;830;08/03/2016
2016035158;1;2;1;1;2;830;24/04/2016
2016035159;1;2;1;1;6;830;30/04/2016
2016035160;1;1;1;1;6;830;06/05/2016
2016035161;1;2;3;1;2;830;14/05/2016
2016035162;1;2;9;1;7;830;14/05/2016
2016035163;3;1;1;1;6;830;16/05/2016
2016035164;1;2;1;1;5;830;13/05/2016
2016035165;1;1;1;1;5;830;21/05/2016
2016035166;2;1;1;1;7;830;11/06/2016
2016035167;1;1;1;1;3;830;11/06/2016
2016035168;1;2;1;1;1;830;12/06/2016
2016035169;5;1;6;1;6;830;24/06/2016
2016035170;5;2;1;1;2;830;26/06/2016
2016035171;3;1;1;1;2;830;06/07/2016
2016035172;1;1;1;1;1;830;08/07/2016
2016035173;3;2;1;1;1;830;13/07/2016
2016035174;3;1;1;1;1;830;14/07/2016
2016035175;1;1;1;1;1;830;29/07/2016
2016035176;3;2;1;1;1;830;16/08/2016
2016035177;1;2;6;1;3;830;16/08/2016
2016035178;5;1;1;1;5;830;21/08/2016
2016035179;1;1;1;1;4;830;21/08/2016
2016035180;5;1;1;1;6;830;28/08/2016
2016035181;1;1;1;1;3;830;04/09/2016
2016035182;1;2;1;1;6;830;06/09/2016
2016035183;1;1;1;1;3;830;19/09/2016
2016035184;5;1;1;1;3;830;27/09/2016
2016035185;5;2;1;1;1;830;30/09/2016
2016035186;5;2;8;1;3;830;01/10/2016
2016035187;5;2;7;1;7;830;01/10/2016
2016035188;1;2;1;1;2;830;18/10/2016
2016035189;1;2;1;2;6;830;23/10/2016
2016035190;1;2;3;1;3;830;27/10/2016
2016035191;1;2;1;1;5;830;19/10/2016
2016035192;1;2;1;1;6;830;27/10/2016
2016035193;2;2;1;1;2;830;09/11/2016
2016035194;3;1;1;1;7;830;19/11/2016
2016035195;1;2;2;1;1;830;03/10/2016
2016035196;1;2;6;2;6;830;25/11/2016
2016035197;5;2;1;1;2;830;04/12/2016
2016035198;5;1;1;1;7;830;10/12/2016
2016035199;5;2;1;1;1;830;02/12/2016
2016035200;3;1;1;6;6;830;19/12/2016
2016035201;5;1;1;1;2;830;23/12/2016
2016035202;1;2;1;1;6;830;05/01/2016
2016035203;5;2;3;1;3;830;08/01/2016
2016035204;1;2;1;1;6;830;04/01/2016
2016035205;5;2;6;1;6;830;10/01/2016
2016035206;1;2;1;1;2;830;21/01/2016
2016035207;1;2;1;8;2;830;19/01/2016
2016035208;5;2;2;1;3;830;31/01/2016
2016035209;1;2;1;1;5;830;05/02/2016
2016035210;1;2;1;1;2;830;17/02/2016
2016035211;5;2;1;1;3;830;05/03/2016
2016035212;5;2;1;1;3;830;09/03/2016
2016035213;1;1;1;1;1;830;18/03/2016
2016035214;1;2;1;1;6;830;17/03/2016
2016035215;1;2;1;1;6;830;15/03/2016
2016035216;1;2;1;8;3;830;01/04/2016
2016035217;1;2;1;1;2;830;13/04/2016
2016035218;1;1;6;1;1;830;11/04/2016
2016035219;5;2;1;1;7;830;17/04/2016
2016035220;1;2;1;1;3;830;10/05/2016
2016035221;1;2;6;1;3;830;26/05/2016
2016035222;1;1;1;1;3;830;30/05/2016
2016035223;1;2;1;1;6;830;09/06/2016
2016035224;1;2;1;1;3;830;10/06/2016
2016035225;1;2;2;1;3;830;17/06/2016
2016035226;5;2;1;1;6;830;18/06/2016
2016035227;1;2;1;1;4;830;19/06/2016
2016035228;3;2;1;1;1;830;09/07/2016
2016035229;1;2;1;7;6;830;08/07/2016
2016035230;1;2;1;1;6;830;12/07/2016