num_acc;lum;agg;inter;atm;col;dep;date
2016036384;1;1;6;3;3;900;05/04/2016
2016036385;1;2;1;1;6;900;22/04/2016
2016036386;1;2;1;1;6;900;28/04/2016
2016036387;1;2;1;1;3;900;29/04/2016
2016036388;1;2;1;1;2;900;04/05/2016
2016036389;1;1;1;1;1;900;15/05/2016
2016036390;1;2;1;1;2;900;17/05/2016
2016036391;2;2;1;1;6;900;16/05/2016
2016036392;1;2;1;1;7;900;28/04/2016
2016036393;1;2;1;1;3;900;05/05/2016
2016036394;1;2;1;1;2;900;18/05/2016
2016036395;1;2;2;1;3;900;07/05/2016
2016036396;1;2;1;1;3;900;28/05/2016
2016036397;1;2;1;2;1;900;30/05/2016
2016036398;1;2;6;3;1;900;31/05/2016
2016036399;5;2;1;8;1;900;13/06/2016
2016036400;1;2;1;1;1;900;03/07/2016
2016036401;5;2;3;1;5;900;03/07/2016
2016036402;5;2;1;1;3;900;08/07/2016
2016036403;1;2;1;2;2;900;14/07/2016
2016036404;1;1;1;1;1;900;21/07/2016
2016036405;1;2;1;1;6;900;15/08/2016
2016036406;1;2;1;1;6;900;24/08/2016
2016036407;1;2;1;1;6;900;06/09/2016
2016036408;1;2;1;1;6;900;09/09/2016
2016036409;1;2;1;1;6;900;29/08/2016
2016036410;1;2;1;1;3;900;12/09/2016
2016036411;1;2;1;1;3;900;08/09/2016
2016036412;1;2;1;1;6;900;21/09/2016
2016036413;5;2;1;1;6;900;27/09/2016
2016036414;1;2;1;1;1;900;30/09/2016
2016036415;1;2;1;3;2;900;01/10/2016
2016036416;3;2;1;1;1;900;11/10/2016
2016036417;3;2;1;2;6;900;10/11/2016
2016036418;1;2;1;1;6;900;08/12/2016
2016036419;5;2;1;1;3;900;10/12/2016
2016036420;3;1;1;5;7;900;17/12/2016
2016036421;1;2;1;1;6;910;01/01/2016
2016036422;1;2;1;1;1;910;12/01/2016
2016036423;1;2;1;1;6;910;12/01/2016
2016036424;5;2;1;2;6;910;13/01/2016
2016036425;1;1;1;9;6;910;16/01/2016
2016036426;1;2;1;3;2;910;22/01/2016
2016036427;5;2;1;2;2;910;23/01/2016
2016036428;1;2;3;1;3;910;26/01/2016
2016036429;3;1;1;1;6;910;26/01/2016
2016036430;1;2;3;1;6;910;29/01/2016
2016036431;5;2;3;2;2;910;30/01/2016
2016036432;1;2;1;1;3;910;31/01/2016
2016036433;3;1;1;2;6;910;01/02/2016
2016036434;1;2;1;1;3;910;04/02/2016
2016036435;1;2;1;1;2;910;05/02/2016
2016036436;1;2;1;1;6;910;06/02/2016
2016036437;5;1;1;2;4;910;07/02/2016
2016036438;1;2;4;1;6;910;11/02/2016
2016036439;1;2;1;2;6;910;12/02/2016
2016036440;1;2;1;1;6;910;19/02/2016
2016036441;1;2;1;1;2;910;19/02/2016
2016036442;5;2;1;1;7;910;19/02/2016
2016036443;1;2;1;2;6;910;20/02/2016
2016036444;3;1;1;1;2;910;23/02/2016
2016036445;1;2;1;1;3;910;24/02/2016
2016036446;1;2;1;1;3;910;26/02/2016
2016036447;1;2;1;2;3;910;01/03/2016
2016036448;3;2;1;1;7;910;03/03/2016
2016036449;1;1;1;1;3;910;07/03/2016
2016036450;1;2;1;1;6;910;08/03/2016
2016036451;1;2;1;1;2;910;10/03/2016
2016036452;4;2;1;1;6;910;11/03/2016
2016036453;1;2;2;1;2;910;12/03/2016
2016036454;5;2;1;1;2;910;23/03/2016
2016036455;1;2;1;1;7;910;25/03/2016
2016036456;1;2;1;1;6;910;26/03/2016
2016036457;1;1;1;2;4;910;30/03/2016
2016036458;1;2;1;1;6;910;30/03/2016
2016036459;1;2;1;1;6;910;05/04/2016
2016036460;1;2;6;1;7;910;07/04/2016
2016036461;1;2;1;1;5;910;14/04/2016
2016036462;1;2;1;1;2;910;16/04/2016
2016036463;1;2;1;1;2;910;18/04/2016
2016036464;1;1;1;1;3;910;27/04/2016
2016036465;1;2;1;1;1;910;28/04/2016
2016036466;1;2;1;1;2;910;29/04/2016
2016036467;1;2;1;1;2;910;02/05/2016
2016036468;1;2;2;1;3;910;05/05/2016
2016036469;1;2;3;1;1;910;08/05/2016
2016036470;1;1;1;2;4;910;11/05/2016
2016036471;1;2;1;2;2;910;11/05/2016
2016036472;1;2;1;1;3;910;12/05/2016
2016036473;5;2;1;1;3;910;14/05/2016
2016036474;1;1;1;1;7;910;15/05/2016
2016036475;5;1;1;1;3;910;17/05/2016
2016036476;1;2;1;1;6;910;20/05/2016
2016036477;1;2;2;1;6;910;20/05/2016
2016036478;1;2;1;1;6;910;24/05/2016
2016036479;1;2;1;1;6;910;26/05/2016
2016036480;1;2;1;2;6;910;01/06/2016
2016036481;1;2;1;1;3;910;03/06/2016
2016036482;1;2;1;1;2;910;05/06/2016
2016036483;1;2;1;1;7;910;07/06/2016
2016036484;1;2;1;1;6;910;08/06/2016
2016036485;1;2;1;1;3;910;08/06/2016
2016036486;1;1;1;1;7;910;09/06/2016
2016036487;1;2;1;1;3;910;09/06/2016
2016036488;1;2;1;2;2;910;13/06/2016
2016036489;1;2;1;2;4;910;20/06/2016
2016036490;1;1;1;1;3;910;23/06/2016
2016036491;1;1;1;1;3;910;24/06/2016
2016036492;1;1;1;1;2;910;25/06/2016
2016036493;1;2;3;2;3;910;27/06/2016
2016036494;1;2;1;1;2;910;05/07/2016
2016036495;1;2;1;1;2;910;05/07/2016
2016036496;5;2;3;1;3;910;08/07/2016
2016036497;3;2;2;1;3;910;10/07/2016
2016036498;1;2;1;1;7;910;21/07/2016
2016036499;1;2;1;1;6;910;28/07/2016
2016036500;1;2;1;2;3;910;02/08/2016
2016036501;1;2;1;1;2;910;03/08/2016
2016036502;1;2;1;1;6;910;05/08/2016
2016036503;1;2;1;1;5;910;09/08/2016
2016036504;1;2;3;1;1;910;13/08/2016
2016036505;1;2;1;1;7;910;22/08/2016
2016036506;1;1;4;1;3;910;22/08/2016
2016036507;1;2;1;2;4;910;29/08/2016
2016036508;1;2;1;1;6;910;07/09/2016
2016036509;1;2;3;1;3;910;13/09/2016
2016036510;1;1;1;1;6;910;13/09/2016
2016036511;1;2;1;1;3;910;13/09/2016
2016036512;1;2;1;1;3;910;26/09/2016
2016036513;1;1;6;1;7;910;26/09/2016
2016036514;5;2;1;2;6;910;30/09/2016
2016036515;1;2;4;1;6;910;01/10/2016
2016036516;3;1;1;1;5;910;02/10/2016
2016036517;5;2;1;2;4;910;11/10/2016
2016036518;1;2;1;1;6;910;12/10/2016
2016036519;5;1;2;1;2;910;15/10/2016
2016036520;1;2;1;1;1;910;16/10/2016
2016036521;1;1;1;1;5;910;19/10/2016
2016036522;1;1;6;1;3;910;23/10/2016
2016036523;3;1;1;5;3;910;25/10/2016
2016036524;1;1;3;2;3;910;04/11/2016
2016036525;3;2;1;2;6;910;05/11/2016
2016036526;1;1;1;2;7;910;29/10/2016
2016036527;2;2;1;1;6;910;07/11/2016
2016036528;1;1;1;1;3;910;08/11/2016
2016036529;5;2;1;1;6;910;10/11/2016
2016036530;1;2;1;1;4;910;11/11/2016
2016036531;1;2;1;2;2;910;13/11/2016
2016036532;1;2;1;1;6;910;19/11/2016
2016036533;5;1;1;2;2;910;21/11/2016
2016036534;5;2;3;1;2;910;25/11/2016
2016036535;3;2;3;1;7;910;26/11/2016
2016036536;3;1;6;1;3;910;28/11/2016
2016036537;1;2;1;1;6;910;29/11/2016
2016036538;1;2;1;1;4;910;30/11/2016
2016036539;1;2;1;1;6;910;03/12/2016
2016036540;5;1;1;1;4;910;07/12/2016
2016036541;1;2;1;1;1;910;09/12/2016
2016036542;1;2;1;1;3;910;14/12/2016
2016036543;3;1;1;2;7;910;15/12/2016
2016036544;5;2;2;2;1;910;15/12/2016
2016036545;2;2;1;1;6;910;16/12/2016
2016036546;3;2;1;1;1;910;18/12/2016
2016036547;1;1;1;1;6;910;21/12/2016
2016036548;1;2;1;2;2;910;26/12/2016
2016036549;2;2;1;1;2;910;29/12/2016
2016036550;5;2;1;1;6;910;29/12/2016
2016036551;1;2;1;1;6;910;23/12/2016
2016036552;5;2;2;1;2;910;20/10/2016
2016036553;2;2;2;2;3;910;14/10/2016
2016036554;1;2;2;1;3;910;30/10/2016
2016036555;1;2;2;1;3;910;10/07/2016
2016036556;5;2;1;1;2;910;29/09/2016
2016036557;5;2;1;1;6;910;11/12/2016
2016036558;5;2;1;1;2;910;09/10/2016
2016036559;1;2;2;1;3;910;08/01/2016
2016036560;5;2;1;2;6;910;11/01/2016
2016036561;5;2;1;1;6;910;12/01/2016
2016036562;1;2;1;1;5;910;23/01/2016
2016036563;1;2;1;1;5;910;28/01/2016
2016036564;1;2;1;1;6;910;03/02/2016
2016036565;5;2;6;1;5;910;20/12/2016
2016036566;5;1;1;2;6;910;08/02/2016
2016036567;1;1;2;1;3;910;11/02/2016
2016036568;1;2;1;1;2;910;11/02/2016
2016036569;1;2;1;1;4;910;19/02/2016
2016036570;5;1;1;1;2;910;02/03/2016
2016036571;5;2;1;1;1;910;03/03/2016
2016036572;1;2;1;1;2;910;04/03/2016
2016036573;1;2;1;1;2;910;08/03/2016
2016036574;1;1;1;1;6;910;17/03/2016
2016036575;1;2;1;1;2;910;28/03/2016
2016036576;1;2;1;1;1;910;05/04/2016
2016036577;1;2;3;1;3;910;18/04/2016
2016036578;1;2;7;1;3;910;26/04/2016
2016036579;5;2;1;1;2;910;28/03/2016
2016036580;1;2;1;1;2;910;03/05/2016
2016036581;1;2;1;1;2;910;03/05/2016
2016036582;1;2;1;1;6;910;05/05/2016
2016036583;1;2;1;2;6;910;10/05/2016
2016036584;1;2;6;1;7;910;12/05/2016
2016036585;1;2;1;1;6;910;13/05/2016
2016036586;1;1;1;1;3;910;14/05/2016
2016036587;1;2;1;1;6;910;17/05/2016
2016036588;1;1;1;1;6;910;19/05/2016
2016036589;1;2;1;3;2;910;23/05/2016
2016036590;1;1;1;1;6;910;10/02/2016
2016036591;1;2;1;3;6;910;28/05/2016
2016036592;1;1;5;1;3;910;30/05/2016
2016036593;1;2;2;2;3;910;03/06/2016
2016036594;1;2;1;1;4;910;07/06/2016
2016036595;1;2;1;1;2;910;08/06/2016
2016036596;1;1;1;1;5;910;10/06/2016
2016036597;1;2;1;3;6;910;11/06/2016
2016036598;2;2;2;8;3;910;11/06/2016
2016036599;2;2;7;2;2;910;17/06/2016
2016036600;1;2;6;1;2;910;16/06/2016
2016036601;1;2;1;1;6;910;16/06/2016
2016036602;1;2;1;1;6;910;19/06/2016
2016036603;5;2;1;1;6;910;25/06/2016
2016036604;1;1;1;1;3;910;26/06/2016
2016036605;5;2;1;1;6;910;27/06/2016
2016036606;1;2;2;1;3;910;28/06/2016
2016036607;5;2;1;2;3;910;02/07/2016
2016036608;1;2;1;1;4;910;07/07/2016
2016036609;1;1;1;1;6;910;09/07/2016
2016036610;1;2;1;2;2;910;29/07/2016
2016036611;1;1;6;1;1;910;27/04/2016
2016036612;1;1;1;1;3;910;07/09/2016
2016036613;1;1;1;1;2;910;14/09/2016
2016036614;1;1;1;1;2;910;14/09/2016
2016036615;1;2;1;1;1;910;14/09/2016
2016036616;1;2;1;1;6;910;20/09/2016
2016036617;5;2;1;1;2;910;24/09/2016
2016036618;1;2;1;2;2;910;25/09/2016
2016036619;1;2;6;1;1;910;26/09/2016
2016036620;1;2;1;1;6;910;03/10/2016
2016036621;1;2;1;1;1;910;02/10/2016
2016036622;1;2;1;1;6;910;22/09/2016
2016036623;3;2;1;1;2;910;08/10/2016
2016036624;1;2;1;1;7;910;01/09/2016
2016036625;1;1;1;1;1;910;12/10/2016
2016036626;5;2;3;2;3;910;20/11/2016
2016036627;5;2;1;1;2;910;21/11/2016
2016036628;1;2;1;1;3;910;22/11/2016
2016036629;1;2;1;8;6;910;26/11/2016
2016036630;5;1;6;1;2;910;05/12/2016
2016036631;1;2;1;1;6;910;14/12/2016
2016036632;5;2;3;1;5;910;20/10/2016
2016036633;2;2;1;1;3;910;13/09/2016
2016036634;1;1;2;1;3;910;30/12/2016
2016036635;2;2;1;1;3;910;05/12/2016
2016036636;1;2;1;1;6;910;15/02/2016
2016036637;1;1;1;1;6;910;01/01/2016
2016036638;5;2;3;1;5;910;08/01/2016
2016036639;1;1;1;1;6;910;26/01/2016
2016036640;1;2;1;1;1;910;04/01/2016
2016036641;1;2;2;2;6;910;02/08/2016
2016036642;1;2;1;1;3;910;17/05/2016
2016036643;3;2;6;1;6;910;10/09/2016
2016036644;1;2;1;1;6;910;04/01/2016
2016036645;5;2;2;1;3;910;07/01/2016
2016036646;5;2;1;1;6;910;08/01/2016
2016036647;1;2;3;1;2;910;09/01/2016
2016036648;1;2;2;1;3;910;18/01/2016
2016036649;5;2;2;8;6;910;26/01/2016
2016036650;1;2;1;1;6;910;29/01/2016
2016036651;1;2;2;1;1;910;30/01/2016
2016036652;3;2;1;8;6;910;04/02/2016
2016036653;1;2;2;2;3;910;14/02/2016
2016036654;5;2;1;1;6;910;19/02/2016
2016036655;1;2;5;1;1;910;20/02/2016
2016036656;1;2;2;2;2;910;01/03/2016
2016036657;1;1;1;1;3;910;04/03/2016
2016036658;5;1;1;1;2;910;05/03/2016
2016036659;1;2;1;1;5;910;08/03/2016
2016036660;1;2;4;7;3;910;12/03/2016
2016036661;1;2;1;1;6;910;19/03/2016
2016036662;1;2;1;1;6;910;20/03/2016
2016036663;1;2;1;8;6;910;28/03/2016
2016036664;1;2;5;1;3;910;01/04/2016
2016036665;1;2;3;1;3;910;02/04/2016
2016036666;1;2;1;1;6;910;02/04/2016
2016036667;1;2;1;1;6;910;05/04/2016
2016036668;1;2;1;1;6;910;06/04/2016
2016036669;1;2;9;1;4;910;10/04/2016
2016036670;1;2;1;1;2;910;10/04/2016
2016036671;1;2;3;1;3;910;12/04/2016
2016036672;1;2;1;7;6;910;18/04/2016
2016036673;1;2;1;1;2;910;23/04/2016
2016036674;1;2;1;2;3;910;10/05/2016
2016036675;1;2;7;1;1;910;14/05/2016
2016036676;1;2;1;1;6;910;24/05/2016
2016036677;1;2;1;2;1;910;29/05/2016
2016036678;1;2;1;1;6;910;08/06/2016
2016036679;1;2;1;1;6;910;10/06/2016
2016036680;5;2;2;1;5;910;14/06/2016
2016036681;1;2;2;1;6;910;18/06/2016
2016036682;5;2;1;1;6;910;22/06/2016
2016036683;1;2;6;1;3;910;28/06/2016
2016036684;2;2;1;1;3;910;09/07/2016
2016036685;1;2;1;7;6;910;09/07/2016
2016036686;1;2;1;1;3;910;10/07/2016
2016036687;1;2;1;7;4;910;10/07/2016
2016036688;1;2;1;1;7;910;15/07/2016
2016036689;1;1;1;1;6;910;18/07/2016
2016036690;1;2;1;1;6;910;19/07/2016
2016036691;1;2;1;1;2;910;20/07/2016
2016036692;1;2;1;1;3;910;27/07/2016
2016036693;1;2;2;1;2;910;28/07/2016
2016036694;1;2;1;1;6;910;19/08/2016
2016036695;1;2;1;1;6;910;31/08/2016
2016036696;1;2;2;1;3;910;31/08/2016
2016036697;1;2;6;1;3;910;03/09/2016
2016036698;3;2;1;1;6;910;19/09/2016
2016036699;1;2;3;1;3;910;27/09/2016
2016036700;5;2;6;2;3;910;14/10/2016
2016036701;5;2;1;2;6;910;15/10/2016
2016036702;1;2;2;1;3;910;21/10/2016
2016036703;1;2;3;1;6;910;17/11/2016
2016036704;5;2;1;2;7;910;23/11/2016
2016036705;1;2;2;1;3;910;24/11/2016
2016036706;1;2;1;8;3;910;25/11/2016
2016036707;5;2;2;1;3;910;25/11/2016
2016036708;1;2;1;1;6;910;02/12/2016
2016036709;1;2;4;1;3;910;09/12/2016
2016036710;1;2;1;1;2;910;16/12/2016
2016036711;3;2;1;2;2;910;07/01/2016
2016036712;5;2;1;1;6;910;08/01/2016
2016036713;1;2;1;1;7;910;08/01/2016
2016036714;1;2;1;1;1;910;08/01/2016
2016036715;1;1;1;1;7;910;09/01/2016
2016036716;1;2;1;1;1;910;12/01/2016
2016036717;3;1;1;1;6;910;13/01/2016
2016036718;1;1;1;1;7;910;16/01/2016
2016036719;1;1;1;1;1;910;16/01/2016
2016036720;1;2;1;1;6;910;29/01/2016
2016036721;5;2;1;1;5;910;31/01/2016
2016036722;1;1;1;1;1;910;07/02/2016
2016036723;1;2;7;1;6;910;09/02/2016
2016036724;1;1;1;1;3;910;14/02/2016
2016036725;1;2;1;1;2;910;16/02/2016
2016036726;5;2;3;9;3;910;25/02/2016
2016036727;1;2;1;1;1;910;25/02/2016
2016036728;1;1;1;1;6;910;29/02/2016
2016036729;1;2;1;1;2;910;29/02/2016
2016036730;1;2;1;1;6;910;29/02/2016
2016036731;1;1;6;1;3;910;03/03/2016
2016036732;3;1;1;2;6;910;05/03/2016
2016036733;3;1;1;1;6;910;05/03/2016
2016036734;1;2;1;1;6;910;05/03/2016
2016036735;5;1;1;1;2;910;12/03/2016
2016036736;2;2;1;1;6;910;18/03/2016
2016036737;1;2;1;1;6;910;19/03/2016
2016036738;1;1;1;1;6;910;20/03/2016
2016036739;1;1;1;1;4;910;23/03/2016
2016036740;1;1;1;1;6;910;25/03/2016
2016036741;1;2;1;1;2;910;03/04/2016
2016036742;1;2;2;1;6;910;03/04/2016
2016036743;1;2;1;1;7;910;05/04/2016
2016036744;1;2;1;1;6;910;05/04/2016
2016036745;5;2;1;2;1;910;09/04/2016
2016036746;1;2;1;1;6;910;16/04/2016
2016036747;1;2;3;1;1;910;18/04/2016
2016036748;1;1;1;1;7;910;19/04/2016
2016036749;1;1;2;1;3;910;28/04/2016
2016036750;1;2;1;1;6;910;01/05/2016
2016036751;1;1;1;1;7;910;01/05/2016
2016036752;1;1;1;1;3;910;10/05/2016
2016036753;1;2;1;1;6;910;15/05/2016
2016036754;5;2;1;1;2;910;16/05/2016
2016036755;1;2;1;1;2;910;19/05/2016
2016036756;3;1;1;2;3;910;23/05/2016
2016036757;1;2;6;2;7;910;23/05/2016
2016036758;1;2;1;2;7;910;28/05/2016
2016036759;1;1;6;2;7;910;31/05/2016
2016036760;1;1;1;1;5;910;02/06/2016
2016036761;2;2;1;1;6;910;04/06/2016
2016036762;1;1;1;1;7;910;09/06/2016
2016036763;1;1;6;1;1;910;10/06/2016
2016036764;1;2;1;1;6;910;12/06/2016
2016036765;1;1;1;1;7;910;14/06/2016
2016036766;1;2;6;1;3;910;15/06/2016
2016036767;1;1;2;1;3;910;21/06/2016
2016036768;3;1;1;1;2;910;25/06/2016
2016036769;2;2;1;3;6;910;26/06/2016
2016036770;1;2;1;1;6;910;09/07/2016
2016036771;1;2;1;1;2;910;11/07/2016
2016036772;5;2;9;1;6;910;12/07/2016
2016036773;1;2;3;1;3;910;22/07/2016
2016036774;1;2;1;1;6;910;24/07/2016
2016036775;1;2;1;1;6;910;25/07/2016
2016036776;1;2;1;1;7;910;02/08/2016
2016036777;1;2;1;1;2;910;05/08/2016
2016036778;1;2;1;1;3;910;27/08/2016
2016036779;1;1;2;1;3;910;28/08/2016
2016036780;1;2;1;1;5;910;06/09/2016
2016036781;1;2;1;1;7;910;14/09/2016
2016036782;1;2;6;1;2;910;22/09/2016
2016036783;1;2;1;2;1;910;24/09/2016
2016036784;1;2;1;1;4;910;28/09/2016
2016036785;1;2;1;1;3;910;29/09/2016
2016036786;5;2;1;1;6;910;29/09/2016
2016036787;1;2;1;1;2;910;05/10/2016
2016036788;1;2;6;1;3;910;09/10/2016
2016036789;1;1;1;1;1;910;19/10/2016
2016036790;1;2;2;1;1;910;23/10/2016
2016036791;1;2;1;1;3;910;29/10/2016
2016036792;3;1;1;1;3;910;03/11/2016
2016036793;1;2;6;2;3;910;10/11/2016
2016036794;1;2;4;2;3;910;12/11/2016
2016036795;1;1;1;1;3;910;16/11/2016
2016036796;5;2;1;1;6;910;25/11/2016
2016036797;1;1;6;1;2;910;26/11/2016
2016036798;1;2;1;1;6;910;28/11/2016
2016036799;5;2;1;1;7;910;04/12/2016
2016036800;1;2;1;1;6;910;07/12/2016
2016036801;1;2;6;1;2;910;10/12/2016
2016036802;1;2;1;1;6;910;14/12/2016
2016036803;1;2;1;1;6;910;28/12/2016
2016036804;1;1;1;1;6;910;29/12/2016
2016036805;5;2;1;1;6;910;03/02/2016
2016036806;1;1;1;1;4;910;30/03/2016
2016036807;1;2;1;1;6;910;23/08/2016
2016036808;1;2;1;1;3;910;16/11/2016
2016036809;1;2;1;1;6;910;15/01/2016
2016036810;1;2;1;2;6;910;01/03/2016
2016036811;1;2;1;1;2;910;08/03/2016
2016036812;5;2;1;1;6;910;27/02/2016
2016036813;1;2;1;1;6;910;15/02/2016
2016036814;1;2;1;1;6;910;29/03/2016
2016036815;1;2;1;1;6;910;01/04/2016
2016036816;5;2;2;2;3;910;22/05/2016
2016036817;1;2;1;1;1;910;24/06/2016
2016036818;5;2;1;1;2;910;06/04/2016
2016036819;5;2;1;1;6;910;09/04/2016
2016036820;3;1;1;1;1;910;13/09/2016
2016036821;1;2;1;1;1;910;02/09/2016
2016036822;1;2;1;1;6;910;28/09/2016
2016036823;1;2;1;1;6;910;11/12/2016
2016036824;2;2;1;1;6;910;24/10/2016
2016036825;3;2;1;2;1;910;02/01/2016
2016036826;1;2;1;1;6;910;06/01/2016
2016036827;1;2;6;2;3;910;14/01/2016
2016036828;1;2;7;2;3;910;22/01/2016
2016036829;1;2;2;1;4;910;25/01/2016
2016036830;1;2;3;8;3;910;26/01/2016
2016036831;1;2;1;2;6;910;27/01/2016
2016036832;1;2;1;1;2;910;05/02/2016
2016036833;5;1;1;3;6;910;09/02/2016
2016036834;1;2;7;1;6;910;18/03/2016
2016036835;5;2;1;1;6;910;19/03/2016
2016036836;1;2;1;1;3;910;21/03/2016
2016036837;1;2;3;1;2;910;25/03/2016
2016036838;1;2;1;1;1;910;22/03/2016
2016036839;1;2;1;3;6;910;31/03/2016
2016036840;1;2;2;1;6;910;04/04/2016
2016036841;1;2;1;1;3;910;09/04/2016
2016036842;1;2;3;1;2;910;20/04/2016
2016036843;1;2;1;1;2;910;27/04/2016
2016036844;1;1;1;1;3;910;27/04/2016
2016036845;1;1;1;1;6;910;04/05/2016
2016036846;1;2;2;1;3;910;09/05/2016
2016036847;1;2;1;2;6;910;10/05/2016
2016036848;1;2;1;2;3;910;10/05/2016
2016036849;1;2;1;1;6;910;12/05/2016
2016036850;1;2;1;2;3;910;18/05/2016
2016036851;1;2;1;3;6;910;22/05/2016
2016036852;1;2;1;3;6;910;23/05/2016
2016036853;1;1;1;2;1;910;31/05/2016
2016036854;1;2;1;2;4;910;31/05/2016
2016036855;1;2;6;1;3;910;10/06/2016
2016036856;1;1;1;1;2;910;29/06/2016
2016036857;1;2;2;1;6;910;02/07/2016
2016036858;1;2;1;1;6;910;05/07/2016
2016036859;5;2;1;1;4;910;11/07/2016
2016036860;1;2;1;2;2;910;12/07/2016
2016036861;1;1;1;1;7;910;13/07/2016
2016036862;1;2;1;1;3;910;20/07/2016
2016036863;1;2;1;1;5;910;13/09/2016
2016036864;3;1;1;1;1;910;18/09/2016
2016036865;5;2;2;1;3;910;21/09/2016
2016036866;2;2;3;1;3;910;21/08/2016
2016036867;1;2;2;1;3;910;01/10/2016
2016036868;1;2;1;1;2;910;28/10/2016
2016036869;1;2;1;2;3;910;10/01/2016
2016036870;1;1;1;1;6;910;15/01/2016
2016036871;5;2;1;1;6;910;22/01/2016
2016036872;1;2;6;8;3;910;03/02/2016
2016036873;1;1;3;1;3;910;06/02/2016
2016036874;1;2;1;3;6;910;09/02/2016
2016036875;1;2;6;2;3;910;18/02/2016
2016036876;1;2;1;2;6;910;04/03/2016
2016036877;1;2;6;2;3;910;11/04/2016
2016036878;1;2;1;1;6;910;18/04/2016
2016036879;1;1;1;1;6;910;29/04/2016
2016036880;1;2;1;1;6;910;04/05/2016
2016036881;1;1;1;1;2;910;08/05/2016
2016036882;1;2;1;2;6;910;12/05/2016
2016036883;1;1;1;1;3;910;17/05/2016
2016036884;1;2;2;1;3;910;19/05/2016
2016036885;1;2;1;8;6;910;06/06/2016
2016036886;1;2;1;1;6;910;10/06/2016
2016036887;1;2;1;1;4;910;21/06/2016
2016036888;1;2;1;1;1;910;28/07/2016
2016036889;1;2;1;1;6;910;09/08/2016
2016036890;1;2;3;2;3;910;05/09/2016
2016036891;1;2;1;1;6;910;08/09/2016
2016036892;1;1;1;1;3;910;24/09/2016
2016036893;1;1;1;1;3;910;26/09/2016
2016036894;1;2;3;1;6;910;30/09/2016
2016036895;1;2;2;1;3;910;04/10/2016
2016036896;1;2;1;2;6;910;07/11/2016
2016036897;1;2;1;1;3;910;19/11/2016
2016036898;5;2;1;1;4;910;23/11/2016
2016036899;1;2;1;1;6;910;26/11/2016
2016036900;5;2;1;1;2;910;27/11/2016
2016036901;1;2;1;1;6;910;03/12/2016
2016036902;3;1;1;1;1;910;09/12/2016
2016036903;1;2;6;8;6;910;13/12/2016
2016036904;1;2;9;1;6;910;14/12/2016
2016036905;2;2;1;3;6;910;22/12/2016
2016036906;1;2;1;1;1;910;27/12/2016
2016036907;5;2;2;1;3;910;26/12/2016
2016036908;1;2;1;1;2;910;20/12/2016
2016036909;5;2;1;1;2;910;11/01/2016
2016036910;4;2;1;1;6;910;17/01/2016
2016036911;1;2;1;1;3;910;18/01/2016
2016036912;2;2;1;1;3;910;07/01/2016
2016036913;5;2;1;1;3;910;20/01/2016
2016036914;5;2;6;1;6;910;07/01/2016
2016036915;1;2;1;1;2;910;21/01/2016
2016036916;2;2;1;1;2;910;04/01/2016
2016036917;5;2;1;1;6;910;26/01/2016
2016036918;1;2;1;1;2;910;25/01/2016
2016036919;5;2;1;1;6;910;14/01/2016
2016036920;1;1;1;1;2;910;29/02/2016
2016036921;1;2;1;1;6;910;01/03/2016
2016036922;5;2;1;1;6;910;14/03/2016
2016036923;5;2;1;1;2;910;07/03/2016
2016036924;5;2;3;1;6;910;31/01/2016
2016036925;1;2;1;1;6;910;02/02/2016
2016036926;1;2;1;1;2;910;13/04/2016
2016036927;1;1;1;2;5;910;26/04/2016
2016036928;3;1;1;1;2;910;28/04/2016
2016036929;1;2;3;1;3;910;21/04/2016
2016036930;1;2;1;1;2;910;04/05/2016
2016036931;1;2;6;1;2;910;03/04/2016
2016036932;4;1;1;1;6;910;06/04/2016
2016036933;2;2;1;1;2;910;06/05/2016
2016036934;1;2;1;1;6;910;09/05/2016
2016036935;1;2;3;1;3;910;16/05/2016
2016036936;1;2;1;1;6;910;27/05/2016
2016036937;1;1;1;1;4;910;03/06/2016
2016036938;1;2;1;2;4;910;03/06/2016
2016036939;1;2;4;1;3;910;13/06/2016
2016036940;3;1;1;1;2;910;18/06/2016
2016036941;1;1;1;1;6;910;18/06/2016
2016036942;1;1;1;1;2;910;22/06/2016
2016036943;1;2;6;1;2;910;03/07/2016
2016036944;5;2;1;1;4;910;08/07/2016
2016036945;1;1;1;1;2;910;20/05/2016
2016036946;5;2;2;1;3;910;17/06/2016
2016036947;2;2;1;1;6;910;22/07/2016
2016036948;1;2;6;1;6;910;22/07/2016
2016036949;1;2;6;1;6;910;24/07/2016
2016036950;1;2;1;1;6;910;01/08/2016
2016036951;5;2;1;1;6;910;04/08/2016
2016036952;1;2;1;1;1;910;21/05/2016
2016036953;5;1;1;1;2;910;22/05/2016
2016036954;1;2;1;1;7;910;26/05/2016
2016036955;1;2;2;1;6;910;19/06/2016
2016036956;1;2;3;1;3;910;09/07/2016
2016036957;1;2;5;1;4;910;26/08/2016
2016036958;1;2;3;1;3;910;10/08/2016
2016036959;1;2;1;1;2;910;28/08/2016