num_acc;lum;agg;inter;atm;col;dep;date
2016037536;5;2;1;1;6;920;25/09/2016
2016037537;2;2;1;1;3;920;26/09/2016
2016037538;1;2;3;1;3;920;28/09/2016
2016037539;1;2;1;1;5;920;29/09/2016
2016037540;1;2;1;1;3;920;29/09/2016
2016037541;5;2;1;1;6;920;03/10/2016
2016037542;1;2;2;1;2;920;03/10/2016
2016037543;1;2;1;1;2;920;04/10/2016
2016037544;5;2;1;1;3;920;04/10/2016
2016037545;1;2;1;1;5;920;06/10/2016
2016037546;5;2;1;1;6;920;08/10/2016
2016037547;1;2;2;1;6;920;08/10/2016
2016037548;1;2;1;1;3;920;09/10/2016
2016037549;5;2;1;1;2;920;11/10/2016
2016037550;1;2;1;1;3;920;11/10/2016
2016037551;1;2;1;1;6;920;11/10/2016
2016037552;1;2;1;1;5;920;12/10/2016
2016037553;1;2;1;1;5;920;13/10/2016
2016037554;1;2;1;1;2;920;17/10/2016
2016037555;1;2;1;1;6;920;18/10/2016
2016037556;1;2;1;8;6;920;19/10/2016
2016037557;1;2;1;8;3;920;19/10/2016
2016037558;1;2;1;1;3;920;20/10/2016
2016037559;5;2;1;1;3;920;20/10/2016
2016037560;1;2;2;1;3;920;21/10/2016
2016037561;5;2;1;2;6;920;24/10/2016
2016037562;1;2;2;2;3;920;24/10/2016
2016037563;1;2;1;1;6;920;24/10/2016
2016037564;1;2;1;1;3;920;27/10/2016
2016037565;1;2;1;1;6;920;27/10/2016
2016037566;1;2;2;1;3;920;27/10/2016
2016037567;1;2;1;1;6;920;27/10/2016
2016037568;1;2;1;1;3;920;28/10/2016
2016037569;1;2;2;7;3;920;01/11/2016
2016037570;1;2;7;1;3;920;01/11/2016
2016037571;5;2;1;2;6;920;04/11/2016
2016037572;5;2;1;1;7;920;04/11/2016
2016037573;5;2;1;1;6;920;05/11/2016
2016037574;1;2;1;1;6;920;08/11/2016
2016037575;5;2;1;1;2;920;08/11/2016
2016037576;5;2;1;2;4;920;08/11/2016
2016037577;1;2;1;2;6;920;09/11/2016
2016037578;1;2;1;2;6;920;10/11/2016
2016037579;5;2;1;2;6;920;15/11/2016
2016037580;5;2;3;1;3;920;18/11/2016
2016037581;5;2;1;1;3;920;19/11/2016
2016037582;1;2;2;1;3;920;19/11/2016
2016037583;5;2;1;1;6;920;19/11/2016
2016037584;5;2;2;1;3;920;24/11/2016
2016037585;1;2;1;1;6;920;30/11/2016
2016037586;5;2;1;1;2;920;30/11/2016
2016037587;1;2;1;1;6;920;14/11/2016
2016037588;5;2;1;1;3;920;02/12/2016
2016037589;1;2;1;1;7;920;05/12/2016
2016037590;1;2;1;1;3;920;07/12/2016
2016037591;5;2;1;2;6;920;12/12/2016
2016037592;1;2;1;8;6;920;13/12/2016
2016037593;1;2;3;1;3;920;14/12/2016
2016037594;2;2;6;1;6;920;15/12/2016
2016037595;1;2;1;1;6;920;15/12/2016
2016037596;1;2;1;1;6;920;18/12/2016
2016037597;5;2;1;1;6;920;20/12/2016
2016037598;1;2;3;1;5;920;19/12/2016
2016037599;5;2;2;2;3;920;21/12/2016
2016037600;5;2;3;1;6;920;04/01/2016
2016037601;2;2;2;2;3;920;11/01/2016
2016037602;1;2;3;1;3;920;19/01/2016
2016037603;5;2;1;2;6;920;07/02/2016
2016037604;1;2;3;2;6;920;09/02/2016
2016037605;2;2;1;8;6;920;12/02/2016
2016037606;5;2;3;2;6;920;14/02/2016
2016037607;1;2;2;1;7;920;17/02/2016
2016037608;1;2;1;1;3;920;20/02/2016
2016037609;2;2;2;1;3;920;20/02/2016
2016037610;5;2;3;1;3;920;10/03/2016
2016037611;1;2;1;1;6;920;12/04/2016
2016037612;5;2;3;1;3;920;12/04/2016
2016037613;1;2;9;1;3;920;19/04/2016
2016037614;5;2;1;1;7;920;24/04/2016
2016037615;1;2;3;1;6;920;04/05/2016
2016037616;1;2;2;1;6;920;04/05/2016
2016037617;1;2;6;1;3;920;16/05/2016
2016037618;1;2;1;1;6;920;19/05/2016
2016037619;2;2;2;1;6;920;31/05/2016
2016037620;1;2;1;1;2;920;03/06/2016
2016037621;5;2;1;1;6;920;10/07/2016
2016037622;1;2;3;1;3;920;16/07/2016
2016037623;5;2;3;1;6;920;28/08/2016
2016037624;1;2;3;2;3;920;05/09/2016
2016037625;1;2;3;1;3;920;08/09/2016
2016037626;1;2;6;1;3;920;08/09/2016
2016037627;5;2;1;1;2;920;13/09/2016
2016037628;3;2;1;1;6;920;16/09/2016
2016037629;1;2;1;1;3;920;23/09/2016
2016037630;2;2;2;1;3;920;04/10/2016
2016037631;1;2;2;1;3;920;16/10/2016
2016037632;5;2;1;2;6;920;25/10/2016
2016037633;5;2;1;1;2;920;19/10/2016
2016037634;5;2;1;1;6;920;31/10/2016
2016037635;1;2;6;2;7;920;04/11/2016
2016037636;1;2;9;1;2;920;15/11/2016
2016037637;5;2;1;6;3;920;22/11/2016
2016037638;1;2;2;1;3;920;19/11/2016
2016037639;2;2;1;1;3;920;19/11/2016
2016037640;1;2;9;1;3;920;25/11/2016
2016037641;5;2;1;1;3;920;27/11/2016
2016037642;1;2;1;1;6;920;01/12/2016
2016037643;1;2;6;1;2;920;14/12/2016
2016037644;1;2;1;1;6;920;17/12/2016
2016037645;5;2;1;1;6;920;29/12/2016
2016037646;5;2;1;2;5;920;03/01/2016
2016037647;5;2;1;2;6;920;05/01/2016
2016037648;5;2;1;1;2;920;08/01/2016
2016037649;5;2;2;2;3;920;30/12/2016
2016037650;5;2;1;4;7;920;31/12/2016
2016037651;5;2;1;1;3;920;08/01/2016
2016037652;1;2;1;1;6;920;15/01/2016
2016037653;5;2;1;1;2;920;20/01/2016
2016037654;1;2;1;1;2;920;22/01/2016
2016037655;1;2;1;1;6;920;22/01/2016
2016037656;5;2;1;1;3;920;03/02/2016
2016037657;3;2;1;1;6;920;28/01/2016
2016037658;5;2;1;2;6;920;09/02/2016
2016037659;1;2;1;1;3;920;08/02/2016
2016037660;1;2;1;2;3;920;11/02/2016
2016037661;5;2;1;1;2;920;11/02/2016
2016037662;1;2;1;1;3;920;24/02/2016
2016037663;5;2;1;1;3;920;26/02/2016
2016037664;5;2;1;1;2;920;12/02/2016
2016037665;5;2;1;1;6;920;14/02/2016
2016037666;1;2;1;1;3;920;17/02/2016
2016037667;1;2;1;1;3;920;19/02/2016
2016037668;5;2;1;1;7;920;26/02/2016
2016037669;1;2;2;2;7;920;24/02/2016
2016037670;2;2;1;1;6;920;08/03/2016
2016037671;1;2;2;1;3;920;11/03/2016
2016037672;1;2;1;1;2;920;14/03/2016
2016037673;1;2;1;1;6;920;14/03/2016
2016037674;1;2;1;1;3;920;17/03/2016
2016037675;1;2;1;1;6;920;18/03/2016
2016037676;2;2;6;1;6;920;23/03/2016
2016037677;1;2;1;1;6;920;26/03/2016
2016037678;1;2;1;1;3;920;29/03/2016
2016037679;1;2;1;1;1;920;31/03/2016
2016037680;1;2;1;1;6;920;31/03/2016
2016037681;1;2;1;1;6;920;04/04/2016
2016037682;1;2;1;1;3;920;06/04/2016
2016037683;1;2;1;1;2;920;07/04/2016
2016037684;2;2;3;1;6;920;12/04/2016
2016037685;1;2;1;1;2;920;15/04/2016
2016037686;1;2;1;1;2;920;18/04/2016
2016037687;1;2;1;1;6;920;28/04/2016
2016037688;1;2;1;1;6;920;26/04/2016
2016037689;1;2;1;2;6;920;03/07/2016
2016037690;5;2;6;1;7;920;13/05/2016
2016037691;1;2;1;3;1;920;22/05/2016
2016037692;1;2;1;1;6;920;21/05/2016
2016037693;1;2;6;1;6;920;22/05/2016
2016037694;1;2;1;1;7;920;19/05/2016
2016037695;1;2;1;3;6;920;28/05/2016
2016037696;2;2;8;2;6;920;31/05/2016
2016037697;1;2;1;3;7;920;01/06/2016
2016037698;5;2;1;1;3;920;04/06/2016
2016037699;1;2;1;1;2;920;06/05/2016
2016037700;1;2;1;1;2;920;06/06/2016
2016037701;1;2;1;1;1;920;09/05/2016
2016037702;5;2;1;1;4;920;10/06/2016
2016037703;5;2;1;1;7;920;10/06/2016
2016037704;1;2;1;1;6;920;10/06/2016
2016037705;1;2;1;1;6;920;14/06/2016
2016037706;1;2;1;2;6;920;20/06/2016
2016037707;1;2;1;1;2;920;23/06/2016
2016037708;1;2;1;3;7;920;03/07/2016
2016037709;1;2;1;3;7;920;30/05/2016
2016037710;1;2;1;1;3;920;05/07/2016
2016037711;5;2;1;1;3;920;07/07/2016
2016037712;1;2;1;1;3;920;09/07/2016
2016037713;1;2;1;1;2;920;18/07/2016
2016037714;1;2;1;1;2;920;19/07/2016
2016037715;5;2;2;1;3;920;23/07/2016
2016037716;1;2;1;2;7;920;28/07/2016
2016037717;1;2;4;1;3;920;28/07/2016
2016037718;1;2;1;1;7;920;01/08/2016
2016037719;1;2;1;1;2;920;01/08/2016
2016037720;1;2;1;1;3;920;03/08/2016
2016037721;1;2;6;1;7;920;16/08/2016
2016037722;1;2;1;2;4;920;18/08/2016
2016037723;1;2;1;1;6;920;21/08/2016
2016037724;1;2;1;1;2;920;22/08/2016
2016037725;4;2;1;1;7;920;28/08/2016
2016037726;1;2;1;1;6;920;31/08/2016
2016037727;1;2;1;1;2;920;26/08/2016
2016037728;3;2;1;2;2;920;05/09/2016
2016037729;1;2;1;2;2;920;05/09/2016
2016037730;2;2;1;2;5;920;05/09/2016
2016037731;1;2;1;1;6;920;07/09/2016
2016037732;1;2;1;1;2;920;27/08/2016
2016037733;1;2;1;1;7;920;08/09/2016
2016037734;1;2;1;1;6;920;09/09/2016
2016037735;1;2;1;1;2;920;10/09/2016
2016037736;1;2;1;1;2;920;12/09/2016
2016037737;1;2;2;1;3;920;15/09/2016
2016037738;1;2;3;1;3;920;21/09/2016
2016037739;1;2;1;1;6;920;26/09/2016
2016037740;1;2;1;1;6;920;28/09/2016
2016037741;1;2;1;1;2;920;29/09/2016
2016037742;1;2;1;1;6;920;16/09/2016
2016037743;1;2;1;1;2;920;23/09/2016
2016037744;1;2;1;1;6;920;05/10/2016
2016037745;1;2;1;1;3;920;05/10/2016
2016037746;1;2;3;1;3;920;06/10/2016
2016037747;1;2;2;1;6;920;10/10/2016
2016037748;5;2;2;1;3;920;08/10/2016
2016037749;5;2;2;1;3;920;09/10/2016
2016037750;1;2;1;1;6;920;14/10/2016
2016037751;1;2;2;1;3;920;07/10/2016
2016037752;1;2;1;1;2;920;03/11/2016
2016037753;2;2;2;1;2;920;03/11/2016
2016037754;1;2;1;1;3;920;07/10/2016
2016037755;1;2;1;2;6;920;21/10/2016
2016037756;1;2;1;1;1;920;24/10/2016
2016037757;5;2;1;5;1;920;27/10/2016
2016037758;1;2;1;1;6;920;12/11/2016
2016037759;5;2;2;2;7;920;13/11/2016
2016037760;1;2;1;2;7;920;05/11/2016
2016037761;1;2;2;1;6;920;17/11/2016
2016037762;5;2;2;1;7;920;18/11/2016
2016037763;5;2;2;1;3;920;22/11/2016
2016037764;5;2;1;2;6;920;23/11/2016
2016037765;5;2;1;1;6;920;30/10/2016
2016037766;1;2;1;1;5;920;04/12/2016
2016037767;1;2;1;3;7;920;09/11/2016
2016037768;5;2;2;1;3;920;25/11/2016
2016037769;5;2;1;1;7;920;26/11/2016
2016037770;1;2;1;1;7;920;26/11/2016
2016037771;5;2;1;1;6;920;26/11/2016
2016037772;5;2;6;1;3;920;27/11/2016
2016037773;2;2;1;1;6;920;28/11/2016
2016037774;1;2;2;1;3;920;07/12/2016
2016037775;5;2;1;2;6;920;12/12/2016
2016037776;1;2;1;1;5;920;15/12/2016
2016037777;5;2;1;1;6;920;17/12/2016
2016037778;5;2;1;2;6;920;21/12/2016
2016037779;1;2;1;1;6;920;14/12/2016
2016037780;1;2;1;1;6;920;26/12/2016
2016037781;1;2;2;1;6;920;04/01/2016
2016037782;1;2;1;2;3;920;19/09/2016
2016037783;5;2;1;1;3;920;05/01/2016
2016037784;1;2;4;1;2;920;06/01/2016
2016037785;5;2;1;1;3;920;14/01/2016
2016037786;5;2;1;1;2;920;15/01/2016
2016037787;1;2;4;1;6;920;25/01/2016
2016037788;1;2;6;1;6;920;29/01/2016
2016037789;1;2;2;2;6;920;31/01/2016
2016037790;5;2;1;1;3;920;02/02/2016
2016037791;5;2;1;1;2;920;12/01/2016
2016037792;5;2;1;1;7;920;04/02/2016
2016037793;1;2;1;1;6;920;02/12/2016
2016037794;5;1;1;1;3;920;15/01/2016
2016037795;1;2;3;1;7;920;10/02/2016
2016037796;5;2;3;2;3;920;10/02/2016
2016037797;2;2;2;1;3;920;14/02/2016
2016037798;4;2;6;1;2;920;19/02/2016
2016037799;5;2;2;1;3;920;20/02/2016
2016037800;1;2;1;1;6;920;19/02/2016
2016037801;5;2;1;1;2;920;26/02/2016
2016037802;1;2;1;1;3;920;29/02/2016
2016037803;1;2;1;1;3;920;08/02/2016
2016037804;1;2;5;1;6;920;16/03/2016
2016037805;1;2;1;1;4;920;17/03/2016
2016037806;5;2;1;1;7;920;28/02/2016
2016037807;1;2;2;1;3;920;24/03/2016
2016037808;1;2;2;1;6;920;24/02/2016
2016037809;1;2;6;1;2;920;01/03/2016
2016037810;1;2;2;2;6;920;30/03/2016
2016037811;1;2;3;1;3;920;12/04/2016
2016037812;1;2;3;1;3;920;18/04/2016
2016037813;1;2;1;1;6;920;21/04/2016
2016037814;5;2;3;1;6;920;26/04/2016
2016037815;1;2;6;1;3;920;28/04/2016
2016037816;1;2;1;1;7;920;03/05/2016
2016037817;1;2;1;1;2;920;03/05/2016
2016037818;1;2;2;1;3;920;03/05/2016
2016037819;1;2;2;1;3;920;04/05/2016
2016037820;1;2;1;1;6;920;08/05/2016
2016037821;1;2;1;1;7;920;02/04/2016
2016037822;1;2;1;1;3;920;12/05/2016
2016037823;1;2;2;1;2;920;17/05/2016
2016037824;5;2;1;1;6;920;18/05/2016
2016037825;2;2;2;1;3;920;19/05/2016
2016037826;1;2;3;1;4;920;20/05/2016
2016037827;1;2;1;1;6;920;23/05/2016
2016037828;1;2;2;1;3;920;25/05/2016
2016037829;1;2;1;2;2;920;29/05/2016
2016037830;1;2;3;1;3;920;03/06/2016
2016037831;1;2;1;1;4;920;03/06/2016
2016037832;1;2;1;1;6;920;07/06/2016
2016037833;1;2;1;1;3;920;08/06/2016
2016037834;2;2;1;1;3;920;08/06/2016
2016037835;1;2;2;1;3;920;10/06/2016
2016037836;1;2;1;1;2;920;10/06/2016
2016037837;1;2;1;8;6;920;15/06/2016
2016037838;5;2;2;1;3;920;21/06/2016
2016037839;1;2;2;1;3;920;07/06/2016
2016037840;1;2;1;1;3;920;27/06/2016
2016037841;1;2;1;1;3;920;28/06/2016
2016037842;1;2;1;1;6;920;29/06/2016
2016037843;1;2;3;1;3;920;14/06/2016
2016037844;1;2;2;1;3;920;13/07/2016
2016037845;1;2;2;1;6;920;15/07/2016
2016037846;5;2;2;1;3;920;18/07/2016
2016037847;1;2;4;1;3;920;21/07/2016
2016037848;1;2;1;1;3;920;25/07/2016
2016037849;1;2;2;2;3;920;02/08/2016
2016037850;5;2;2;2;3;920;02/08/2016
2016037851;1;2;2;1;3;920;03/08/2016
2016037852;1;2;3;1;3;920;03/08/2016
2016037853;1;2;1;1;6;920;04/08/2016
2016037854;1;2;1;1;3;920;11/08/2016
2016037855;1;2;2;1;3;920;26/08/2016
2016037856;5;2;1;1;3;920;01/09/2016
2016037857;5;2;2;1;3;920;04/09/2016
2016037858;5;2;1;1;7;920;09/09/2016
2016037859;5;2;3;1;2;920;15/09/2016
2016037860;5;2;2;2;6;920;16/09/2016
2016037861;5;2;1;1;5;920;18/09/2016
2016037862;1;2;1;7;6;920;24/09/2016
2016037863;1;2;2;1;3;920;26/09/2016
2016037864;1;2;6;1;2;920;29/09/2016
2016037865;4;2;4;1;3;920;29/09/2016
2016037866;5;2;2;1;3;920;02/10/2016
2016037867;1;2;1;1;6;920;05/10/2016
2016037868;5;2;2;1;3;920;05/10/2016
2016037869;5;2;1;1;1;920;06/10/2016
2016037870;1;2;1;1;6;920;10/10/2016
2016037871;5;2;3;1;3;920;14/10/2016
2016037872;1;2;3;1;3;920;19/10/2016
2016037873;5;2;1;1;6;920;20/10/2016
2016037874;1;2;3;1;3;920;25/10/2016
2016037875;5;2;1;1;2;920;27/10/2016
2016037876;1;2;1;1;6;920;28/10/2016
2016037877;1;2;2;1;3;920;29/10/2016
2016037878;1;2;1;1;3;920;24/08/2016
2016037879;1;2;1;1;6;920;14/11/2016
2016037880;1;2;1;1;3;920;15/11/2016
2016037881;1;2;3;1;3;920;16/11/2016
2016037882;5;2;2;2;3;920;20/11/2016
2016037883;5;2;1;1;2;920;25/11/2016
2016037884;1;2;1;1;2;920;27/11/2016
2016037885;1;2;2;1;7;920;28/11/2016
2016037886;5;2;1;1;7;920;28/11/2016
2016037887;1;2;2;1;6;920;19/07/2016
2016037888;5;2;1;1;6;920;07/12/2016
2016037889;1;2;1;1;6;920;11/12/2016
2016037890;5;2;1;1;5;920;16/12/2016
2016037891;5;2;2;1;3;920;20/12/2016
2016037892;5;2;3;1;3;920;24/12/2016
2016037893;5;2;2;1;3;920;25/12/2016
2016037894;1;2;1;1;6;920;27/12/2016
2016037895;1;2;3;1;3;920;30/12/2016
2016037896;1;2;1;1;6;920;14/05/2016
2016037897;1;2;1;1;3;920;21/07/2016
2016037898;1;2;1;1;3;920;05/08/2016
2016037899;5;2;1;2;6;920;03/01/2016
2016037900;1;2;1;1;6;920;06/01/2016
2016037901;4;2;1;1;1;920;08/01/2016
2016037902;1;2;1;2;6;920;10/01/2016
2016037903;1;2;1;1;7;920;08/01/2016
2016037904;5;2;2;1;6;920;11/01/2016
2016037905;5;1;2;2;6;920;12/01/2016
2016037906;1;2;2;1;3;920;15/01/2016
2016037907;1;2;5;1;6;920;21/01/2016
2016037908;5;2;1;1;6;920;22/01/2016
2016037909;1;2;1;1;6;920;22/01/2016
2016037910;1;1;1;1;6;920;25/01/2016
2016037911;1;2;2;1;3;920;10/01/2016
2016037912;1;2;1;1;6;920;26/01/2016
2016037913;5;2;1;1;3;920;27/01/2016
2016037914;1;2;1;1;6;920;29/01/2016
2016037915;5;2;2;1;4;920;01/02/2016
2016037916;1;2;1;1;6;920;02/02/2016
2016037917;1;2;2;1;3;920;03/02/2016
2016037918;2;2;3;1;6;920;05/02/2016
2016037919;1;2;3;2;6;920;08/02/2016
2016037920;5;2;2;2;7;920;10/02/2016
2016037921;1;2;1;1;6;920;11/02/2016
2016037922;5;2;3;1;3;920;13/02/2016
2016037923;1;2;3;1;5;920;22/02/2016
2016037924;5;2;3;2;6;920;23/02/2016
2016037925;1;2;1;1;1;920;26/02/2016
2016037926;5;2;3;1;3;920;26/02/2016
2016037927;5;2;3;1;6;920;26/02/2016
2016037928;1;2;1;1;6;920;29/02/2016
2016037929;1;2;1;1;6;920;01/03/2016
2016037930;5;2;1;2;7;920;01/03/2016
2016037931;1;2;1;1;6;920;01/03/2016
2016037932;5;2;2;1;6;920;04/03/2016
2016037933;1;2;1;1;4;920;06/03/2016
2016037934;2;2;1;1;7;920;07/03/2016
2016037935;1;2;1;1;6;920;07/03/2016
2016037936;1;2;1;1;5;920;08/03/2016
2016037937;1;2;3;1;4;920;12/03/2016
2016037938;1;2;2;1;3;920;17/03/2016
2016037939;5;2;3;1;7;920;18/03/2016
2016037940;1;2;1;1;6;920;18/03/2016
2016037941;1;2;3;1;3;920;18/03/2016
2016037942;5;2;2;1;3;920;20/03/2016
2016037943;1;2;2;1;3;920;22/03/2016
2016037944;1;2;1;1;2;920;26/03/2016
2016037945;1;2;3;2;3;920;30/03/2016
2016037946;1;2;3;2;2;920;31/03/2016
2016037947;1;2;1;2;6;920;18/02/2016
2016037948;1;2;3;1;6;920;06/04/2016
2016037949;1;2;2;1;6;920;08/04/2016
2016037950;1;2;1;1;6;920;11/04/2016
2016037951;1;2;1;2;7;920;11/04/2016
2016037952;1;2;1;1;6;920;14/04/2016
2016037953;1;2;1;1;3;920;22/04/2016
2016037954;1;2;1;1;7;920;22/04/2016
2016037955;1;2;1;1;6;920;02/05/2016
2016037956;1;2;1;1;6;920;04/05/2016
2016037957;1;2;3;1;6;920;07/05/2016
2016037958;1;2;2;1;3;920;10/05/2016
2016037959;1;2;1;1;7;920;11/05/2016
2016037960;1;2;3;1;2;920;12/05/2016
2016037961;1;2;1;1;7;920;15/05/2016
2016037962;1;2;1;1;3;920;19/05/2016
2016037963;1;2;1;1;6;920;20/05/2016
2016037964;1;2;1;1;7;920;24/05/2016
2016037965;1;1;1;1;2;920;27/05/2016
2016037966;5;2;1;1;7;920;27/05/2016
2016037967;1;2;1;2;3;920;31/05/2016
2016037968;1;2;1;1;3;920;04/06/2016
2016037969;1;2;3;1;7;920;06/06/2016
2016037970;1;2;3;1;6;920;09/06/2016
2016037971;1;2;2;1;3;920;10/06/2016
2016037972;1;2;1;1;3;920;11/06/2016
2016037973;1;2;1;1;6;920;13/06/2016
2016037974;1;2;1;1;3;920;18/06/2016
2016037975;1;2;1;1;6;920;23/06/2016
2016037976;1;2;1;1;7;920;23/06/2016
2016037977;1;2;2;1;3;920;23/06/2016
2016037978;1;2;3;1;1;920;24/06/2016
2016037979;1;2;1;1;2;920;28/06/2016
2016037980;1;2;1;1;2;920;05/07/2016
2016037981;1;2;1;1;6;920;05/07/2016
2016037982;1;2;1;1;1;920;06/07/2016
2016037983;1;2;1;1;6;920;11/07/2016
2016037984;1;1;2;1;3;920;11/07/2016
2016037985;1;2;1;1;3;920;12/07/2016
2016037986;1;2;5;1;6;920;13/07/2016
2016037987;1;2;1;1;3;920;15/07/2016
2016037988;1;2;2;1;2;920;15/07/2016
2016037989;1;2;1;1;2;920;21/07/2016
2016037990;5;2;1;1;6;920;21/07/2016
2016037991;1;2;1;1;1;920;26/07/2016
2016037992;1;2;1;1;6;920;26/07/2016
2016037993;1;2;1;1;6;920;26/07/2016
2016037994;5;2;9;1;3;920;27/07/2016
2016037995;1;2;1;1;3;920;31/07/2016
2016037996;1;2;2;1;6;920;30/07/2016
2016037997;1;2;1;1;2;920;02/08/2016
2016037998;1;2;2;1;3;920;17/08/2016
2016037999;1;2;1;1;3;920;26/08/2016
2016038000;1;2;1;1;6;920;26/08/2016
2016038001;1;2;1;1;6;920;26/08/2016
2016038002;1;2;1;1;1;920;30/08/2016
2016038003;1;2;1;1;2;920;02/09/2016
2016038004;1;2;2;1;6;920;02/09/2016
2016038005;1;2;2;1;6;920;03/09/2016
2016038006;1;2;3;1;1;920;06/09/2016
2016038007;1;2;2;1;6;920;06/09/2016
2016038008;1;2;1;1;6;920;07/09/2016
2016038009;1;2;2;1;3;920;12/09/2016
2016038010;1;2;1;2;2;920;15/09/2016
2016038011;1;2;1;1;3;920;24/09/2016
2016038012;1;2;2;1;6;920;26/09/2016
2016038013;1;2;1;1;2;920;27/09/2016
2016038014;5;2;3;1;6;920;27/09/2016
2016038015;1;2;1;1;6;920;28/09/2016
2016038016;1;2;2;1;6;920;03/10/2016
2016038017;1;2;1;1;6;920;06/10/2016
2016038018;5;2;2;1;6;920;08/10/2016
2016038019;1;2;3;1;3;920;11/10/2016
2016038020;1;2;1;1;6;920;14/10/2016
2016038021;1;2;5;1;6;920;18/10/2016
2016038022;1;2;2;2;6;920;18/10/2016
2016038023;1;2;2;1;3;920;22/10/2016
2016038024;3;2;1;1;7;920;26/10/2016
2016038025;1;2;1;1;3;920;26/10/2016
2016038026;1;2;1;1;1;920;28/10/2016
2016038027;1;2;2;1;6;920;31/10/2016
2016038028;1;2;1;1;3;920;05/11/2016
2016038029;1;2;1;1;3;920;07/11/2016
2016038030;5;2;1;1;6;920;07/11/2016
2016038031;2;2;2;2;6;920;07/11/2016
2016038032;5;2;1;1;6;920;10/11/2016
2016038033;1;2;1;1;3;920;14/11/2016
2016038034;1;2;5;1;6;920;14/11/2016
2016038035;5;2;1;1;3;920;15/11/2016
2016038036;5;2;3;2;6;920;15/11/2016
2016038037;5;2;1;2;6;920;15/11/2016
2016038038;1;2;1;2;3;920;21/11/2016
2016038039;1;2;1;1;6;920;05/11/2016
2016038040;5;2;1;1;3;920;21/11/2016
2016038041;5;2;1;1;6;920;24/11/2016
2016038042;2;2;3;1;6;920;29/11/2016
2016038043;1;2;3;1;3;920;01/12/2016
2016038044;5;2;1;1;2;920;01/12/2016
2016038045;1;2;2;1;1;920;02/12/2016
2016038046;1;2;1;1;6;920;02/12/2016
2016038047;5;2;1;1;3;920;02/12/2016
2016038048;1;2;3;1;6;920;03/12/2016
2016038049;5;2;1;1;3;920;03/12/2016
2016038050;1;2;1;1;3;920;04/12/2016
2016038051;1;2;2;1;6;920;05/12/2016
2016038052;1;2;2;1;3;920;11/12/2016
2016038053;5;2;1;2;6;920;12/12/2016
2016038054;1;2;1;1;6;920;13/12/2016
2016038055;2;2;1;9;6;920;14/12/2016
2016038056;5;2;1;1;6;920;17/12/2016
2016038057;5;2;1;1;6;920;20/12/2016
2016038058;5;2;2;2;3;920;21/12/2016
2016038059;5;2;1;1;2;920;22/12/2016
2016038060;5;1;1;1;5;920;25/12/2016
2016038061;5;2;1;1;3;920;25/12/2016
2016038062;2;2;1;1;6;920;10/12/2016
2016038063;1;2;1;1;1;920;13/12/2016
2016038064;5;2;2;9;6;920;10/11/2016
2016038065;1;2;1;1;2;920;08/01/2016
2016038066;1;2;1;1;6;920;11/01/2016
2016038067;5;2;1;2;6;920;14/01/2016
2016038068;1;2;1;1;7;920;13/01/2016
2016038069;5;2;3;1;6;920;20/01/2016
2016038070;5;2;1;1;6;920;21/01/2016
2016038071;1;2;1;1;3;920;22/01/2016
2016038072;5;2;3;3;6;920;22/01/2016
2016038073;5;2;1;1;2;920;16/09/2016
2016038074;2;2;1;1;2;920;28/10/2016
2016038075;1;2;1;1;2;920;20/10/2016
2016038076;2;2;1;1;6;920;18/10/2016
2016038077;1;2;3;1;7;920;08/10/2016
2016038078;1;2;1;1;6;920;04/10/2016
2016038079;1;2;1;1;4;920;28/10/2016
2016038080;5;2;1;1;7;920;25/01/2016
2016038081;1;2;1;2;7;920;27/01/2016
2016038082;5;2;3;1;4;920;01/02/2016
2016038083;1;2;1;1;3;920;03/02/2016
2016038084;5;2;1;1;6;920;01/02/2016
2016038085;5;2;1;3;6;920;09/02/2016
2016038086;5;2;3;1;5;920;13/02/2016
2016038087;5;2;1;1;7;920;13/02/2016
2016038088;5;2;3;1;2;920;21/02/2016
2016038089;5;2;1;1;7;920;23/02/2016
2016038090;5;2;2;2;3;920;02/03/2016
2016038091;1;2;2;1;3;920;03/03/2016
2016038092;5;2;1;1;6;920;11/03/2016
2016038093;1;2;3;1;3;920;11/03/2016
2016038094;2;1;1;1;2;920;14/03/2016
2016038095;1;2;1;1;6;920;23/03/2016
2016038096;5;2;2;1;3;920;24/03/2016
2016038097;1;1;1;1;2;920;29/03/2016
2016038098;1;2;1;1;3;920;03/04/2016
2016038099;1;2;1;8;2;920;04/04/2016
2016038100;5;2;3;2;7;920;04/04/2016
2016038101;1;2;1;1;6;920;13/04/2016
2016038102;5;2;2;2;6;920;14/04/2016
2016038103;1;2;1;1;6;920;01/05/2016
2016038104;1;2;3;1;3;920;02/05/2016
2016038105;5;2;3;1;3;920;19/05/2016
2016038106;2;2;1;1;7;920;22/05/2016
2016038107;5;2;1;1;7;920;27/05/2016
2016038108;1;2;1;1;6;920;23/05/2016
2016038109;2;2;3;1;3;920;25/05/2016
2016038110;1;2;1;1;2;920;07/06/2016
2016038111;1;2;1;1;3;920;17/06/2016
2016038112;1;2;1;1;3;920;09/06/2016