num_acc;lum;agg;inter;atm;col;dep;date
2016038113;1;2;1;1;2;920;13/06/2016
2016038114;2;2;1;1;3;920;26/06/2016
2016038115;5;2;3;1;6;920;28/06/2016
2016038116;1;2;2;1;6;920;27/06/2016
2016038117;1;2;1;1;4;920;28/06/2016
2016038118;1;2;1;1;3;920;05/07/2016
2016038119;1;2;1;1;6;920;31/05/2016
2016038120;1;2;1;1;3;920;05/07/2016
2016038121;1;2;3;1;3;920;11/07/2016
2016038122;1;2;1;8;6;920;13/07/2016
2016038123;1;2;1;1;6;920;20/07/2016
2016038124;1;2;2;1;3;920;23/07/2016
2016038125;1;2;2;1;3;920;14/07/2016
2016038126;1;2;1;1;3;920;21/07/2016
2016038127;1;2;3;1;7;920;20/07/2016
2016038128;1;2;2;1;3;920;12/08/2016
2016038129;1;2;1;1;4;920;25/08/2016
2016038130;1;2;1;1;6;920;31/08/2016
2016038131;5;2;3;1;6;920;19/09/2016
2016038132;5;2;1;1;3;920;28/09/2016
2016038133;1;2;1;1;3;920;02/09/2016
2016038134;1;2;1;1;6;920;15/09/2016
2016038135;2;2;1;1;3;920;09/08/2016
2016038136;1;2;3;1;4;920;11/10/2016
2016038137;1;2;1;1;3;920;11/10/2016
2016038138;1;2;3;1;6;920;28/09/2016
2016038139;2;2;1;2;7;920;02/08/2016
2016038140;2;2;1;1;3;920;08/10/2016
2016038141;1;2;1;1;6;920;02/11/2016
2016038142;5;2;1;1;7;920;04/11/2016
2016038143;5;2;1;9;3;920;27/09/2016
2016038144;1;2;1;1;6;920;03/11/2016
2016038145;5;2;1;9;6;920;07/09/2016
2016038146;5;2;1;9;3;920;24/09/2016
2016038147;5;2;5;1;3;920;05/11/2016
2016038148;5;2;2;9;6;920;10/11/2016
2016038149;1;2;5;9;6;920;10/11/2016
2016038150;5;2;1;3;6;920;14/10/2016
2016038151;5;2;1;1;3;920;28/11/2016
2016038152;1;2;2;1;3;920;14/09/2016
2016038153;1;2;1;1;3;920;03/12/2016
2016038154;5;2;1;1;6;920;07/12/2016
2016038155;5;2;3;1;3;920;28/11/2016
2016038156;5;2;1;1;3;920;28/11/2016
2016038157;1;2;1;1;3;920;09/12/2016
2016038158;5;2;1;2;6;920;12/12/2016
2016038159;5;2;1;1;6;920;31/12/2016
2016038160;1;2;1;1;6;920;08/01/2016
2016038161;5;2;2;1;3;920;20/01/2016
2016038162;1;2;2;2;3;920;23/01/2016
2016038163;5;2;4;1;3;920;28/01/2016
2016038164;5;2;1;1;3;920;09/02/2016
2016038165;5;2;3;1;3;920;19/02/2016
2016038166;5;2;2;1;3;920;17/02/2016
2016038167;1;2;1;2;7;920;24/02/2016
2016038168;5;2;1;1;6;920;28/02/2016
2016038169;1;2;2;1;6;920;10/03/2016
2016038170;5;2;1;1;3;920;03/04/2016
2016038171;1;2;2;2;6;920;15/04/2016
2016038172;1;2;1;2;6;920;29/04/2016
2016038173;1;2;1;1;6;920;12/05/2016
2016038174;1;2;1;1;5;920;13/05/2016
2016038175;1;2;2;1;3;920;28/05/2016
2016038176;1;2;1;1;7;920;07/06/2016
2016038177;1;2;2;1;6;920;07/06/2016
2016038178;1;2;1;1;2;920;17/06/2016
2016038179;1;2;3;1;3;920;04/07/2016
2016038180;1;2;7;1;2;920;06/07/2016
2016038181;1;2;3;1;3;920;18/07/2016
2016038182;1;2;2;1;3;920;20/07/2016
2016038183;1;2;2;1;3;920;27/07/2016
2016038184;1;2;2;1;3;920;06/08/2016
2016038185;1;2;5;1;3;920;01/08/2016
2016038186;1;2;1;1;2;920;18/08/2016
2016038187;1;2;4;1;3;920;20/08/2016
2016038188;1;2;2;1;3;920;19/08/2016
2016038189;1;2;1;1;3;920;07/09/2016
2016038190;1;2;3;1;6;920;21/09/2016
2016038191;1;2;2;2;6;920;15/09/2016
2016038192;1;2;1;1;6;920;13/09/2016
2016038193;1;2;3;1;3;920;24/09/2016
2016038194;5;2;3;1;3;920;24/09/2016
2016038195;1;2;9;1;6;920;30/09/2016
2016038196;1;2;1;1;3;920;03/10/2016
2016038197;5;2;1;1;3;920;26/10/2016
2016038198;2;2;3;1;4;920;12/10/2016
2016038199;1;2;3;2;6;920;20/10/2016
2016038200;5;2;6;1;7;920;02/11/2016
2016038201;5;2;1;1;5;920;29/10/2016
2016038202;1;2;1;2;3;920;07/11/2016
2016038203;1;2;5;1;6;920;08/11/2016
2016038204;1;2;2;1;3;920;17/11/2016
2016038205;5;2;3;1;3;920;25/11/2016
2016038206;5;2;6;1;6;920;08/12/2016
2016038207;1;2;3;1;3;920;18/11/2016
2016038208;1;2;1;1;6;920;21/11/2016
2016038209;5;2;3;1;3;920;13/12/2016
2016038210;5;2;3;1;6;920;17/12/2016
2016038211;5;2;5;1;7;920;31/12/2016
2016038212;1;2;1;1;6;920;08/01/2016
2016038213;5;2;9;1;6;920;21/01/2016
2016038214;5;2;1;1;7;920;27/01/2016
2016038215;1;2;2;1;7;920;28/01/2016
2016038216;1;2;2;1;6;920;31/01/2016
2016038217;1;2;3;1;2;920;01/02/2016
2016038218;5;2;9;1;7;920;01/02/2016
2016038219;1;2;1;1;6;920;02/02/2016
2016038220;1;2;3;2;6;920;10/02/2016
2016038221;1;2;1;1;7;920;19/02/2016
2016038222;1;2;1;1;7;920;28/02/2016
2016038223;1;2;1;2;6;920;07/03/2016
2016038224;1;2;1;1;6;920;08/03/2016
2016038225;1;2;1;1;6;920;14/03/2016
2016038226;1;2;1;1;1;920;15/03/2016
2016038227;1;2;3;1;6;920;17/03/2016
2016038228;1;2;9;1;6;920;23/03/2016
2016038229;1;2;1;1;6;920;29/03/2016
2016038230;3;2;1;9;7;920;30/03/2016
2016038231;1;2;3;1;6;920;04/04/2016
2016038232;1;2;2;1;3;920;06/04/2016
2016038233;1;2;1;1;2;920;08/04/2016
2016038234;1;2;1;1;6;920;19/04/2016
2016038235;1;2;2;1;6;920;19/04/2016
2016038236;1;2;2;1;6;920;20/04/2016
2016038237;1;2;3;1;3;920;29/04/2016
2016038238;1;2;1;1;6;920;29/04/2016
2016038239;2;2;1;7;1;920;04/05/2016
2016038240;1;2;6;1;6;920;10/05/2016
2016038241;1;2;1;1;6;920;13/05/2016
2016038242;5;2;3;1;2;920;15/05/2016
2016038243;2;2;1;1;1;920;17/05/2016
2016038244;5;2;1;1;6;920;18/05/2016
2016038245;1;2;2;2;6;920;18/05/2016
2016038246;2;2;6;3;6;920;19/05/2016
2016038247;1;2;1;1;4;920;20/05/2016
2016038248;1;2;3;1;6;920;23/05/2016
2016038249;1;2;1;1;6;920;24/05/2016
2016038250;1;2;1;1;1;920;28/05/2016
2016038251;3;2;1;1;7;920;07/06/2016
2016038252;1;2;3;1;2;920;07/06/2016
2016038253;1;2;1;1;7;920;07/06/2016
2016038254;1;2;6;1;6;920;11/06/2016
2016038255;1;2;9;1;6;920;15/06/2016
2016038256;1;2;1;1;6;920;16/06/2016
2016038257;1;2;9;1;3;920;23/06/2016
2016038258;1;2;3;1;6;920;29/06/2016
2016038259;1;2;1;1;6;920;29/06/2016
2016038260;2;2;2;1;3;920;29/06/2016
2016038261;1;2;1;1;2;920;30/06/2016
2016038262;1;2;1;1;6;920;01/07/2016
2016038263;1;2;1;1;2;920;01/07/2016
2016038264;1;2;2;1;6;920;06/07/2016
2016038265;5;2;2;1;6;920;04/07/2016
2016038266;1;2;3;1;6;920;06/07/2016
2016038267;1;2;1;1;6;920;10/07/2016
2016038268;1;2;3;1;2;920;11/07/2016
2016038269;5;2;2;1;7;920;11/07/2016
2016038270;1;2;3;1;6;920;12/07/2016
2016038271;1;2;1;1;6;920;12/07/2016
2016038272;1;2;3;1;6;920;13/07/2016
2016038273;1;2;1;1;6;920;17/07/2016
2016038274;1;2;1;1;2;920;21/07/2016
2016038275;1;2;3;1;3;920;25/07/2016
2016038276;2;2;1;1;2;920;25/07/2016
2016038277;1;2;2;1;3;920;27/07/2016
2016038278;1;2;3;1;2;920;29/07/2016
2016038279;1;2;1;1;6;920;30/07/2016
2016038280;1;2;2;1;6;920;01/08/2016
2016038281;1;2;2;1;3;920;02/08/2016
2016038282;5;2;3;1;7;920;10/08/2016
2016038283;1;2;2;1;2;920;16/08/2016
2016038284;1;2;1;1;6;920;22/08/2016
2016038285;1;2;3;1;6;920;25/08/2016
2016038286;1;2;1;1;6;920;26/08/2016
2016038287;1;2;1;1;6;920;26/08/2016
2016038288;5;2;3;1;7;920;30/08/2016
2016038289;1;2;1;1;6;920;29/08/2016
2016038290;1;2;2;1;2;920;31/08/2016
2016038291;1;2;1;1;2;920;31/08/2016
2016038292;1;2;1;1;7;920;02/09/2016
2016038293;1;2;1;1;6;920;05/09/2016
2016038294;1;2;1;1;7;920;08/09/2016
2016038295;1;2;1;1;6;920;09/09/2016
2016038296;1;2;3;1;6;920;09/09/2016
2016038297;1;2;2;1;6;920;14/09/2016
2016038298;1;2;2;1;6;920;15/09/2016
2016038299;5;2;2;1;3;920;22/09/2016
2016038300;1;2;1;1;6;920;23/09/2016
2016038301;1;2;3;1;6;920;26/09/2016
2016038302;3;2;2;1;3;920;26/09/2016
2016038303;1;2;2;1;6;920;27/09/2016
2016038304;5;2;3;2;3;920;30/09/2016
2016038305;1;2;1;1;2;920;02/10/2016
2016038306;1;2;1;1;7;920;04/10/2016
2016038307;1;2;2;1;3;920;07/10/2016
2016038308;1;2;2;1;3;920;07/10/2016
2016038309;5;2;2;1;6;920;08/10/2016
2016038310;1;2;3;1;2;920;10/10/2016
2016038311;1;2;3;1;6;920;11/10/2016
2016038312;5;2;1;1;6;920;11/10/2016
2016038313;5;2;3;1;6;920;12/10/2016
2016038314;5;2;3;1;6;920;13/10/2016
2016038315;1;2;3;1;1;920;24/10/2016
2016038316;5;2;2;1;6;920;26/10/2016
2016038317;1;2;3;1;2;920;27/10/2016
2016038318;1;2;2;1;2;920;28/10/2016
2016038319;5;2;3;1;3;920;28/10/2016
2016038320;5;2;1;1;6;920;28/10/2016
2016038321;1;2;1;1;6;920;31/10/2016
2016038322;1;2;2;1;3;920;02/11/2016
2016038323;5;2;1;1;6;920;02/11/2016
2016038324;1;2;2;1;3;920;03/11/2016
2016038325;1;2;1;1;7;920;04/11/2016
2016038326;5;2;1;1;6;920;12/11/2016
2016038327;1;2;1;1;6;920;17/11/2016
2016038328;5;2;3;1;6;920;22/11/2016
2016038329;1;2;2;1;1;920;25/11/2016
2016038330;5;2;1;1;6;920;28/11/2016
2016038331;5;2;3;1;2;920;28/11/2016
2016038332;2;2;1;1;6;920;02/12/2016
2016038333;1;2;3;1;3;920;02/12/2016
2016038334;5;2;2;1;6;920;06/12/2016
2016038335;1;2;3;1;6;920;22/12/2016
2016038336;5;2;6;1;3;920;22/12/2016
2016038337;1;2;9;1;6;920;23/12/2016
2016038338;1;2;4;1;3;920;19/01/2016
2016038339;5;2;2;1;3;920;22/01/2016
2016038340;1;2;3;1;6;920;20/01/2016
2016038341;5;2;1;9;1;920;03/02/2016
2016038342;5;2;2;2;6;920;31/01/2016
2016038343;5;2;2;1;6;920;05/01/2016
2016038344;1;2;1;2;6;920;12/01/2016
2016038345;1;2;1;1;6;920;04/01/2016
2016038346;1;2;2;1;3;920;08/01/2016
2016038347;1;2;1;2;3;920;14/01/2016
2016038348;5;2;2;1;6;920;29/02/2016
2016038349;1;2;2;1;3;920;25/03/2016
2016038350;5;2;2;1;3;920;03/04/2016
2016038351;5;2;6;1;7;920;30/01/2016
2016038352;1;2;1;8;6;920;05/02/2016
2016038353;1;2;1;1;6;920;23/04/2016
2016038354;1;2;1;1;6;920;28/04/2016
2016038355;1;2;2;1;1;920;12/05/2016
2016038356;1;2;1;1;3;920;10/03/2016
2016038357;1;2;2;1;4;920;14/03/2016
2016038358;1;2;4;1;7;920;13/03/2016
2016038359;1;2;3;1;3;920;20/03/2016
2016038360;1;2;3;8;3;920;25/03/2016
2016038361;1;2;1;1;6;920;29/03/2016
2016038362;1;2;2;2;2;920;19/03/2016
2016038363;1;2;1;1;3;920;29/03/2016
2016038364;5;2;1;1;3;920;06/09/2016
2016038365;1;2;5;1;3;920;04/10/2016
2016038366;1;2;2;2;6;920;26/09/2016
2016038367;1;2;1;1;2;920;02/04/2016
2016038368;1;2;1;1;3;920;13/04/2016
2016038369;1;2;1;2;3;920;25/04/2016
2016038370;1;2;1;1;6;920;14/04/2016
2016038371;1;2;3;1;1;920;18/04/2016
2016038372;1;2;1;1;6;920;29/06/2016
2016038373;1;2;1;1;6;920;22/06/2016
2016038374;1;2;3;2;4;920;17/06/2016
2016038375;1;2;3;2;2;920;15/06/2016
2016038376;1;2;1;8;6;920;03/06/2016
2016038377;1;2;1;2;6;920;06/06/2016
2016038378;1;2;1;1;1;920;06/06/2016
2016038379;1;2;1;1;6;920;07/06/2016
2016038380;1;2;1;1;7;920;01/08/2016
2016038381;2;2;1;1;6;920;28/05/2016
2016038382;1;2;1;1;6;920;08/08/2016
2016038383;1;2;6;1;6;920;26/08/2016
2016038384;5;2;6;2;3;920;16/10/2016
2016038385;1;2;2;2;6;920;10/10/2016
2016038386;1;2;1;1;6;920;01/10/2016
2016038387;5;2;2;1;3;920;09/10/2016
2016038388;1;2;3;1;3;920;12/07/2016
2016038389;1;2;1;1;6;920;22/10/2016
2016038390;1;2;1;1;6;920;04/05/2016
2016038391;1;2;3;2;2;920;19/05/2016
2016038392;5;2;2;1;3;920;01/05/2016
2016038393;1;2;1;1;6;920;13/05/2016
2016038394;1;2;3;1;3;920;13/05/2016
2016038395;1;2;1;2;6;920;31/05/2016
2016038396;1;2;2;1;3;920;24/05/2016
2016038397;1;2;1;1;6;920;26/05/2016
2016038398;1;2;5;1;3;920;24/05/2016
2016038399;1;2;1;2;6;920;23/05/2016
2016038400;1;2;2;1;3;920;11/05/2016
2016038401;1;2;1;1;7;920;17/05/2016
2016038402;1;2;1;2;2;920;22/05/2016
2016038403;1;2;1;2;7;920;19/05/2016
2016038404;5;2;1;1;6;920;14/05/2016
2016038405;1;2;1;1;6;920;11/05/2016
2016038406;1;2;1;2;1;920;09/11/2016
2016038407;5;2;2;3;6;920;09/11/2016
2016038408;1;2;1;1;3;920;27/09/2016
2016038409;1;2;1;1;3;920;16/07/2016
2016038410;1;2;2;1;3;920;21/09/2016
2016038411;1;2;1;1;6;920;11/07/2016
2016038412;5;2;1;1;7;920;31/10/2016
2016038413;1;2;1;1;3;920;03/10/2016
2016038414;1;2;1;1;6;920;14/09/2016
2016038415;1;2;3;1;7;920;26/10/2016
2016038416;1;2;1;2;3;920;20/10/2016
2016038417;1;2;1;1;7;920;18/10/2016
2016038418;1;2;2;1;6;920;02/09/2016
2016038419;5;2;2;1;2;920;13/09/2016
2016038420;1;2;1;2;7;920;13/11/2016
2016038421;5;2;1;2;7;920;17/11/2016
2016038422;1;2;1;1;2;920;01/12/2016
2016038423;1;2;1;1;3;920;01/12/2016
2016038424;5;2;1;1;3;920;30/11/2016
2016038425;2;2;1;1;3;920;26/11/2016
2016038426;5;2;1;1;2;920;25/11/2016
2016038427;1;2;1;1;5;920;18/11/2016
2016038428;5;2;1;1;2;920;11/12/2016
2016038429;5;2;2;2;6;920;12/12/2016
2016038430;1;2;1;1;6;920;14/12/2016
2016038431;1;2;2;1;3;920;16/12/2016
2016038432;1;2;6;1;3;920;17/12/2016
2016038433;1;2;1;1;3;920;20/12/2016
2016038434;5;2;1;1;6;920;28/12/2016
2016038435;5;2;1;1;7;920;04/01/2016
2016038436;5;2;2;1;3;920;14/01/2016
2016038437;1;2;2;1;6;920;28/02/2016
2016038438;1;2;2;1;6;920;21/01/2016
2016038439;1;2;1;1;3;920;25/01/2016
2016038440;1;2;2;1;2;920;05/01/2016
2016038441;5;2;2;1;3;920;27/01/2016
2016038442;1;2;1;1;3;920;01/02/2016
2016038443;1;2;2;1;6;920;02/02/2016
2016038444;1;2;1;1;6;920;03/02/2016
2016038445;1;2;1;1;2;920;08/01/2016
2016038446;1;2;2;1;6;920;04/02/2016
2016038447;2;2;2;1;4;920;05/02/2016
2016038448;5;2;1;1;3;920;05/02/2016
2016038449;1;2;2;1;5;920;08/02/2016
2016038450;1;2;1;2;3;920;09/02/2016
2016038451;1;2;1;1;6;920;16/02/2016
2016038452;1;2;2;1;3;920;23/02/2016
2016038453;2;2;2;2;6;920;05/01/2016
2016038454;2;2;1;2;2;920;12/01/2016
2016038455;1;2;1;1;1;920;05/03/2016
2016038456;2;2;1;2;3;920;09/03/2016
2016038457;1;2;1;1;6;920;09/03/2016
2016038458;1;2;2;1;6;920;05/02/2016
2016038459;5;2;2;1;3;920;24/03/2016
2016038460;1;2;1;1;6;920;29/03/2016
2016038461;1;2;1;2;7;920;30/03/2016
2016038462;1;2;1;2;6;920;31/03/2016
2016038463;5;2;1;8;2;920;03/04/2016
2016038464;1;2;2;1;1;920;08/04/2016
2016038465;1;2;1;1;7;920;12/04/2016
2016038466;1;2;1;1;3;920;19/04/2016
2016038467;1;2;1;1;3;920;22/04/2016
2016038468;1;2;1;1;3;920;30/04/2016
2016038469;2;2;1;1;3;920;07/05/2016
2016038470;1;2;2;1;3;920;10/05/2016
2016038471;1;2;2;1;3;920;10/05/2016
2016038472;1;2;1;2;6;920;12/05/2016
2016038473;1;2;1;1;3;920;12/05/2016
2016038474;1;2;1;3;3;920;18/05/2016
2016038475;1;2;1;1;1;920;24/05/2016
2016038476;1;2;1;1;6;920;28/05/2016
2016038477;1;2;1;1;6;920;30/05/2016
2016038478;1;2;2;1;2;920;01/06/2016
2016038479;1;2;1;1;2;920;06/06/2016
2016038480;5;2;1;1;4;920;13/06/2016
2016038481;1;2;2;1;3;920;15/06/2016
2016038482;1;2;2;1;3;920;15/06/2016
2016038483;1;2;1;2;6;920;18/06/2016
2016038484;1;2;2;1;6;920;21/06/2016
2016038485;1;2;1;1;3;920;29/06/2016
2016038486;5;2;6;1;3;920;06/07/2016
2016038487;1;2;1;1;6;920;08/07/2016
2016038488;1;2;1;1;6;920;15/07/2016
2016038489;1;2;2;1;3;920;22/07/2016
2016038490;2;2;2;2;3;920;28/07/2016
2016038491;5;2;2;1;2;920;29/07/2016
2016038492;1;2;1;1;6;920;05/08/2016
2016038493;1;2;2;1;6;920;10/08/2016
2016038494;1;2;2;1;3;920;17/08/2016
2016038495;5;2;3;1;3;920;30/08/2016
2016038496;1;2;2;1;3;920;29/08/2016
2016038497;1;2;1;1;6;920;08/09/2016
2016038498;1;2;1;1;2;920;14/09/2016
2016038499;1;2;1;1;6;920;23/09/2016
2016038500;5;2;3;1;6;920;23/09/2016
2016038501;1;2;2;1;6;920;04/10/2016
2016038502;1;2;2;1;3;920;06/10/2016
2016038503;1;2;3;1;3;920;06/10/2016
2016038504;1;2;1;1;6;920;10/10/2016
2016038505;2;2;2;1;6;920;14/10/2016
2016038506;1;2;1;1;6;920;15/10/2016
2016038507;5;2;1;1;3;920;15/10/2016
2016038508;5;2;2;1;3;920;18/10/2016
2016038509;1;2;2;1;3;920;20/10/2016
2016038510;1;2;1;1;6;920;28/10/2016
2016038511;1;2;1;1;3;920;01/11/2016
2016038512;5;2;2;1;6;920;07/11/2016
2016038513;2;2;3;1;6;920;15/11/2016
2016038514;1;2;1;2;6;920;15/11/2016
2016038515;5;2;2;1;6;920;15/11/2016
2016038516;5;2;1;1;2;920;18/11/2016
2016038517;5;2;1;1;6;920;21/11/2016
2016038518;5;2;1;1;3;920;24/11/2016
2016038519;1;2;2;1;6;920;28/11/2016
2016038520;1;2;2;1;6;920;29/11/2016
2016038521;1;2;2;1;3;920;30/11/2016
2016038522;2;2;1;1;2;920;02/12/2016
2016038523;1;2;1;1;6;920;09/12/2016
2016038524;5;2;2;1;6;920;10/12/2016
2016038525;5;2;2;2;3;920;13/12/2016
2016038526;1;2;4;2;6;920;13/12/2016
2016038527;5;2;1;2;6;920;13/12/2016
2016038528;1;2;1;1;6;920;16/12/2016
2016038529;5;2;1;1;6;920;17/12/2016
2016038530;5;2;3;1;6;920;01/01/2016
2016038531;5;2;3;2;3;920;02/01/2016
2016038532;1;2;2;1;1;920;22/10/2016
2016038533;1;2;2;1;6;920;22/10/2016
2016038534;1;2;1;1;6;920;26/02/2016
2016038535;1;2;3;1;6;920;04/03/2016
2016038536;1;2;1;1;6;920;26/03/2016
2016038537;1;2;7;2;3;920;12/01/2016
2016038538;5;1;1;2;6;920;18/05/2016
2016038539;2;2;2;1;3;920;01/08/2016
2016038540;5;2;3;1;6;920;22/01/2016
2016038541;5;2;1;1;6;920;31/10/2016
2016038542;5;1;1;1;1;920;02/11/2016
2016038543;5;2;1;1;6;920;05/11/2016
2016038544;1;2;3;2;6;920;23/01/2016
2016038545;5;2;3;1;1;920;09/12/2016
2016038546;5;2;3;1;1;920;17/12/2016
2016038547;5;2;7;1;6;920;23/12/2016
2016038548;5;2;2;1;1;920;16/02/2016
2016038549;1;2;1;1;7;920;12/03/2016
2016038550;1;2;1;1;6;920;14/03/2016
2016038551;1;2;2;1;6;920;25/03/2016
2016038552;1;2;1;2;7;920;31/03/2016
2016038553;1;2;3;1;6;920;02/04/2016
2016038554;1;2;3;1;6;920;04/04/2016
2016038555;1;2;2;1;1;920;05/04/2016
2016038556;1;1;1;1;6;920;11/04/2016
2016038557;5;2;1;2;7;920;26/04/2016
2016038558;1;2;3;1;3;920;28/04/2016
2016038559;1;2;3;1;6;920;04/05/2016
2016038560;1;2;6;1;7;920;10/05/2016
2016038561;1;2;3;1;6;920;17/05/2016
2016038562;1;2;2;2;3;920;19/05/2016
2016038563;1;2;1;1;6;920;20/05/2016
2016038564;1;2;1;1;1;920;16/06/2016
2016038565;1;2;3;1;6;920;17/06/2016
2016038566;1;2;3;1;6;920;26/06/2016
2016038567;1;2;1;1;6;920;27/06/2016
2016038568;1;2;1;1;3;920;29/06/2016
2016038569;1;2;7;1;6;920;28/07/2016
2016038570;1;2;2;1;7;920;04/08/2016
2016038571;1;2;4;1;1;920;05/07/2016
2016038572;1;2;1;1;2;920;12/08/2016
2016038573;1;2;1;1;6;920;13/08/2016
2016038574;1;2;3;1;6;920;20/08/2016
2016038575;1;2;3;1;1;920;22/08/2016
2016038576;1;1;2;1;3;920;28/08/2016
2016038577;1;2;1;1;6;920;28/08/2016
2016038578;1;2;1;1;7;920;03/09/2016
2016038579;1;2;1;1;6;920;12/09/2016
2016038580;1;2;1;1;6;920;16/09/2016
2016038581;1;2;1;1;6;920;29/09/2016
2016038582;5;2;3;1;3;920;17/10/2016
2016038583;1;2;3;1;6;920;27/10/2016
2016038584;1;2;1;2;7;920;05/11/2016
2016038585;1;1;1;2;7;920;12/11/2016
2016038586;5;2;1;2;6;920;16/11/2016
2016038587;1;2;1;1;6;920;07/12/2016
2016038588;5;2;1;1;6;920;09/12/2016
2016038589;5;2;3;1;6;920;14/12/2016
2016038590;1;2;7;1;6;920;15/12/2016
2016038591;1;2;3;1;6;920;15/12/2016
2016038592;5;2;1;1;6;920;19/12/2016
2016038593;1;2;3;1;6;920;20/12/2016
2016038594;5;2;2;1;6;920;20/12/2016
2016038595;1;2;3;1;6;920;21/12/2016
2016038596;5;2;3;1;3;920;24/12/2016
2016038597;5;2;3;1;6;920;29/12/2016
2016038598;1;2;3;1;5;920;29/12/2016
2016038599;1;2;1;2;3;920;03/01/2016
2016038600;5;2;1;2;6;920;03/01/2016
2016038601;1;2;1;1;1;920;08/01/2016
2016038602;2;2;1;1;6;920;08/01/2016
2016038603;1;2;1;1;6;920;12/01/2016
2016038604;1;2;3;1;3;920;12/01/2016
2016038605;1;2;1;1;6;920;12/01/2016
2016038606;1;2;1;1;6;920;13/01/2016
2016038607;5;2;1;1;6;920;18/01/2016
2016038608;1;2;1;1;3;920;20/01/2016
2016038609;5;2;1;1;6;920;30/01/2016
2016038610;5;2;1;1;7;920;31/01/2016
2016038611;1;2;1;2;3;920;02/02/2016
2016038612;2;2;1;2;7;920;03/02/2016
2016038613;5;2;1;1;3;920;06/02/2016
2016038614;1;2;2;1;6;920;07/02/2016
2016038615;2;2;3;1;3;920;07/02/2016
2016038616;1;2;2;2;6;920;09/02/2016
2016038617;5;1;1;3;6;920;09/02/2016
2016038618;1;2;3;1;6;920;10/02/2016
2016038619;5;2;1;1;6;920;13/02/2016
2016038620;1;2;2;1;5;920;17/02/2016
2016038621;5;2;4;1;7;920;17/02/2016
2016038622;1;2;1;1;6;920;22/02/2016
2016038623;5;2;1;1;3;920;23/02/2016
2016038624;2;2;1;9;6;920;27/02/2016
2016038625;1;2;3;1;7;920;03/03/2016
2016038626;1;2;2;1;2;920;03/03/2016
2016038627;1;2;1;4;4;920;07/03/2016
2016038628;5;2;1;1;6;920;10/03/2016
2016038629;2;2;1;1;6;920;13/03/2016
2016038630;1;2;1;1;3;920;17/03/2016
2016038631;1;2;8;1;6;920;22/03/2016
2016038632;1;2;1;1;3;920;22/03/2016
2016038633;2;2;1;1;6;920;23/03/2016
2016038634;5;2;6;2;3;920;28/03/2016
2016038635;1;2;3;3;6;920;31/03/2016
2016038636;5;2;1;1;6;920;02/04/2016
2016038637;1;2;1;1;6;920;04/04/2016
2016038638;1;2;1;1;6;920;05/04/2016
2016038639;1;2;1;1;6;920;06/04/2016
2016038640;1;2;1;1;3;920;06/04/2016
2016038641;1;2;1;1;1;920;07/04/2016
2016038642;1;2;2;1;6;920;15/04/2016
2016038643;1;2;1;1;6;920;14/04/2016
2016038644;1;2;1;1;3;920;18/04/2016
2016038645;1;2;1;1;6;920;20/04/2016
2016038646;1;2;2;1;3;920;22/04/2016
2016038647;1;2;1;1;6;920;28/04/2016
2016038648;1;2;1;1;6;920;30/04/2016
2016038649;1;2;3;1;3;920;11/05/2016
2016038650;1;2;1;1;5;920;12/05/2016
2016038651;1;2;9;1;6;920;13/05/2016
2016038652;5;2;2;1;3;920;14/05/2016
2016038653;1;2;1;1;6;920;15/05/2016
2016038654;1;2;1;1;6;920;17/05/2016
2016038655;1;2;2;1;6;920;17/05/2016
2016038656;1;2;1;2;3;920;20/05/2016
2016038657;1;2;3;1;3;920;24/05/2016
2016038658;1;2;1;3;3;920;30/05/2016
2016038659;5;2;1;2;6;920;30/05/2016
2016038660;1;2;2;2;4;920;31/05/2016
2016038661;1;2;1;1;6;920;02/06/2016
2016038662;1;2;1;1;2;920;02/06/2016
2016038663;1;2;1;1;3;920;09/06/2016
2016038664;1;2;2;1;3;920;14/06/2016
2016038665;1;2;1;1;6;920;15/06/2016
2016038666;1;2;1;1;3;920;18/06/2016
2016038667;1;2;3;9;3;920;23/06/2016
2016038668;1;2;3;1;5;920;24/06/2016
2016038669;1;2;1;1;7;920;29/06/2016
2016038670;1;2;1;1;6;920;30/06/2016
2016038671;1;2;2;1;3;920;01/07/2016
2016038672;2;2;1;1;7;920;02/07/2016
2016038673;5;2;2;1;6;920;02/07/2016
2016038674;1;2;3;1;3;920;08/07/2016
2016038675;5;2;2;3;6;920;13/07/2016
2016038676;1;2;1;1;6;920;15/07/2016
2016038677;5;2;1;1;6;920;18/07/2016
2016038678;1;2;1;1;7;920;18/07/2016
2016038679;1;2;1;1;3;920;21/07/2016
2016038680;1;2;1;1;2;920;25/07/2016
2016038681;1;2;3;1;7;920;29/07/2016
2016038682;1;2;1;1;6;920;01/08/2016
2016038683;1;2;3;1;3;920;02/08/2016
2016038684;5;2;6;2;3;920;04/08/2016
2016038685;1;2;3;1;6;920;06/08/2016
2016038686;1;2;1;1;6;920;08/08/2016
2016038687;1;2;4;2;6;920;19/08/2016
2016038688;1;2;2;1;3;920;25/08/2016