num_acc;lum;agg;inter;atm;col;dep;date
2016039265;1;2;1;1;3;920;13/10/2016
2016039266;1;2;1;1;6;920;15/10/2016
2016039267;5;2;1;1;6;920;25/10/2016
2016039268;1;2;1;1;6;920;20/10/2016
2016039269;1;2;1;1;6;920;21/10/2016
2016039270;1;2;1;2;7;920;24/10/2016
2016039271;5;2;2;1;6;920;26/10/2016
2016039272;1;2;9;1;6;920;31/10/2016
2016039273;1;2;1;2;7;920;04/11/2016
2016039274;1;2;1;1;6;920;08/11/2016
2016039275;1;2;1;1;3;920;10/11/2016
2016039276;1;2;1;2;6;920;10/11/2016
2016039277;2;2;1;1;2;920;11/11/2016
2016039278;5;2;3;2;3;920;13/11/2016
2016039279;1;2;1;2;1;920;15/11/2016
2016039280;1;2;1;2;3;920;16/11/2016
2016039281;1;2;9;1;2;920;18/11/2016
2016039282;5;2;1;1;6;920;19/11/2016
2016039283;1;2;1;1;3;920;21/11/2016
2016039284;5;2;1;8;4;920;22/11/2016
2016039285;5;2;1;1;7;920;27/11/2016
2016039286;5;2;1;1;2;920;27/11/2016
2016039287;5;2;2;1;3;920;28/11/2016
2016039288;1;2;1;1;3;920;01/12/2016
2016039289;5;2;9;1;7;920;07/12/2016
2016039290;1;2;1;1;4;920;08/12/2016
2016039291;1;2;1;1;6;920;14/12/2016
2016039292;5;2;1;1;6;920;13/12/2016
2016039293;5;2;1;1;7;920;03/12/2016
2016039294;5;2;1;2;7;920;24/12/2016
2016039295;1;2;2;1;3;920;24/12/2016
2016039296;1;2;3;1;6;920;27/12/2016
2016039297;1;2;1;2;2;920;05/01/2016
2016039298;5;2;3;2;3;920;06/01/2016
2016039299;5;2;3;2;3;920;12/01/2016
2016039300;5;2;1;8;6;920;22/01/2016
2016039301;1;2;1;1;3;920;25/01/2016
2016039302;1;2;1;1;6;920;29/01/2016
2016039303;5;2;1;2;6;920;02/02/2016
2016039304;1;2;1;1;6;920;06/02/2016
2016039305;1;2;3;2;3;920;12/02/2016
2016039306;1;2;1;1;2;920;17/02/2016
2016039307;1;2;1;2;6;920;04/03/2016
2016039308;1;2;6;8;7;920;06/03/2016
2016039309;5;2;1;2;1;920;06/03/2016
2016039310;1;2;1;1;6;920;08/03/2016
2016039311;1;2;1;1;7;920;22/03/2016
2016039312;5;2;1;1;3;920;01/04/2016
2016039313;1;2;1;1;6;920;18/04/2016
2016039314;1;2;1;1;3;920;06/05/2016
2016039315;1;2;1;1;6;920;06/05/2016
2016039316;1;2;1;1;2;920;09/05/2016
2016039317;1;2;1;2;7;920;10/05/2016
2016039318;1;2;1;1;7;920;13/05/2016
2016039319;1;2;1;1;6;920;23/05/2016
2016039320;1;2;3;2;3;920;29/05/2016
2016039321;1;2;1;1;2;920;13/06/2016
2016039322;1;2;1;1;3;920;13/06/2016
2016039323;1;2;1;2;6;920;16/06/2016
2016039324;1;2;1;1;6;920;16/06/2016
2016039325;1;2;1;1;3;920;22/06/2016
2016039326;1;2;1;1;6;920;24/06/2016
2016039327;1;2;1;1;6;920;25/06/2016
2016039328;1;2;1;1;6;920;26/06/2016
2016039329;1;2;1;1;6;920;04/07/2016
2016039330;1;2;1;1;3;920;06/07/2016
2016039331;1;2;3;1;3;920;08/07/2016
2016039332;5;2;1;1;6;920;13/07/2016
2016039333;1;2;2;1;6;920;16/07/2016
2016039334;5;2;1;1;6;920;28/07/2016
2016039335;1;2;1;1;7;920;03/08/2016
2016039336;1;1;3;1;7;920;08/08/2016
2016039337;1;2;1;1;7;920;27/08/2016
2016039338;1;2;1;1;7;920;27/08/2016
2016039339;1;2;2;1;3;920;28/08/2016
2016039340;1;2;1;1;7;920;02/09/2016
2016039341;1;2;1;1;6;920;08/09/2016
2016039342;5;2;1;1;5;920;14/09/2016
2016039343;1;2;3;2;3;920;15/09/2016
2016039344;1;2;1;1;4;920;28/09/2016
2016039345;5;2;1;2;7;920;30/09/2016
2016039346;5;2;1;1;6;920;01/10/2016
2016039347;1;2;1;1;3;920;03/10/2016
2016039348;1;1;3;1;3;920;12/10/2016
2016039349;1;2;1;1;4;920;20/10/2016
2016039350;1;2;1;1;4;920;20/10/2016
2016039351;3;2;1;1;6;920;21/10/2016
2016039352;2;2;2;2;3;920;21/10/2016
2016039353;1;2;1;3;3;920;23/10/2016
2016039354;5;2;1;1;3;920;05/11/2016
2016039355;1;2;3;2;6;920;12/11/2016
2016039356;5;2;1;1;2;920;12/11/2016
2016039357;1;2;1;1;3;920;19/11/2016
2016039358;5;2;1;1;3;920;20/11/2016
2016039359;1;2;1;1;3;920;25/11/2016
2016039360;1;2;2;1;3;920;29/11/2016
2016039361;1;2;1;1;6;920;05/12/2016
2016039362;5;2;1;3;6;920;12/12/2016
2016039363;1;2;1;1;6;920;13/12/2016
2016039364;1;2;1;1;6;920;22/12/2016
2016039365;1;2;3;1;3;920;05/01/2016
2016039366;1;2;3;1;6;920;15/01/2016
2016039367;1;2;3;3;2;920;02/02/2016
2016039368;5;2;3;1;2;920;10/02/2016
2016039369;1;2;1;1;5;920;10/02/2016
2016039370;5;2;3;1;2;920;11/02/2016
2016039371;1;2;3;2;7;920;12/02/2016
2016039372;1;2;3;1;3;920;16/02/2016
2016039373;5;2;2;1;6;920;23/02/2016
2016039374;1;2;1;1;6;920;26/02/2016
2016039375;1;2;3;1;3;920;16/03/2016
2016039376;1;2;1;1;7;920;18/03/2016
2016039377;5;2;1;1;2;920;25/03/2016
2016039378;5;2;3;1;6;920;25/03/2016
2016039379;1;2;1;1;2;920;02/04/2016
2016039380;1;2;1;1;3;920;04/04/2016
2016039381;1;2;1;1;6;920;05/04/2016
2016039382;1;2;1;1;6;920;04/04/2016
2016039383;1;2;3;1;2;920;09/04/2016
2016039384;1;2;3;1;6;920;14/04/2016
2016039385;1;2;1;1;6;920;15/04/2016
2016039386;1;2;3;1;2;920;26/04/2016
2016039387;5;2;3;1;6;920;27/04/2016
2016039388;1;2;1;1;4;920;08/05/2016
2016039389;1;2;1;3;7;920;11/05/2016
2016039390;1;2;1;1;6;920;20/06/2016
2016039391;2;2;1;1;1;920;24/06/2016
2016039392;1;2;3;2;6;920;02/07/2016
2016039393;2;2;3;1;3;920;11/07/2016
2016039394;5;2;1;1;7;920;15/07/2016
2016039395;1;2;1;1;7;920;18/07/2016
2016039396;1;2;1;1;3;920;19/07/2016
2016039397;1;2;3;1;2;920;25/07/2016
2016039398;1;2;3;1;3;920;26/07/2016
2016039399;1;2;3;1;3;920;16/08/2016
2016039400;1;2;3;1;3;920;17/08/2016
2016039401;5;2;1;1;3;920;28/08/2016
2016039402;1;2;1;1;6;920;09/09/2016
2016039403;1;2;1;1;6;920;19/09/2016
2016039404;1;2;7;1;6;920;25/09/2016
2016039405;1;2;3;1;6;920;25/09/2016
2016039406;1;2;1;1;3;920;30/09/2016
2016039407;5;2;1;2;6;920;01/10/2016
2016039408;1;2;3;1;1;920;06/10/2016
2016039409;1;2;3;1;3;920;20/10/2016
2016039410;1;2;1;1;6;920;21/10/2016
2016039411;2;2;3;5;3;920;21/10/2016
2016039412;1;2;1;1;7;920;04/11/2016
2016039413;1;2;1;2;6;920;07/11/2016
2016039414;1;2;1;1;6;920;08/11/2016
2016039415;5;2;1;1;2;920;08/11/2016
2016039416;1;2;3;1;3;920;22/11/2016
2016039417;5;2;3;1;3;920;27/11/2016
2016039418;1;2;1;1;3;920;05/12/2016
2016039419;1;2;1;1;6;920;14/12/2016
2016039420;1;2;1;2;7;920;04/01/2016
2016039421;2;2;1;2;3;920;07/01/2016
2016039422;5;2;1;1;3;920;22/01/2016
2016039423;1;2;2;1;3;920;29/01/2016
2016039424;1;2;1;1;2;920;05/02/2016
2016039425;1;2;2;2;3;920;08/02/2016
2016039426;1;2;1;1;3;920;08/02/2016
2016039427;1;2;2;2;1;920;14/02/2016
2016039428;5;2;1;1;3;920;17/02/2016
2016039429;1;2;1;1;2;920;20/02/2016
2016039430;1;2;1;1;1;920;06/03/2016
2016039431;1;1;2;1;3;920;10/03/2016
2016039432;1;2;1;1;3;920;11/03/2016
2016039433;2;2;3;1;3;920;13/03/2016
2016039434;1;2;2;1;3;920;15/03/2016
2016039435;1;2;3;7;3;920;17/03/2016
2016039436;1;2;2;1;7;920;23/03/2016
2016039437;1;2;1;1;3;920;23/03/2016
2016039438;1;2;3;1;3;920;24/03/2016
2016039439;1;2;1;1;2;920;30/03/2016
2016039440;1;2;1;1;3;920;31/03/2016
2016039441;1;2;6;1;3;920;07/04/2016
2016039442;1;2;1;1;7;920;15/04/2016
2016039443;1;2;3;1;3;920;01/05/2016
2016039444;2;2;3;1;7;920;23/04/2016
2016039445;5;2;3;1;3;920;20/05/2016
2016039446;5;2;1;2;6;920;23/05/2016
2016039447;1;2;1;1;7;920;23/05/2016
2016039448;1;2;3;1;2;920;27/05/2016
2016039449;5;2;6;1;7;920;28/05/2016
2016039450;1;2;6;1;3;920;01/06/2016
2016039451;1;2;1;1;3;920;03/06/2016
2016039452;1;2;1;1;1;920;13/06/2016
2016039453;1;2;1;1;6;920;15/06/2016
2016039454;1;2;1;2;2;920;16/06/2016
2016039455;1;2;1;1;7;920;15/06/2016
2016039456;1;2;1;1;1;920;24/06/2016
2016039457;1;2;1;1;3;920;29/06/2016
2016039458;5;2;3;2;2;920;03/07/2016
2016039459;1;2;6;1;7;920;04/07/2016
2016039460;1;2;1;1;4;920;06/07/2016
2016039461;1;2;1;1;7;920;07/07/2016
2016039462;1;2;1;1;7;920;07/07/2016
2016039463;1;2;2;1;3;920;08/07/2016
2016039464;1;2;2;1;7;920;08/07/2016
2016039465;1;2;1;1;7;920;09/07/2016
2016039466;1;2;1;3;6;920;06/07/2016
2016039467;1;2;3;1;3;920;20/07/2016
2016039468;1;2;6;1;7;920;20/07/2016
2016039469;1;2;1;1;7;920;21/07/2016
2016039470;1;2;3;1;7;920;26/07/2016
2016039471;1;2;1;1;6;920;28/07/2016
2016039472;1;2;3;7;3;920;15/08/2016
2016039473;1;2;3;1;6;920;24/08/2016
2016039474;5;2;2;1;7;920;28/08/2016
2016039475;1;2;2;1;3;920;29/08/2016
2016039476;1;2;1;1;7;920;31/08/2016
2016039477;1;2;2;7;3;920;02/09/2016
2016039478;1;2;3;2;7;920;05/09/2016
2016039479;1;2;2;3;7;920;05/09/2016
2016039480;1;2;1;1;2;920;07/09/2016
2016039481;1;2;2;2;7;920;15/09/2016
2016039482;1;2;1;1;2;920;18/09/2016
2016039483;1;2;3;1;2;920;06/10/2016
2016039484;1;2;6;1;7;920;09/10/2016
2016039485;5;2;6;1;3;920;12/10/2016
2016039486;1;2;3;1;3;920;12/10/2016
2016039487;1;2;2;2;3;920;24/10/2016
2016039488;1;2;1;1;7;920;29/10/2016
2016039489;1;2;3;1;7;920;18/11/2016
2016039490;5;2;1;6;7;920;20/11/2016
2016039491;1;2;3;1;7;920;21/11/2016
2016039492;1;2;3;2;3;920;21/11/2016
2016039493;2;2;1;1;7;920;25/11/2016
2016039494;5;2;1;1;2;920;28/11/2016
2016039495;1;1;3;1;3;920;29/11/2016
2016039496;1;2;1;1;3;920;30/11/2016
2016039497;1;2;2;1;3;920;01/12/2016
2016039498;5;2;2;1;3;920;03/12/2016
2016039499;1;2;6;1;3;920;04/12/2016
2016039500;1;2;1;1;7;920;06/12/2016
2016039501;5;2;2;1;3;920;09/12/2016
2016039502;1;2;1;1;7;920;12/12/2016
2016039503;5;2;6;1;7;920;15/12/2016
2016039504;1;2;1;1;6;920;19/12/2016
2016039505;1;2;1;1;7;920;27/12/2016
2016039506;1;2;1;1;7;920;02/01/2016
2016039507;1;2;3;1;4;920;04/01/2016
2016039508;1;2;2;1;7;920;04/01/2016
2016039509;1;2;1;1;4;920;05/01/2016
2016039510;5;2;1;1;3;920;02/02/2016
2016039511;5;2;1;5;1;920;08/02/2016
2016039512;1;2;1;1;3;920;17/02/2016
2016039513;1;2;3;2;1;920;18/02/2016
2016039514;1;2;2;1;3;920;19/02/2016
2016039515;1;2;3;1;3;920;23/02/2016
2016039516;1;2;1;1;3;920;17/03/2016
2016039517;1;2;1;1;2;920;22/03/2016
2016039518;1;2;1;1;7;920;22/03/2016
2016039519;1;2;1;1;2;920;29/03/2016
2016039520;1;2;3;2;3;920;30/05/2016
2016039521;1;2;1;1;7;920;07/06/2016
2016039522;1;2;1;1;7;920;27/06/2016
2016039523;1;2;1;1;2;920;17/07/2016
2016039524;1;2;1;1;7;920;18/08/2016
2016039525;1;2;2;2;3;920;05/09/2016
2016039526;1;2;1;1;2;920;15/09/2016
2016039527;5;2;1;2;7;920;30/09/2016
2016039528;1;2;1;1;2;920;21/10/2016
2016039529;5;2;1;1;2;920;30/10/2016
2016039530;1;2;3;1;3;920;24/12/2016
2016039531;5;2;3;1;3;920;01/01/2016
2016039532;1;2;3;1;3;920;05/01/2016
2016039533;1;2;1;2;2;920;11/01/2016
2016039534;1;2;6;1;6;920;02/02/2016
2016039535;5;2;3;1;3;920;01/03/2016
2016039536;3;2;1;1;7;920;15/04/2016
2016039537;5;2;1;1;7;920;29/04/2016
2016039538;1;2;1;1;3;920;03/05/2016
2016039539;1;2;3;1;2;920;05/05/2016
2016039540;1;2;1;1;7;920;14/05/2016
2016039541;1;2;1;1;6;920;29/06/2016
2016039542;5;2;1;2;7;920;03/07/2016
2016039543;5;2;1;1;4;920;07/07/2016
2016039544;1;2;1;2;3;920;19/08/2016
2016039545;1;2;3;1;5;920;29/08/2016
2016039546;1;2;1;1;7;920;31/08/2016
2016039547;1;2;1;1;3;920;14/09/2016
2016039548;1;2;1;1;3;920;27/09/2016
2016039549;3;2;1;1;7;920;09/10/2016
2016039550;5;2;1;1;2;920;19/10/2016
2016039551;2;2;9;1;2;920;27/10/2016
2016039552;5;1;1;1;3;920;08/11/2016
2016039553;5;2;1;1;3;920;16/11/2016
2016039554;5;2;2;1;3;920;19/11/2016
2016039555;1;2;1;1;2;920;25/11/2016
2016039556;5;2;1;1;6;920;27/12/2016
2016039557;1;2;2;2;3;930;03/01/2016
2016039558;1;2;1;3;3;930;07/01/2016
2016039559;1;2;1;1;6;930;08/01/2016
2016039560;1;2;1;1;2;930;11/01/2016
2016039561;4;2;1;8;6;930;12/01/2016
2016039562;1;2;1;1;6;930;14/01/2016
2016039563;1;2;1;1;3;930;14/01/2016
2016039564;1;2;1;1;6;930;14/01/2016
2016039565;1;2;1;1;3;930;18/01/2016
2016039566;1;2;1;1;6;930;19/01/2016
2016039567;5;2;1;1;6;930;22/01/2016
2016039568;1;2;1;1;3;930;25/01/2016
2016039569;1;2;1;1;2;930;26/01/2016
2016039570;1;2;1;1;6;930;27/01/2016
2016039571;1;2;1;1;3;930;27/01/2016
2016039572;1;2;1;1;3;930;28/01/2016
2016039573;5;2;1;2;3;930;30/01/2016
2016039574;2;2;1;8;6;930;01/02/2016
2016039575;5;2;1;1;6;930;01/02/2016
2016039576;1;2;1;1;6;930;06/02/2016
2016039577;1;2;1;1;6;930;08/02/2016
2016039578;2;2;1;2;6;930;12/02/2016
2016039579;5;2;1;1;3;930;15/02/2016
2016039580;1;2;2;1;3;930;17/02/2016
2016039581;5;2;1;1;6;930;19/02/2016
2016039582;5;2;3;1;2;930;06/03/2016
2016039583;1;2;1;1;3;930;07/03/2016
2016039584;5;2;1;1;1;930;09/03/2016
2016039585;1;2;1;1;6;930;11/03/2016
2016039586;1;2;1;1;6;930;16/03/2016
2016039587;1;2;2;1;3;930;18/03/2016
2016039588;1;2;1;1;6;930;22/03/2016
2016039589;1;2;1;1;3;930;27/03/2016
2016039590;1;2;1;1;4;930;03/04/2016
2016039591;1;2;1;1;2;930;07/04/2016
2016039592;1;2;1;2;6;930;07/04/2016
2016039593;1;2;1;1;6;930;13/04/2016
2016039594;1;2;1;1;6;930;13/04/2016
2016039595;1;2;1;1;6;930;19/04/2016
2016039596;1;2;1;1;6;930;23/04/2016
2016039597;1;2;1;1;6;930;27/04/2016
2016039598;1;2;1;1;6;930;02/05/2016
2016039599;1;2;3;1;3;930;03/05/2016
2016039600;1;2;1;1;6;930;04/05/2016
2016039601;1;2;1;1;6;930;06/05/2016
2016039602;1;2;1;1;7;930;08/05/2016
2016039603;1;2;2;1;3;930;09/05/2016
2016039604;1;2;2;1;6;930;13/05/2016
2016039605;1;2;2;1;1;930;17/05/2016
2016039606;1;2;1;1;6;930;19/05/2016
2016039607;1;2;1;3;3;930;23/05/2016
2016039608;1;2;1;3;6;930;23/05/2016
2016039609;5;2;1;1;1;930;24/05/2016
2016039610;1;2;1;1;6;930;25/05/2016
2016039611;2;2;1;1;6;930;27/05/2016
2016039612;5;2;1;1;1;930;27/05/2016
2016039613;1;2;1;1;6;930;04/06/2016
2016039614;1;2;1;1;6;930;08/06/2016
2016039615;1;2;1;1;3;930;10/06/2016
2016039616;4;2;2;2;3;930;12/06/2016
2016039617;1;2;1;2;6;930;16/06/2016
2016039618;1;2;1;1;6;930;22/06/2016
2016039619;1;2;4;1;2;930;22/06/2016
2016039620;1;2;1;1;6;930;27/06/2016
2016039621;1;2;1;2;6;930;30/06/2016
2016039622;5;2;1;2;2;930;04/07/2016
2016039623;1;2;1;1;4;930;06/07/2016
2016039624;1;1;1;1;3;930;08/07/2016
2016039625;1;2;1;7;2;930;10/07/2016
2016039626;1;2;1;1;1;930;11/07/2016
2016039627;1;2;1;1;5;930;11/07/2016
2016039628;1;2;3;1;3;930;13/07/2016
2016039629;1;2;9;1;3;930;13/07/2016
2016039630;1;2;1;1;6;930;14/07/2016
2016039631;1;2;2;1;3;930;16/07/2016
2016039632;1;2;1;1;3;930;04/08/2016
2016039633;1;2;2;1;3;930;10/08/2016
2016039634;1;2;1;1;6;930;15/08/2016
2016039635;1;2;2;1;3;930;20/08/2016
2016039636;1;2;1;1;3;930;20/08/2016
2016039637;5;2;2;1;3;930;23/08/2016
2016039638;5;1;1;1;6;930;05/09/2016
2016039639;1;2;1;1;2;930;06/09/2016
2016039640;1;2;1;1;6;930;06/09/2016
2016039641;1;2;1;1;6;930;06/09/2016
2016039642;1;2;1;1;6;930;07/09/2016
2016039643;5;2;1;1;6;930;13/09/2016
2016039644;1;2;1;1;6;930;14/09/2016
2016039645;5;2;3;2;6;930;16/09/2016
2016039646;5;2;3;1;3;930;17/09/2016
2016039647;5;2;2;1;3;930;18/09/2016
2016039648;1;2;1;1;6;930;20/09/2016
2016039649;1;2;1;1;6;930;21/09/2016
2016039650;1;2;1;1;6;930;23/09/2016
2016039651;1;2;1;1;6;930;27/09/2016
2016039652;1;2;1;1;6;930;28/09/2016
2016039653;1;2;2;1;3;930;28/09/2016
2016039654;1;2;1;1;7;930;30/09/2016
2016039655;1;2;7;1;3;930;02/10/2016
2016039656;1;2;1;1;3;930;03/10/2016
2016039657;1;2;3;1;3;930;07/10/2016
2016039658;2;2;1;1;1;930;08/10/2016
2016039659;5;2;2;1;1;930;08/10/2016
2016039660;1;2;3;1;3;930;10/10/2016
2016039661;1;2;1;1;6;930;13/10/2016
2016039662;1;2;2;2;3;930;20/10/2016
2016039663;1;2;2;1;3;930;26/10/2016
2016039664;1;2;6;8;3;930;26/10/2016
2016039665;5;2;1;1;1;930;05/11/2016
2016039666;1;2;1;1;6;930;08/11/2016
2016039667;1;2;2;2;3;930;15/11/2016
2016039668;5;2;1;1;3;930;16/11/2016
2016039669;1;2;1;8;6;930;21/11/2016
2016039670;5;2;4;1;6;930;22/11/2016
2016039671;1;2;1;8;3;930;24/11/2016
2016039672;5;2;1;1;6;930;27/11/2016
2016039673;1;2;4;1;4;930;30/11/2016
2016039674;1;2;5;1;6;930;09/12/2016
2016039675;5;2;1;1;6;930;20/12/2016
2016039676;5;2;1;5;2;930;23/12/2016
2016039677;5;2;1;1;1;930;27/12/2016
2016039678;5;2;2;1;3;930;28/12/2016
2016039679;5;2;2;5;6;930;29/12/2016
2016039680;5;2;2;1;3;930;31/12/2016
2016039681;5;2;2;1;3;930;01/01/2016
2016039682;2;2;1;2;6;930;05/01/2016
2016039683;1;2;3;1;3;930;06/01/2016
2016039684;2;2;1;2;6;930;06/01/2016
2016039685;1;2;1;1;3;930;07/01/2016
2016039686;1;2;6;2;6;930;10/01/2016
2016039687;1;1;1;2;7;930;11/01/2016
2016039688;1;2;1;2;2;930;12/01/2016
2016039689;1;2;1;1;2;930;12/01/2016
2016039690;1;2;1;1;3;930;13/01/2016
2016039691;5;2;1;2;6;930;10/02/2016
2016039692;1;1;1;1;3;930;15/01/2016
2016039693;1;2;1;1;5;930;15/01/2016
2016039694;1;2;1;1;6;930;15/01/2016
2016039695;5;2;1;2;3;930;16/01/2016
2016039696;2;2;3;1;6;930;20/01/2016
2016039697;5;2;3;1;1;930;23/01/2016
2016039698;1;2;1;1;4;930;26/01/2016
2016039699;2;2;3;2;6;930;27/01/2016
2016039700;5;2;2;1;3;930;27/01/2016
2016039701;1;2;6;1;2;930;29/01/2016
2016039702;5;2;5;1;3;930;29/01/2016
2016039703;5;2;1;2;6;930;31/01/2016
2016039704;5;2;9;1;6;930;02/05/2016
2016039705;2;2;1;2;3;930;31/01/2016
2016039706;1;2;3;1;3;930;02/02/2016
2016039707;1;2;1;2;4;930;08/02/2016
2016039708;5;2;2;8;3;930;12/02/2016
2016039709;5;2;2;8;3;930;13/02/2016
2016039710;1;2;1;2;5;930;13/02/2016
2016039711;1;2;1;1;2;930;13/06/2016
2016039712;5;2;3;2;1;930;13/02/2016
2016039713;1;1;1;1;6;930;14/02/2016
2016039714;1;2;1;1;3;930;16/02/2016
2016039715;5;2;3;1;5;930;19/02/2016
2016039716;1;2;1;2;3;930;22/02/2016
2016039717;1;2;1;1;6;930;25/02/2016
2016039718;1;2;1;1;2;930;25/02/2016
2016039719;1;2;2;1;3;930;25/02/2016
2016039720;5;2;1;1;2;930;26/02/2016
2016039721;5;2;2;1;3;930;26/02/2016
2016039722;1;2;1;1;2;930;02/03/2016
2016039723;1;2;1;1;5;930;29/08/2016
2016039724;1;2;9;1;3;930;05/03/2016
2016039725;1;2;2;1;3;930;05/03/2016
2016039726;1;2;1;1;6;930;12/03/2016
2016039727;5;2;1;1;2;930;12/03/2016
2016039728;1;2;1;1;6;930;13/03/2016
2016039729;1;2;9;1;6;930;28/09/2016
2016039730;1;2;2;1;5;930;17/03/2016
2016039731;2;2;3;1;3;930;17/03/2016
2016039732;3;1;1;1;2;930;18/03/2016
2016039733;1;2;3;1;6;930;21/03/2016
2016039734;1;2;1;1;4;930;21/03/2016
2016039735;1;2;1;1;3;930;21/03/2016
2016039736;5;2;1;1;1;930;25/03/2016
2016039737;5;2;2;2;3;930;29/03/2016
2016039738;1;2;1;1;7;930;01/04/2016
2016039739;1;2;1;1;3;930;04/04/2016
2016039740;1;2;1;1;6;930;06/04/2016
2016039741;1;2;1;1;3;930;09/04/2016
2016039742;1;2;3;2;3;930;11/04/2016
2016039743;1;2;1;1;6;930;18/04/2016
2016039744;1;2;1;1;1;930;22/04/2016
2016039745;1;2;2;1;3;930;23/04/2016
2016039746;5;2;6;2;2;930;26/04/2016
2016039747;1;2;2;1;3;930;27/04/2016
2016039748;1;2;3;1;5;930;01/05/2016
2016039749;1;2;6;1;3;930;02/05/2016
2016039750;1;2;1;1;5;930;04/05/2016
2016039751;1;2;2;1;2;930;04/05/2016
2016039752;1;2;1;1;4;930;14/05/2016
2016039753;1;2;2;1;3;930;16/05/2016
2016039754;1;2;1;1;6;930;17/05/2016
2016039755;1;2;3;2;3;930;22/05/2016
2016039756;1;2;1;2;6;930;23/05/2016
2016039757;5;2;1;2;6;930;23/05/2016
2016039758;2;2;1;1;1;930;25/05/2016
2016039759;5;2;1;1;3;930;27/05/2016
2016039760;1;1;4;1;6;930;28/05/2016
2016039761;1;2;1;2;5;930;30/05/2016
2016039762;1;2;6;1;3;930;08/06/2016
2016039763;1;2;6;1;2;930;03/06/2016
2016039764;1;2;1;1;1;930;09/06/2016
2016039765;1;2;1;1;6;930;11/06/2016
2016039766;1;2;1;2;1;930;15/06/2016
2016039767;1;2;2;1;3;930;16/06/2016
2016039768;1;2;1;1;6;930;17/06/2016
2016039769;1;2;1;1;7;930;22/06/2016
2016039770;1;2;1;1;3;930;25/06/2016
2016039771;1;2;1;1;3;930;27/06/2016
2016039772;5;2;2;1;3;930;01/07/2016
2016039773;1;2;1;1;3;930;03/07/2016
2016039774;1;2;3;2;2;930;03/07/2016
2016039775;1;2;1;2;6;930;03/07/2016
2016039776;1;2;2;1;3;930;04/07/2016
2016039777;1;2;2;1;3;930;06/07/2016
2016039778;1;2;1;1;4;930;10/07/2016
2016039779;1;2;1;1;2;930;15/07/2016
2016039780;1;2;2;1;3;930;14/07/2016
2016039781;1;2;1;1;6;930;18/07/2016
2016039782;1;2;3;1;3;930;22/07/2016
2016039783;1;2;1;1;3;930;25/07/2016
2016039784;1;2;1;3;2;930;02/08/2016
2016039785;1;2;1;1;2;930;07/08/2016
2016039786;1;2;3;1;3;930;13/08/2016
2016039787;5;2;2;1;3;930;15/08/2016
2016039788;1;2;3;1;1;930;30/08/2016
2016039789;2;2;1;1;6;930;30/08/2016
2016039790;1;2;3;1;5;930;31/08/2016
2016039791;1;2;6;2;3;930;05/09/2016
2016039792;1;2;1;1;6;930;06/09/2016
2016039793;1;2;1;1;2;930;06/09/2016
2016039794;1;2;1;1;3;930;09/09/2016
2016039795;1;2;1;1;6;930;10/09/2016
2016039796;1;2;1;1;3;930;12/09/2016
2016039797;5;2;1;1;6;930;15/09/2016
2016039798;1;2;1;3;2;930;16/09/2016
2016039799;5;2;6;2;5;930;17/09/2016
2016039800;1;2;3;1;3;930;23/09/2016
2016039801;1;2;3;1;3;930;23/09/2016
2016039802;1;2;1;2;2;930;25/09/2016
2016039803;1;2;1;1;6;930;26/09/2016
2016039804;1;2;1;1;6;930;27/09/2016
2016039805;1;2;1;1;1;930;27/09/2016
2016039806;5;2;2;2;3;930;30/09/2016
2016039807;1;2;1;1;4;930;04/10/2016
2016039808;1;2;1;1;6;930;07/10/2016
2016039809;5;2;1;2;6;930;13/10/2016
2016039810;3;2;1;3;6;930;14/10/2016
2016039811;5;2;2;1;3;930;15/10/2016
2016039812;1;2;2;1;1;930;16/10/2016
2016039813;5;2;1;1;6;930;22/10/2016
2016039814;5;2;2;8;3;930;23/10/2016
2016039815;1;2;1;2;6;930;25/10/2016
2016039816;5;2;1;1;6;930;25/10/2016
2016039817;1;2;2;1;3;930;26/10/2016
2016039818;2;2;2;5;3;930;27/10/2016
2016039819;1;2;3;1;3;930;27/10/2016
2016039820;1;2;1;1;6;930;31/10/2016
2016039821;1;2;1;2;6;930;04/11/2016
2016039822;5;2;1;2;2;930;05/11/2016
2016039823;5;2;1;2;4;930;15/11/2016
2016039824;3;2;1;1;2;930;25/11/2016
2016039825;1;2;3;1;3;930;29/11/2016
2016039826;1;2;1;1;6;930;30/11/2016
2016039827;1;2;1;1;6;930;01/12/2016
2016039828;5;2;1;1;1;930;02/12/2016
2016039829;1;2;1;1;3;930;06/12/2016
2016039830;5;2;1;1;6;930;08/12/2016
2016039831;1;2;1;1;6;930;10/12/2016
2016039832;4;2;1;2;3;930;12/12/2016
2016039833;1;2;1;2;3;930;13/12/2016
2016039834;3;2;1;2;4;930;19/12/2016
2016039835;5;2;1;2;7;930;21/12/2016
2016039836;5;2;4;1;1;930;26/12/2016
2016039837;5;2;1;1;1;930;26/12/2016
2016039838;3;1;1;5;5;930;31/12/2016
2016039839;5;2;1;2;6;930;02/01/2016
2016039840;2;2;3;8;6;930;19/01/2016