num_acc;lum;agg;inter;atm;col;dep;date
2016040417;5;2;1;1;3;930;17/02/2016
2016040418;1;2;1;1;6;930;19/02/2016
2016040419;5;2;1;1;6;930;23/02/2016
2016040420;1;2;3;1;3;930;26/02/2016
2016040421;1;2;1;1;6;930;27/02/2016
2016040422;2;2;1;2;6;930;01/03/2016
2016040423;5;2;1;2;6;930;01/03/2016
2016040424;1;2;1;1;3;930;03/03/2016
2016040425;3;2;3;1;3;930;09/03/2016
2016040426;5;2;1;1;6;930;11/03/2016
2016040427;5;2;2;1;3;930;13/03/2016
2016040428;1;2;1;1;3;930;16/03/2016
2016040429;1;2;1;1;5;930;21/03/2016
2016040430;1;2;1;1;7;930;22/03/2016
2016040431;3;2;1;1;6;930;26/03/2016
2016040432;1;2;1;2;6;930;30/03/2016
2016040433;1;2;2;1;3;930;01/04/2016
2016040434;5;2;1;1;6;930;01/04/2016
2016040435;5;2;2;2;3;930;02/04/2016
2016040436;1;2;1;1;6;930;05/04/2016
2016040437;1;2;1;2;6;930;07/04/2016
2016040438;1;2;1;1;1;930;08/04/2016
2016040439;1;2;1;1;3;930;12/04/2016
2016040440;5;2;1;1;3;930;12/04/2016
2016040441;1;2;3;1;5;930;18/04/2016
2016040442;1;2;1;1;2;930;21/04/2016
2016040443;5;2;1;1;3;930;22/04/2016
2016040444;5;2;1;2;6;930;27/04/2016
2016040445;1;2;3;1;3;930;02/05/2016
2016040446;1;2;1;1;6;930;10/05/2016
2016040447;1;2;1;1;2;930;13/05/2016
2016040448;1;2;1;1;6;930;25/05/2016
2016040449;1;2;9;1;6;930;26/05/2016
2016040450;2;2;1;1;7;930;28/05/2016
2016040451;1;2;2;1;6;930;04/06/2016
2016040452;1;2;3;1;3;930;05/06/2016
2016040453;1;2;1;1;6;930;15/06/2016
2016040454;1;2;1;1;6;930;17/06/2016
2016040455;1;2;2;1;3;930;19/06/2016
2016040456;1;2;3;1;6;930;23/06/2016
2016040457;1;2;3;1;3;930;29/06/2016
2016040458;1;2;1;1;3;930;01/07/2016
2016040459;1;2;4;1;2;930;02/07/2016
2016040460;1;2;3;1;3;930;02/07/2016
2016040461;1;2;1;1;6;930;07/07/2016
2016040462;1;2;1;1;6;930;09/07/2016
2016040463;1;2;9;7;6;930;15/07/2016
2016040464;1;2;1;1;3;930;28/07/2016
2016040465;1;2;1;2;3;930;02/08/2016
2016040466;5;2;1;2;2;930;02/08/2016
2016040467;5;2;1;1;2;930;05/08/2016
2016040468;1;2;2;1;3;930;08/08/2016
2016040469;1;2;2;1;3;930;15/08/2016
2016040470;1;2;9;1;6;930;19/08/2016
2016040471;1;2;1;1;1;930;30/08/2016
2016040472;1;2;1;1;3;930;01/09/2016
2016040473;1;2;1;2;3;930;05/09/2016
2016040474;5;2;1;2;6;930;05/09/2016
2016040475;1;2;1;1;3;930;08/09/2016
2016040476;1;2;1;1;3;930;09/09/2016
2016040477;1;2;1;1;3;930;12/09/2016
2016040478;1;2;1;1;3;930;14/09/2016
2016040479;1;2;2;1;3;930;15/09/2016
2016040480;1;2;1;2;3;930;16/09/2016
2016040481;1;2;1;1;4;930;17/09/2016
2016040482;1;2;1;1;6;930;20/09/2016
2016040483;5;2;2;1;3;930;23/09/2016
2016040484;1;2;1;2;6;930;25/09/2016
2016040485;5;2;1;1;6;930;26/09/2016
2016040486;1;2;1;1;4;930;27/09/2016
2016040487;1;2;1;1;6;930;29/09/2016
2016040488;5;2;1;2;2;930;30/09/2016
2016040489;5;2;2;8;3;930;01/10/2016
2016040490;1;2;3;1;6;930;09/10/2016
2016040491;5;2;1;1;3;930;12/10/2016
2016040492;5;2;1;2;4;930;20/10/2016
2016040493;5;2;1;3;6;930;23/10/2016
2016040494;5;2;1;1;6;930;25/10/2016
2016040495;5;2;2;8;3;930;25/10/2016
2016040496;5;2;1;1;1;930;30/10/2016
2016040497;1;2;1;1;6;930;31/10/2016
2016040498;1;2;2;2;3;930;04/11/2016
2016040499;5;2;9;2;6;930;04/11/2016
2016040500;5;2;1;1;1;930;07/11/2016
2016040501;1;2;1;1;3;930;08/11/2016
2016040502;5;2;1;2;6;930;09/11/2016
2016040503;5;2;1;2;6;930;10/11/2016
2016040504;5;2;1;2;1;930;13/11/2016
2016040505;5;2;1;1;6;930;18/11/2016
2016040506;1;2;1;1;6;930;23/11/2016
2016040507;5;2;1;1;6;930;26/11/2016
2016040508;1;2;1;1;4;930;02/12/2016
2016040509;3;2;1;1;3;930;03/12/2016
2016040510;1;2;2;1;3;930;04/12/2016
2016040511;5;2;1;1;3;930;04/12/2016
2016040512;5;2;1;1;2;930;05/12/2016
2016040513;5;2;1;1;6;930;07/12/2016
2016040514;5;2;3;1;3;930;10/12/2016
2016040515;5;2;3;2;6;930;12/12/2016
2016040516;1;2;1;1;3;930;15/12/2016
2016040517;1;2;1;1;1;930;15/12/2016
2016040518;1;2;1;1;3;930;30/12/2016
2016040519;1;2;3;2;6;930;05/01/2016
2016040520;5;2;1;1;6;930;09/01/2016
2016040521;5;2;3;1;3;930;15/01/2016
2016040522;1;2;2;1;3;930;20/04/2016
2016040523;1;2;2;2;6;930;22/05/2016
2016040524;1;2;2;1;1;930;28/05/2016
2016040525;5;2;1;2;6;930;02/06/2016
2016040526;1;2;1;1;2;930;13/06/2016
2016040527;1;2;1;1;2;930;13/06/2016
2016040528;1;2;3;1;3;930;05/07/2016
2016040529;1;2;1;1;6;930;06/07/2016
2016040530;1;2;1;1;3;930;15/07/2016
2016040531;1;2;1;1;6;930;20/07/2016
2016040532;1;2;3;1;3;930;20/07/2016
2016040533;1;2;1;1;6;930;12/08/2016
2016040534;1;2;9;1;1;930;13/08/2016
2016040535;1;2;1;1;6;930;28/08/2016
2016040536;1;2;1;1;6;930;09/09/2016
2016040537;3;2;1;1;6;930;20/09/2016
2016040538;5;2;3;1;3;930;21/09/2016
2016040539;1;2;9;1;3;930;30/09/2016
2016040540;1;2;9;1;6;930;30/09/2016
2016040541;5;2;5;1;3;930;05/10/2016
2016040542;1;2;1;1;2;930;07/10/2016
2016040543;5;2;3;1;4;930;10/10/2016
2016040544;4;2;3;1;3;930;11/10/2016
2016040545;1;2;1;2;6;930;20/11/2016
2016040546;3;2;1;1;6;930;24/11/2016
2016040547;1;2;3;1;2;930;25/11/2016
2016040548;5;2;3;1;3;930;27/11/2016
2016040549;1;2;1;1;6;930;08/12/2016
2016040550;1;2;1;1;6;930;11/12/2016
2016040551;5;2;1;1;6;930;20/12/2016
2016040552;5;2;1;1;3;930;31/12/2016
2016040553;1;2;1;2;5;930;07/01/2016
2016040554;1;2;1;2;2;930;11/01/2016
2016040555;1;2;1;1;3;930;13/01/2016
2016040556;5;2;1;2;6;930;14/01/2016
2016040557;1;2;1;1;6;930;16/01/2016
2016040558;5;2;1;1;6;930;29/01/2016
2016040559;5;2;2;2;3;930;30/01/2016
2016040560;1;2;2;1;3;930;05/02/2016
2016040561;1;2;9;1;6;930;07/02/2016
2016040562;1;2;1;2;3;930;08/02/2016
2016040563;2;2;3;1;3;930;15/02/2016
2016040564;1;2;5;1;1;930;15/02/2016
2016040565;5;2;1;9;3;930;25/01/2016
2016040566;1;2;3;1;1;930;09/02/2016
2016040567;1;2;2;2;6;930;30/01/2016
2016040568;5;2;3;1;6;930;17/02/2016
2016040569;1;2;1;8;6;930;18/02/2016
2016040570;5;2;9;2;2;930;13/02/2016
2016040571;1;2;3;1;3;930;18/02/2016
2016040572;1;2;1;1;6;930;22/02/2016
2016040573;1;2;1;1;3;930;26/02/2016
2016040574;1;2;3;1;6;930;12/03/2016
2016040575;1;2;1;1;3;930;14/03/2016
2016040576;5;2;2;1;1;930;08/03/2016
2016040577;1;2;3;2;3;930;25/03/2016
2016040578;1;2;3;1;6;930;01/04/2016
2016040579;1;2;1;1;6;930;03/04/2016
2016040580;1;2;3;1;6;930;03/04/2016
2016040581;1;2;9;1;3;930;04/04/2016
2016040582;5;1;1;1;6;930;09/04/2016
2016040583;1;2;2;1;4;930;09/04/2016
2016040584;1;2;2;2;3;930;11/04/2016
2016040585;1;2;1;8;6;930;13/04/2016
2016040586;1;2;2;1;6;930;18/04/2016
2016040587;1;2;1;1;3;930;21/04/2016
2016040588;5;2;2;1;6;930;19/03/2016
2016040589;1;2;1;8;3;930;16/05/2016
2016040590;5;2;2;2;3;930;10/05/2016
2016040591;1;2;1;1;6;930;15/05/2016
2016040592;1;2;1;1;2;930;27/05/2016
2016040593;1;2;9;3;6;930;30/05/2016
2016040594;1;2;1;3;6;930;30/05/2016
2016040595;1;2;1;2;6;930;01/06/2016
2016040596;1;2;1;8;1;930;02/06/2016
2016040597;1;2;2;1;3;930;04/06/2016
2016040598;1;2;3;1;3;930;02/07/2016
2016040599;1;2;3;1;6;930;06/07/2016
2016040600;1;2;1;1;3;930;10/07/2016
2016040601;1;2;2;1;6;930;11/07/2016
2016040602;1;2;3;1;1;930;15/07/2016
2016040603;3;2;1;1;6;930;02/08/2016
2016040604;1;2;3;2;3;930;02/08/2016
2016040605;1;2;1;2;6;930;02/08/2016
2016040606;3;2;6;1;2;930;05/08/2016
2016040607;1;2;2;1;3;930;06/08/2016
2016040608;1;2;5;1;2;930;09/08/2016
2016040609;5;2;1;1;6;930;12/08/2016
2016040610;1;2;3;1;3;930;16/08/2016
2016040611;1;2;2;1;3;930;18/08/2016
2016040612;1;2;1;1;6;930;22/08/2016
2016040613;1;2;3;1;3;930;30/08/2016
2016040614;1;2;1;1;6;930;30/08/2016
2016040615;1;2;1;1;6;930;31/08/2016
2016040616;5;2;1;1;6;930;02/09/2016
2016040617;1;2;1;2;6;930;05/09/2016
2016040618;1;2;4;1;3;930;07/09/2016
2016040619;1;2;1;1;6;930;10/09/2016
2016040620;1;2;2;1;6;930;14/09/2016
2016040621;1;2;1;1;2;930;17/09/2016
2016040622;1;2;1;1;6;930;20/09/2016
2016040623;1;2;2;1;3;930;24/09/2016
2016040624;5;2;2;1;1;930;27/09/2016
2016040625;1;2;1;1;6;930;28/09/2016
2016040626;3;2;1;1;6;930;28/09/2016
2016040627;1;2;1;1;6;930;05/10/2016
2016040628;5;2;3;1;3;930;05/10/2016
2016040629;5;2;4;1;3;930;09/10/2016
2016040630;1;2;1;1;3;930;11/10/2016
2016040631;5;2;1;1;2;930;09/10/2016
2016040632;1;2;2;1;6;930;19/10/2016
2016040633;1;2;1;2;6;930;19/10/2016
2016040634;1;2;1;1;3;930;22/10/2016
2016040635;1;2;1;1;6;930;31/10/2016
2016040636;1;2;1;1;6;930;04/11/2016
2016040637;1;2;1;1;6;930;06/11/2016
2016040638;5;2;1;2;6;930;09/11/2016
2016040639;5;2;1;1;6;930;10/11/2016
2016040640;5;2;1;2;3;930;13/11/2016
2016040641;5;2;1;8;6;930;13/11/2016
2016040642;1;2;1;1;6;930;17/11/2016
2016040643;1;2;2;2;6;930;20/11/2016
2016040644;1;2;2;1;3;930;21/11/2016
2016040645;5;2;3;1;6;930;23/11/2016
2016040646;5;2;3;1;3;930;28/11/2016
2016040647;1;2;1;1;6;930;01/12/2016
2016040648;1;2;3;1;6;930;07/12/2016
2016040649;5;2;2;1;6;930;07/12/2016
2016040650;1;2;2;2;3;930;18/12/2016
2016040651;5;2;2;1;3;930;23/12/2016
2016040652;5;2;1;1;6;930;28/12/2016
2016040653;1;1;4;5;2;930;30/12/2016
2016040654;3;1;1;1;2;930;01/01/2016
2016040655;5;2;2;1;3;930;01/01/2016
2016040656;5;2;3;1;6;930;03/01/2016
2016040657;2;2;2;2;5;930;05/01/2016
2016040658;1;2;3;8;3;930;05/01/2016
2016040659;1;2;3;2;3;930;11/01/2016
2016040660;1;2;1;1;6;930;15/01/2016
2016040661;5;2;1;5;6;930;21/01/2016
2016040662;1;2;1;1;6;930;21/01/2016
2016040663;1;2;2;8;3;930;24/01/2016
2016040664;1;2;1;8;1;930;02/02/2016
2016040665;5;2;3;2;3;930;04/02/2016
2016040666;1;2;2;2;3;930;12/02/2016
2016040667;5;2;1;1;1;930;12/02/2016
2016040668;5;2;1;1;6;930;15/02/2016
2016040669;5;2;2;1;3;930;16/02/2016
2016040670;1;2;1;2;2;930;18/02/2016
2016040671;1;2;1;8;6;930;21/02/2016
2016040672;1;1;1;1;5;930;27/02/2016
2016040673;1;2;2;2;3;930;01/03/2016
2016040674;5;2;1;1;6;930;12/03/2016
2016040675;5;2;3;1;7;930;16/03/2016
2016040676;1;2;1;1;6;930;17/03/2016
2016040677;1;2;9;1;6;930;18/03/2016
2016040678;1;2;1;1;6;930;19/03/2016
2016040679;1;2;1;1;6;930;24/03/2016
2016040680;1;1;1;1;5;930;27/03/2016
2016040681;1;2;1;2;6;930;30/03/2016
2016040682;1;2;2;1;3;930;01/04/2016
2016040683;5;2;9;1;1;930;13/04/2016
2016040684;1;2;1;1;2;930;17/04/2016
2016040685;1;1;1;1;6;930;18/04/2016
2016040686;1;2;2;2;1;930;24/04/2016
2016040687;1;2;1;1;6;930;28/04/2016
2016040688;1;2;1;9;6;930;04/05/2016
2016040689;1;2;3;1;2;930;07/05/2016
2016040690;1;2;3;1;3;930;08/05/2016
2016040691;5;2;1;1;3;930;07/05/2016
2016040692;5;2;2;1;3;930;15/05/2016
2016040693;1;1;1;1;3;930;15/05/2016
2016040694;1;2;2;2;3;930;20/05/2016
2016040695;1;2;2;8;3;930;23/05/2016
2016040696;1;2;1;1;6;930;01/06/2016
2016040697;1;2;6;1;6;930;07/06/2016
2016040698;1;2;1;1;3;930;07/06/2016
2016040699;1;2;1;1;5;930;08/06/2016
2016040700;1;2;2;1;3;930;09/06/2016
2016040701;1;2;5;1;6;930;09/06/2016
2016040702;1;2;1;1;6;930;10/06/2016
2016040703;1;2;1;1;3;930;10/06/2016
2016040704;1;2;3;1;6;930;13/06/2016
2016040705;1;2;1;1;2;930;13/06/2016
2016040706;5;2;1;1;6;930;16/06/2016
2016040707;2;1;1;1;7;930;16/06/2016
2016040708;1;2;3;1;3;930;23/06/2016
2016040709;1;2;2;1;3;930;06/07/2016
2016040710;1;2;5;1;3;930;12/07/2016
2016040711;1;2;1;1;2;930;13/07/2016
2016040712;2;2;5;1;3;930;19/07/2016
2016040713;1;2;3;1;3;930;21/07/2016
2016040714;5;2;3;1;3;930;21/07/2016
2016040715;1;2;1;1;6;930;25/07/2016
2016040716;1;2;5;1;7;930;27/07/2016
2016040717;1;2;1;1;6;930;30/07/2016
2016040718;1;2;1;1;6;930;25/08/2016
2016040719;1;2;1;1;6;930;01/09/2016
2016040720;2;2;1;1;6;930;03/09/2016
2016040721;1;1;1;1;6;930;09/09/2016
2016040722;1;2;2;1;3;930;09/09/2016
2016040723;1;2;1;1;6;930;09/09/2016
2016040724;1;2;1;1;1;930;14/09/2016
2016040725;1;2;3;1;3;930;20/09/2016
2016040726;1;2;5;1;3;930;24/09/2016
2016040727;1;2;3;1;3;930;29/09/2016
2016040728;1;2;3;1;6;930;30/09/2016
2016040729;5;2;1;1;6;930;01/10/2016
2016040730;3;2;9;1;6;930;04/10/2016
2016040731;1;2;6;1;1;930;09/10/2016
2016040732;1;2;2;1;3;930;11/10/2016
2016040733;1;2;1;8;3;930;13/10/2016
2016040734;1;1;6;1;3;930;03/11/2016
2016040735;5;2;3;1;3;930;03/11/2016
2016040736;1;2;1;1;3;930;13/09/2016
2016040737;5;2;1;2;6;930;04/11/2016
2016040738;5;2;1;2;6;930;04/11/2016
2016040739;5;2;2;1;3;930;06/11/2016
2016040740;5;2;1;3;3;930;09/11/2016
2016040741;5;2;1;2;3;930;09/11/2016
2016040742;1;2;5;2;6;930;16/11/2016
2016040743;2;2;1;1;6;930;17/11/2016
2016040744;5;2;1;1;6;930;18/11/2016
2016040745;1;2;2;8;3;930;21/11/2016
2016040746;5;2;1;1;6;930;21/11/2016
2016040747;1;2;1;1;2;930;25/11/2016
2016040748;5;2;1;1;4;930;28/11/2016
2016040749;1;2;1;1;6;930;29/11/2016
2016040750;5;2;1;9;6;930;04/12/2016
2016040751;1;2;1;1;6;930;07/12/2016
2016040752;1;2;3;1;3;930;13/12/2016
2016040753;1;2;9;1;6;930;21/12/2016
2016040754;5;2;1;2;4;930;22/12/2016
2016040755;1;2;2;1;3;930;01/05/2016
2016040756;1;2;1;2;6;930;05/09/2016
2016040757;5;2;1;1;3;930;24/09/2016
2016040758;5;2;2;2;6;930;15/11/2016
2016040759;1;2;1;1;6;930;28/11/2016
2016040760;5;2;1;2;2;930;21/12/2016
2016040761;1;2;1;2;3;930;03/01/2016
2016040762;1;2;1;8;6;930;09/01/2016
2016040763;5;2;9;2;2;930;11/01/2016
2016040764;5;2;2;1;3;930;24/01/2016
2016040765;2;2;2;8;6;930;04/02/2016
2016040766;2;2;5;1;6;930;05/02/2016
2016040767;1;2;3;1;1;930;06/02/2016
2016040768;1;2;2;1;3;930;07/02/2016
2016040769;1;2;1;2;3;930;09/02/2016
2016040770;5;2;2;8;3;930;10/02/2016
2016040771;2;2;1;2;6;930;13/02/2016
2016040772;5;2;1;2;6;930;22/02/2016
2016040773;5;2;3;1;3;930;26/02/2016
2016040774;1;2;2;4;6;930;02/03/2016
2016040775;5;2;1;2;6;930;02/03/2016
2016040776;1;2;1;1;6;930;06/03/2016
2016040777;1;2;1;1;3;930;07/03/2016
2016040778;1;2;3;2;6;930;09/03/2016
2016040779;1;1;1;2;3;930;25/03/2016
2016040780;1;2;1;1;3;930;05/04/2016
2016040781;1;2;2;1;3;930;06/04/2016
2016040782;1;2;1;1;6;930;07/04/2016
2016040783;1;2;1;2;6;930;07/04/2016
2016040784;1;2;1;1;6;930;09/04/2016
2016040785;5;2;1;2;3;930;09/04/2016
2016040786;1;2;1;1;6;930;12/04/2016
2016040787;1;2;1;1;3;930;13/04/2016
2016040788;2;2;1;1;6;930;18/04/2016
2016040789;4;2;1;1;3;930;19/04/2016
2016040790;1;2;3;8;3;930;27/04/2016
2016040791;1;2;1;1;2;930;04/05/2016
2016040792;5;2;1;2;3;930;11/05/2016
2016040793;5;2;1;1;2;930;16/05/2016
2016040794;1;2;1;1;6;930;20/05/2016
2016040795;1;2;1;1;6;930;20/05/2016
2016040796;1;2;2;1;3;930;20/05/2016
2016040797;5;2;2;1;3;930;24/05/2016
2016040798;5;2;1;1;6;930;27/05/2016
2016040799;1;2;1;1;3;930;27/05/2016
2016040800;1;2;1;2;3;930;30/05/2016
2016040801;1;2;1;3;1;930;31/05/2016
2016040802;1;2;1;2;3;930;02/06/2016
2016040803;1;2;1;3;2;930;02/06/2016
2016040804;1;2;1;1;1;930;04/06/2016
2016040805;5;2;1;2;6;930;04/06/2016
2016040806;1;2;2;8;6;930;06/06/2016
2016040807;1;2;1;1;6;930;06/06/2016
2016040808;1;2;1;1;3;930;09/06/2016
2016040809;1;2;1;1;4;930;17/06/2016
2016040810;1;2;1;1;3;930;18/06/2016
2016040811;1;2;1;1;6;930;23/06/2016
2016040812;1;2;1;1;1;930;28/06/2016
2016040813;1;2;9;1;2;930;01/07/2016
2016040814;2;2;3;1;2;930;02/07/2016
2016040815;1;2;1;1;3;930;06/07/2016
2016040816;1;2;1;1;6;930;08/07/2016
2016040817;1;2;9;1;1;930;11/07/2016
2016040818;1;2;2;1;3;930;13/07/2016
2016040819;1;2;3;1;1;930;13/07/2016
2016040820;1;2;1;1;6;930;15/07/2016
2016040821;1;2;2;1;6;930;16/07/2016
2016040822;5;2;2;1;3;930;17/07/2016
2016040823;1;2;1;1;3;930;17/07/2016
2016040824;1;2;1;1;4;930;17/07/2016
2016040825;1;2;1;1;6;930;26/07/2016
2016040826;1;2;2;1;4;930;29/07/2016
2016040827;5;2;2;2;1;930;02/08/2016
2016040828;1;2;4;2;3;930;03/08/2016
2016040829;1;2;2;1;2;930;03/08/2016
2016040830;1;2;1;1;6;930;05/08/2016
2016040831;1;2;1;1;2;930;11/08/2016
2016040832;1;2;5;1;3;930;15/08/2016
2016040833;1;2;1;1;6;930;17/08/2016
2016040834;1;2;3;1;5;930;17/08/2016
2016040835;1;2;3;7;3;930;23/08/2016
2016040836;1;2;1;1;7;930;24/08/2016
2016040837;1;2;3;1;3;930;29/08/2016
2016040838;1;2;2;1;3;930;30/08/2016
2016040839;1;2;1;2;6;930;06/09/2016
2016040840;1;2;1;1;6;930;06/09/2016
2016040841;1;2;3;1;3;930;12/09/2016
2016040842;1;2;7;2;2;930;15/09/2016
2016040843;1;2;1;1;6;930;22/09/2016
2016040844;5;2;1;1;6;930;25/09/2016
2016040845;1;2;2;2;7;930;25/09/2016
2016040846;3;2;1;1;6;930;26/09/2016
2016040847;1;2;1;1;6;930;29/09/2016
2016040848;1;2;1;1;3;930;29/09/2016
2016040849;1;2;1;1;3;930;30/09/2016
2016040850;5;2;1;1;6;930;03/10/2016
2016040851;5;2;1;1;6;930;03/10/2016
2016040852;1;2;1;7;6;930;04/10/2016
2016040853;1;2;1;1;6;930;05/10/2016
2016040854;1;2;1;1;1;930;06/10/2016
2016040855;1;2;1;1;6;930;06/10/2016
2016040856;1;2;3;1;3;930;11/10/2016
2016040857;1;2;1;1;3;930;12/10/2016
2016040858;1;2;2;1;1;930;13/10/2016
2016040859;1;2;2;1;3;930;13/10/2016
2016040860;1;2;1;8;2;930;17/10/2016
2016040861;5;2;5;2;1;930;19/10/2016
2016040862;5;2;2;1;6;930;22/10/2016
2016040863;1;2;2;1;3;930;28/10/2016
2016040864;1;2;1;1;3;930;03/11/2016
2016040865;1;2;2;1;1;930;05/11/2016
2016040866;1;2;1;1;6;930;05/11/2016
2016040867;1;2;1;1;6;930;11/11/2016
2016040868;5;2;3;2;3;930;12/11/2016
2016040869;1;2;2;1;3;930;14/11/2016
2016040870;2;2;1;2;3;930;16/11/2016
2016040871;5;2;9;2;6;930;18/11/2016
2016040872;5;2;1;3;3;930;23/11/2016
2016040873;1;2;2;1;3;930;23/11/2016
2016040874;1;2;2;7;6;930;23/11/2016
2016040875;1;2;8;1;6;930;30/11/2016
2016040876;3;1;1;2;6;930;12/12/2016
2016040877;5;2;5;2;3;930;12/12/2016
2016040878;1;2;2;7;3;930;15/12/2016
2016040879;1;2;2;1;3;930;16/12/2016
2016040880;1;2;2;1;3;930;28/12/2016
2016040881;1;2;3;1;3;930;09/12/2016
2016040882;1;2;2;1;3;930;08/12/2016
2016040883;1;2;1;1;7;930;24/11/2016
2016040884;1;2;1;1;6;930;25/11/2016
2016040885;1;2;1;1;6;930;25/11/2016
2016040886;1;2;2;1;3;930;26/11/2016
2016040887;5;2;1;1;3;930;04/12/2016
2016040888;5;2;3;1;6;930;10/12/2016
2016040889;5;2;1;1;6;930;14/12/2016
2016040890;5;2;2;1;3;930;17/12/2016
2016040891;1;2;1;1;3;930;18/12/2016
2016040892;5;2;8;9;6;930;22/12/2016
2016040893;1;2;1;5;3;930;23/12/2016
2016040894;5;2;1;2;7;930;24/12/2016
2016040895;5;2;1;1;6;930;28/12/2016
2016040896;5;2;3;1;1;930;28/12/2016
2016040897;1;2;1;1;3;930;29/12/2016
2016040898;2;2;2;2;6;930;05/01/2016
2016040899;1;2;1;2;6;930;05/01/2016
2016040900;5;2;1;2;3;930;05/01/2016
2016040901;5;2;1;1;1;930;06/01/2016
2016040902;3;2;1;8;6;930;09/01/2016
2016040903;1;2;2;1;3;930;16/01/2016
2016040904;1;2;1;3;6;930;22/01/2016
2016040905;5;2;1;2;6;930;22/01/2016
2016040906;1;2;1;8;4;930;23/01/2016
2016040907;5;2;1;1;6;930;25/01/2016
2016040908;5;2;2;2;1;930;26/01/2016
2016040909;1;2;1;1;6;930;05/02/2016
2016040910;1;2;1;1;2;930;16/02/2016
2016040911;1;2;3;1;3;930;16/02/2016
2016040912;4;2;1;1;3;930;16/02/2016
2016040913;5;2;2;2;3;930;21/02/2016
2016040914;1;2;1;1;6;930;28/02/2016
2016040915;1;2;3;1;3;930;28/02/2016
2016040916;5;2;2;1;3;930;13/03/2016
2016040917;1;2;3;1;3;930;17/03/2016
2016040918;1;2;3;1;1;930;25/03/2016
2016040919;1;2;1;2;6;930;29/03/2016
2016040920;1;2;2;1;3;930;05/04/2016
2016040921;1;2;3;1;3;930;06/04/2016
2016040922;1;2;2;1;3;930;07/04/2016
2016040923;2;2;1;1;6;930;08/04/2016
2016040924;1;2;1;2;2;930;09/04/2016
2016040925;1;2;3;2;3;930;11/04/2016
2016040926;1;2;1;2;3;930;10/05/2016
2016040927;1;2;1;3;6;930;11/05/2016
2016040928;1;2;3;8;3;930;04/06/2016
2016040929;1;2;1;1;6;930;07/06/2016
2016040930;1;2;1;1;3;930;12/06/2016
2016040931;1;2;1;1;6;930;15/06/2016
2016040932;1;2;3;2;3;930;11/06/2016
2016040933;1;2;9;1;1;930;25/06/2016
2016040934;1;2;3;1;3;930;30/06/2016
2016040935;1;2;1;1;6;930;30/06/2016
2016040936;1;2;9;1;6;930;08/07/2016
2016040937;1;2;1;1;3;930;07/07/2016
2016040938;1;2;1;1;3;930;24/07/2016
2016040939;1;2;2;1;5;930;29/07/2016
2016040940;1;2;3;8;3;930;12/07/2016
2016040941;1;2;3;1;3;930;16/07/2016
2016040942;1;2;1;1;6;930;20/07/2016
2016040943;1;2;3;1;6;930;30/07/2016
2016040944;1;2;2;2;3;930;04/08/2016
2016040945;1;2;1;2;3;930;18/08/2016
2016040946;1;2;2;1;3;930;15/08/2016
2016040947;1;2;2;1;5;930;03/09/2016
2016040948;5;2;2;1;1;930;11/09/2016
2016040949;1;2;1;1;3;930;12/09/2016
2016040950;1;2;1;1;3;930;14/09/2016
2016040951;1;2;3;1;3;930;14/09/2016
2016040952;1;2;1;1;6;930;21/09/2016
2016040953;5;2;1;8;3;930;25/09/2016
2016040954;1;2;1;1;6;930;30/09/2016
2016040955;1;2;1;1;6;930;04/10/2016
2016040956;1;2;1;7;2;930;06/10/2016
2016040957;1;2;9;5;2;930;22/10/2016
2016040958;5;2;1;1;6;930;02/11/2016
2016040959;5;2;1;2;3;930;16/11/2016
2016040960;1;2;2;2;6;930;21/11/2016
2016040961;1;2;1;1;6;930;13/10/2016
2016040962;5;2;1;1;2;930;17/10/2016
2016040963;1;2;1;2;7;930;24/10/2016
2016040964;5;2;3;1;3;930;27/10/2016
2016040965;1;2;1;1;3;930;27/10/2016
2016040966;5;2;1;2;6;930;09/11/2016
2016040967;2;2;3;2;1;930;12/11/2016
2016040968;5;2;2;1;3;930;15/11/2016
2016040969;1;2;1;8;6;930;25/11/2016
2016040970;5;2;1;1;3;930;25/11/2016
2016040971;2;2;1;1;6;930;28/11/2016
2016040972;1;2;1;1;3;930;28/11/2016
2016040973;1;2;1;1;6;930;30/11/2016
2016040974;1;2;1;1;3;930;30/11/2016
2016040975;1;2;1;1;5;930;04/12/2016
2016040976;5;2;1;2;6;930;12/12/2016
2016040977;5;2;2;1;6;930;17/12/2016
2016040978;2;2;1;1;6;930;25/12/2016
2016040979;5;2;3;1;3;930;26/12/2016
2016040980;5;2;2;1;3;930;26/12/2016
2016040981;5;2;1;3;6;930;07/01/2016
2016040982;2;2;1;2;6;930;07/01/2016
2016040983;1;2;2;1;3;930;07/01/2016
2016040984;1;2;1;8;6;930;18/01/2016
2016040985;5;2;3;2;3;930;23/01/2016
2016040986;5;2;1;2;6;930;02/02/2016
2016040987;5;2;9;2;6;930;02/02/2016
2016040988;1;2;1;2;6;930;04/02/2016
2016040989;1;2;9;8;6;930;11/02/2016
2016040990;5;2;1;1;6;930;23/02/2016
2016040991;1;2;1;1;7;930;24/02/2016
2016040992;5;2;1;1;7;930;26/02/2016
2016040993;1;2;1;3;6;930;01/03/2016