num_acc;lum;agg;inter;atm;col;dep;date
2016040994;5;2;1;3;2;930;04/03/2016
2016040995;5;2;1;1;2;930;05/03/2016
2016040996;1;2;1;1;3;930;10/03/2016
2016040997;2;2;1;1;3;930;15/03/2016
2016040998;1;2;1;1;6;930;16/03/2016
2016040999;1;2;6;1;6;930;17/03/2016
2016041000;1;2;1;1;3;930;18/03/2016
2016041001;1;2;2;8;2;930;19/03/2016
2016041002;5;2;3;1;5;930;02/04/2016
2016041003;5;2;1;1;4;930;08/04/2016
2016041004;2;2;1;2;7;930;09/04/2016
2016041005;1;2;1;1;6;930;14/04/2016
2016041006;4;2;1;1;7;930;17/04/2016
2016041007;1;2;1;1;6;930;07/05/2016
2016041008;1;2;1;3;2;930;11/05/2016
2016041009;5;2;1;1;6;930;15/05/2016
2016041010;1;2;3;1;3;930;18/05/2016
2016041011;1;2;1;1;6;930;20/05/2016
2016041012;1;2;2;1;3;930;28/05/2016
2016041013;2;2;1;1;6;930;29/05/2016
2016041014;1;2;3;2;3;930;31/05/2016
2016041015;1;2;9;8;3;930;06/06/2016
2016041016;1;2;6;2;6;930;06/06/2016
2016041017;1;2;4;1;3;930;06/06/2016
2016041018;1;2;6;1;6;930;08/06/2016
2016041019;1;2;6;1;3;930;18/06/2016
2016041020;1;2;3;2;3;930;17/06/2016
2016041021;1;2;2;1;3;930;28/06/2016
2016041022;1;2;3;1;6;930;29/06/2016
2016041023;1;2;6;1;2;930;30/06/2016
2016041024;1;2;3;1;3;930;02/07/2016
2016041025;1;2;2;1;3;930;05/07/2016
2016041026;5;2;3;3;7;930;12/07/2016
2016041027;1;2;1;1;3;930;15/07/2016
2016041028;1;2;1;1;2;930;23/07/2016
2016041029;2;2;3;2;3;930;02/08/2016
2016041030;1;2;6;2;2;930;04/08/2016
2016041031;1;2;3;1;6;930;08/08/2016
2016041032;1;2;1;1;6;930;13/08/2016
2016041033;5;2;6;1;6;930;25/08/2016
2016041034;1;2;9;1;6;930;25/08/2016
2016041035;1;2;2;1;3;930;25/08/2016
2016041036;1;2;1;1;6;930;27/08/2016
2016041037;1;2;6;1;3;930;28/08/2016
2016041038;1;2;1;1;2;930;04/09/2016
2016041039;1;2;1;1;3;930;09/09/2016
2016041040;1;2;1;1;6;930;13/09/2016
2016041041;1;2;2;1;6;930;14/09/2016
2016041042;1;2;2;1;6;930;16/09/2016
2016041043;1;2;1;1;2;930;16/09/2016
2016041044;1;2;1;1;6;930;20/09/2016
2016041045;1;2;3;1;3;930;20/09/2016
2016041046;1;2;1;2;3;930;25/09/2016
2016041047;1;2;1;1;6;930;28/09/2016
2016041048;1;2;9;1;2;930;28/09/2016
2016041049;1;2;2;8;3;930;30/09/2016
2016041050;1;2;1;1;6;930;30/09/2016
2016041051;4;2;1;2;4;930;30/09/2016
2016041052;1;2;3;1;3;930;06/10/2016
2016041053;5;2;3;1;6;930;15/10/2016
2016041054;1;2;1;8;6;930;27/10/2016
2016041055;1;2;3;1;3;930;27/10/2016
2016041056;5;2;1;1;4;930;29/10/2016
2016041057;5;2;1;1;6;930;01/11/2016
2016041058;1;2;2;1;6;930;01/11/2016
2016041059;5;2;1;1;3;930;08/11/2016
2016041060;5;2;1;2;4;930;10/11/2016
2016041061;4;2;1;2;6;930;12/11/2016
2016041062;1;2;8;8;6;930;17/11/2016
2016041063;1;2;3;1;3;930;18/11/2016
2016041064;5;2;3;1;5;930;18/11/2016
2016041065;5;2;1;2;6;930;20/11/2016
2016041066;1;2;2;1;3;930;22/11/2016
2016041067;5;2;1;1;2;930;28/11/2016
2016041068;1;2;1;1;3;930;30/11/2016
2016041069;1;2;1;1;3;930;09/12/2016
2016041070;5;2;3;1;3;930;09/12/2016
2016041071;1;2;2;1;6;930;14/12/2016
2016041072;1;2;1;1;6;930;15/12/2016
2016041073;5;2;1;1;6;930;20/01/2016
2016041074;5;2;2;1;3;930;23/01/2016
2016041075;1;2;1;1;6;930;25/01/2016
2016041076;1;2;1;1;1;930;28/01/2016
2016041077;5;2;1;2;6;930;30/01/2016
2016041078;1;2;4;1;3;930;10/02/2016
2016041079;1;2;4;1;3;930;16/02/2016
2016041080;2;2;1;2;6;930;09/03/2016
2016041081;1;2;1;1;6;930;18/03/2016
2016041082;1;2;7;1;6;930;21/03/2016
2016041083;5;2;1;3;6;930;28/03/2016
2016041084;2;2;2;2;2;930;30/03/2016
2016041085;1;2;3;2;3;930;11/04/2016
2016041086;1;2;1;1;2;930;21/04/2016
2016041087;1;2;9;1;3;930;01/05/2016
2016041088;1;2;1;1;2;930;07/05/2016
2016041089;1;2;1;1;6;930;09/05/2016
2016041090;1;2;3;1;3;930;09/05/2016
2016041091;1;2;1;3;6;930;10/05/2016
2016041092;1;2;3;8;1;930;16/05/2016
2016041093;2;2;2;2;3;930;22/05/2016
2016041094;2;2;7;1;1;930;04/06/2016
2016041095;1;2;3;8;3;930;05/06/2016
2016041096;1;2;1;1;6;930;05/06/2016
2016041097;1;2;2;1;3;930;26/06/2016
2016041098;1;2;6;1;3;930;04/07/2016
2016041099;5;2;3;1;7;930;09/07/2016
2016041100;1;2;1;1;6;930;21/07/2016
2016041101;1;2;1;1;6;930;22/07/2016
2016041102;1;2;1;1;3;930;26/07/2016
2016041103;1;2;1;2;6;930;02/08/2016
2016041104;1;2;2;1;6;930;04/08/2016
2016041105;1;2;1;1;6;930;20/08/2016
2016041106;2;2;1;1;3;930;14/09/2016
2016041107;1;2;3;1;3;930;16/09/2016
2016041108;1;2;1;1;3;930;19/10/2016
2016041109;5;2;2;2;3;930;24/10/2016
2016041110;5;2;6;1;6;930;25/10/2016
2016041111;1;2;1;1;6;930;26/10/2016
2016041112;1;2;1;8;3;930;14/11/2016
2016041113;1;2;1;2;3;930;20/11/2016
2016041114;1;2;3;1;3;930;23/11/2016
2016041115;5;2;3;1;3;930;24/11/2016
2016041116;5;2;1;1;6;930;28/11/2016
2016041117;1;2;1;1;3;930;28/11/2016
2016041118;5;2;1;1;3;930;04/12/2016
2016041119;1;2;1;1;3;930;06/12/2016
2016041120;5;2;4;1;3;930;06/12/2016
2016041121;5;2;3;1;3;930;13/12/2016
2016041122;5;2;1;1;6;930;01/01/2016
2016041123;2;2;1;3;3;930;07/01/2016
2016041124;1;2;1;1;2;930;14/01/2016
2016041125;5;2;2;1;6;930;21/01/2016
2016041126;2;2;3;2;6;930;02/02/2016
2016041127;5;2;1;1;2;930;29/05/2016
2016041128;1;2;1;1;2;930;06/07/2016
2016041129;1;2;4;1;1;930;14/01/2016
2016041130;1;2;2;1;3;930;03/02/2016
2016041131;5;2;1;6;2;930;07/02/2016
2016041132;1;2;2;1;3;930;18/02/2016
2016041133;5;2;1;1;2;930;19/02/2016
2016041134;5;2;1;8;6;930;20/02/2016
2016041135;5;2;3;1;3;930;09/03/2016
2016041136;1;2;1;1;6;930;12/03/2016
2016041137;1;2;1;1;6;930;12/03/2016
2016041138;5;2;1;1;3;930;09/04/2016
2016041139;1;2;1;2;3;930;13/04/2016
2016041140;1;2;3;2;6;930;17/04/2016
2016041141;1;2;1;1;6;930;19/04/2016
2016041142;1;2;5;1;3;930;25/04/2016
2016041143;1;2;1;1;6;930;07/05/2016
2016041144;1;2;1;1;2;930;09/05/2016
2016041145;2;2;1;2;6;930;12/05/2016
2016041146;1;2;1;1;6;930;20/05/2016
2016041147;1;2;1;1;6;930;21/05/2016
2016041148;5;2;1;1;6;930;10/04/2016
2016041149;1;2;1;1;6;930;06/06/2016
2016041150;1;2;3;1;6;930;11/06/2016
2016041151;2;2;1;1;6;930;13/06/2016
2016041152;1;2;1;1;6;930;15/06/2016
2016041153;1;2;3;1;3;930;18/06/2016
2016041154;1;2;3;1;3;930;23/06/2016
2016041155;1;2;1;1;6;930;28/06/2016
2016041156;1;2;1;7;6;930;07/08/2016
2016041157;1;2;1;1;3;930;15/12/2016
2016041158;1;2;1;1;6;930;14/07/2016
2016041159;1;2;1;1;2;930;17/07/2016
2016041160;1;2;4;1;2;930;24/07/2016
2016041161;1;2;1;1;6;930;04/08/2016
2016041162;1;2;1;1;1;930;12/08/2016
2016041163;1;2;9;1;6;930;30/08/2016
2016041164;5;2;1;1;6;930;11/09/2016
2016041165;5;2;1;1;2;930;01/10/2016
2016041166;2;2;1;2;6;930;04/11/2016
2016041167;1;2;1;1;3;930;05/11/2016
2016041168;1;2;2;1;3;930;10/11/2016
2016041169;1;2;1;1;2;930;20/12/2016
2016041170;5;2;1;1;6;930;15/10/2016
2016041171;1;2;3;2;6;930;06/01/2016
2016041172;5;2;2;1;3;930;07/01/2016
2016041173;5;2;1;2;3;930;09/01/2016
2016041174;1;2;1;9;6;930;09/01/2016
2016041175;1;1;1;1;7;930;13/01/2016
2016041176;1;2;2;1;6;930;19/01/2016
2016041177;5;2;2;1;6;930;20/01/2016
2016041178;2;2;2;2;3;930;22/01/2016
2016041179;1;2;1;2;6;930;30/01/2016
2016041180;2;2;2;1;5;930;07/02/2016
2016041181;1;2;2;2;3;930;10/02/2016
2016041182;1;2;1;1;2;930;11/02/2016
2016041183;1;2;1;2;6;930;11/02/2016
2016041184;1;2;2;3;3;930;13/02/2016
2016041185;1;2;2;1;6;930;14/02/2016
2016041186;1;2;1;1;6;930;16/02/2016
2016041187;5;2;2;2;6;930;18/02/2016
2016041188;5;2;4;1;6;930;27/02/2016
2016041189;1;2;6;1;6;930;22/03/2016
2016041190;5;2;1;1;5;930;24/03/2016
2016041191;1;2;1;1;6;930;01/04/2016
2016041192;1;2;6;1;2;930;06/04/2016
2016041193;2;2;1;2;2;930;06/04/2016
2016041194;1;2;3;2;2;930;06/04/2016
2016041195;1;2;1;2;6;930;11/04/2016
2016041196;1;2;2;1;6;930;13/04/2016
2016041197;1;2;3;1;3;930;17/04/2016
2016041198;1;2;1;2;6;930;22/04/2016
2016041199;3;2;1;2;5;930;25/04/2016
2016041200;2;2;9;1;4;930;28/04/2016
2016041201;1;2;9;1;6;930;30/04/2016
2016041202;1;2;1;1;3;930;03/05/2016
2016041203;2;2;2;1;2;930;06/05/2016
2016041204;1;2;5;1;3;930;06/05/2016
2016041205;1;2;6;1;7;930;06/05/2016
2016041206;1;2;1;1;3;930;14/05/2016
2016041207;5;2;2;1;3;930;18/05/2016
2016041208;1;2;1;2;6;930;19/05/2016
2016041209;1;2;1;2;6;930;19/05/2016
2016041210;1;2;1;1;6;930;23/05/2016
2016041211;1;2;3;1;3;930;26/05/2016
2016041212;1;2;2;1;3;930;26/05/2016
2016041213;1;2;2;1;3;930;27/05/2016
2016041214;1;2;2;1;3;930;07/06/2016
2016041215;1;2;3;1;3;930;10/06/2016
2016041216;1;2;2;1;3;930;14/06/2016
2016041217;1;2;1;2;6;930;16/06/2016
2016041218;1;2;3;1;3;930;17/06/2016
2016041219;5;2;1;1;6;930;18/06/2016
2016041220;1;2;2;1;2;930;18/06/2016
2016041221;1;2;2;1;1;930;22/06/2016
2016041222;1;2;1;1;4;930;23/06/2016
2016041223;1;2;6;1;3;930;24/06/2016
2016041224;1;2;2;1;7;930;24/06/2016
2016041225;1;2;1;1;7;930;18/06/2016
2016041226;1;2;2;2;6;930;27/06/2016
2016041227;1;2;2;1;3;930;28/06/2016
2016041228;1;2;2;1;3;930;29/06/2016
2016041229;2;2;2;1;3;930;05/07/2016
2016041230;5;2;2;1;4;930;09/07/2016
2016041231;2;2;1;1;6;930;09/07/2016
2016041232;5;2;1;1;6;930;17/07/2016
2016041233;1;2;2;1;1;930;22/07/2016
2016041234;1;2;1;1;1;930;26/07/2016
2016041235;1;2;2;1;3;930;08/08/2016
2016041236;5;2;1;1;3;930;09/08/2016
2016041237;1;2;6;7;6;930;17/08/2016
2016041238;1;2;1;1;6;930;25/08/2016
2016041239;1;2;1;2;3;930;05/09/2016
2016041240;1;2;1;1;6;930;09/09/2016
2016041241;1;2;5;1;3;930;09/09/2016
2016041242;1;2;2;1;3;930;10/09/2016
2016041243;1;2;1;1;5;930;10/09/2016
2016041244;5;2;1;2;6;930;15/09/2016
2016041245;1;2;1;1;6;930;16/09/2016
2016041246;5;2;2;3;3;930;16/09/2016
2016041247;1;2;1;1;2;930;18/09/2016
2016041248;1;2;2;2;3;930;19/09/2016
2016041249;1;2;6;7;6;930;21/09/2016
2016041250;5;2;3;1;7;930;24/09/2016
2016041251;1;2;2;1;3;930;28/09/2016
2016041252;5;2;9;1;3;930;28/09/2016
2016041253;1;2;6;1;2;930;29/09/2016
2016041254;5;2;1;9;3;930;01/10/2016
2016041255;2;2;1;1;4;930;04/10/2016
2016041256;5;2;1;1;6;930;05/10/2016
2016041257;1;2;1;8;6;930;07/10/2016
2016041258;5;2;1;1;7;930;07/10/2016
2016041259;1;2;2;1;3;930;08/10/2016
2016041260;1;2;1;1;2;930;13/10/2016
2016041261;2;2;1;2;1;930;13/10/2016
2016041262;5;2;1;1;2;930;16/10/2016
2016041263;5;2;1;8;3;930;20/10/2016
2016041264;2;2;1;5;7;930;22/10/2016
2016041265;5;2;1;1;6;930;25/10/2016
2016041266;5;2;1;1;6;930;26/10/2016
2016041267;1;2;1;1;6;930;31/10/2016
2016041268;1;2;1;1;6;930;18/11/2016
2016041269;2;2;8;2;6;930;21/11/2016
2016041270;5;2;2;1;3;930;22/11/2016
2016041271;1;2;9;1;2;930;27/11/2016
2016041272;5;2;1;1;7;930;29/11/2016
2016041273;5;2;1;1;6;930;01/12/2016
2016041274;5;2;1;1;6;930;01/12/2016
2016041275;1;2;1;1;6;930;06/12/2016
2016041276;1;2;2;1;6;930;08/12/2016
2016041277;1;2;8;2;3;930;13/12/2016
2016041278;5;2;2;8;1;930;14/12/2016
2016041279;5;2;5;2;6;930;05/01/2016
2016041280;5;2;2;1;6;930;06/01/2016
2016041281;1;2;1;1;6;930;12/01/2016
2016041282;2;2;1;8;6;930;13/01/2016
2016041283;5;2;1;8;6;930;13/01/2016
2016041284;1;2;1;1;6;930;21/01/2016
2016041285;5;2;1;1;6;930;26/01/2016
2016041286;1;2;5;3;1;930;30/01/2016
2016041287;1;2;1;1;6;930;01/02/2016
2016041288;5;2;1;9;6;930;03/02/2016
2016041289;1;2;1;1;2;930;05/02/2016
2016041290;1;2;1;3;6;930;09/02/2016
2016041291;5;2;1;8;6;930;09/02/2016
2016041292;1;2;1;1;2;930;10/02/2016
2016041293;2;2;1;1;6;930;10/02/2016
2016041294;1;2;1;1;6;930;15/02/2016
2016041295;1;2;1;1;6;930;20/02/2016
2016041296;4;2;1;8;6;930;20/02/2016
2016041297;1;2;1;1;6;930;06/03/2016
2016041298;1;2;2;2;6;930;08/03/2016
2016041299;1;2;1;2;6;930;09/03/2016
2016041300;5;2;2;1;6;930;16/03/2016
2016041301;1;2;3;1;6;930;19/03/2016
2016041302;1;2;1;1;6;930;20/03/2016
2016041303;1;2;1;1;6;930;21/03/2016
2016041304;1;2;1;1;6;930;22/03/2016
2016041305;1;2;1;1;6;930;24/03/2016
2016041306;1;2;1;1;6;930;01/04/2016
2016041307;1;2;1;1;4;930;15/04/2016
2016041308;5;2;1;1;6;930;17/04/2016
2016041309;1;2;1;8;6;930;23/04/2016
2016041310;1;2;1;1;6;930;07/05/2016
2016041311;1;2;1;1;6;930;14/05/2016
2016041312;1;2;1;2;6;930;22/05/2016
2016041313;5;2;2;2;6;930;23/05/2016
2016041314;5;2;1;1;6;930;27/05/2016
2016041315;1;2;1;1;6;930;06/06/2016
2016041316;5;2;2;1;6;930;07/06/2016
2016041317;5;2;1;2;6;930;12/06/2016
2016041318;1;1;3;1;6;930;15/06/2016
2016041319;1;2;1;2;6;930;17/06/2016
2016041320;1;2;1;1;6;930;29/06/2016
2016041321;1;2;1;1;6;930;05/07/2016
2016041322;1;1;1;1;6;930;06/07/2016
2016041323;1;2;3;1;6;930;07/07/2016
2016041324;1;2;1;1;6;930;19/07/2016
2016041325;1;2;1;1;6;930;22/07/2016
2016041326;1;2;1;1;6;930;26/07/2016
2016041327;1;2;1;2;6;930;03/08/2016
2016041328;1;2;1;1;6;930;12/08/2016
2016041329;1;2;1;1;6;930;15/08/2016
2016041330;1;2;2;1;6;930;24/08/2016
2016041331;1;2;1;1;6;930;12/09/2016
2016041332;1;2;2;1;1;930;13/09/2016
2016041333;5;2;1;1;6;930;19/09/2016
2016041334;1;2;1;1;6;930;21/09/2016
2016041335;1;2;1;1;6;930;22/09/2016
2016041336;1;2;1;1;6;930;24/09/2016
2016041337;1;2;3;1;6;930;27/09/2016
2016041338;1;2;9;1;6;930;27/09/2016
2016041339;5;2;3;1;6;930;06/10/2016
2016041340;5;2;1;1;6;930;06/10/2016
2016041341;5;2;1;1;7;930;09/10/2016
2016041342;1;2;1;1;6;930;10/10/2016
2016041343;1;2;1;2;6;930;13/10/2016
2016041344;1;2;2;1;6;930;15/10/2016
2016041345;5;2;1;2;6;930;18/10/2016
2016041346;1;2;2;1;6;930;27/10/2016
2016041347;5;2;1;1;6;930;31/10/2016
2016041348;5;2;1;1;6;930;06/11/2016
2016041349;5;2;1;1;6;930;08/11/2016
2016041350;5;2;3;2;6;930;10/11/2016
2016041351;3;2;1;2;7;930;12/11/2016
2016041352;5;2;1;8;6;930;14/11/2016
2016041353;1;2;1;1;6;930;18/11/2016
2016041354;5;2;6;2;6;930;20/11/2016
2016041355;1;2;1;1;6;930;26/11/2016
2016041356;5;2;1;5;6;930;01/12/2016
2016041357;5;2;1;5;3;930;10/12/2016
2016041358;5;2;1;2;3;930;12/12/2016
2016041359;3;2;3;1;3;930;03/01/2016
2016041360;1;2;1;2;6;930;07/01/2016
2016041361;5;2;1;2;2;930;12/01/2016
2016041362;1;2;6;1;3;930;13/01/2016
2016041363;1;2;1;1;6;930;13/01/2016
2016041364;5;2;4;1;3;930;17/01/2016
2016041365;5;2;6;1;6;930;20/01/2016
2016041366;1;2;2;1;3;930;21/01/2016
2016041367;1;2;2;2;3;930;22/01/2016
2016041368;5;2;1;1;6;930;26/01/2016
2016041369;1;2;1;2;6;930;27/01/2016
2016041370;1;2;2;1;3;930;01/02/2016
2016041371;1;2;2;1;2;930;02/02/2016
2016041372;3;1;1;2;2;930;04/02/2016
2016041373;1;2;3;1;6;930;06/02/2016
2016041374;5;2;3;3;6;930;07/02/2016
2016041375;1;2;1;3;6;930;09/02/2016
2016041376;5;2;1;2;3;930;09/02/2016
2016041377;2;2;2;8;3;930;11/02/2016
2016041378;1;2;4;1;3;930;19/02/2016
2016041379;2;2;1;2;3;930;22/02/2016
2016041380;5;2;1;3;3;930;23/02/2016
2016041381;2;2;3;3;3;930;23/02/2016
2016041382;1;2;5;1;3;930;25/02/2016
2016041383;5;2;3;1;1;930;27/02/2016
2016041384;5;2;3;1;6;930;28/02/2016
2016041385;5;1;1;2;6;930;02/03/2016
2016041386;1;2;2;1;6;930;03/03/2016
2016041387;1;2;1;1;2;930;03/03/2016
2016041388;5;2;1;1;2;930;03/03/2016
2016041389;1;2;1;3;2;930;09/03/2016
2016041390;5;2;1;1;3;930;11/03/2016
2016041391;5;2;3;1;3;930;12/03/2016
2016041392;1;2;2;1;3;930;13/03/2016
2016041393;1;2;1;1;3;930;14/03/2016
2016041394;1;2;1;7;6;930;14/03/2016
2016041395;1;2;1;1;6;930;15/03/2016
2016041396;2;2;3;1;3;930;15/03/2016
2016041397;2;2;2;1;3;930;15/03/2016
2016041398;5;2;1;1;3;930;16/03/2016
2016041399;1;2;1;1;3;930;17/03/2016
2016041400;1;2;1;1;3;930;17/03/2016
2016041401;5;2;1;1;1;930;16/03/2016
2016041402;5;2;1;1;2;930;17/03/2016
2016041403;1;2;1;1;6;930;18/03/2016
2016041404;1;2;1;1;6;930;20/03/2016
2016041405;1;2;1;1;6;930;25/03/2016
2016041406;5;2;1;1;6;930;27/03/2016
2016041407;5;2;2;2;3;930;30/03/2016
2016041408;2;2;1;8;2;930;01/04/2016
2016041409;5;2;1;1;3;930;01/04/2016
2016041410;1;2;1;1;4;930;04/04/2016
2016041411;1;2;1;1;6;930;05/04/2016
2016041412;1;2;1;1;3;930;07/04/2016
2016041413;5;2;9;1;4;930;09/04/2016
2016041414;2;2;1;1;1;930;11/04/2016
2016041415;1;2;4;1;2;930;13/04/2016
2016041416;1;2;1;1;2;930;16/04/2016
2016041417;1;2;5;1;3;930;16/04/2016
2016041418;2;2;9;1;2;930;18/04/2016
2016041419;1;2;1;1;3;930;19/04/2016
2016041420;1;2;1;1;6;930;19/04/2016
2016041421;1;2;1;1;6;930;20/04/2016
2016041422;1;2;1;1;1;930;20/04/2016
2016041423;1;2;2;1;3;930;22/04/2016
2016041424;5;2;2;1;7;930;26/04/2016
2016041425;1;2;3;1;1;930;03/05/2016
2016041426;1;2;1;1;6;930;04/05/2016
2016041427;1;2;1;1;6;930;04/05/2016
2016041428;1;2;1;1;2;930;06/05/2016
2016041429;1;2;1;1;6;930;06/05/2016
2016041430;1;2;1;1;2;930;08/05/2016
2016041431;2;2;1;1;3;930;07/05/2016
2016041432;1;2;3;1;1;930;13/05/2016
2016041433;1;2;9;2;1;930;13/05/2016
2016041434;1;2;1;1;7;930;16/05/2016
2016041435;1;2;2;1;6;930;17/05/2016
2016041436;1;2;2;1;6;930;18/05/2016
2016041437;1;2;1;1;6;930;18/05/2016
2016041438;1;2;1;2;4;930;20/05/2016
2016041439;5;2;1;1;6;930;21/05/2016
2016041440;1;2;1;1;6;930;21/05/2016
2016041441;2;2;1;1;2;930;21/05/2016
2016041442;5;2;1;2;3;930;22/05/2016
2016041443;1;2;1;2;4;930;23/05/2016
2016041444;1;2;1;3;3;930;23/05/2016
2016041445;1;2;5;1;3;930;23/05/2016
2016041446;1;2;1;1;3;930;26/05/2016
2016041447;1;2;1;1;6;930;27/05/2016
2016041448;1;2;1;3;5;930;31/05/2016
2016041449;1;2;1;2;3;930;31/05/2016
2016041450;1;2;1;1;3;930;02/06/2016
2016041451;1;2;1;1;6;930;04/06/2016
2016041452;1;2;2;1;6;930;04/06/2016
2016041453;1;1;1;1;6;930;07/06/2016
2016041454;1;2;1;1;2;930;08/06/2016
2016041455;1;2;3;1;3;930;08/06/2016
2016041456;1;2;2;1;3;930;09/06/2016
2016041457;1;2;1;1;6;930;10/06/2016
2016041458;1;2;1;9;2;930;18/06/2016
2016041459;5;2;1;1;3;930;19/06/2016
2016041460;1;2;1;2;3;930;20/06/2016
2016041461;1;2;1;1;6;930;23/06/2016
2016041462;1;2;1;1;6;930;24/06/2016
2016041463;5;2;1;1;3;930;26/06/2016
2016041464;1;2;9;1;6;930;26/06/2016
2016041465;1;2;3;1;3;930;21/06/2016
2016041466;5;2;2;1;3;930;28/06/2016
2016041467;1;2;1;1;6;930;22/06/2016
2016041468;1;2;1;1;3;930;28/06/2016
2016041469;1;2;2;1;3;930;29/06/2016
2016041470;1;2;1;1;6;930;29/06/2016
2016041471;1;2;2;1;6;930;30/06/2016
2016041472;1;2;6;1;3;930;30/06/2016
2016041473;1;2;1;2;3;930;30/06/2016
2016041474;1;2;2;1;2;930;01/07/2016
2016041475;1;2;1;1;6;930;02/07/2016
2016041476;1;2;1;1;4;930;03/07/2016
2016041477;2;2;9;1;2;930;02/07/2016
2016041478;1;2;1;2;6;930;03/07/2016
2016041479;2;2;1;1;6;930;04/07/2016
2016041480;1;2;1;1;6;930;05/07/2016
2016041481;1;2;1;1;1;930;07/07/2016
2016041482;1;2;4;1;4;930;10/07/2016
2016041483;1;2;1;1;6;930;12/07/2016
2016041484;1;2;1;1;3;930;19/07/2016
2016041485;1;2;1;2;6;930;20/07/2016
2016041486;1;2;1;1;6;930;20/07/2016
2016041487;1;2;3;1;3;930;21/07/2016
2016041488;5;2;3;1;2;930;21/07/2016
2016041489;1;2;1;1;6;930;27/07/2016
2016041490;1;2;1;1;6;930;29/07/2016
2016041491;1;2;1;1;6;930;30/07/2016
2016041492;1;2;1;7;6;930;15/08/2016
2016041493;1;2;3;1;6;930;17/08/2016
2016041494;1;2;6;2;3;930;18/08/2016
2016041495;1;2;1;1;6;930;18/08/2016
2016041496;5;2;2;1;3;930;21/08/2016
2016041497;1;2;1;1;6;930;22/08/2016
2016041498;1;2;2;1;2;930;25/08/2016
2016041499;1;2;1;1;3;930;26/08/2016
2016041500;1;2;1;1;3;930;30/08/2016
2016041501;5;2;1;1;2;930;01/09/2016
2016041502;5;2;3;1;3;930;03/09/2016
2016041503;1;2;1;1;6;930;08/09/2016
2016041504;1;2;2;1;3;930;11/09/2016
2016041505;1;2;1;1;6;930;11/09/2016
2016041506;2;2;1;1;1;930;13/09/2016
2016041507;1;2;1;2;3;930;15/09/2016
2016041508;1;2;1;2;2;930;16/09/2016
2016041509;1;2;3;1;6;930;22/09/2016
2016041510;1;2;1;1;2;930;23/09/2016
2016041511;1;2;1;1;6;930;25/09/2016
2016041512;5;2;1;1;3;930;27/09/2016
2016041513;2;2;4;1;3;930;27/09/2016
2016041514;1;2;1;1;6;930;29/09/2016
2016041515;1;2;3;1;6;930;30/09/2016
2016041516;1;2;1;1;6;930;30/09/2016
2016041517;1;2;1;1;6;930;01/10/2016
2016041518;2;2;1;7;6;930;01/10/2016
2016041519;1;2;1;1;3;930;03/10/2016
2016041520;1;2;2;1;3;930;03/10/2016
2016041521;1;2;3;1;3;930;04/10/2016
2016041522;1;2;1;1;2;930;05/10/2016
2016041523;1;2;1;1;6;930;02/10/2016
2016041524;5;2;1;1;6;930;05/10/2016
2016041525;1;2;1;1;2;930;07/10/2016
2016041526;1;2;1;1;6;930;08/10/2016
2016041527;1;1;3;1;3;930;09/10/2016
2016041528;2;2;4;1;3;930;01/10/2016
2016041529;5;2;1;1;5;930;08/10/2016
2016041530;1;2;1;1;2;930;11/10/2016
2016041531;5;2;2;1;3;930;11/10/2016
2016041532;5;2;3;1;1;930;14/10/2016
2016041533;5;2;1;2;4;930;14/10/2016
2016041534;1;2;1;2;7;930;17/10/2016
2016041535;1;2;3;9;3;930;18/10/2016
2016041536;5;2;1;1;6;930;18/10/2016
2016041537;1;2;1;2;6;930;20/10/2016
2016041538;3;2;1;1;6;930;20/10/2016
2016041539;1;2;1;2;6;930;21/10/2016
2016041540;1;2;1;3;2;930;21/10/2016
2016041541;1;2;1;2;3;930;24/10/2016
2016041542;1;2;1;1;6;930;25/10/2016
2016041543;3;2;1;1;2;930;26/10/2016
2016041544;1;2;1;1;6;930;29/10/2016
2016041545;4;2;1;1;1;930;31/10/2016
2016041546;5;2;1;1;2;930;02/11/2016
2016041547;5;2;1;1;3;930;03/11/2016
2016041548;5;2;1;2;6;930;04/11/2016
2016041549;1;2;1;3;1;930;09/11/2016
2016041550;5;2;1;2;2;930;10/11/2016
2016041551;5;2;2;2;3;930;11/11/2016
2016041552;1;2;3;1;3;930;11/11/2016
2016041553;5;2;1;1;3;930;11/11/2016
2016041554;1;1;1;1;6;930;12/11/2016
2016041555;5;2;4;2;1;930;13/11/2016
2016041556;5;2;1;2;2;930;13/11/2016
2016041557;1;2;1;1;6;930;14/11/2016
2016041558;1;1;1;8;2;930;18/11/2016
2016041559;2;2;1;1;6;930;18/11/2016
2016041560;5;2;3;1;3;930;21/11/2016
2016041561;5;2;2;1;3;930;22/11/2016
2016041562;5;2;1;8;6;930;23/11/2016
2016041563;1;2;2;8;3;930;25/11/2016
2016041564;1;1;5;1;3;930;28/11/2016
2016041565;5;2;1;1;3;930;29/11/2016
2016041566;1;2;3;1;6;930;30/11/2016
2016041567;5;2;5;1;3;930;30/11/2016
2016041568;2;2;1;1;6;930;02/12/2016
2016041569;3;2;2;1;3;930;05/12/2016