num_acc;lum;agg;inter;atm;col;dep;date
2016041570;1;2;1;8;3;930;08/12/2016
2016041571;1;2;1;1;6;930;08/12/2016
2016041572;1;2;1;1;6;930;08/12/2016
2016041573;5;2;1;1;1;930;12/12/2016
2016041574;5;2;3;2;6;930;12/12/2016
2016041575;5;2;1;1;6;930;18/12/2016
2016041576;5;2;1;3;5;930;21/12/2016
2016041577;1;2;2;2;3;930;26/12/2016
2016041578;1;2;2;1;6;930;29/12/2016
2016041579;1;2;1;1;6;930;05/01/2016
2016041580;1;2;1;2;3;930;07/01/2016
2016041581;1;2;1;1;3;930;11/01/2016
2016041582;1;2;1;1;3;930;13/01/2016
2016041583;2;2;6;1;3;930;27/01/2016
2016041584;3;2;1;2;6;930;31/01/2016
2016041585;1;2;1;2;2;930;01/02/2016
2016041586;5;2;2;2;3;930;13/02/2016
2016041587;1;2;1;2;6;930;01/03/2016
2016041588;1;2;1;3;6;930;01/03/2016
2016041589;5;2;1;2;6;930;02/03/2016
2016041590;1;2;1;1;6;930;07/03/2016
2016041591;1;2;1;3;3;930;09/03/2016
2016041592;1;2;1;1;6;930;22/03/2016
2016041593;1;2;1;1;1;930;05/04/2016
2016041594;5;2;3;1;1;930;06/04/2016
2016041595;1;2;5;1;1;930;07/04/2016
2016041596;1;2;1;1;6;930;08/04/2016
2016041597;1;2;1;2;2;930;14/04/2016
2016041598;1;2;3;1;3;930;21/04/2016
2016041599;1;2;3;1;6;930;22/04/2016
2016041600;1;2;1;1;2;930;23/04/2016
2016041601;1;2;1;1;2;930;03/05/2016
2016041602;1;2;1;2;6;930;20/05/2016
2016041603;1;2;1;1;3;930;21/05/2016
2016041604;1;2;1;1;6;930;29/05/2016
2016041605;1;2;1;1;6;930;28/05/2016
2016041606;1;2;1;3;6;930;30/05/2016
2016041607;5;2;1;3;3;930;30/05/2016
2016041608;1;2;1;1;6;930;12/06/2016
2016041609;1;2;1;2;6;930;17/06/2016
2016041610;1;2;3;1;3;930;21/06/2016
2016041611;5;2;1;1;6;930;24/06/2016
2016041612;1;2;1;1;3;930;13/07/2016
2016041613;5;2;1;1;6;930;15/07/2016
2016041614;1;2;1;1;1;930;19/07/2016
2016041615;1;2;2;1;3;930;20/07/2016
2016041616;1;2;2;1;3;930;23/07/2016
2016041617;1;2;1;1;2;930;28/07/2016
2016041618;5;2;1;1;1;930;29/02/2016
2016041619;1;2;1;1;2;930;17/08/2016
2016041620;1;2;3;1;1;930;13/08/2016
2016041621;1;2;1;2;2;930;19/08/2016
2016041622;5;2;4;1;3;930;22/08/2016
2016041623;1;2;3;2;3;930;05/09/2016
2016041624;1;2;9;1;2;930;10/09/2016
2016041625;1;2;1;1;5;930;12/09/2016
2016041626;1;2;3;1;6;930;20/09/2016
2016041627;1;2;1;1;6;930;28/09/2016
2016041628;5;2;1;1;6;930;15/10/2016
2016041629;5;2;9;1;6;930;16/10/2016
2016041630;1;2;3;1;6;930;17/10/2016
2016041631;1;2;9;1;2;930;22/10/2016
2016041632;2;2;9;2;3;930;04/11/2016
2016041633;1;2;1;1;6;930;19/11/2016
2016041634;1;2;1;1;3;930;21/11/2016
2016041635;1;2;2;2;5;930;21/11/2016
2016041636;1;2;1;1;2;930;29/11/2016
2016041637;5;2;1;1;6;930;29/11/2016
2016041638;1;2;1;1;5;930;30/11/2016
2016041639;5;2;1;1;3;930;02/12/2016
2016041640;1;2;1;1;3;930;03/12/2016
2016041641;1;2;1;1;6;930;05/12/2016
2016041642;1;2;1;2;3;930;12/12/2016
2016041643;2;2;3;2;3;930;12/12/2016
2016041644;1;2;1;1;2;930;14/12/2016
2016041645;1;2;1;1;3;930;14/12/2016
2016041646;3;2;8;1;6;930;16/12/2016
2016041647;5;2;1;1;1;930;23/12/2016
2016041648;1;2;1;1;3;930;29/12/2016
2016041649;1;2;4;8;6;930;07/01/2016
2016041650;1;2;2;8;3;930;10/01/2016
2016041651;1;2;3;1;6;930;14/01/2016
2016041652;5;2;3;1;3;930;21/01/2016
2016041653;3;2;1;2;6;930;29/01/2016
2016041654;1;2;1;1;2;930;01/02/2016
2016041655;1;2;3;2;6;930;03/02/2016
2016041656;5;2;1;1;6;930;05/02/2016
2016041657;5;2;1;2;6;930;08/02/2016
2016041658;1;2;3;2;6;930;13/02/2016
2016041659;1;2;1;1;6;930;23/02/2016
2016041660;1;2;1;1;3;930;29/02/2016
2016041661;5;2;1;1;6;930;11/03/2016
2016041662;1;2;4;1;1;930;14/03/2016
2016041663;1;2;6;1;2;930;16/03/2016
2016041664;1;2;1;1;6;930;17/03/2016
2016041665;5;2;3;1;3;930;18/03/2016
2016041666;1;2;1;1;1;930;05/04/2016
2016041667;1;2;1;1;1;930;18/04/2016
2016041668;1;2;3;1;2;930;23/04/2016
2016041669;5;2;1;1;6;930;21/05/2016
2016041670;1;2;1;1;6;930;27/05/2016
2016041671;1;2;3;2;3;930;31/05/2016
2016041672;1;2;7;1;6;930;01/06/2016
2016041673;1;2;1;2;2;930;04/06/2016
2016041674;1;2;1;3;6;930;20/06/2016
2016041675;1;2;2;1;3;930;23/06/2016
2016041676;1;2;1;1;6;930;29/06/2016
2016041677;1;2;1;3;1;930;30/06/2016
2016041678;2;2;1;1;6;930;19/07/2016
2016041679;3;2;5;1;6;930;21/07/2016
2016041680;1;2;1;1;6;930;26/07/2016
2016041681;1;2;2;1;3;930;27/07/2016
2016041682;5;2;1;1;3;930;28/08/2016
2016041683;1;2;1;1;3;930;09/09/2016
2016041684;1;2;1;1;4;930;20/09/2016
2016041685;1;2;1;1;6;930;09/09/2016
2016041686;1;2;1;1;7;930;28/09/2016
2016041687;1;2;1;1;6;930;03/10/2016
2016041688;1;2;1;1;3;930;05/10/2016
2016041689;1;2;1;1;6;930;10/10/2016
2016041690;1;2;8;1;6;930;12/10/2016
2016041691;2;2;2;1;3;930;15/10/2016
2016041692;5;2;1;1;6;930;16/10/2016
2016041693;2;2;1;1;6;930;31/10/2016
2016041694;1;2;1;2;2;930;23/10/2016
2016041695;1;2;5;2;5;930;05/11/2016
2016041696;1;2;1;1;3;930;06/11/2016
2016041697;1;2;2;8;3;930;08/11/2016
2016041698;5;2;2;3;3;930;10/11/2016
2016041699;1;2;3;1;6;930;29/11/2016
2016041700;1;2;1;1;2;930;12/12/2016
2016041701;4;2;3;5;6;930;23/12/2016
2016041702;5;2;2;1;3;930;28/05/2016
2016041703;5;2;1;1;3;930;09/06/2016
2016041704;1;2;9;1;3;930;23/09/2016
2016041705;1;2;6;1;1;930;03/10/2016
2016041706;5;2;1;9;5;930;04/01/2016
2016041707;1;2;1;3;6;930;07/01/2016
2016041708;3;2;1;2;1;930;09/01/2016
2016041709;5;2;2;1;3;930;21/01/2016
2016041710;5;2;1;1;1;930;01/02/2016
2016041711;1;2;1;1;6;930;10/02/2016
2016041712;3;2;1;1;6;930;11/02/2016
2016041713;1;2;3;8;6;930;11/02/2016
2016041714;1;2;1;1;6;930;23/02/2016
2016041715;1;2;1;1;6;930;02/03/2016
2016041716;1;2;1;1;6;930;08/03/2016
2016041717;1;2;1;1;3;930;15/03/2016
2016041718;1;2;3;1;3;930;20/03/2016
2016041719;1;2;1;1;6;930;23/03/2016
2016041720;1;2;3;1;3;930;26/03/2016
2016041721;5;2;2;9;5;930;27/03/2016
2016041722;1;2;1;1;6;930;08/04/2016
2016041723;1;2;1;1;6;930;08/04/2016
2016041724;1;2;3;2;3;930;08/04/2016
2016041725;2;2;3;1;3;930;12/04/2016
2016041726;5;2;1;1;6;930;14/04/2016
2016041727;1;2;1;8;6;930;16/04/2016
2016041728;1;2;1;1;6;930;23/04/2016
2016041729;1;2;1;1;3;930;26/04/2016
2016041730;1;2;1;1;6;930;28/04/2016
2016041731;1;2;1;1;2;930;01/05/2016
2016041732;1;2;1;1;3;930;09/05/2016
2016041733;1;2;3;1;3;930;10/05/2016
2016041734;5;2;3;2;2;930;10/05/2016
2016041735;1;2;1;1;5;930;18/05/2016
2016041736;3;2;1;1;6;930;21/05/2016
2016041737;1;2;1;1;6;930;21/05/2016
2016041738;1;2;1;1;6;930;01/06/2016
2016041739;1;2;1;1;3;930;06/06/2016
2016041740;1;2;1;1;2;930;07/06/2016
2016041741;1;2;1;1;6;930;10/06/2016
2016041742;1;2;3;2;3;930;21/06/2016
2016041743;1;2;1;1;6;930;24/06/2016
2016041744;1;2;1;1;6;930;24/06/2016
2016041745;1;2;1;1;6;930;25/06/2016
2016041746;1;2;3;1;6;930;06/07/2016
2016041747;1;2;1;1;6;930;07/07/2016
2016041748;1;2;3;1;6;930;08/07/2016
2016041749;1;2;2;1;3;930;13/07/2016
2016041750;1;2;2;1;2;930;18/07/2016
2016041751;1;2;2;1;6;930;29/07/2016
2016041752;1;2;1;1;1;930;17/08/2016
2016041753;1;2;1;1;6;930;20/08/2016
2016041754;1;2;1;1;6;930;23/08/2016
2016041755;1;2;1;1;3;930;25/08/2016
2016041756;1;2;3;1;4;930;07/09/2016
2016041757;1;2;1;1;3;930;14/09/2016
2016041758;1;2;1;1;5;930;28/09/2016
2016041759;2;2;1;1;2;930;08/10/2016
2016041760;5;2;4;1;3;930;09/10/2016
2016041761;1;2;3;1;3;930;10/10/2016
2016041762;1;2;1;1;5;930;17/10/2016
2016041763;5;2;1;1;6;930;26/10/2016
2016041764;1;2;3;1;2;930;12/11/2016
2016041765;1;2;1;1;6;930;16/11/2016
2016041766;1;2;1;1;6;930;24/11/2016
2016041767;1;2;1;1;6;930;29/11/2016
2016041768;5;2;1;1;7;930;01/12/2016
2016041769;5;2;1;1;6;930;09/12/2016
2016041770;2;2;1;1;6;930;15/05/2016
2016041771;5;2;1;1;6;930;11/03/2016
2016041772;5;2;1;1;2;930;03/12/2016
2016041773;2;2;9;2;6;930;05/01/2016
2016041774;2;2;1;3;2;930;07/01/2016
2016041775;1;2;1;1;6;930;08/01/2016
2016041776;1;2;3;2;3;930;11/01/2016
2016041777;5;2;9;1;6;930;13/01/2016
2016041778;5;2;1;1;2;930;19/01/2016
2016041779;5;2;2;1;3;930;30/01/2016
2016041780;1;2;2;1;3;930;05/02/2016
2016041781;5;2;2;1;6;930;06/02/2016
2016041782;2;2;1;2;3;930;01/03/2016
2016041783;1;2;2;1;3;930;04/03/2016
2016041784;1;2;1;3;5;930;04/03/2016
2016041785;1;2;1;1;6;930;08/03/2016
2016041786;1;2;1;1;6;930;08/03/2016
2016041787;1;2;1;1;2;930;12/03/2016
2016041788;1;2;1;1;2;930;14/03/2016
2016041789;1;2;2;1;6;930;15/03/2016
2016041790;2;2;1;1;6;930;24/03/2016
2016041791;2;2;1;1;6;930;03/04/2016
2016041792;1;2;2;1;6;930;04/04/2016
2016041793;1;2;2;1;3;930;10/04/2016
2016041794;1;2;3;1;3;930;10/04/2016
2016041795;1;2;2;1;2;930;12/04/2016
2016041796;1;2;1;1;6;930;14/04/2016
2016041797;1;2;3;1;3;930;19/04/2016
2016041798;1;2;2;1;3;930;28/04/2016
2016041799;1;2;3;1;3;930;08/05/2016
2016041800;1;2;1;1;2;930;11/05/2016
2016041801;1;2;2;1;6;930;12/05/2016
2016041802;2;2;1;1;6;930;14/05/2016
2016041803;1;2;2;1;3;930;15/05/2016
2016041804;1;2;1;1;6;930;17/05/2016
2016041805;1;2;1;2;3;930;23/05/2016
2016041806;1;2;2;1;3;930;26/05/2016
2016041807;1;2;1;1;1;930;09/06/2016
2016041808;1;2;1;1;4;930;10/06/2016
2016041809;1;2;1;1;6;930;11/06/2016
2016041810;1;2;1;1;2;930;15/06/2016
2016041811;1;1;1;2;3;930;15/06/2016
2016041812;1;2;1;1;2;930;24/06/2016
2016041813;5;2;2;1;3;930;24/06/2016
2016041814;5;2;2;1;1;930;27/06/2016
2016041815;1;2;1;1;3;930;01/07/2016
2016041816;5;2;1;1;5;930;07/07/2016
2016041817;1;2;1;1;6;930;10/07/2016
2016041818;1;2;2;1;3;930;12/07/2016
2016041819;5;2;6;3;3;930;13/07/2016
2016041820;1;2;1;2;6;930;14/07/2016
2016041821;1;2;1;1;2;930;17/07/2016
2016041822;2;2;6;1;6;930;17/07/2016
2016041823;1;2;6;1;2;930;20/07/2016
2016041824;1;1;7;1;2;930;22/07/2016
2016041825;1;2;2;1;3;930;26/07/2016
2016041826;2;2;2;1;3;930;13/08/2016
2016041827;1;2;2;1;3;930;24/08/2016
2016041828;1;1;9;9;6;930;26/08/2016
2016041829;1;1;1;1;6;930;03/09/2016
2016041830;1;2;1;1;6;930;07/09/2016
2016041831;1;2;2;1;1;930;09/09/2016
2016041832;1;2;1;1;6;930;12/09/2016
2016041833;1;2;2;2;6;930;19/09/2016
2016041834;5;2;2;1;3;930;22/09/2016
2016041835;1;2;3;1;3;930;25/09/2016
2016041836;1;2;1;1;6;930;26/09/2016
2016041837;1;2;1;1;4;930;27/09/2016
2016041838;1;1;1;1;2;930;12/10/2016
2016041839;1;2;1;1;6;930;13/10/2016
2016041840;5;2;1;1;2;930;16/10/2016
2016041841;5;2;1;1;6;930;16/10/2016
2016041842;1;2;1;1;2;930;20/10/2016
2016041843;1;2;1;1;6;930;21/10/2016
2016041844;1;2;6;1;2;930;21/10/2016
2016041845;1;2;2;2;3;930;23/10/2016
2016041846;1;2;3;2;3;930;24/10/2016
2016041847;1;2;1;1;2;930;02/11/2016
2016041848;5;2;2;1;3;930;02/11/2016
2016041849;1;2;1;1;3;930;03/11/2016
2016041850;1;2;8;2;6;930;04/11/2016
2016041851;5;2;2;2;3;930;04/11/2016
2016041852;5;2;1;2;2;930;09/11/2016
2016041853;1;2;1;1;3;930;12/11/2016
2016041854;2;1;1;1;5;930;14/11/2016
2016041855;5;2;3;2;6;930;15/11/2016
2016041856;1;2;6;1;2;930;17/11/2016
2016041857;5;2;2;2;1;930;20/11/2016
2016041858;1;2;3;2;3;930;21/11/2016
2016041859;1;2;2;1;6;930;25/11/2016
2016041860;5;2;1;8;1;930;26/11/2016
2016041861;1;2;3;1;3;930;04/12/2016
2016041862;5;2;1;1;5;930;07/12/2016
2016041863;1;2;3;1;1;930;08/12/2016
2016041864;1;2;1;1;5;930;09/12/2016
2016041865;5;2;2;1;3;930;13/12/2016
2016041866;1;2;1;1;6;930;20/12/2016
2016041867;1;2;1;1;3;930;21/12/2016
2016041868;1;2;1;1;2;930;23/12/2016
2016041869;1;2;1;1;6;930;28/12/2016
2016041870;1;2;1;1;3;930;01/12/2016
2016041871;1;2;1;1;4;940;07/01/2016
2016041872;5;2;2;2;6;940;22/01/2016
2016041873;1;2;2;1;3;940;25/01/2016
2016041874;1;2;3;2;6;940;28/01/2016
2016041875;5;2;2;2;3;940;31/01/2016
2016041876;5;2;1;1;3;940;01/02/2016
2016041877;1;2;1;2;2;940;12/02/2016
2016041878;1;2;3;1;1;940;25/02/2016
2016041879;5;2;3;1;6;940;26/02/2016
2016041880;1;2;3;1;6;940;15/03/2016
2016041881;1;2;1;1;4;940;15/03/2016
2016041882;1;2;2;1;6;940;01/04/2016
2016041883;1;2;1;1;6;940;05/04/2016
2016041884;1;2;3;8;7;940;15/06/2016
2016041885;1;2;3;1;6;940;24/06/2016
2016041886;1;2;2;1;3;940;12/07/2016
2016041887;1;2;1;1;6;940;26/07/2016
2016041888;1;2;2;1;2;940;01/08/2016
2016041889;3;2;3;1;3;940;07/08/2016
2016041890;1;2;2;1;6;940;31/08/2016
2016041891;1;2;2;1;6;940;31/08/2016
2016041892;1;2;2;1;6;940;21/09/2016
2016041893;1;2;1;1;6;940;21/09/2016
2016041894;1;2;1;1;7;940;22/09/2016
2016041895;1;2;3;1;6;940;03/10/2016
2016041896;1;2;1;1;6;940;04/10/2016
2016041897;1;2;1;1;1;940;06/10/2016
2016041898;1;2;1;1;6;940;13/10/2016
2016041899;2;2;3;1;6;940;13/10/2016
2016041900;1;2;3;2;3;940;18/10/2016
2016041901;1;2;1;1;6;940;23/10/2016
2016041902;1;2;3;1;1;940;25/10/2016
2016041903;1;2;1;3;6;940;04/11/2016
2016041904;5;2;1;8;6;940;12/11/2016
2016041905;2;2;4;2;6;940;21/11/2016
2016041906;1;2;9;1;1;940;08/12/2016
2016041907;5;2;1;1;5;940;09/12/2016
2016041908;5;2;3;1;3;940;09/12/2016
2016041909;5;2;9;5;6;940;30/12/2016
2016041910;1;2;1;1;7;940;30/08/2016
2016041911;1;2;2;1;3;940;02/10/2016
2016041912;1;2;1;1;6;940;02/10/2016
2016041913;1;2;1;1;6;940;03/10/2016
2016041914;1;2;3;1;3;940;04/10/2016
2016041915;1;2;3;1;6;940;04/10/2016
2016041916;1;2;6;1;1;940;06/10/2016
2016041917;1;2;1;1;3;940;07/10/2016
2016041918;1;2;6;8;3;940;10/10/2016
2016041919;1;2;1;1;6;940;12/10/2016
2016041920;1;2;1;1;5;940;14/10/2016
2016041921;3;1;1;2;6;940;15/10/2016
2016041922;5;2;1;1;1;940;15/10/2016
2016041923;1;1;1;2;2;940;17/10/2016
2016041924;5;2;3;2;3;940;21/10/2016
2016041925;3;2;1;3;6;940;23/10/2016
2016041926;5;2;3;2;6;940;24/10/2016
2016041927;1;2;3;1;3;940;25/10/2016
2016041928;1;2;3;1;3;940;27/10/2016
2016041929;1;2;1;8;2;940;28/10/2016
2016041930;1;2;1;8;6;940;28/10/2016
2016041931;5;2;1;1;6;940;01/11/2016
2016041932;1;2;1;1;2;940;02/01/2016
2016041933;5;2;1;2;3;940;04/01/2016
2016041934;5;2;3;3;3;940;04/11/2016
2016041935;1;1;3;8;5;940;05/11/2016
2016041936;1;2;4;1;6;940;06/01/2016
2016041937;2;2;1;2;6;940;06/11/2016
2016041938;2;2;3;1;6;940;08/01/2016
2016041939;1;2;6;1;6;940;08/01/2016
2016041940;5;2;3;1;3;940;08/01/2016
2016041941;1;1;1;1;4;940;01/09/2016
2016041942;2;2;3;1;6;940;09/01/2016
2016041943;5;2;1;9;7;940;01/04/2016
2016041944;1;2;1;8;6;940;10/11/2016
2016041945;3;2;1;8;6;940;10/01/2016
2016041946;5;2;1;3;6;940;10/11/2016
2016041947;1;2;3;1;2;940;11/11/2016
2016041948;2;2;1;2;3;940;12/11/2016
2016041949;1;2;2;1;2;940;13/01/2016
2016041950;1;2;1;2;2;940;14/01/2016
2016041951;5;2;1;1;6;940;15/01/2016
2016041952;5;2;1;2;6;940;15/11/2016
2016041953;5;2;1;1;6;940;17/01/2016
2016041954;1;1;2;1;3;940;18/01/2016
2016041955;1;1;1;1;7;940;19/11/2016
2016041956;1;2;2;1;3;940;21/01/2016
2016041957;1;2;2;1;7;940;25/05/2016
2016041958;5;2;3;1;5;940;27/01/2016
2016041959;5;2;1;1;7;940;28/11/2016
2016041960;5;2;1;2;6;940;28/01/2016
2016041961;5;2;1;1;3;940;28/01/2016
2016041962;1;2;3;1;1;940;29/01/2016
2016041963;1;2;3;1;1;940;30/11/2016
2016041964;1;1;1;2;6;940;31/01/2016
2016041965;5;2;2;1;6;940;01/03/2016
2016041966;1;2;3;2;2;940;02/03/2016
2016041967;5;2;1;1;6;940;10/03/2016
2016041968;5;2;1;1;7;940;23/04/2016
2016041969;1;2;3;1;6;940;01/02/2016
2016041970;1;2;1;1;2;940;01/02/2016
2016041971;2;2;3;1;2;940;02/12/2016
2016041972;5;2;2;8;3;940;02/02/2016
2016041973;5;2;1;1;3;940;02/12/2016
2016041974;1;2;1;1;7;940;03/12/2016
2016041975;3;1;1;1;3;940;05/02/2016
2016041976;2;2;1;1;6;940;05/12/2016
2016041977;1;2;2;1;1;940;06/02/2016
2016041978;3;2;1;1;6;940;06/12/2016
2016041979;5;1;3;1;1;940;08/12/2016
2016041980;1;2;1;1;2;940;08/12/2016
2016041981;1;2;1;2;3;940;09/02/2016
2016041982;5;2;1;1;7;940;09/12/2016
2016041983;5;2;3;1;6;940;09/12/2016
2016041984;1;1;1;1;6;940;09/12/2016
2016041985;1;2;1;1;3;940;10/02/2016
2016041986;1;2;2;1;2;940;10/12/2016
2016041987;1;2;3;8;3;940;11/12/2016
2016041988;1;2;1;1;1;940;14/12/2016
2016041989;3;2;1;1;6;940;14/12/2016
2016041990;1;2;1;1;6;940;16/02/2016
2016041991;1;2;1;1;6;940;16/12/2016
2016041992;5;2;1;1;6;940;17/12/2016
2016041993;1;1;3;5;5;940;18/12/2016
2016041994;3;2;1;5;6;940;18/12/2016
2016041995;5;2;1;8;6;940;21/12/2016
2016041996;5;2;1;2;6;940;22/12/2016
2016041997;1;2;2;8;3;940;24/02/2016
2016041998;1;2;3;1;6;940;27/12/2016
2016041999;1;2;3;1;3;940;25/04/2016
2016042000;1;2;3;1;2;940;01/05/2016
2016042001;1;2;3;1;3;940;09/12/2016
2016042002;1;2;6;2;3;940;01/03/2016
2016042003;1;2;3;1;2;940;03/03/2016
2016042004;1;2;1;1;3;940;22/03/2016
2016042005;1;2;1;1;4;940;17/03/2016
2016042006;3;2;1;1;2;940;21/03/2016
2016042007;5;2;4;2;3;940;28/03/2016
2016042008;1;2;1;1;7;940;29/03/2016
2016042009;1;2;1;8;6;940;29/03/2016
2016042010;1;2;4;9;4;940;01/04/2016
2016042011;1;2;1;1;4;940;24/03/2016
2016042012;1;2;2;1;3;940;05/04/2016
2016042013;1;2;1;1;4;940;24/06/2016
2016042014;5;2;3;1;6;940;07/04/2016
2016042015;1;2;1;1;6;940;08/04/2016
2016042016;1;2;1;1;2;940;08/04/2016
2016042017;1;1;1;2;1;940;04/11/2016
2016042018;1;2;1;2;5;940;04/11/2016
2016042019;1;2;1;9;6;940;13/04/2016
2016042020;5;2;1;1;6;940;15/04/2016
2016042021;1;2;3;2;2;940;16/04/2016
2016042022;1;2;6;1;3;940;17/04/2016
2016042023;2;2;1;8;7;940;24/04/2016
2016042024;1;2;1;1;6;940;27/04/2016
2016042025;1;2;1;1;6;940;28/04/2016
2016042026;1;2;1;1;2;940;29/04/2016
2016042027;1;2;1;2;6;940;30/04/2016
2016042028;1;2;2;1;3;940;15/02/2016
2016042029;1;2;3;7;6;940;04/05/2016
2016042030;1;2;3;1;3;940;25/06/2016
2016042031;1;2;1;1;5;940;07/05/2016
2016042032;3;1;1;1;6;940;25/09/2016
2016042033;5;2;1;8;6;940;09/05/2016
2016042034;1;2;2;5;5;940;11/05/2016
2016042035;1;2;3;1;6;940;12/05/2016
2016042036;1;2;1;3;6;940;12/05/2016
2016042037;1;2;3;1;3;940;24/05/2016
2016042038;1;2;3;1;6;940;25/05/2016
2016042039;1;2;1;1;4;940;26/05/2016
2016042040;1;2;1;3;2;940;30/05/2016
2016042041;1;2;1;3;6;940;30/05/2016
2016042042;1;2;1;3;7;940;31/05/2016
2016042043;3;2;1;1;6;940;25/06/2016
2016042044;1;2;3;1;3;940;04/06/2016
2016042045;1;2;1;1;6;940;07/06/2016
2016042046;5;2;2;1;3;940;06/07/2016
2016042047;1;2;4;1;3;940;09/06/2016
2016042048;1;2;1;1;2;940;10/06/2016
2016042049;1;2;1;3;6;940;11/06/2016
2016042050;5;2;4;1;7;940;06/12/2016
2016042051;1;2;1;1;4;940;15/06/2016
2016042052;1;1;1;3;5;940;17/06/2016
2016042053;1;2;1;1;2;940;17/06/2016
2016042054;1;2;2;2;6;940;21/06/2016
2016042055;1;2;1;1;3;940;25/06/2016
2016042056;1;2;1;1;2;940;09/07/2016
2016042057;1;2;1;1;2;940;11/07/2016
2016042058;1;2;1;1;2;940;13/07/2016
2016042059;1;1;2;1;2;940;20/07/2016
2016042060;1;2;3;1;7;940;30/07/2016
2016042061;3;2;1;1;6;940;06/12/2016
2016042062;1;2;1;1;6;940;04/12/2016
2016042063;1;2;1;1;3;940;10/12/2016
2016042064;1;2;2;2;2;940;02/08/2016
2016042065;1;2;1;1;6;940;08/09/2016
2016042066;1;2;1;1;3;940;08/09/2016
2016042067;5;2;1;1;6;940;19/08/2016
2016042068;1;2;6;1;3;940;20/08/2016
2016042069;1;1;3;1;3;940;02/09/2016
2016042070;1;2;1;1;6;940;08/09/2016
2016042071;5;2;3;1;5;940;29/11/2016
2016042072;1;2;3;2;3;940;19/09/2016
2016042073;1;2;1;2;6;940;19/09/2016
2016042074;1;2;1;1;6;940;22/09/2016
2016042075;1;2;3;1;2;940;24/09/2016
2016042076;4;2;2;1;6;940;25/09/2016
2016042077;1;2;1;1;2;940;29/09/2016
2016042078;5;2;3;2;7;940;21/11/2016
2016042079;2;2;3;1;3;940;31/10/2016
2016042080;5;2;1;1;2;940;01/01/2016
2016042081;1;2;2;1;1;940;06/01/2016
2016042082;1;2;1;1;6;940;07/01/2016
2016042083;5;2;1;1;3;940;11/01/2016
2016042084;5;2;1;1;2;940;11/01/2016
2016042085;1;2;1;1;2;940;13/01/2016
2016042086;1;2;1;1;6;940;15/01/2016
2016042087;5;2;1;1;6;940;19/01/2016
2016042088;1;2;4;1;3;940;20/01/2016
2016042089;5;2;1;1;2;940;23/01/2016
2016042090;5;2;6;1;6;940;29/01/2016
2016042091;1;2;1;1;2;940;31/01/2016
2016042092;5;2;2;1;3;940;04/02/2016
2016042093;1;2;1;1;6;940;08/02/2016
2016042094;1;2;2;1;6;940;09/02/2016
2016042095;1;2;6;1;3;940;14/02/2016
2016042096;1;2;4;1;6;940;29/02/2016
2016042097;1;2;3;1;3;940;15/02/2016
2016042098;1;2;3;2;3;940;22/02/2016
2016042099;1;2;3;1;3;940;23/02/2016
2016042100;1;2;1;1;6;940;26/02/2016
2016042101;1;1;2;1;6;940;26/02/2016
2016042102;1;2;3;1;3;940;29/02/2016
2016042103;1;2;2;1;3;940;08/03/2016
2016042104;2;2;1;1;3;940;09/03/2016
2016042105;1;2;2;1;3;940;11/03/2016
2016042106;5;2;3;1;5;940;13/03/2016
2016042107;1;2;1;1;2;940;17/03/2016
2016042108;2;2;1;1;2;940;22/03/2016
2016042109;1;2;3;2;6;940;25/03/2016
2016042110;1;2;3;1;3;940;29/03/2016
2016042111;1;2;2;1;1;940;02/04/2016
2016042112;1;1;2;1;3;940;06/04/2016
2016042113;1;2;2;1;2;940;08/04/2016
2016042114;1;2;3;1;6;940;08/04/2016
2016042115;2;2;1;1;6;940;10/04/2016
2016042116;5;2;1;2;6;940;14/04/2016
2016042117;1;2;6;1;3;940;16/04/2016
2016042118;1;2;1;1;6;940;26/04/2016
2016042119;1;2;3;1;1;940;27/04/2016
2016042120;1;2;2;1;3;940;28/04/2016
2016042121;2;2;1;1;7;940;02/05/2016
2016042122;1;2;2;1;6;940;04/05/2016
2016042123;1;2;1;1;2;940;04/05/2016
2016042124;1;2;3;1;2;940;06/05/2016
2016042125;1;2;1;1;6;940;06/05/2016
2016042126;2;2;3;1;2;940;18/03/2016
2016042127;2;2;1;1;2;940;11/05/2016
2016042128;1;2;1;1;1;940;11/05/2016
2016042129;2;2;1;1;2;940;18/05/2016
2016042130;5;2;3;1;3;940;16/05/2016
2016042131;1;2;6;3;6;940;23/05/2016
2016042132;1;2;1;1;6;940;31/05/2016
2016042133;1;2;1;3;1;940;31/05/2016
2016042134;5;2;2;2;3;940;31/05/2016
2016042135;1;2;1;1;6;940;03/06/2016
2016042136;1;2;2;1;6;940;05/06/2016
2016042137;1;2;6;1;3;940;07/06/2016
2016042138;1;2;1;1;6;940;13/06/2016
2016042139;1;2;6;8;1;940;15/06/2016
2016042140;5;2;2;1;1;940;17/06/2016
2016042141;1;2;1;1;6;940;17/06/2016
2016042142;1;2;1;2;3;940;18/06/2016
2016042143;1;2;6;1;2;940;21/06/2016
2016042144;1;2;1;1;3;940;25/06/2016
2016042145;5;2;3;1;1;940;03/07/2016