num_acc;lum;agg;inter;atm;col;dep;date
2016042146;1;2;1;1;3;940;08/07/2016
2016042147;1;1;2;1;1;940;09/07/2016
2016042148;1;2;1;1;2;940;10/07/2016
2016042149;5;2;1;1;1;940;11/07/2016
2016042150;1;2;1;1;3;940;18/07/2016
2016042151;1;2;1;1;6;940;18/07/2016
2016042152;1;2;1;1;3;940;21/07/2016
2016042153;1;2;2;1;1;940;23/07/2016
2016042154;1;2;2;1;3;940;29/07/2016
2016042155;1;2;1;1;2;940;29/07/2016
2016042156;2;2;1;1;6;940;30/07/2016
2016042157;1;2;6;1;7;940;31/07/2016
2016042158;1;2;1;1;2;940;01/08/2016
2016042159;1;2;1;1;3;940;03/08/2016
2016042160;2;2;3;1;3;940;06/08/2016
2016042161;1;2;2;1;1;940;10/08/2016
2016042162;1;2;3;7;3;940;10/08/2016
2016042163;5;2;2;1;3;940;11/08/2016
2016042164;2;2;2;1;1;940;16/08/2016
2016042165;1;2;2;1;6;940;30/08/2016
2016042166;1;2;1;1;3;940;06/09/2016
2016042167;1;2;1;1;2;940;06/09/2016
2016042168;1;2;1;1;1;940;07/09/2016
2016042169;1;2;1;1;2;940;07/09/2016
2016042170;1;2;1;1;6;940;07/09/2016
2016042171;1;2;1;1;6;940;10/09/2016
2016042172;1;2;1;1;3;940;13/09/2016
2016042173;1;2;2;1;5;940;18/09/2016
2016042174;1;2;2;1;6;940;21/09/2016
2016042175;1;2;2;1;4;940;26/09/2016
2016042176;5;2;1;1;6;940;27/09/2016
2016042177;1;2;1;1;1;940;28/09/2016
2016042178;1;2;1;1;3;940;02/10/2016
2016042179;1;2;2;1;3;940;05/10/2016
2016042180;1;2;1;1;1;940;09/10/2016
2016042181;1;2;1;1;4;940;10/10/2016
2016042182;1;2;1;1;6;940;13/10/2016
2016042183;5;2;1;1;3;940;16/10/2016
2016042184;5;2;2;1;2;940;20/10/2016
2016042185;2;2;2;1;1;940;22/10/2016
2016042186;5;2;1;1;1;940;24/10/2016
2016042187;5;2;1;1;2;940;27/10/2016
2016042188;5;2;2;1;1;940;30/10/2016
2016042189;1;2;3;1;6;940;10/11/2016
2016042190;2;2;1;2;3;940;10/11/2016
2016042191;1;2;2;1;5;940;13/11/2016
2016042192;1;2;1;2;2;940;13/11/2016
2016042193;5;2;3;1;3;940;16/11/2016
2016042194;1;2;6;1;7;940;18/11/2016
2016042195;2;2;1;1;6;940;25/11/2016
2016042196;5;2;1;1;6;940;26/11/2016
2016042197;1;2;1;1;2;940;30/11/2016
2016042198;5;2;6;1;6;940;14/12/2016
2016042199;1;2;2;1;3;940;16/12/2016
2016042200;1;2;1;1;2;940;17/12/2016
2016042201;1;2;1;1;3;940;25/12/2016
2016042202;5;2;1;5;6;940;30/12/2016
2016042203;1;2;1;2;1;940;05/01/2016
2016042204;1;2;6;5;2;940;31/12/2016
2016042205;1;2;2;2;3;940;05/01/2016
2016042206;3;2;2;1;6;940;14/03/2016
2016042207;5;2;3;1;3;940;22/01/2016
2016042208;1;2;1;1;3;940;28/01/2016
2016042209;5;2;1;8;6;940;02/02/2016
2016042210;2;2;1;2;3;940;03/02/2016
2016042211;1;2;1;2;1;940;12/02/2016
2016042212;1;2;1;8;3;940;12/02/2016
2016042213;5;2;1;2;6;940;22/02/2016
2016042214;5;2;3;1;6;940;26/02/2016
2016042215;1;2;4;1;6;940;04/03/2016
2016042216;1;2;3;2;2;940;05/03/2016
2016042217;1;2;3;1;2;940;13/03/2016
2016042218;1;2;4;1;6;940;14/03/2016
2016042219;1;2;2;1;3;940;29/03/2016
2016042220;1;2;1;2;3;940;31/03/2016
2016042221;1;2;4;2;7;940;11/04/2016
2016042222;1;2;1;1;3;940;13/04/2016
2016042223;1;2;1;1;2;940;20/04/2016
2016042224;5;2;3;1;3;940;24/04/2016
2016042225;1;2;1;1;3;940;04/05/2016
2016042226;1;2;2;1;3;940;05/05/2016
2016042227;1;2;1;2;3;940;11/05/2016
2016042228;2;2;1;1;3;940;18/05/2016
2016042229;1;2;2;1;3;940;19/05/2016
2016042230;1;2;3;1;6;940;20/05/2016
2016042231;1;2;1;1;6;940;08/06/2016
2016042232;1;2;1;1;6;940;16/06/2016
2016042233;1;2;1;1;2;940;28/06/2016
2016042234;1;2;1;1;6;940;01/07/2016
2016042235;1;2;1;1;2;940;03/07/2016
2016042236;1;2;1;1;3;940;06/07/2016
2016042237;1;2;4;1;3;940;07/07/2016
2016042238;5;2;9;1;7;940;21/07/2016
2016042239;1;2;4;1;3;940;05/08/2016
2016042240;1;2;1;1;1;940;10/08/2016
2016042241;1;2;1;2;7;940;18/08/2016
2016042242;1;2;1;1;2;940;23/08/2016
2016042243;1;2;1;1;6;940;23/08/2016
2016042244;1;2;9;1;3;940;31/08/2016
2016042245;2;2;1;1;6;940;04/09/2016
2016042246;1;2;1;8;7;940;11/09/2016
2016042247;2;2;3;1;2;940;19/09/2016
2016042248;5;2;3;1;3;940;21/09/2016
2016042249;1;2;1;1;3;940;26/09/2016
2016042250;1;2;1;1;3;940;01/10/2016
2016042251;1;2;1;1;3;940;05/10/2016
2016042252;1;2;1;1;6;940;12/10/2016
2016042253;1;2;2;2;6;940;14/10/2016
2016042254;1;2;1;1;6;940;16/10/2016
2016042255;1;2;1;8;3;940;17/10/2016
2016042256;1;2;2;1;5;940;02/11/2016
2016042257;1;2;1;1;3;940;03/11/2016
2016042258;1;2;1;2;3;940;07/11/2016
2016042259;1;1;1;1;6;940;14/11/2016
2016042260;1;2;1;2;6;940;21/11/2016
2016042261;5;2;1;1;3;940;05/12/2016
2016042262;5;2;1;1;6;940;08/12/2016
2016042263;5;2;6;1;6;940;15/12/2016
2016042264;5;2;3;1;6;940;26/12/2016
2016042265;1;2;1;1;6;940;30/12/2016
2016042266;1;2;3;1;6;940;04/01/2016
2016042267;5;2;2;3;3;940;07/01/2016
2016042268;5;2;2;1;3;940;07/01/2016
2016042269;3;1;3;1;6;940;09/01/2016
2016042270;5;2;3;2;6;940;10/01/2016
2016042271;1;2;5;1;2;940;18/01/2016
2016042272;5;2;2;1;6;940;18/01/2016
2016042273;5;1;1;1;2;940;19/01/2016
2016042274;5;2;3;2;6;940;05/02/2016
2016042275;5;2;6;9;1;940;08/02/2016
2016042276;1;2;3;1;2;940;11/02/2016
2016042277;1;1;1;2;6;940;18/02/2016
2016042278;1;2;2;1;3;940;19/02/2016
2016042279;5;2;2;2;3;940;22/02/2016
2016042280;1;2;3;1;2;940;29/02/2016
2016042281;1;2;4;3;6;940;01/03/2016
2016042282;1;2;1;1;4;940;02/03/2016
2016042283;1;2;1;1;6;940;06/03/2016
2016042284;1;2;3;1;3;940;16/03/2016
2016042285;1;2;3;1;3;940;17/03/2016
2016042286;1;2;3;1;3;940;22/03/2016
2016042287;2;2;1;2;6;940;25/03/2016
2016042288;1;2;2;2;2;940;25/03/2016
2016042289;1;2;3;1;3;940;04/04/2016
2016042290;1;2;3;1;1;940;05/04/2016
2016042291;1;2;4;2;1;940;09/04/2016
2016042292;1;2;1;1;2;940;22/04/2016
2016042293;5;2;6;1;3;940;29/04/2016
2016042294;1;2;1;1;6;940;01/05/2016
2016042295;1;2;2;8;3;940;12/05/2016
2016042296;2;2;1;1;4;940;14/05/2016
2016042297;1;2;2;8;3;940;18/05/2016
2016042298;1;2;2;2;3;940;19/05/2016
2016042299;1;2;1;1;6;940;28/05/2016
2016042300;1;2;1;2;2;940;30/05/2016
2016042301;1;2;1;1;2;940;06/06/2016
2016042302;1;2;1;1;1;940;15/06/2016
2016042303;5;2;2;1;3;940;16/06/2016
2016042304;1;1;1;1;3;940;22/06/2016
2016042305;1;2;1;1;3;940;23/06/2016
2016042306;1;2;2;1;3;940;24/06/2016
2016042307;1;2;6;1;3;940;29/06/2016
2016042308;1;2;6;1;3;940;04/07/2016
2016042309;1;2;3;1;3;940;10/07/2016
2016042310;5;2;1;1;6;940;10/07/2016
2016042311;1;2;1;1;6;940;15/07/2016
2016042312;1;2;1;1;6;940;28/07/2016
2016042313;1;2;1;2;2;940;03/08/2016
2016042314;1;2;2;1;3;940;09/08/2016
2016042315;1;2;1;1;3;940;11/08/2016
2016042316;1;2;1;1;2;940;16/08/2016
2016042317;1;2;1;7;3;940;17/08/2016
2016042318;1;2;4;2;3;940;18/08/2016
2016042319;1;2;2;1;3;940;21/08/2016
2016042320;1;2;6;7;6;940;26/08/2016
2016042321;1;1;2;1;3;940;30/08/2016
2016042322;1;2;1;1;7;940;03/09/2016
2016042323;1;2;2;1;6;940;12/09/2016
2016042324;1;2;1;1;3;940;16/09/2016
2016042325;1;2;1;1;6;940;19/09/2016
2016042326;1;2;9;1;3;940;19/09/2016
2016042327;1;2;1;1;3;940;21/09/2016
2016042328;1;2;1;1;3;940;21/09/2016
2016042329;1;2;2;1;3;940;24/09/2016
2016042330;1;2;2;1;3;940;25/09/2016
2016042331;2;2;1;1;4;940;05/10/2016
2016042332;1;2;1;1;3;940;06/10/2016
2016042333;1;2;2;2;3;940;13/10/2016
2016042334;3;2;1;3;6;940;14/10/2016
2016042335;1;2;3;5;3;940;22/10/2016
2016042336;5;2;6;1;3;940;23/10/2016
2016042337;2;2;1;1;6;940;22/10/2016
2016042338;5;2;6;3;6;940;23/10/2016
2016042339;1;2;2;1;1;940;28/10/2016
2016042340;5;2;1;1;7;940;29/10/2016
2016042341;1;2;3;3;3;940;04/11/2016
2016042342;2;2;1;4;6;940;07/11/2016
2016042343;1;2;9;2;4;940;08/11/2016
2016042344;1;2;1;8;2;940;12/11/2016
2016042345;5;2;1;2;1;940;15/11/2016
2016042346;1;2;3;1;3;940;15/11/2016
2016042347;1;2;1;8;6;940;15/11/2016
2016042348;5;2;1;2;4;940;15/11/2016
2016042349;1;2;3;8;3;940;17/11/2016
2016042350;1;2;1;8;6;940;19/11/2016
2016042351;1;2;1;8;6;940;22/11/2016
2016042352;2;2;1;9;6;940;23/11/2016
2016042353;5;2;8;1;6;940;26/11/2016
2016042354;1;2;3;1;3;940;30/11/2016
2016042355;2;2;1;1;6;940;05/12/2016
2016042356;3;2;1;1;3;940;06/12/2016
2016042357;5;2;2;1;3;940;10/12/2016
2016042358;5;2;4;1;3;940;14/12/2016
2016042359;5;2;2;1;3;940;16/12/2016
2016042360;1;2;3;1;3;940;18/12/2016
2016042361;1;2;3;2;2;940;22/12/2016
2016042362;1;2;1;2;3;940;22/12/2016
2016042363;5;2;2;9;3;940;23/12/2016
2016042364;1;1;5;2;3;940;26/12/2016
2016042365;1;2;2;7;6;940;27/12/2016
2016042366;1;2;2;1;6;940;27/08/2016
2016042367;1;2;3;1;3;940;18/01/2016
2016042368;1;2;4;7;3;940;28/04/2016
2016042369;1;2;2;1;3;940;11/02/2016
2016042370;1;2;1;1;6;940;31/08/2016
2016042371;5;1;3;1;6;940;15/04/2016
2016042372;1;2;1;1;2;940;10/09/2016
2016042373;1;2;1;1;6;940;11/09/2016
2016042374;5;2;3;1;3;940;18/01/2016
2016042375;1;1;3;1;1;940;13/07/2016
2016042376;1;2;3;1;3;940;14/09/2016
2016042377;3;2;1;1;6;940;20/01/2016
2016042378;2;2;2;1;2;940;14/05/2016
2016042379;1;2;3;1;6;940;21/01/2016
2016042380;1;2;3;1;3;940;15/09/2016
2016042381;5;1;1;1;6;940;18/09/2016
2016042382;1;2;1;1;2;940;20/05/2016
2016042383;1;2;3;1;3;940;20/05/2016
2016042384;1;2;3;1;3;940;08/09/2016
2016042385;1;2;3;1;7;940;10/09/2016
2016042386;1;2;1;1;1;940;18/10/2016
2016042387;5;2;3;1;3;940;27/01/2016
2016042388;1;2;2;1;3;940;22/09/2016
2016042389;1;2;1;8;6;940;29/01/2016
2016042390;1;2;1;1;7;940;24/09/2016
2016042391;5;2;5;1;3;940;22/10/2016
2016042392;4;2;3;2;3;940;02/02/2016
2016042393;5;2;1;1;6;940;05/12/2016
2016042394;1;2;2;2;3;940;04/02/2016
2016042395;2;2;1;3;5;940;31/05/2016
2016042396;1;2;1;1;3;940;01/06/2016
2016042397;1;2;9;2;2;940;02/06/2016
2016042398;1;2;1;1;6;940;03/10/2016
2016042399;1;2;3;1;3;940;04/10/2016
2016042400;2;1;1;1;3;940;03/06/2016
2016042401;1;2;2;1;3;940;05/10/2016
2016042402;1;2;1;1;6;940;06/10/2016
2016042403;1;2;1;8;6;940;05/06/2016
2016042404;5;2;3;1;6;940;10/02/2016
2016042405;3;1;3;1;4;940;06/10/2016
2016042406;1;2;2;1;3;940;09/06/2016
2016042407;1;2;3;1;6;940;15/02/2016
2016042408;1;2;3;1;3;940;12/10/2016
2016042409;1;2;3;1;1;940;12/10/2016
2016042410;2;2;1;1;2;940;11/06/2016
2016042411;5;2;2;1;1;940;12/06/2016
2016042412;1;2;1;1;6;940;13/06/2016
2016042413;1;2;4;2;3;940;14/06/2016
2016042414;1;2;1;1;4;940;04/10/2016
2016042415;1;2;1;1;6;940;16/10/2016
2016042416;2;2;1;1;1;940;17/10/2016
2016042417;5;2;1;1;4;940;19/10/2016
2016042418;5;2;1;2;6;940;22/02/2016
2016042419;1;2;1;8;6;940;22/06/2016
2016042420;1;2;1;2;6;940;20/06/2016
2016042421;5;2;3;1;3;940;26/02/2016
2016042422;5;2;1;1;2;940;29/10/2016
2016042423;5;2;3;1;4;940;31/10/2016
2016042424;1;2;1;1;6;940;27/06/2016
2016042425;1;2;2;1;6;940;29/06/2016
2016042426;1;2;1;2;6;940;04/11/2016
2016042427;5;2;7;3;6;940;04/11/2016
2016042428;1;2;3;1;3;940;01/07/2016
2016042429;5;2;3;1;3;940;08/03/2016
2016042430;1;2;4;2;3;940;09/11/2016
2016042431;1;2;2;8;6;940;09/03/2016
2016042432;1;2;1;1;1;940;03/09/2016
2016042433;5;2;3;8;3;940;14/11/2016
2016042434;1;2;1;1;6;940;17/11/2016
2016042435;1;2;1;8;3;940;17/11/2016
2016042436;1;2;1;1;2;940;15/03/2016
2016042437;1;2;1;1;2;940;15/03/2016
2016042438;1;2;1;1;6;940;18/11/2016
2016042439;5;2;1;2;6;940;21/11/2016
2016042440;5;2;2;1;6;940;18/03/2016
2016042441;5;2;1;1;5;940;14/07/2016
2016042442;5;2;1;1;3;940;22/03/2016
2016042443;1;2;3;1;6;940;28/11/2016
2016042444;5;2;1;1;6;940;30/11/2016
2016042445;5;2;1;1;3;940;25/03/2016
2016042446;1;2;1;1;6;940;02/12/2016
2016042447;1;2;1;1;6;940;03/12/2016
2016042448;1;2;3;2;6;940;29/03/2016
2016042449;1;2;2;1;4;940;26/07/2016
2016042450;1;2;2;1;3;940;27/07/2016
2016042451;1;2;1;1;6;940;11/12/2016
2016042452;5;2;1;2;6;940;12/12/2016
2016042453;1;2;3;2;3;940;02/08/2016
2016042454;5;2;5;2;3;940;06/04/2016
2016042455;1;2;3;1;3;940;14/12/2016
2016042456;1;2;3;2;6;940;07/04/2016
2016042457;1;2;1;1;3;940;16/12/2016
2016042458;5;2;9;1;1;940;17/12/2016
2016042459;1;2;1;1;6;940;09/04/2016
2016042460;1;2;1;1;4;940;18/12/2016
2016042461;5;2;1;1;2;940;28/12/2016
2016042462;1;2;1;1;6;940;08/08/2016
2016042463;5;2;3;1;3;940;09/08/2016
2016042464;5;2;3;1;3;940;10/08/2016
2016042465;5;2;5;2;3;940;21/12/2016
2016042466;1;2;3;2;3;940;22/12/2016
2016042467;5;2;1;2;6;940;22/12/2016
2016042468;5;2;3;1;3;940;14/08/2016
2016042469;1;2;1;1;1;940;14/08/2016
2016042470;1;2;1;1;6;940;26/12/2016
2016042471;1;2;1;1;2;940;29/12/2016
2016042472;5;2;1;5;6;940;29/12/2016
2016042473;1;2;2;1;5;940;20/08/2016
2016042474;5;2;1;1;3;940;21/08/2016
2016042475;1;2;1;2;6;940;22/04/2016
2016042476;1;2;3;1;3;940;23/08/2016
2016042477;1;2;3;1;1;940;24/04/2016
2016042478;2;2;6;1;3;940;25/08/2016
2016042479;1;2;3;8;6;940;26/04/2016
2016042480;1;2;3;1;6;940;21/09/2016
2016042481;1;2;1;2;6;940;03/01/2016
2016042482;5;2;6;2;3;940;03/01/2016
2016042483;2;2;2;1;2;940;04/01/2016
2016042484;1;2;3;2;6;940;07/01/2016
2016042485;1;2;1;1;5;940;14/01/2016
2016042486;5;2;6;1;3;940;14/01/2016
2016042487;5;2;3;1;6;940;14/01/2016
2016042488;5;2;3;1;2;940;24/01/2016
2016042489;1;2;3;1;6;940;25/01/2016
2016042490;1;2;6;1;5;940;25/01/2016
2016042491;2;2;3;1;6;940;27/01/2016
2016042492;1;2;2;2;3;940;31/01/2016
2016042493;5;2;2;2;3;940;31/01/2016
2016042494;1;2;3;2;3;940;03/02/2016
2016042495;1;2;1;2;3;940;03/02/2016
2016042496;1;1;3;1;3;940;05/02/2016
2016042497;2;1;1;1;6;940;06/02/2016
2016042498;1;2;2;1;6;940;09/02/2016
2016042499;1;1;1;2;6;940;09/02/2016
2016042500;5;2;6;1;6;940;10/02/2016
2016042501;1;2;1;2;4;940;12/02/2016
2016042502;3;2;2;1;3;940;12/02/2016
2016042503;5;1;1;1;5;940;15/02/2016
2016042504;1;2;3;1;3;940;16/02/2016
2016042505;2;2;1;2;3;940;18/02/2016
2016042506;1;2;1;1;6;940;19/02/2016
2016042507;1;2;1;1;6;940;20/02/2016
2016042508;1;2;2;1;3;940;23/02/2016
2016042509;1;2;1;1;2;940;24/02/2016
2016042510;1;2;1;1;6;940;28/02/2016
2016042511;1;2;2;2;3;940;01/03/2016
2016042512;1;2;1;1;2;940;02/03/2016
2016042513;5;2;1;1;7;940;11/03/2016
2016042514;1;2;1;1;2;940;11/03/2016
2016042515;1;2;1;1;3;940;22/03/2016
2016042516;1;2;2;1;2;940;26/03/2016
2016042517;1;2;3;1;3;940;24/03/2016
2016042518;1;1;1;2;2;940;29/03/2016
2016042519;1;2;6;1;3;940;01/04/2016
2016042520;1;2;1;1;3;940;01/04/2016
2016042521;1;2;3;1;3;940;01/04/2016
2016042522;1;2;1;1;2;940;05/04/2016
2016042523;1;2;1;1;2;940;06/04/2016
2016042524;5;2;4;1;6;940;07/04/2016
2016042525;1;2;6;1;2;940;10/04/2016
2016042526;1;2;2;1;2;940;10/04/2016
2016042527;1;2;2;1;6;940;13/04/2016
2016042528;1;2;1;1;6;940;12/04/2016
2016042529;1;2;1;1;6;940;14/04/2016
2016042530;1;2;1;1;2;940;16/04/2016
2016042531;1;2;1;1;6;940;17/04/2016
2016042532;1;2;3;2;4;940;27/04/2016
2016042533;1;2;1;1;3;940;29/04/2016
2016042534;1;2;1;1;3;940;29/04/2016
2016042535;3;2;1;1;7;940;30/04/2016
2016042536;1;2;1;1;4;940;30/04/2016
2016042537;1;2;1;1;6;940;02/05/2016
2016042538;1;2;1;1;6;940;04/05/2016
2016042539;1;2;1;1;6;940;04/05/2016
2016042540;1;2;1;1;2;940;06/05/2016
2016042541;2;2;3;1;6;940;10/05/2016
2016042542;1;2;1;1;6;940;13/05/2016
2016042543;1;2;1;1;4;940;19/05/2016
2016042544;1;2;2;1;6;940;24/05/2016
2016042545;1;2;1;1;6;940;03/05/2016
2016042546;1;2;1;1;6;940;26/05/2016
2016042547;1;2;3;1;3;940;26/05/2016
2016042548;1;2;1;1;2;940;25/05/2016
2016042549;1;2;3;2;6;940;02/06/2016
2016042550;1;2;1;1;3;940;03/06/2016
2016042551;1;2;1;1;7;940;04/06/2016
2016042552;1;2;1;1;6;940;07/06/2016
2016042553;1;2;1;1;6;940;08/06/2016
2016042554;1;2;1;1;3;940;09/06/2016
2016042555;1;2;3;1;3;940;10/06/2016
2016042556;1;2;1;1;3;940;11/06/2016
2016042557;1;2;3;1;3;940;13/06/2016
2016042558;5;2;1;1;7;940;13/06/2016
2016042559;1;1;1;1;6;940;14/06/2016
2016042560;1;2;1;1;2;940;14/06/2016
2016042561;5;2;1;1;7;940;15/06/2016
2016042562;1;2;1;1;6;940;16/06/2016
2016042563;1;2;1;2;6;940;17/06/2016
2016042564;1;2;1;3;6;940;17/06/2016
2016042565;5;2;1;1;6;940;19/06/2016
2016042566;1;1;1;1;3;940;23/06/2016
2016042567;1;2;1;1;3;940;16/06/2016
2016042568;1;2;1;1;3;940;24/06/2016
2016042569;1;2;1;1;6;940;24/06/2016
2016042570;1;2;1;1;6;940;25/06/2016
2016042571;5;1;1;1;6;940;01/07/2016
2016042572;1;2;1;1;6;940;02/07/2016
2016042573;1;2;1;1;3;940;01/07/2016
2016042574;1;2;3;1;3;940;07/07/2016
2016042575;1;2;1;1;6;940;08/07/2016
2016042576;1;2;6;1;3;940;14/07/2016
2016042577;1;2;1;1;2;940;13/07/2016
2016042578;5;2;2;1;2;940;10/07/2016
2016042579;1;2;1;1;7;940;09/07/2016
2016042580;1;2;3;1;3;940;16/07/2016
2016042581;1;2;1;1;6;940;18/07/2016
2016042582;1;2;1;1;6;940;18/07/2016
2016042583;1;2;1;1;6;940;18/07/2016
2016042584;2;2;1;1;6;940;19/07/2016
2016042585;2;2;3;1;3;940;19/07/2016
2016042586;1;2;1;1;6;940;22/07/2016
2016042587;1;2;3;1;2;940;22/07/2016
2016042588;4;2;1;1;7;940;30/07/2016
2016042589;1;2;1;1;6;940;01/08/2016
2016042590;1;2;1;1;3;940;02/08/2016
2016042591;1;2;1;1;6;940;29/07/2016
2016042592;1;2;1;1;2;940;05/08/2016
2016042593;1;2;9;1;6;940;06/08/2016
2016042594;1;1;2;1;2;940;08/08/2016
2016042595;1;2;1;1;1;940;11/08/2016
2016042596;1;2;1;1;6;940;13/08/2016
2016042597;1;2;1;1;6;940;12/08/2016
2016042598;1;2;1;1;6;940;22/08/2016
2016042599;1;2;1;1;1;940;23/08/2016
2016042600;1;2;6;1;6;940;23/08/2016
2016042601;1;2;9;1;6;940;24/08/2016
2016042602;1;2;1;1;1;940;27/08/2016
2016042603;1;2;1;1;6;940;28/08/2016
2016042604;1;2;1;1;6;940;31/08/2016
2016042605;1;2;1;1;3;940;31/08/2016
2016042606;1;2;1;1;1;940;31/08/2016
2016042607;1;2;3;1;3;940;03/09/2016
2016042608;1;2;1;1;6;940;05/09/2016
2016042609;1;1;1;1;6;940;05/09/2016
2016042610;5;2;1;1;6;940;05/09/2016
2016042611;1;2;1;1;3;940;07/09/2016
2016042612;5;2;1;1;6;940;07/09/2016
2016042613;1;2;6;1;6;940;10/09/2016
2016042614;1;2;1;1;6;940;12/09/2016
2016042615;2;2;1;2;6;940;16/09/2016
2016042616;1;1;6;1;3;940;19/09/2016
2016042617;4;2;1;1;2;940;21/09/2016
2016042618;1;2;1;1;2;940;22/09/2016
2016042619;1;2;1;1;3;940;20/09/2016
2016042620;1;2;1;1;3;940;27/09/2016
2016042621;1;2;1;1;6;940;27/09/2016
2016042622;1;2;1;1;6;940;28/09/2016
2016042623;1;2;1;1;3;940;29/09/2016
2016042624;1;1;1;1;2;940;02/10/2016
2016042625;1;2;1;1;3;940;03/10/2016
2016042626;1;2;4;1;4;940;03/10/2016
2016042627;1;2;1;1;6;940;05/10/2016
2016042628;1;2;1;1;3;940;05/10/2016
2016042629;1;1;1;1;4;940;06/10/2016
2016042630;2;2;1;1;6;940;08/10/2016
2016042631;1;2;1;1;4;940;08/10/2016
2016042632;1;2;1;1;4;940;08/10/2016
2016042633;1;2;1;1;6;940;10/10/2016
2016042634;1;2;1;1;2;940;10/10/2016
2016042635;1;2;1;1;3;940;10/10/2016
2016042636;1;2;1;1;2;940;11/10/2016
2016042637;1;2;1;1;3;940;14/10/2016
2016042638;1;2;2;1;7;940;18/10/2016
2016042639;1;2;1;2;2;940;20/10/2016
2016042640;1;2;1;1;6;940;22/10/2016
2016042641;1;2;1;1;2;940;22/10/2016
2016042642;2;2;1;2;6;940;24/10/2016
2016042643;1;2;1;2;2;940;24/10/2016
2016042644;1;2;1;1;6;940;28/10/2016
2016042645;1;1;6;1;3;940;29/10/2016
2016042646;1;2;1;1;2;940;03/11/2016
2016042647;1;2;1;1;2;940;03/11/2016
2016042648;1;2;1;3;3;940;04/11/2016
2016042649;1;2;1;3;6;940;04/11/2016
2016042650;5;2;1;3;6;940;04/11/2016
2016042651;1;2;1;1;4;940;05/11/2016
2016042652;1;1;1;1;6;940;07/11/2016
2016042653;1;2;1;1;6;940;07/11/2016
2016042654;5;2;1;1;6;940;07/11/2016
2016042655;2;2;2;2;5;940;09/11/2016
2016042656;2;2;1;1;2;940;10/11/2016
2016042657;4;1;1;2;6;940;10/11/2016
2016042658;5;2;1;1;6;940;13/11/2016
2016042659;1;2;1;1;2;940;13/11/2016
2016042660;1;2;2;1;3;940;14/11/2016
2016042661;1;2;2;1;6;940;14/11/2016
2016042662;1;2;1;1;6;940;19/11/2016
2016042663;1;2;1;1;6;940;25/11/2016
2016042664;5;2;1;1;7;940;27/11/2016
2016042665;1;1;1;1;3;940;27/11/2016
2016042666;3;2;1;1;2;940;28/11/2016
2016042667;5;2;1;1;2;940;28/11/2016
2016042668;3;2;1;1;2;940;22/11/2016
2016042669;1;2;1;1;3;940;29/11/2016
2016042670;1;2;3;1;3;940;30/11/2016
2016042671;5;2;3;1;3;940;30/11/2016
2016042672;5;1;1;1;2;940;02/12/2016
2016042673;1;2;1;1;3;940;05/12/2016
2016042674;1;2;2;1;6;940;06/12/2016
2016042675;5;2;1;1;2;940;09/12/2016
2016042676;1;2;1;1;3;940;14/12/2016
2016042677;1;1;1;1;2;940;14/12/2016
2016042678;1;2;1;2;2;940;13/12/2016
2016042679;5;2;1;1;7;940;15/12/2016
2016042680;5;2;1;1;6;940;21/12/2016
2016042681;1;2;1;1;3;940;21/12/2016
2016042682;2;2;1;2;1;940;22/12/2016
2016042683;5;2;1;2;6;940;22/12/2016
2016042684;5;2;1;2;6;940;22/12/2016
2016042685;1;2;1;1;6;940;24/12/2016
2016042686;1;1;1;1;7;940;24/12/2016
2016042687;1;2;1;1;3;940;26/12/2016
2016042688;1;2;1;1;6;940;27/12/2016
2016042689;1;2;1;1;6;940;28/12/2016
2016042690;1;1;1;1;6;940;28/12/2016
2016042691;1;2;2;1;3;940;31/12/2016
2016042692;1;2;2;1;6;940;09/01/2016
2016042693;1;2;2;1;2;940;09/01/2016
2016042694;5;2;2;3;3;940;09/01/2016
2016042695;5;2;1;8;1;940;12/01/2016
2016042696;2;2;2;8;6;940;14/01/2016
2016042697;1;2;3;1;3;940;15/01/2016
2016042698;5;2;2;1;3;940;17/01/2016
2016042699;1;2;2;1;3;940;18/01/2016
2016042700;1;2;4;1;6;940;18/01/2016
2016042701;5;2;1;1;6;940;27/01/2016
2016042702;1;2;1;2;6;940;31/01/2016
2016042703;5;2;3;1;1;940;08/02/2016
2016042704;5;2;1;3;3;940;09/02/2016
2016042705;1;2;3;2;2;940;01/03/2016
2016042706;1;2;2;2;3;940;09/03/2016
2016042707;1;2;3;1;3;940;12/03/2016
2016042708;1;2;1;1;3;940;14/03/2016
2016042709;5;2;2;1;3;940;22/03/2016
2016042710;1;2;1;1;3;940;29/03/2016
2016042711;1;2;2;2;3;940;30/03/2016
2016042712;5;2;6;1;3;940;07/04/2016
2016042713;5;2;1;8;2;940;15/04/2016
2016042714;1;2;2;2;6;940;30/04/2016
2016042715;1;2;1;1;3;940;24/05/2016
2016042716;1;2;2;1;6;940;28/05/2016
2016042717;1;2;3;3;6;940;30/05/2016
2016042718;1;2;1;1;3;940;10/06/2016
2016042719;5;2;2;1;6;940;12/06/2016
2016042720;2;2;1;2;6;940;12/06/2016
2016042721;1;2;9;1;6;940;15/06/2016