num_acc;lum;agg;inter;atm;col;dep;date
2016042722;1;2;1;1;3;940;23/06/2016
2016042723;1;2;2;1;6;940;14/07/2016
2016042724;1;2;1;1;3;940;26/07/2016
2016042725;1;2;1;1;6;940;28/07/2016
2016042726;1;2;1;7;3;940;25/08/2016
2016042727;1;2;1;1;6;940;05/09/2016
2016042728;1;2;1;1;6;940;08/09/2016
2016042729;1;2;3;1;3;940;22/09/2016
2016042730;1;2;1;1;6;940;22/09/2016
2016042731;1;2;2;1;1;940;24/09/2016
2016042732;1;2;1;1;3;940;28/09/2016
2016042733;1;2;2;1;3;940;03/10/2016
2016042734;1;2;1;1;3;940;06/10/2016
2016042735;1;2;1;1;6;940;06/10/2016
2016042736;5;2;1;1;6;940;07/10/2016
2016042737;5;2;4;1;6;940;09/10/2016
2016042738;1;2;2;1;3;940;10/10/2016
2016042739;2;2;1;8;6;940;26/10/2016
2016042740;5;2;2;1;3;940;28/10/2016
2016042741;1;2;1;2;2;940;10/11/2016
2016042742;1;2;1;1;6;940;18/11/2016
2016042743;1;2;2;1;3;940;03/12/2016
2016042744;5;2;2;1;3;940;03/12/2016
2016042745;2;2;2;1;6;940;13/12/2016
2016042746;1;2;1;1;2;940;14/12/2016
2016042747;5;2;1;1;6;940;15/12/2016
2016042748;5;2;2;1;6;940;31/12/2016
2016042749;5;2;3;1;2;940;01/01/2016
2016042750;1;2;4;1;2;940;02/01/2016
2016042751;5;2;1;1;2;940;02/01/2016
2016042752;5;2;1;1;6;940;03/01/2016
2016042753;1;2;3;2;6;940;04/01/2016
2016042754;5;2;1;5;1;940;09/01/2016
2016042755;5;2;2;8;3;940;10/01/2016
2016042756;1;2;1;1;2;940;12/01/2016
2016042757;1;2;4;2;6;940;14/01/2016
2016042758;5;2;3;1;6;940;15/01/2016
2016042759;5;2;1;1;3;940;15/01/2016
2016042760;1;2;3;2;6;940;19/01/2016
2016042761;5;2;2;1;3;940;19/01/2016
2016042762;5;2;3;1;6;940;19/01/2016
2016042763;1;2;1;4;7;940;21/01/2016
2016042764;1;2;2;1;6;940;21/01/2016
2016042765;1;2;3;1;6;940;23/01/2016
2016042766;5;2;2;1;3;940;25/01/2016
2016042767;5;2;1;1;3;940;26/01/2016
2016042768;1;2;3;1;3;940;26/01/2016
2016042769;1;2;1;1;6;940;29/01/2016
2016042770;5;2;3;1;2;940;30/01/2016
2016042771;1;2;3;1;6;940;02/02/2016
2016042772;1;2;3;1;6;940;05/02/2016
2016042773;1;2;2;1;3;940;06/02/2016
2016042774;1;1;3;1;6;940;10/02/2016
2016042775;5;2;3;1;3;940;11/02/2016
2016042776;5;2;2;1;1;940;11/02/2016
2016042777;1;2;1;7;6;940;12/02/2016
2016042778;5;2;2;2;2;940;14/02/2016
2016042779;1;2;3;1;6;940;14/02/2016
2016042780;1;2;1;1;5;940;15/02/2016
2016042781;1;2;2;1;6;940;16/02/2016
2016042782;1;2;1;1;6;940;17/02/2016
2016042783;1;2;2;2;6;940;20/02/2016
2016042784;1;2;1;2;6;940;20/02/2016
2016042785;1;2;3;1;1;940;20/02/2016
2016042786;5;2;2;2;3;940;21/02/2016
2016042787;5;2;1;2;3;940;23/02/2016
2016042788;1;2;2;1;6;940;25/02/2016
2016042789;1;2;1;8;3;940;03/03/2016
2016042790;4;2;3;1;6;940;27/02/2016
2016042791;1;1;3;1;6;940;03/03/2016
2016042792;5;2;1;3;3;940;04/03/2016
2016042793;1;2;1;1;6;940;05/03/2016
2016042794;5;2;2;2;3;940;07/03/2016
2016042795;1;2;2;3;3;940;09/03/2016
2016042796;1;2;1;1;2;940;11/03/2016
2016042797;1;2;3;1;7;940;11/03/2016
2016042798;1;2;3;1;6;940;16/03/2016
2016042799;1;2;1;1;1;940;17/03/2016
2016042800;1;2;3;1;3;940;23/03/2016
2016042801;1;2;1;1;6;940;23/03/2016
2016042802;1;2;1;2;3;940;25/03/2016
2016042803;5;2;1;8;3;940;03/04/2016
2016042804;1;2;1;3;6;940;06/04/2016
2016042805;1;1;1;1;3;940;11/04/2016
2016042806;1;2;2;1;2;940;13/04/2016
2016042807;1;2;3;1;3;940;13/04/2016
2016042808;1;2;1;2;3;940;15/04/2016
2016042809;2;2;8;1;3;940;16/04/2016
2016042810;1;1;1;1;2;940;17/04/2016
2016042811;1;2;3;1;6;940;19/04/2016
2016042812;1;2;3;1;3;940;21/04/2016
2016042813;1;2;1;1;4;940;23/04/2016
2016042814;5;2;2;2;5;940;26/04/2016
2016042815;5;2;2;1;3;940;27/04/2016
2016042816;1;2;1;1;6;940;28/04/2016
2016042817;1;2;1;1;3;940;29/04/2016
2016042818;1;2;3;1;3;940;06/05/2016
2016042819;5;2;1;1;2;940;08/05/2016
2016042820;1;2;3;1;1;940;09/05/2016
2016042821;1;2;3;1;1;940;10/05/2016
2016042822;1;2;1;1;6;940;12/05/2016
2016042823;1;2;1;1;3;940;15/05/2016
2016042824;1;2;3;1;6;940;17/05/2016
2016042825;1;2;3;3;3;940;18/05/2016
2016042826;1;2;3;1;6;940;20/05/2016
2016042827;1;2;2;1;3;940;25/05/2016
2016042828;1;2;1;1;3;940;25/05/2016
2016042829;1;2;2;1;3;940;26/05/2016
2016042830;1;2;2;1;3;940;26/05/2016
2016042831;1;2;2;2;3;940;28/05/2016
2016042832;1;2;1;8;3;940;29/05/2016
2016042833;1;2;1;2;3;940;01/06/2016
2016042834;1;2;6;1;3;940;05/06/2016
2016042835;1;2;2;1;3;940;06/06/2016
2016042836;1;2;1;1;7;940;07/06/2016
2016042837;1;2;9;1;3;940;10/06/2016
2016042838;1;2;1;2;6;940;11/06/2016
2016042839;5;2;1;2;6;940;13/06/2016
2016042840;1;2;1;1;6;940;15/06/2016
2016042841;1;2;2;1;2;940;17/06/2016
2016042842;1;2;1;3;7;940;20/06/2016
2016042843;1;2;1;2;6;940;21/06/2016
2016042844;1;2;1;2;1;940;21/06/2016
2016042845;1;2;1;1;1;940;24/06/2016
2016042846;1;2;3;2;3;940;27/06/2016
2016042847;1;2;1;1;7;940;28/06/2016
2016042848;1;2;3;1;1;940;29/06/2016
2016042849;1;2;2;1;1;940;29/06/2016
2016042850;1;2;1;1;7;940;30/06/2016
2016042851;1;2;1;2;6;940;01/07/2016
2016042852;1;2;1;2;7;940;03/07/2016
2016042853;1;2;3;1;3;940;12/07/2016
2016042854;1;2;2;1;3;940;14/07/2016
2016042855;1;2;1;1;6;940;15/07/2016
2016042856;5;2;6;1;3;940;16/07/2016
2016042857;1;2;1;1;3;940;21/07/2016
2016042858;1;2;1;1;7;940;21/07/2016
2016042859;1;2;1;1;7;940;22/07/2016
2016042860;1;2;2;1;1;940;25/07/2016
2016042861;1;2;3;8;3;940;25/07/2016
2016042862;1;2;1;2;2;940;28/07/2016
2016042863;5;2;1;1;2;940;29/07/2016
2016042864;1;2;1;1;6;940;30/07/2016
2016042865;1;2;1;1;2;940;03/08/2016
2016042866;1;2;1;1;7;940;04/08/2016
2016042867;1;2;1;1;7;940;05/08/2016
2016042868;1;2;6;1;3;940;10/08/2016
2016042869;1;1;1;1;6;940;19/08/2016
2016042870;1;2;1;1;6;940;23/08/2016
2016042871;1;2;1;1;1;940;24/08/2016
2016042872;1;2;1;1;6;940;24/08/2016
2016042873;1;2;1;1;2;940;28/08/2016
2016042874;1;2;2;1;3;940;31/08/2016
2016042875;1;2;1;1;6;940;01/09/2016
2016042876;1;2;1;1;7;940;01/09/2016
2016042877;1;2;2;1;3;940;02/09/2016
2016042878;1;2;3;1;7;940;02/09/2016
2016042879;5;2;1;1;6;940;03/09/2016
2016042880;5;2;1;1;1;940;03/09/2016
2016042881;1;2;2;1;3;940;07/09/2016
2016042882;1;2;1;1;6;940;07/09/2016
2016042883;1;2;2;1;3;940;09/09/2016
2016042884;1;2;1;1;2;940;12/09/2016
2016042885;1;2;1;1;7;940;13/09/2016
2016042886;1;2;1;1;3;940;16/09/2016
2016042887;1;2;2;1;7;940;22/09/2016
2016042888;1;2;1;1;6;940;25/09/2016
2016042889;1;2;3;1;3;940;28/09/2016
2016042890;1;2;1;1;7;940;28/09/2016
2016042891;1;2;3;1;3;940;02/10/2016
2016042892;1;2;1;1;7;940;03/10/2016
2016042893;1;2;1;1;6;940;04/10/2016
2016042894;1;1;1;1;7;940;06/10/2016
2016042895;1;1;2;1;7;940;06/10/2016
2016042896;5;2;9;1;3;940;07/10/2016
2016042897;5;2;1;1;3;940;07/10/2016
2016042898;1;2;1;2;7;940;13/10/2016
2016042899;1;2;1;2;7;940;14/10/2016
2016042900;1;2;1;3;7;940;14/10/2016
2016042901;1;2;1;1;3;940;15/10/2016
2016042902;1;2;1;2;6;940;17/10/2016
2016042903;1;2;1;1;7;940;17/10/2016
2016042904;1;2;1;1;2;940;19/10/2016
2016042905;1;2;1;1;7;940;19/10/2016
2016042906;1;2;1;1;7;940;19/10/2016
2016042907;3;2;1;1;7;940;24/10/2016
2016042908;1;2;1;1;7;940;27/10/2016
2016042909;5;2;2;1;3;940;28/10/2016
2016042910;1;2;1;1;6;940;31/10/2016
2016042911;5;2;1;1;6;940;28/10/2016
2016042912;2;2;1;1;7;940;02/11/2016
2016042913;1;2;1;2;6;940;04/11/2016
2016042914;1;2;1;3;6;940;04/11/2016
2016042915;5;2;4;3;6;940;04/11/2016
2016042916;1;2;1;1;6;940;06/11/2016
2016042917;1;2;1;1;6;940;06/11/2016
2016042918;5;2;2;1;3;940;11/11/2016
2016042919;5;2;1;1;2;940;11/11/2016
2016042920;1;2;1;1;7;940;17/11/2016
2016042921;2;2;1;1;6;940;18/11/2016
2016042922;5;2;3;2;3;940;23/11/2016
2016042923;5;2;1;1;3;940;25/11/2016
2016042924;2;2;1;1;7;940;28/11/2016
2016042925;1;2;1;1;7;940;29/11/2016
2016042926;1;2;2;1;3;940;29/11/2016
2016042927;1;2;2;1;7;940;30/11/2016
2016042928;5;2;1;1;2;940;01/12/2016
2016042929;1;2;1;1;3;940;06/12/2016
2016042930;1;2;8;1;7;940;07/12/2016
2016042931;1;2;4;1;1;940;07/12/2016
2016042932;1;2;3;1;7;940;07/12/2016
2016042933;1;2;1;1;6;940;07/12/2016
2016042934;1;2;7;1;7;940;09/12/2016
2016042935;1;1;1;5;6;940;10/12/2016
2016042936;2;2;1;1;3;940;16/12/2016
2016042937;5;2;1;1;7;940;16/12/2016
2016042938;5;2;2;1;3;940;17/12/2016
2016042939;5;2;1;1;6;940;24/12/2016
2016042940;5;2;1;1;6;940;05/02/2016
2016042941;5;2;2;1;3;940;19/07/2016
2016042942;5;2;3;1;2;940;08/09/2016
2016042943;5;2;1;1;7;940;07/04/2016
2016042944;1;2;1;1;6;940;27/09/2016
2016042945;1;2;2;2;6;940;19/05/2016
2016042946;1;2;3;2;2;940;11/05/2016
2016042947;5;2;1;1;6;940;21/05/2016
2016042948;5;2;6;2;3;940;11/12/2016
2016042949;5;2;2;2;3;940;22/12/2016
2016042950;1;1;1;2;6;940;03/01/2016
2016042951;1;2;3;1;6;940;04/01/2016
2016042952;5;2;1;2;6;940;10/01/2016
2016042953;1;2;1;2;6;940;11/01/2016
2016042954;1;2;1;1;2;940;20/01/2016
2016042955;5;1;1;1;2;940;20/01/2016
2016042956;1;2;3;1;6;940;21/01/2016
2016042957;5;2;2;1;6;940;24/01/2016
2016042958;5;2;1;1;3;940;26/01/2016
2016042959;5;2;3;1;6;940;26/01/2016
2016042960;2;2;3;3;6;940;27/01/2016
2016042961;1;2;1;1;6;940;28/01/2016
2016042962;1;2;3;1;3;940;07/02/2016
2016042963;1;2;1;3;6;940;08/02/2016
2016042964;1;2;3;2;3;940;09/02/2016
2016042965;5;1;1;2;7;940;13/02/2016
2016042966;2;2;1;1;6;940;14/02/2016
2016042967;5;2;1;1;3;940;14/02/2016
2016042968;1;2;1;1;6;940;15/02/2016
2016042969;1;2;3;1;3;940;16/02/2016
2016042970;1;2;1;1;3;940;18/02/2016
2016042971;5;2;1;1;6;940;18/02/2016
2016042972;5;2;2;1;3;940;20/02/2016
2016042973;5;2;2;1;3;940;01/03/2016
2016042974;1;2;3;1;3;940;03/03/2016
2016042975;5;2;4;3;6;940;04/03/2016
2016042976;1;2;6;2;6;940;05/03/2016
2016042977;1;2;3;1;6;940;05/03/2016
2016042978;5;2;1;1;3;940;06/03/2016
2016042979;5;2;3;1;3;940;07/03/2016
2016042980;1;2;2;1;6;940;08/03/2016
2016042981;1;1;2;1;3;940;08/03/2016
2016042982;1;2;1;1;6;940;08/03/2016
2016042983;1;2;1;1;6;940;10/03/2016
2016042984;1;2;3;1;2;940;11/03/2016
2016042985;1;2;3;1;3;940;11/03/2016
2016042986;1;2;1;1;6;940;11/03/2016
2016042987;5;2;1;1;6;940;13/03/2016
2016042988;1;2;1;1;3;940;15/03/2016
2016042989;1;1;2;1;3;940;19/03/2016
2016042990;1;2;1;1;3;940;22/03/2016
2016042991;1;2;3;1;6;940;23/03/2016
2016042992;1;2;1;1;6;940;23/03/2016
2016042993;1;2;3;1;1;940;24/03/2016
2016042994;1;2;3;2;2;940;25/03/2016
2016042995;5;2;1;1;3;940;25/03/2016
2016042996;1;2;6;2;3;940;28/03/2016
2016042997;1;2;6;2;2;940;30/03/2016
2016042998;1;1;1;1;3;940;01/04/2016
2016042999;5;1;1;1;6;940;04/04/2016
2016043000;1;2;3;1;3;940;07/04/2016
2016043001;1;2;2;2;2;940;11/04/2016
2016043002;1;1;1;1;6;940;12/04/2016
2016043003;1;2;3;1;2;940;16/04/2016
2016043004;1;2;2;1;6;940;16/04/2016
2016043005;1;2;1;1;3;940;27/04/2016
2016043006;5;2;1;1;6;940;28/04/2016
2016043007;2;2;3;1;4;940;01/05/2016
2016043008;1;2;2;1;6;940;02/05/2016
2016043009;1;2;1;1;6;940;03/05/2016
2016043010;1;2;1;1;3;940;04/05/2016
2016043011;5;2;2;1;6;940;05/05/2016
2016043012;2;1;1;2;1;940;09/05/2016
2016043013;1;2;2;8;6;940;12/05/2016
2016043014;3;2;2;2;3;940;12/05/2016
2016043015;5;1;3;1;3;940;15/05/2016
2016043016;1;2;2;1;3;940;17/05/2016
2016043017;5;2;1;1;7;940;17/05/2016
2016043018;1;2;1;1;6;940;04/11/2016
2016043019;1;2;1;2;3;940;19/05/2016
2016043020;1;1;1;2;6;940;22/05/2016
2016043021;5;1;1;1;4;940;25/05/2016
2016043022;1;2;2;1;3;940;26/05/2016
2016043023;1;2;1;2;2;940;30/05/2016
2016043024;1;2;1;3;3;940;31/05/2016
2016043025;1;1;3;3;1;940;31/05/2016
2016043026;1;2;3;2;6;940;31/05/2016
2016043027;1;2;1;2;3;940;02/06/2016
2016043028;1;2;1;2;3;940;02/06/2016
2016043029;2;2;2;2;6;940;03/06/2016
2016043030;1;1;1;8;6;940;03/06/2016
2016043031;1;2;1;1;6;940;04/06/2016
2016043032;1;2;1;1;6;940;06/06/2016
2016043033;1;1;1;1;4;940;03/06/2016
2016043034;1;2;1;1;6;940;09/06/2016
2016043035;1;1;1;1;2;940;09/06/2016
2016043036;1;2;6;1;3;940;09/06/2016
2016043037;1;2;1;1;5;940;09/06/2016
2016043038;1;2;2;1;3;940;10/06/2016
2016043039;1;1;3;1;4;940;10/06/2016
2016043040;1;2;1;2;2;940;12/06/2016
2016043041;1;2;1;1;3;940;14/06/2016
2016043042;1;2;1;1;6;940;14/06/2016
2016043043;1;2;2;1;1;940;15/06/2016
2016043044;1;1;6;1;3;940;15/06/2016
2016043045;1;1;1;1;4;940;15/06/2016
2016043046;1;2;1;1;2;940;16/06/2016
2016043047;1;2;1;1;5;940;16/06/2016
2016043048;1;2;1;1;1;940;21/06/2016
2016043049;5;2;1;2;3;940;22/06/2016
2016043050;1;2;2;1;5;940;22/06/2016
2016043051;1;2;1;8;6;940;22/06/2016
2016043052;2;2;1;1;1;940;22/06/2016
2016043053;1;2;9;1;2;940;24/06/2016
2016043054;1;2;2;1;6;940;25/06/2016
2016043055;1;2;1;1;6;940;25/06/2016
2016043056;2;2;1;1;2;940;28/06/2016
2016043057;1;2;1;1;3;940;29/06/2016
2016043058;5;2;1;1;6;940;30/06/2016
2016043059;1;1;9;1;6;940;01/07/2016
2016043060;1;2;1;1;3;940;02/07/2016
2016043061;1;2;1;1;2;940;04/07/2016
2016043062;1;2;1;1;2;940;05/07/2016
2016043063;1;2;2;1;2;940;05/07/2016
2016043064;1;1;1;1;3;940;05/07/2016
2016043065;5;1;1;1;3;940;08/07/2016
2016043066;1;2;1;1;6;940;10/07/2016
2016043067;5;2;1;1;7;940;11/07/2016
2016043068;1;2;1;1;1;940;11/07/2016
2016043069;1;2;1;1;6;940;11/07/2016
2016043070;2;2;1;1;3;940;15/07/2016
2016043071;1;2;3;1;6;940;15/07/2016
2016043072;1;2;1;1;3;940;15/07/2016
2016043073;1;2;2;1;3;940;16/07/2016
2016043074;5;2;1;1;3;940;17/07/2016
2016043075;1;1;1;1;2;940;17/07/2016
2016043076;1;2;2;1;3;940;19/07/2016
2016043077;1;2;1;1;6;940;20/07/2016
2016043078;5;2;6;1;3;940;21/07/2016
2016043079;1;2;1;1;1;940;21/07/2016
2016043080;1;2;1;1;6;940;23/07/2016
2016043081;1;1;1;1;2;940;23/07/2016
2016043082;1;1;1;1;2;940;25/07/2016
2016043083;1;1;1;1;7;940;30/07/2016
2016043084;1;2;1;1;2;940;01/08/2016
2016043085;1;2;1;1;3;940;01/08/2016
2016043086;1;2;1;1;2;940;03/08/2016
2016043087;3;2;1;1;3;940;04/08/2016
2016043088;1;2;1;1;3;940;06/08/2016
2016043089;1;2;1;1;3;940;08/08/2016
2016043090;1;2;1;1;6;940;11/08/2016
2016043091;5;2;1;1;6;940;20/08/2016
2016043092;1;2;1;1;2;940;20/08/2016
2016043093;1;2;1;2;6;940;21/08/2016
2016043094;1;2;3;1;6;940;29/08/2016
2016043095;1;2;1;1;6;940;29/08/2016
2016043096;1;1;9;1;3;940;31/08/2016
2016043097;1;2;1;1;3;940;02/09/2016
2016043098;1;2;1;1;3;940;03/09/2016
2016043099;1;2;6;2;7;940;05/09/2016
2016043100;1;2;3;2;1;940;05/09/2016
2016043101;1;2;1;8;1;940;06/09/2016
2016043102;1;2;1;1;6;940;07/09/2016
2016043103;1;2;1;1;2;940;08/09/2016
2016043104;1;2;2;1;3;940;09/09/2016
2016043105;1;2;1;1;2;940;12/09/2016
2016043106;1;2;9;1;1;940;13/09/2016
2016043107;1;2;1;1;1;940;14/09/2016
2016043108;5;2;1;1;6;940;14/09/2016
2016043109;1;2;7;1;6;940;16/09/2016
2016043110;1;2;1;2;7;940;16/09/2016
2016043111;1;2;2;9;2;940;17/09/2016
2016043112;1;2;1;2;2;940;25/09/2016
2016043113;1;2;1;1;2;940;28/09/2016
2016043114;1;2;1;1;7;940;28/09/2016
2016043115;1;2;1;1;2;940;28/09/2016
2016043116;1;2;1;1;2;940;29/09/2016
2016043117;1;2;8;1;6;940;03/10/2016
2016043118;1;2;1;1;1;940;05/10/2016
2016043119;1;2;1;1;6;940;10/10/2016
2016043120;5;1;1;8;6;940;15/10/2016
2016043121;3;2;9;1;3;940;15/10/2016
2016043122;5;1;2;1;2;940;16/10/2016
2016043123;2;2;1;1;7;940;16/10/2016
2016043124;5;2;1;1;1;940;18/10/2016
2016043125;1;2;1;1;3;940;19/10/2016
2016043126;5;2;3;1;3;940;20/10/2016
2016043127;1;2;1;2;6;940;21/10/2016
2016043128;1;1;1;1;6;940;26/10/2016
2016043129;5;2;1;1;3;940;26/10/2016
2016043130;5;2;2;1;3;940;27/10/2016
2016043131;2;2;9;1;7;940;28/10/2016
2016043132;1;2;1;1;2;940;28/10/2016
2016043133;1;1;2;1;3;940;28/10/2016
2016043134;5;2;1;1;6;940;30/10/2016
2016043135;1;2;1;1;3;940;02/11/2016
2016043136;1;1;1;1;3;940;02/11/2016
2016043137;1;2;1;1;3;940;02/11/2016
2016043138;1;2;1;1;1;940;03/11/2016
2016043139;1;2;1;1;6;940;03/11/2016
2016043140;2;2;1;2;6;940;04/11/2016
2016043141;1;2;9;1;1;940;06/11/2016
2016043142;1;2;1;1;2;940;06/11/2016
2016043143;1;2;1;2;6;940;07/11/2016
2016043144;1;2;1;2;3;940;07/11/2016
2016043145;1;2;1;1;6;940;08/11/2016
2016043146;5;2;3;3;6;940;10/11/2016
2016043147;5;2;1;1;6;940;11/11/2016
2016043148;5;2;1;9;2;940;11/11/2016
2016043149;5;2;2;2;3;940;12/11/2016
2016043150;1;2;1;2;3;940;13/11/2016
2016043151;2;2;2;9;1;940;14/11/2016
2016043152;1;2;1;1;3;940;22/11/2016
2016043153;5;2;1;2;6;940;23/11/2016
2016043154;4;1;1;9;7;940;23/11/2016
2016043155;1;2;1;2;6;940;23/11/2016
2016043156;5;2;2;1;6;940;24/11/2016
2016043157;5;2;6;2;6;940;26/11/2016
2016043158;2;2;2;1;6;940;30/11/2016
2016043159;1;2;6;1;6;940;30/11/2016
2016043160;5;2;8;1;6;940;30/11/2016
2016043161;1;1;1;1;3;940;02/12/2016
2016043162;5;2;3;1;2;940;02/12/2016
2016043163;1;2;8;1;6;940;03/12/2016
2016043164;1;2;1;1;2;940;03/12/2016
2016043165;5;2;1;1;2;940;04/12/2016
2016043166;1;1;3;1;5;940;06/12/2016
2016043167;5;1;1;8;1;940;11/12/2016
2016043168;1;2;3;1;3;940;12/12/2016
2016043169;5;2;1;2;6;940;12/12/2016
2016043170;5;2;1;1;6;940;15/12/2016
2016043171;2;2;1;1;6;940;19/12/2016
2016043172;1;2;3;1;3;940;20/12/2016
2016043173;5;2;1;1;4;940;20/12/2016
2016043174;5;2;3;1;6;940;23/12/2016
2016043175;1;2;1;1;2;940;06/01/2016
2016043176;1;2;4;1;7;940;21/03/2016
2016043177;1;2;1;1;6;940;17/08/2016
2016043178;5;2;1;3;6;940;14/01/2016
2016043179;1;1;1;1;4;940;21/08/2016
2016043180;5;2;2;1;3;940;17/01/2016
2016043181;1;2;1;8;1;940;17/06/2016
2016043182;1;2;9;1;6;940;27/06/2016
2016043183;1;2;1;1;2;940;21/01/2016
2016043184;1;2;3;2;3;940;05/09/2016
2016043185;2;2;1;1;6;940;13/10/2016
2016043186;5;2;9;1;3;940;10/09/2016
2016043187;1;2;1;1;3;940;11/09/2016
2016043188;1;2;1;1;6;940;12/09/2016
2016043189;1;2;1;1;1;940;12/09/2016
2016043190;1;2;1;1;6;940;21/09/2016
2016043191;2;2;3;2;3;940;03/02/2016
2016043192;1;2;3;1;3;940;13/09/2016
2016043193;1;2;2;1;2;940;15/03/2016
2016043194;5;2;2;1;3;940;11/02/2016
2016043195;1;2;3;2;3;940;12/02/2016
2016043196;5;2;1;1;1;940;21/09/2016
2016043197;1;2;1;1;2;940;15/02/2016
2016043198;5;2;1;1;6;940;24/09/2016
2016043199;1;2;3;1;3;940;17/02/2016
2016043200;1;2;6;1;3;940;19/02/2016
2016043201;2;2;3;2;6;940;23/02/2016
2016043202;1;2;2;1;3;940;24/02/2016
2016043203;1;2;1;1;1;940;20/04/2016
2016043204;5;2;1;1;6;940;06/10/2016
2016043205;1;2;1;1;6;940;07/10/2016
2016043206;2;2;1;1;6;940;09/10/2016
2016043207;5;2;3;2;2;940;01/03/2016
2016043208;5;2;3;2;6;940;02/03/2016
2016043209;1;2;1;1;3;940;10/10/2016
2016043210;1;2;1;1;1;940;11/10/2016
2016043211;1;2;6;1;6;940;06/03/2016
2016043212;1;2;1;1;1;940;21/05/2016
2016043213;1;2;4;1;1;940;12/03/2016
2016043214;5;2;3;8;3;940;20/10/2016
2016043215;1;2;1;1;3;940;14/03/2016
2016043216;1;2;1;1;6;940;22/10/2016
2016043217;5;2;1;1;6;940;15/03/2016
2016043218;1;2;2;3;3;940;23/10/2016
2016043219;3;2;1;2;7;940;23/10/2016
2016043220;1;2;3;1;6;940;25/10/2016
2016043221;5;2;1;1;3;940;25/10/2016
2016043222;5;2;2;8;3;940;19/03/2016
2016043223;1;2;1;1;7;940;27/10/2016
2016043224;1;2;1;1;3;940;28/10/2016
2016043225;1;2;9;1;6;940;28/10/2016
2016043226;1;2;1;1;3;940;03/11/2016
2016043227;1;2;1;1;3;940;03/11/2016
2016043228;5;2;1;1;6;940;03/11/2016
2016043229;2;2;1;2;2;940;09/11/2016
2016043230;5;2;3;2;6;940;03/04/2016
2016043231;1;2;1;1;6;940;14/11/2016
2016043232;5;2;1;2;6;940;17/11/2016
2016043233;1;2;2;1;3;940;08/04/2016
2016043234;1;2;9;1;3;940;18/11/2016
2016043235;1;2;1;1;6;940;18/11/2016
2016043236;1;2;3;2;3;940;11/04/2016
2016043237;5;2;2;1;3;940;23/11/2016
2016043238;5;2;1;1;3;940;24/11/2016
2016043239;1;2;2;8;6;940;15/04/2016
2016043240;5;2;3;1;4;940;23/08/2016
2016043241;5;2;1;1;6;940;02/12/2016
2016043242;5;2;1;1;1;940;26/08/2016
2016043243;4;1;1;1;2;940;04/12/2016
2016043244;1;2;3;1;3;940;05/12/2016
2016043245;5;2;3;1;6;940;27/04/2016
2016043246;5;2;2;1;7;940;27/04/2016
2016043247;5;2;1;1;3;940;01/05/2016
2016043248;1;2;1;1;1;940;14/12/2016
2016043249;1;2;1;1;3;940;14/12/2016
2016043250;1;2;2;2;6;940;15/09/2016
2016043251;3;2;1;1;6;940;18/12/2016
2016043252;5;2;1;1;2;940;24/09/2016
2016043253;1;2;3;1;1;940;11/05/2016
2016043254;2;2;2;2;6;940;12/05/2016
2016043255;5;2;1;1;6;940;27/12/2016
2016043256;2;2;2;1;6;940;20/05/2016
2016043257;1;2;6;1;3;940;21/05/2016
2016043258;1;2;3;2;3;940;22/05/2016
2016043259;1;2;1;2;3;940;22/05/2016
2016043260;1;2;2;2;6;940;23/05/2016
2016043261;1;2;2;1;3;940;26/05/2016
2016043262;1;2;2;1;6;940;27/05/2016
2016043263;1;2;1;2;6;940;02/06/2016
2016043264;1;2;1;1;7;940;07/06/2016
2016043265;1;2;1;1;6;940;09/06/2016
2016043266;1;2;1;1;2;940;10/06/2016
2016043267;5;2;1;1;7;940;30/06/2016
2016043268;5;2;1;2;6;940;01/07/2016
2016043269;1;2;9;1;6;940;02/07/2016
2016043270;1;2;1;1;6;940;05/07/2016
2016043271;1;2;1;1;6;940;10/07/2016
2016043272;1;2;1;1;6;940;14/07/2016
2016043273;1;2;1;1;7;940;27/07/2016
2016043274;1;2;1;1;6;940;26/07/2016
2016043275;1;2;1;1;6;940;29/07/2016
2016043276;1;2;1;1;3;940;03/08/2016
2016043277;5;2;1;1;2;940;19/02/2016
2016043278;1;2;3;1;2;940;04/01/2016
2016043279;5;2;3;2;2;940;03/02/2016
2016043280;1;2;1;2;1;940;21/10/2016
2016043281;1;2;1;1;3;940;24/10/2016
2016043282;1;2;2;2;3;940;25/10/2016
2016043283;1;2;2;1;3;940;04/03/2016
2016043284;1;2;1;1;2;940;23/02/2016
2016043285;1;2;2;1;2;940;03/11/2016
2016043286;1;2;3;1;3;940;03/11/2016
2016043287;1;2;1;1;2;940;25/03/2016
2016043288;1;2;2;1;3;940;08/11/2016
2016043289;1;2;1;1;3;940;03/06/2016
2016043290;5;2;1;3;6;940;10/11/2016
2016043291;1;2;1;1;6;940;14/11/2016
2016043292;1;2;4;1;3;940;27/02/2016
2016043293;1;2;2;1;3;940;04/05/2016
2016043294;2;2;4;2;6;940;20/11/2016
2016043295;1;2;6;2;6;940;21/11/2016
2016043296;1;2;3;2;3;940;21/11/2016
2016043297;1;2;2;1;2;940;16/03/2016
2016043298;5;2;4;1;6;940;24/11/2016