num_acc;lum;agg;inter;atm;col;dep;date
2016043875;5;2;1;2;6;940;20/02/2016
2016043876;5;2;2;2;3;940;22/02/2016
2016043877;1;2;1;1;6;940;29/02/2016
2016043878;5;2;3;3;6;940;01/03/2016
2016043879;1;2;1;1;3;940;03/03/2016
2016043880;5;2;2;1;3;940;03/03/2016
2016043881;5;2;1;3;2;940;04/03/2016
2016043882;2;2;1;2;6;940;06/03/2016
2016043883;2;2;1;2;7;940;06/03/2016
2016043884;1;2;2;1;3;940;16/03/2016
2016043885;1;2;2;1;6;940;16/03/2016
2016043886;5;2;1;1;7;940;18/03/2016
2016043887;1;2;2;1;3;940;18/03/2016
2016043888;2;2;2;2;6;940;25/03/2016
2016043889;5;2;2;1;1;940;29/03/2016
2016043890;1;2;1;1;6;940;07/04/2016
2016043891;5;2;3;1;2;940;07/04/2016
2016043892;1;2;2;1;6;940;08/04/2016
2016043893;1;2;1;1;6;940;11/04/2016
2016043894;1;2;3;8;6;940;13/04/2016
2016043895;1;2;3;1;4;940;14/04/2016
2016043896;1;2;3;1;3;940;16/04/2016
2016043897;1;2;4;2;6;940;17/04/2016
2016043898;1;2;1;8;6;940;23/04/2016
2016043899;5;2;3;1;1;940;27/04/2016
2016043900;2;2;1;1;7;940;28/04/2016
2016043901;5;2;1;1;2;940;29/04/2016
2016043902;1;2;1;1;2;940;30/04/2016
2016043903;1;2;1;1;6;940;03/05/2016
2016043904;5;2;3;1;3;940;07/05/2016
2016043905;1;2;3;8;2;940;11/05/2016
2016043906;5;2;1;2;6;940;13/05/2016
2016043907;1;2;2;1;3;940;15/05/2016
2016043908;1;2;3;1;6;940;20/05/2016
2016043909;5;2;3;2;3;940;23/05/2016
2016043910;5;2;2;2;3;940;23/05/2016
2016043911;1;2;3;1;3;940;28/05/2016
2016043912;1;2;1;2;6;940;31/05/2016
2016043913;1;2;2;1;6;940;01/06/2016
2016043914;1;2;1;1;6;940;06/06/2016
2016043915;1;2;3;1;6;940;06/06/2016
2016043916;1;2;3;1;3;940;06/06/2016
2016043917;1;2;1;1;6;940;10/06/2016
2016043918;1;2;1;2;6;940;12/06/2016
2016043919;1;2;1;2;6;940;18/06/2016
2016043920;1;2;1;1;6;940;20/06/2016
2016043921;1;2;1;2;1;940;22/06/2016
2016043922;1;2;3;1;3;940;23/06/2016
2016043923;1;2;1;1;3;940;24/06/2016
2016043924;5;2;2;1;7;940;24/06/2016
2016043925;1;2;2;1;1;940;25/06/2016
2016043926;5;2;1;1;6;940;25/06/2016
2016043927;5;2;2;1;5;940;26/06/2016
2016043928;1;2;3;1;3;940;30/06/2016
2016043929;1;2;9;8;3;940;30/06/2016
2016043930;1;2;1;1;1;940;01/07/2016
2016043931;1;2;1;1;6;940;04/07/2016
2016043932;2;2;1;1;6;940;06/07/2016
2016043933;1;1;1;1;5;940;07/07/2016
2016043934;5;2;3;1;3;940;14/07/2016
2016043935;1;2;1;1;6;940;19/07/2016
2016043936;5;2;1;1;5;940;21/07/2016
2016043937;1;2;1;1;3;940;29/07/2016
2016043938;1;2;1;1;6;940;04/08/2016
2016043939;1;2;3;2;3;940;18/08/2016
2016043940;1;2;1;3;5;940;18/08/2016
2016043941;2;2;1;1;6;940;25/08/2016
2016043942;2;2;1;1;6;940;27/08/2016
2016043943;1;2;1;1;6;940;28/08/2016
2016043944;1;1;2;1;6;940;30/08/2016
2016043945;1;2;1;1;6;940;27/08/2016
2016043946;1;2;1;1;6;940;31/08/2016
2016043947;3;2;1;1;3;940;09/09/2016
2016043948;1;2;2;1;3;940;13/09/2016
2016043949;1;2;2;8;3;940;15/09/2016
2016043950;1;2;2;1;6;940;19/09/2016
2016043951;1;2;2;1;3;940;21/09/2016
2016043952;5;2;3;1;3;940;25/09/2016
2016043953;5;2;1;1;6;940;25/09/2016
2016043954;5;2;2;1;3;940;26/09/2016
2016043955;1;2;3;1;3;940;01/10/2016
2016043956;5;2;1;1;3;940;01/10/2016
2016043957;1;2;1;1;6;940;04/10/2016
2016043958;1;2;4;1;3;940;04/10/2016
2016043959;1;2;1;1;3;940;05/10/2016
2016043960;5;2;2;1;1;940;05/10/2016
2016043961;1;2;9;1;3;940;06/10/2016
2016043962;1;2;2;1;3;940;06/10/2016
2016043963;1;2;2;1;1;940;07/10/2016
2016043964;1;2;3;1;3;940;07/10/2016
2016043965;1;2;2;1;6;940;10/10/2016
2016043966;1;2;3;2;3;940;10/10/2016
2016043967;1;2;1;1;6;940;12/10/2016
2016043968;5;2;1;1;1;940;16/10/2016
2016043969;1;2;1;1;6;940;21/10/2016
2016043970;1;2;1;1;6;940;02/11/2016
2016043971;1;2;1;1;6;940;03/11/2016
2016043972;1;1;1;2;7;940;04/11/2016
2016043973;1;1;1;2;2;940;07/11/2016
2016043974;1;2;1;2;3;940;07/11/2016
2016043975;5;2;2;1;6;940;07/11/2016
2016043976;1;2;1;1;6;940;08/11/2016
2016043977;1;2;2;2;6;940;10/11/2016
2016043978;5;2;1;3;6;940;10/11/2016
2016043979;1;2;1;1;6;940;11/11/2016
2016043980;5;2;2;3;3;940;12/11/2016
2016043981;1;1;1;1;6;940;19/11/2016
2016043982;1;2;1;1;6;940;23/11/2016
2016043983;1;2;1;1;6;940;25/11/2016
2016043984;5;2;3;1;3;940;25/11/2016
2016043985;1;2;3;1;3;940;01/12/2016
2016043986;1;2;2;1;3;940;01/12/2016
2016043987;5;2;1;1;4;940;03/12/2016
2016043988;1;2;1;1;3;940;12/12/2016
2016043989;5;2;4;2;6;940;12/12/2016
2016043990;5;2;2;2;3;940;13/12/2016
2016043991;1;2;1;1;1;940;15/12/2016
2016043992;2;2;2;2;6;940;22/12/2016
2016043993;2;2;1;1;6;940;25/12/2016
2016043994;2;2;6;1;3;940;28/12/2016
2016043995;3;2;2;5;1;940;31/12/2016
2016043996;5;2;3;2;3;950;02/01/2016
2016043997;3;2;3;2;6;950;02/01/2016
2016043998;2;2;3;1;3;950;05/01/2016
2016043999;1;1;1;1;2;950;09/01/2016
2016044000;5;2;1;1;3;950;14/01/2016
2016044001;5;2;1;1;4;950;15/01/2016
2016044002;5;2;1;1;6;950;16/01/2016
2016044003;5;2;1;1;6;950;19/01/2016
2016044004;2;2;1;1;6;950;18/01/2016
2016044005;1;2;3;1;3;950;25/01/2016
2016044006;2;2;1;1;6;950;25/01/2016
2016044007;5;2;1;2;3;950;28/01/2016
2016044008;1;2;1;1;6;950;28/01/2016
2016044009;5;2;2;1;3;950;04/02/2016
2016044010;1;2;1;1;6;950;10/02/2016
2016044011;1;2;1;1;6;950;11/02/2016
2016044012;5;2;1;1;6;950;09/02/2016
2016044013;1;1;1;1;3;950;19/02/2016
2016044014;1;2;4;1;2;950;25/02/2016
2016044015;1;2;1;2;6;950;01/03/2016
2016044016;1;2;1;1;4;950;28/02/2016
2016044017;5;2;1;2;6;950;05/03/2016
2016044018;1;2;1;1;3;950;08/03/2016
2016044019;1;2;2;1;3;950;13/03/2016
2016044020;3;2;2;1;3;950;18/03/2016
2016044021;1;2;1;1;6;950;01/04/2016
2016044022;1;2;6;1;4;950;12/04/2016
2016044023;1;2;1;1;6;950;19/04/2016
2016044024;1;2;3;1;3;950;30/04/2016
2016044025;1;2;2;1;3;950;02/05/2016
2016044026;5;2;2;8;3;950;10/05/2016
2016044027;1;2;4;1;3;950;13/05/2016
2016044028;1;2;1;1;6;950;17/05/2016
2016044029;1;2;3;1;5;950;22/05/2016
2016044030;1;2;3;2;3;950;20/05/2016
2016044031;1;2;1;1;2;950;24/05/2016
2016044032;1;2;1;8;1;950;23/05/2016
2016044033;1;2;2;2;3;950;05/06/2016
2016044034;1;2;3;1;3;950;07/06/2016
2016044035;5;2;4;1;3;950;05/06/2016
2016044036;1;2;1;1;2;950;19/06/2016
2016044037;1;2;2;1;4;950;16/06/2016
2016044038;1;2;1;1;1;950;26/06/2016
2016044039;1;2;2;1;4;950;28/06/2016
2016044040;1;2;1;1;4;950;30/06/2016
2016044041;1;2;1;1;2;950;28/06/2016
2016044042;1;2;1;1;3;950;01/07/2016
2016044043;1;2;2;1;3;950;24/06/2016
2016044044;1;2;2;1;3;950;07/07/2016
2016044045;1;2;2;1;3;950;09/07/2016
2016044046;1;2;1;1;3;950;06/07/2016
2016044047;1;2;1;1;6;950;12/07/2016
2016044048;5;1;1;1;3;950;20/07/2016
2016044049;1;2;1;1;2;950;22/07/2016
2016044050;1;2;1;1;6;950;24/07/2016
2016044051;2;2;2;1;6;950;06/08/2016
2016044052;1;2;2;1;6;950;29/07/2016
2016044053;5;1;1;1;2;950;21/08/2016
2016044054;1;2;1;1;2;950;26/08/2016
2016044055;1;1;1;1;2;950;20/08/2016
2016044056;1;2;1;1;6;950;02/09/2016
2016044057;5;2;3;1;3;950;02/09/2016
2016044058;1;2;1;3;4;950;05/09/2016
2016044059;1;2;2;2;6;950;19/09/2016
2016044060;1;2;2;1;6;950;13/09/2016
2016044061;1;2;4;1;3;950;21/09/2016
2016044062;5;2;2;1;3;950;24/09/2016
2016044063;1;2;3;1;3;950;20/09/2016
2016044064;5;2;3;1;6;950;25/09/2016
2016044065;1;2;1;1;3;950;24/09/2016
2016044066;5;2;4;1;3;950;24/09/2016
2016044067;5;2;1;1;3;950;03/10/2016
2016044068;1;2;3;1;3;950;22/09/2016
2016044069;1;2;3;1;3;950;03/10/2016
2016044070;1;2;6;1;2;950;27/09/2016
2016044071;5;2;1;1;3;950;04/10/2016
2016044072;5;2;1;1;6;950;06/10/2016
2016044073;1;2;6;1;6;950;07/10/2016
2016044074;5;2;2;1;3;950;01/10/2016
2016044075;2;2;2;1;1;950;10/10/2016
2016044076;1;2;1;2;6;950;14/10/2016
2016044077;2;2;3;1;3;950;08/10/2016
2016044078;1;2;1;1;3;950;17/10/2016
2016044079;1;2;2;1;3;950;12/10/2016
2016044080;5;2;1;2;2;950;23/10/2016
2016044081;1;2;2;2;5;950;24/10/2016
2016044082;5;2;1;2;6;950;23/10/2016
2016044083;1;2;2;1;3;950;26/10/2016
2016044084;5;2;1;1;2;950;02/11/2016
2016044085;1;2;1;1;5;950;26/10/2016
2016044086;1;2;2;1;3;950;04/11/2016
2016044087;2;2;1;2;6;950;07/11/2016
2016044088;5;2;4;3;6;950;10/11/2016
2016044089;5;2;1;2;6;950;12/11/2016
2016044090;4;2;2;1;3;950;03/11/2016
2016044091;1;2;1;2;3;950;15/11/2016
2016044092;2;2;2;1;3;950;16/11/2016
2016044093;5;2;2;2;3;950;20/11/2016
2016044094;2;2;1;1;3;950;17/11/2016
2016044095;5;2;1;2;6;950;10/11/2016
2016044096;1;2;3;1;3;950;17/11/2016
2016044097;5;2;1;1;5;950;29/11/2016
2016044098;5;2;1;1;1;950;29/11/2016
2016044099;5;2;2;1;6;950;20/11/2016
2016044100;5;2;2;1;6;950;02/12/2016
2016044101;1;2;3;1;3;950;04/12/2016
2016044102;5;2;3;1;3;950;11/12/2016
2016044103;1;2;1;1;6;950;11/12/2016
2016044104;5;2;7;1;2;950;16/12/2016
2016044105;1;2;1;1;2;950;19/12/2016
2016044106;5;2;1;2;6;950;18/12/2016
2016044107;1;2;1;1;6;950;21/12/2016
2016044108;5;2;2;2;3;950;24/12/2016
2016044109;2;2;3;1;3;950;16/12/2016
2016044110;2;2;2;1;6;950;29/12/2016
2016044111;3;1;2;9;2;950;21/01/2016
2016044112;1;2;1;1;6;950;31/01/2016
2016044113;1;2;1;2;1;950;31/01/2016
2016044114;5;2;1;2;2;950;13/02/2016
2016044115;5;2;1;1;1;950;13/04/2016
2016044116;1;2;1;1;3;950;18/04/2016
2016044117;2;2;1;2;6;950;26/04/2016
2016044118;5;2;1;1;2;950;08/05/2016
2016044119;1;2;3;1;3;950;21/05/2016
2016044120;5;2;1;1;6;950;15/05/2016
2016044121;1;2;1;1;5;950;29/05/2016
2016044122;1;2;1;1;3;950;14/06/2016
2016044123;1;2;1;1;5;950;18/06/2016
2016044124;1;2;1;1;6;950;04/07/2016
2016044125;5;2;3;1;3;950;14/07/2016
2016044126;1;2;1;1;3;950;12/07/2016
2016044127;1;2;1;1;6;950;23/07/2016
2016044128;1;2;1;1;3;950;10/08/2016
2016044129;1;2;1;1;6;950;17/08/2016
2016044130;1;2;1;1;3;950;18/08/2016
2016044131;1;2;3;1;3;950;22/08/2016
2016044132;1;2;1;1;3;950;24/08/2016
2016044133;3;2;1;5;6;950;07/09/2016
2016044134;1;2;2;1;3;950;29/09/2016
2016044135;1;2;1;1;6;950;27/09/2016
2016044136;1;2;1;1;1;950;25/09/2016
2016044137;3;1;1;2;6;950;21/10/2016
2016044138;4;1;1;1;3;950;02/11/2016
2016044139;2;2;1;2;6;950;10/11/2016
2016044140;5;2;1;2;6;950;16/11/2016
2016044141;5;2;1;1;3;950;19/11/2016
2016044142;5;2;2;3;6;950;20/11/2016
2016044143;2;2;1;1;3;950;14/11/2016
2016044144;2;2;1;1;1;950;21/11/2016
2016044145;1;2;1;1;6;950;07/12/2016
2016044146;5;1;1;1;1;950;08/12/2016
2016044147;1;1;1;1;6;950;09/12/2016
2016044148;1;1;1;1;3;950;11/12/2016
2016044149;5;2;1;1;6;950;29/03/2016
2016044150;5;2;3;2;3;950;02/01/2016
2016044151;1;1;1;1;2;950;08/01/2016
2016044152;5;2;3;1;1;950;16/01/2016
2016044153;2;2;1;1;6;950;26/01/2016
2016044154;5;2;1;1;6;950;26/01/2016
2016044155;5;2;1;1;3;950;26/02/2016
2016044156;1;2;1;1;6;950;08/01/2016
2016044157;1;2;1;1;6;950;27/12/2016
2016044158;5;2;1;1;3;950;30/01/2016
2016044159;1;2;1;3;3;950;02/02/2016
2016044160;1;2;2;2;6;950;04/02/2016
2016044161;1;2;2;1;3;950;11/02/2016
2016044162;2;2;1;1;2;950;11/02/2016
2016044163;5;2;3;1;6;950;14/02/2016
2016044164;1;2;2;2;3;950;12/02/2016
2016044165;5;2;1;1;6;950;20/02/2016
2016044166;1;2;1;1;2;950;21/02/2016
2016044167;1;1;1;1;1;950;27/02/2016
2016044168;1;2;1;1;2;950;29/02/2016
2016044169;1;2;1;2;2;950;01/03/2016
2016044170;1;2;1;1;6;950;09/02/2016
2016044171;1;2;1;1;2;950;13/03/2016
2016044172;5;2;3;1;3;950;09/03/2016
2016044173;1;2;1;1;1;950;18/03/2016
2016044174;1;2;1;1;2;950;08/03/2016
2016044175;1;2;1;1;6;950;25/03/2016
2016044176;1;2;2;8;3;950;27/03/2016
2016044177;1;2;1;2;6;950;30/03/2016
2016044178;1;2;1;3;2;950;31/03/2016
2016044179;1;2;1;7;1;950;05/04/2016
2016044180;1;2;1;2;2;950;11/04/2016
2016044181;1;2;1;1;2;950;18/04/2016
2016044182;1;2;3;1;6;950;24/04/2016
2016044183;1;2;1;1;4;950;29/04/2016
2016044184;5;2;2;1;3;950;08/05/2016
2016044185;1;2;3;1;3;950;09/05/2016
2016044186;1;2;1;1;3;950;14/05/2016
2016044187;1;2;1;1;6;950;20/05/2016
2016044188;1;2;2;1;2;950;24/05/2016
2016044189;1;2;1;2;2;950;30/05/2016
2016044190;1;2;1;3;3;950;31/05/2016
2016044191;1;2;1;1;3;950;30/05/2016
2016044192;5;2;1;1;6;950;04/06/2016
2016044193;1;2;1;1;2;950;18/06/2016
2016044194;1;2;1;1;5;950;19/06/2016
2016044195;1;2;1;1;6;950;23/06/2016
2016044196;1;2;6;2;7;950;03/07/2016
2016044197;5;2;1;1;6;950;08/07/2016
2016044198;1;2;1;1;4;950;09/07/2016
2016044199;1;2;1;1;6;950;10/07/2016
2016044200;1;2;3;1;3;950;15/07/2016
2016044201;1;2;1;1;3;950;20/07/2016
2016044202;1;2;2;1;2;950;24/07/2016
2016044203;1;2;1;1;6;950;21/05/2016
2016044204;1;2;1;1;2;950;31/08/2016
2016044205;5;2;2;8;1;950;06/09/2016
2016044206;1;2;7;2;6;950;06/09/2016
2016044207;1;2;2;8;3;950;06/09/2016
2016044208;1;2;1;1;1;950;07/09/2016
2016044209;1;2;1;1;2;950;15/09/2016
2016044210;1;2;1;1;6;950;21/09/2016
2016044211;1;2;1;1;1;950;24/09/2016
2016044212;1;2;1;1;6;950;26/09/2016
2016044213;1;2;3;1;3;950;27/09/2016
2016044214;1;2;1;1;1;950;30/09/2016
2016044215;1;2;1;1;6;950;03/10/2016
2016044216;1;2;1;1;6;950;04/10/2016
2016044217;1;2;1;1;6;950;05/10/2016
2016044218;1;2;1;1;2;950;01/10/2016
2016044219;1;2;3;8;3;950;10/10/2016
2016044220;5;2;2;1;3;950;11/10/2016
2016044221;3;2;3;1;6;950;15/10/2016
2016044222;1;2;1;2;3;950;17/10/2016
2016044223;1;2;1;1;6;950;19/10/2016
2016044224;1;2;1;1;3;950;22/10/2016
2016044225;1;2;3;2;5;950;24/10/2016
2016044226;5;2;1;1;2;950;31/10/2016
2016044227;1;2;1;1;6;950;02/11/2016
2016044228;1;2;1;1;6;950;02/11/2016
2016044229;1;2;3;1;6;950;03/11/2016
2016044230;1;2;1;1;2;950;06/11/2016
2016044231;2;2;2;1;3;950;17/11/2016
2016044232;5;2;1;1;1;950;21/11/2016
2016044233;1;2;1;1;2;950;23/11/2016
2016044234;1;2;1;1;2;950;19/11/2016
2016044235;1;2;1;1;2;950;30/11/2016
2016044236;5;2;3;1;3;950;05/12/2016
2016044237;5;2;1;1;6;950;07/12/2016
2016044238;5;2;1;1;2;950;09/12/2016
2016044239;2;2;1;2;6;950;12/12/2016
2016044240;1;2;1;1;3;950;14/12/2016
2016044241;1;2;1;1;3;950;15/12/2016
2016044242;5;2;3;1;6;950;15/12/2016
2016044243;5;2;1;5;1;950;17/12/2016
2016044244;5;2;3;1;3;950;29/12/2016
2016044245;2;2;1;1;3;950;29/12/2016
2016044246;5;2;1;1;3;950;26/12/2016
2016044247;5;2;1;1;6;950;28/12/2016
2016044248;5;2;1;2;2;950;02/01/2016
2016044249;2;2;1;2;6;950;06/01/2016
2016044250;1;2;1;1;2;950;06/01/2016
2016044251;1;2;1;8;6;950;06/01/2016
2016044252;2;2;1;3;6;950;07/01/2016
2016044253;1;2;1;1;6;950;14/01/2016
2016044254;1;2;1;1;3;950;15/01/2016
2016044255;2;2;1;8;6;950;15/01/2016
2016044256;5;2;1;1;6;950;14/01/2016
2016044257;1;1;1;1;1;950;09/01/2016
2016044258;5;2;1;1;6;950;19/01/2016
2016044259;1;2;1;1;6;950;21/01/2016
2016044260;5;2;1;1;3;950;15/01/2016
2016044261;5;2;1;1;3;950;05/01/2016
2016044262;1;2;1;2;2;950;26/01/2016
2016044263;1;2;1;1;2;950;28/01/2016
2016044264;5;2;1;2;3;950;29/01/2016
2016044265;5;2;1;1;2;950;30/01/2016
2016044266;1;2;1;2;4;950;31/01/2016
2016044267;1;2;3;2;6;950;03/02/2016
2016044268;5;2;3;1;1;950;04/02/2016
2016044269;1;2;1;1;6;950;04/02/2016
2016044270;1;2;1;1;6;950;06/02/2016
2016044271;1;2;1;8;6;950;13/02/2016
2016044272;1;2;6;1;3;950;14/02/2016
2016044273;5;2;2;1;3;950;15/02/2016
2016044274;5;2;1;2;6;950;15/02/2016
2016044275;5;2;1;1;4;950;17/02/2016
2016044276;5;2;2;8;3;950;18/02/2016
2016044277;5;2;4;1;6;950;25/02/2016
2016044278;2;2;1;1;6;950;26/02/2016
2016044279;1;2;2;1;3;950;29/02/2016
2016044280;1;2;2;1;2;950;03/03/2016
2016044281;1;2;1;1;1;950;14/03/2016
2016044282;1;2;1;1;6;950;14/03/2016
2016044283;1;2;3;1;3;950;17/03/2016
2016044284;1;2;2;1;5;950;19/03/2016
2016044285;1;2;1;1;3;950;23/03/2016
2016044286;1;2;2;1;5;950;29/03/2016
2016044287;5;2;1;8;6;950;31/03/2016
2016044288;1;2;1;1;6;950;01/04/2016
2016044289;2;2;1;1;4;950;01/04/2016
2016044290;1;2;1;1;3;950;04/04/2016
2016044291;1;2;1;1;1;950;07/04/2016
2016044292;2;2;1;3;3;950;14/04/2016
2016044293;1;2;3;1;3;950;16/04/2016
2016044294;1;2;1;1;2;950;19/04/2016
2016044295;1;2;3;1;1;950;21/04/2016
2016044296;1;2;2;1;3;950;24/04/2016
2016044297;1;2;1;1;2;950;29/04/2016
2016044298;1;2;1;1;3;950;01/05/2016
2016044299;1;2;1;1;3;950;12/05/2016
2016044300;1;2;3;1;6;950;16/05/2016
2016044301;1;2;1;2;1;950;19/05/2016
2016044302;1;2;1;3;6;950;23/05/2016
2016044303;1;2;6;1;3;950;25/05/2016
2016044304;1;2;1;1;4;950;26/05/2016
2016044305;1;2;1;1;3;950;27/05/2016
2016044306;1;2;6;1;3;950;27/05/2016
2016044307;1;2;1;1;6;950;27/05/2016
2016044308;1;2;3;1;3;950;27/05/2016
2016044309;1;2;6;1;3;950;27/05/2016
2016044310;5;2;1;2;3;950;04/06/2016
2016044311;1;2;1;1;1;950;07/06/2016
2016044312;1;2;1;1;2;950;07/06/2016
2016044313;1;2;1;1;6;950;07/06/2016
2016044314;1;2;1;1;3;950;08/06/2016
2016044315;1;2;1;1;3;950;08/06/2016
2016044316;1;2;1;1;2;950;10/06/2016
2016044317;1;2;1;1;2;950;13/06/2016
2016044318;1;2;1;3;6;950;20/06/2016
2016044319;1;2;2;1;2;950;23/06/2016
2016044320;1;2;1;1;6;950;26/06/2016
2016044321;1;2;1;1;6;950;06/07/2016
2016044322;1;2;1;1;6;950;06/07/2016
2016044323;1;2;2;1;3;950;18/07/2016
2016044324;1;2;1;1;6;950;20/07/2016
2016044325;1;2;1;1;2;950;25/07/2016
2016044326;1;2;1;1;3;950;27/06/2016
2016044327;1;2;1;1;3;950;28/07/2016
2016044328;1;2;1;1;3;950;01/08/2016
2016044329;1;2;1;2;3;950;02/08/2016
2016044330;1;1;1;1;6;950;25/07/2016
2016044331;5;2;1;1;6;950;15/08/2016
2016044332;1;2;3;1;3;950;16/08/2016
2016044333;1;2;1;1;6;950;18/08/2016
2016044334;1;2;1;1;6;950;22/08/2016
2016044335;5;1;2;1;6;950;27/08/2016
2016044336;1;2;1;2;6;950;05/09/2016
2016044337;1;2;1;1;1;950;06/09/2016
2016044338;1;2;1;1;6;950;12/09/2016
2016044339;1;2;2;1;6;950;17/09/2016
2016044340;1;2;1;1;6;950;20/09/2016
2016044341;1;2;1;1;1;950;24/09/2016
2016044342;1;2;1;1;2;950;24/09/2016
2016044343;5;2;1;1;4;950;28/09/2016
2016044344;5;2;1;1;2;950;30/09/2016
2016044345;1;2;1;1;3;950;01/10/2016
2016044346;5;2;6;1;6;950;19/09/2016
2016044347;1;2;1;1;4;950;02/10/2016
2016044348;1;2;1;1;1;950;04/10/2016
2016044349;1;2;1;1;3;950;04/10/2016
2016044350;1;2;1;1;2;950;05/10/2016
2016044351;1;2;6;1;3;950;12/10/2016
2016044352;1;2;2;2;3;950;19/10/2016
2016044353;5;2;2;2;6;950;23/10/2016
2016044354;5;2;2;3;3;950;23/10/2016
2016044355;5;2;1;1;4;950;02/11/2016
2016044356;2;2;1;1;1;950;02/11/2016
2016044357;3;1;1;8;6;950;05/11/2016
2016044358;5;2;1;3;6;950;13/11/2016
2016044359;1;2;1;1;6;950;17/11/2016
2016044360;5;2;1;1;3;950;19/11/2016
2016044361;5;2;1;1;3;950;21/11/2016
2016044362;1;2;1;1;6;950;28/11/2016
2016044363;5;2;1;1;6;950;04/12/2016
2016044364;5;2;2;1;3;950;07/12/2016
2016044365;1;1;4;1;5;950;05/12/2016
2016044366;1;2;1;1;6;950;15/12/2016
2016044367;1;2;2;1;3;950;23/12/2016
2016044368;5;2;1;8;1;950;27/12/2016
2016044369;1;2;1;1;1;950;30/12/2016
2016044370;5;2;1;1;6;950;05/01/2016
2016044371;5;2;1;1;1;950;28/01/2016
2016044372;5;2;1;1;3;950;08/04/2016
2016044373;1;2;1;1;1;950;17/05/2016
2016044374;5;2;2;1;6;950;06/07/2016
2016044375;1;2;1;1;6;950;11/07/2016
2016044376;5;2;2;1;2;950;29/07/2016
2016044377;1;2;1;1;6;950;08/08/2016
2016044378;4;2;1;1;6;950;16/08/2016
2016044379;3;1;1;1;6;950;06/10/2016
2016044380;5;2;1;3;6;950;14/10/2016
2016044381;5;1;1;2;7;950;26/12/2016
2016044382;3;2;1;1;6;950;02/01/2016
2016044383;1;2;1;1;6;950;25/02/2016
2016044384;1;2;1;1;1;950;26/01/2016
2016044385;1;2;2;1;6;950;11/04/2016
2016044386;1;2;1;1;4;950;04/01/2016
2016044387;1;1;1;2;6;950;11/01/2016
2016044388;1;1;1;1;4;950;07/01/2016
2016044389;1;2;1;8;2;950;08/04/2016
2016044390;1;1;1;8;2;950;05/07/2016
2016044391;1;1;1;1;4;770;28/02/2016
2016044392;1;1;1;1;6;950;01/01/2016
2016044393;1;2;3;1;3;950;27/09/2016
2016044394;1;1;1;1;7;770;02/10/2016
2016044395;1;2;1;1;4;950;29/07/2016
2016044396;1;1;1;1;7;950;23/01/2016
2016044397;1;2;1;8;6;950;30/03/2016
2016044398;1;1;1;8;6;950;22/04/2016
2016044399;2;1;1;1;7;950;17/02/2016
2016044400;5;2;1;1;6;950;17/06/2016
2016044401;5;1;2;2;2;770;04/02/2016
2016044402;1;1;1;1;6;950;28/09/2016
2016044403;1;1;3;1;3;950;24/08/2016
2016044404;1;2;1;1;4;950;29/06/2016
2016044405;1;1;1;1;2;950;29/08/2016
2016044406;1;1;1;1;4;950;30/08/2016
2016044407;3;1;1;1;3;950;08/01/2016
2016044408;3;2;1;1;6;950;08/01/2016
2016044409;5;2;1;1;6;950;19/01/2016
2016044410;2;2;3;2;1;950;15/01/2016
2016044411;1;2;1;1;2;950;25/01/2016
2016044412;5;2;1;1;6;950;05/02/2016
2016044413;5;2;1;1;6;950;01/02/2016
2016044414;5;2;1;2;6;950;31/01/2016
2016044415;5;2;1;1;6;950;11/02/2016
2016044416;1;2;1;1;6;950;11/02/2016
2016044417;1;2;3;1;3;950;14/02/2016
2016044418;5;2;3;1;5;950;01/02/2016
2016044419;5;1;2;1;5;950;21/02/2016
2016044420;5;2;1;3;6;950;22/02/2016
2016044421;1;2;1;1;6;950;01/02/2016
2016044422;1;2;1;1;7;950;28/02/2016
2016044423;3;1;1;1;3;950;28/02/2016
2016044424;1;2;1;1;6;950;01/03/2016
2016044425;1;2;1;1;6;950;01/03/2016
2016044426;1;2;1;1;6;950;03/03/2016
2016044427;1;2;1;1;1;950;08/03/2016
2016044428;1;2;3;1;5;950;17/03/2016
2016044429;5;2;3;1;3;950;22/03/2016
2016044430;5;2;1;1;6;950;24/03/2016
2016044431;1;2;1;1;6;950;04/03/2016
2016044432;1;2;1;1;6;950;06/04/2016
2016044433;1;1;1;1;4;950;06/04/2016
2016044434;1;2;1;1;6;950;20/04/2016
2016044435;1;2;1;2;6;950;25/04/2016
2016044436;1;2;1;4;2;950;27/04/2016
2016044437;1;2;1;1;6;950;13/05/2016
2016044438;1;2;1;1;6;950;17/05/2016
2016044439;1;2;3;1;6;950;01/05/2016
2016044440;1;2;1;2;4;950;13/05/2016
2016044441;1;2;1;1;3;950;26/05/2016
2016044442;2;2;1;1;6;950;26/05/2016
2016044443;5;2;3;2;6;950;02/06/2016
2016044444;1;2;1;1;6;950;05/06/2016
2016044445;1;2;1;1;3;950;06/06/2016
2016044446;1;2;1;1;6;950;23/03/2016
2016044447;2;2;2;1;1;950;11/06/2016
2016044448;5;2;1;1;3;950;16/06/2016
2016044449;2;2;2;3;3;950;17/06/2016
2016044450;1;2;1;1;6;950;19/06/2016