num_acc;lum;agg;inter;atm;col;dep;date
2016045027;1;1;1;1;6;940;17/09/2016
2016045028;3;1;1;1;5;770;17/09/2016
2016045029;1;1;1;1;4;770;19/09/2016
2016045030;1;1;1;2;4;940;19/09/2016
2016045031;3;1;1;1;7;770;19/09/2016
2016045032;1;1;1;1;2;770;20/09/2016
2016045033;3;1;1;1;6;770;20/09/2016
2016045034;3;1;1;1;6;770;21/09/2016
2016045035;3;1;1;1;1;770;21/09/2016
2016045036;2;1;1;1;4;940;21/09/2016
2016045037;1;1;1;1;2;930;21/09/2016
2016045038;1;1;1;1;6;770;22/09/2016
2016045039;1;1;1;1;2;770;22/09/2016
2016045040;5;1;1;1;3;940;23/09/2016
2016045041;1;1;1;1;1;770;23/09/2016
2016045042;1;1;1;1;4;940;23/09/2016
2016045043;1;1;1;2;6;940;25/09/2016
2016045044;2;1;1;1;5;770;25/09/2016
2016045045;1;1;1;1;1;770;26/09/2016
2016045046;1;1;1;1;2;940;26/09/2016
2016045047;1;1;1;1;6;770;26/09/2016
2016045048;1;1;1;1;2;940;27/09/2016
2016045049;1;1;1;1;1;770;27/09/2016
2016045050;1;1;1;1;4;770;28/09/2016
2016045051;1;1;1;1;2;940;28/09/2016
2016045052;1;1;1;1;2;940;29/09/2016
2016045053;1;1;1;1;4;770;29/09/2016
2016045054;1;1;1;1;4;770;29/09/2016
2016045055;1;1;1;1;3;940;29/09/2016
2016045056;1;1;1;1;3;930;29/09/2016
2016045057;1;1;1;1;3;940;29/09/2016
2016045058;5;1;1;2;4;940;30/09/2016
2016045059;1;1;1;1;2;940;01/10/2016
2016045060;1;1;1;1;3;770;02/10/2016
2016045061;2;1;1;1;2;940;03/10/2016
2016045062;1;1;1;1;3;940;03/10/2016
2016045063;5;1;1;1;7;940;03/10/2016
2016045064;1;1;1;1;4;940;03/10/2016
2016045065;1;1;1;1;3;940;04/10/2016
2016045066;1;1;1;1;3;940;05/10/2016
2016045067;1;1;1;1;3;940;05/10/2016
2016045068;1;1;1;1;3;940;05/10/2016
2016045069;1;1;1;1;2;770;05/10/2016
2016045070;1;1;1;1;3;940;05/10/2016
2016045071;1;1;1;1;3;940;06/10/2016
2016045072;3;1;1;1;2;770;06/10/2016
2016045073;4;1;1;1;3;940;07/10/2016
2016045074;2;1;1;1;3;770;07/10/2016
2016045075;1;1;1;1;3;940;07/10/2016
2016045076;1;1;1;1;5;940;08/10/2016
2016045077;1;1;1;1;4;770;09/10/2016
2016045078;1;1;1;1;5;940;09/10/2016
2016045079;5;1;1;1;2;940;09/10/2016
2016045080;4;1;1;1;5;940;10/10/2016
2016045081;1;1;1;1;3;940;10/10/2016
2016045082;4;1;1;1;2;770;10/10/2016
2016045083;5;1;1;1;2;940;11/10/2016
2016045084;5;1;1;1;5;940;12/10/2016
2016045085;4;1;1;1;2;940;12/10/2016
2016045086;2;1;1;1;3;940;12/10/2016
2016045087;1;1;1;1;3;940;12/10/2016
2016045088;1;1;1;1;7;770;12/10/2016
2016045089;1;1;1;1;4;940;14/10/2016
2016045090;1;1;1;2;3;770;14/10/2016
2016045091;3;1;1;3;7;940;14/10/2016
2016045092;1;1;1;2;2;770;15/10/2016
2016045093;3;1;1;1;7;940;17/10/2016
2016045094;3;1;1;1;3;940;17/10/2016
2016045095;3;1;1;1;2;770;17/10/2016
2016045096;1;1;1;1;3;940;18/10/2016
2016045097;1;1;1;2;3;940;18/10/2016
2016045098;3;1;1;2;1;770;18/10/2016
2016045099;5;1;1;1;2;750;19/10/2016
2016045100;1;1;1;1;2;940;20/10/2016
2016045101;1;1;1;2;3;940;20/10/2016
2016045102;1;1;1;1;6;770;20/10/2016
2016045103;1;1;1;1;6;770;20/10/2016
2016045104;1;1;1;1;2;940;21/10/2016
2016045105;3;1;1;1;3;940;21/10/2016
2016045106;2;1;1;5;3;940;22/10/2016
2016045107;1;1;1;1;2;940;22/10/2016
2016045108;1;1;1;1;5;940;22/10/2016
2016045109;1;1;1;1;4;770;22/10/2016
2016045110;3;1;1;1;2;770;22/10/2016
2016045111;3;1;1;1;2;770;22/10/2016
2016045112;3;1;1;1;6;770;23/10/2016
2016045113;3;1;1;2;6;770;24/10/2016
2016045114;1;1;1;2;6;940;24/10/2016
2016045115;3;1;1;1;3;940;24/10/2016
2016045116;3;1;1;2;2;770;24/10/2016
2016045117;3;1;1;1;6;770;25/10/2016
2016045118;1;1;1;2;3;940;25/10/2016
2016045119;2;1;1;1;4;940;25/10/2016
2016045120;2;1;1;5;3;770;27/10/2016
2016045121;3;1;1;1;3;940;30/10/2016
2016045122;1;1;1;1;6;770;31/10/2016
2016045123;1;1;1;1;3;930;31/10/2016
2016045124;1;1;1;1;4;770;31/10/2016
2016045125;5;1;1;1;5;940;01/11/2016
2016045126;5;1;1;1;5;940;01/11/2016
2016045127;3;1;1;5;2;770;01/11/2016
2016045128;1;1;1;1;4;940;02/11/2016
2016045129;1;1;1;1;2;770;02/11/2016
2016045130;1;1;1;1;4;940;02/11/2016
2016045131;2;1;1;1;2;940;03/11/2016
2016045132;1;1;1;1;4;940;03/11/2016
2016045133;5;1;1;1;5;940;03/11/2016
2016045134;1;1;1;1;6;770;04/11/2016
2016045135;1;1;1;1;3;770;04/11/2016
2016045136;1;1;1;1;3;940;04/11/2016
2016045137;2;1;1;2;3;770;04/11/2016
2016045138;3;1;1;2;4;770;04/11/2016
2016045139;3;1;1;3;6;770;04/11/2016
2016045140;5;1;1;2;6;750;04/11/2016
2016045141;1;1;1;2;5;770;05/11/2016
2016045142;1;1;1;1;3;770;05/11/2016
2016045143;1;1;1;1;6;770;05/11/2016
2016045144;1;1;1;3;2;940;07/11/2016
2016045145;1;1;1;3;5;940;07/11/2016
2016045146;1;1;1;1;5;940;08/11/2016
2016045147;1;1;1;3;2;940;09/11/2016
2016045148;1;1;1;3;3;940;09/11/2016
2016045149;1;1;1;2;7;940;09/11/2016
2016045150;1;1;1;1;2;940;09/11/2016
2016045151;1;1;1;2;1;770;09/11/2016
2016045152;1;1;1;1;5;940;09/11/2016
2016045153;3;1;1;2;2;770;10/11/2016
2016045154;5;1;1;1;3;940;10/11/2016
2016045155;1;1;1;1;3;940;10/11/2016
2016045156;5;1;1;2;7;750;11/11/2016
2016045157;5;1;1;2;3;940;11/11/2016
2016045158;1;1;1;1;7;770;11/11/2016
2016045159;4;1;1;1;2;940;11/11/2016
2016045160;3;1;1;1;5;940;12/11/2016
2016045161;5;1;1;2;6;940;12/11/2016
2016045162;5;1;1;1;2;940;13/11/2016
2016045163;1;1;1;1;3;940;14/11/2016
2016045164;1;1;1;1;2;770;14/11/2016
2016045165;1;1;1;1;2;940;15/11/2016
2016045166;1;1;1;1;4;770;15/11/2016
2016045167;3;1;1;1;3;770;15/11/2016
2016045168;1;1;1;2;6;930;16/11/2016
2016045169;1;1;1;1;5;940;16/11/2016
2016045170;2;1;1;1;2;940;17/11/2016
2016045171;1;1;1;1;3;940;18/11/2016
2016045172;2;1;1;1;2;770;18/11/2016
2016045173;2;1;1;1;3;940;18/11/2016
2016045174;5;1;1;1;6;940;20/11/2016
2016045175;1;1;1;2;5;940;21/11/2016
2016045176;1;1;1;2;2;940;21/11/2016
2016045177;1;1;1;1;7;770;21/11/2016
2016045178;1;1;1;1;4;770;21/11/2016
2016045179;3;1;1;1;4;770;22/11/2016
2016045180;1;1;1;2;4;770;23/11/2016
2016045181;1;1;1;1;5;940;23/11/2016
2016045182;1;1;1;1;3;940;23/11/2016
2016045183;5;1;1;1;2;940;23/11/2016
2016045184;1;1;1;1;5;750;27/11/2016
2016045185;1;1;1;1;2;940;28/11/2016
2016045186;5;1;9;1;4;770;28/11/2016
2016045187;3;1;1;1;7;770;28/11/2016
2016045188;1;1;1;1;4;940;29/11/2016
2016045189;1;1;1;1;4;770;29/11/2016
2016045190;1;1;1;1;4;770;29/11/2016
2016045191;3;1;1;1;3;940;29/11/2016
2016045192;2;1;1;1;1;770;30/11/2016
2016045193;3;1;1;1;3;770;30/11/2016
2016045194;5;1;1;1;2;940;30/11/2016
2016045195;1;1;1;1;6;770;01/12/2016
2016045196;1;1;1;1;4;770;01/12/2016
2016045197;1;1;1;1;7;770;03/12/2016
2016045198;5;1;1;1;4;940;03/12/2016
2016045199;1;1;1;1;4;770;05/12/2016
2016045200;1;1;1;1;3;940;05/12/2016
2016045201;2;1;1;1;5;940;05/12/2016
2016045202;3;1;1;1;1;770;05/12/2016
2016045203;1;1;1;1;2;770;06/12/2016
2016045204;1;1;1;1;3;770;06/12/2016
2016045205;1;1;1;1;2;930;06/12/2016
2016045206;1;1;1;1;4;940;06/12/2016
2016045207;2;1;1;1;4;940;06/12/2016
2016045208;2;1;1;1;3;940;07/12/2016
2016045209;3;1;1;1;6;940;08/12/2016
2016045210;1;1;1;1;3;940;08/12/2016
2016045211;1;1;1;1;5;940;08/12/2016
2016045212;1;1;1;1;3;940;08/12/2016
2016045213;2;1;1;1;6;940;08/12/2016
2016045214;1;1;1;1;3;940;09/12/2016
2016045215;3;1;1;1;6;770;10/12/2016
2016045216;1;1;1;1;2;770;12/12/2016
2016045217;3;1;1;2;2;770;12/12/2016
2016045218;3;1;1;1;7;940;13/12/2016
2016045219;1;1;1;2;3;930;13/12/2016
2016045220;1;1;1;2;3;940;13/12/2016
2016045221;1;1;1;1;4;940;13/12/2016
2016045222;1;1;1;1;2;940;13/12/2016
2016045223;3;1;1;1;3;940;14/12/2016
2016045224;1;1;1;1;4;770;14/12/2016
2016045225;1;1;1;1;4;770;14/12/2016
2016045226;1;1;1;1;4;940;14/12/2016
2016045227;3;1;1;1;2;770;14/12/2016
2016045228;1;1;1;1;2;940;15/12/2016
2016045229;1;1;1;1;3;940;16/12/2016
2016045230;3;1;1;1;2;770;16/12/2016
2016045231;2;1;1;1;7;940;19/12/2016
2016045232;1;1;1;1;2;940;19/12/2016
2016045233;5;1;1;1;3;940;20/12/2016
2016045234;1;1;1;1;6;940;20/12/2016
2016045235;1;1;1;1;2;940;20/12/2016
2016045236;1;1;1;1;2;770;20/12/2016
2016045237;5;1;1;2;2;940;21/12/2016
2016045238;3;1;1;2;4;940;22/12/2016
2016045239;1;1;1;8;4;940;22/12/2016
2016045240;1;1;1;1;2;940;22/12/2016
2016045241;3;1;1;1;4;770;22/12/2016
2016045242;3;1;1;5;5;770;23/12/2016
2016045243;3;1;1;5;2;770;23/12/2016
2016045244;5;1;1;1;6;940;27/12/2016
2016045245;3;1;1;1;5;940;28/12/2016
2016045246;1;1;1;1;3;940;29/12/2016
2016045247;1;1;1;1;1;770;30/12/2016
2016045248;4;1;1;1;2;940;31/12/2016
2016045249;3;1;1;1;6;930;01/01/2016
2016045250;1;1;1;1;6;930;01/01/2016
2016045251;1;1;1;1;6;930;31/12/2016
2016045252;3;1;1;1;6;930;02/01/2016
2016045253;3;1;1;2;7;930;01/01/2016
2016045254;3;1;1;2;3;930;02/01/2016
2016045255;1;1;1;1;2;950;02/01/2016
2016045256;1;1;1;1;3;930;02/01/2016
2016045257;1;1;1;1;6;950;02/01/2016
2016045258;1;1;1;2;6;920;02/01/2016
2016045259;1;1;1;2;6;950;02/01/2016
2016045260;3;1;1;8;5;920;02/01/2016
2016045261;3;1;1;1;7;930;03/01/2016
2016045262;1;1;1;2;6;950;03/01/2016
2016045263;2;1;1;2;6;950;02/01/2016
2016045264;1;1;1;2;2;930;02/01/2016
2016045265;3;1;1;2;2;930;02/01/2016
2016045266;1;1;1;3;6;950;03/01/2016
2016045267;4;1;1;2;6;950;03/01/2016
2016045268;4;1;1;2;2;930;03/01/2016
2016045269;4;1;1;1;6;920;03/01/2016
2016045270;1;1;1;1;6;950;04/01/2016
2016045271;1;1;1;1;2;950;04/01/2016
2016045272;3;1;1;1;4;950;22/01/2016
2016045273;5;1;1;1;6;930;05/01/2016
2016045274;1;1;1;3;6;950;03/01/2016
2016045275;1;1;1;1;1;930;05/01/2016
2016045276;1;1;1;3;5;930;07/01/2016
2016045277;1;1;1;3;5;950;07/01/2016
2016045278;3;1;1;1;3;930;09/10/2016
2016045279;1;1;1;1;6;930;07/01/2016
2016045280;1;1;1;1;7;950;03/01/2016
2016045281;3;1;1;1;6;930;09/01/2016
2016045282;3;1;1;2;2;930;01/10/2016
2016045283;3;1;1;3;7;950;10/01/2016
2016045284;3;1;1;2;4;950;09/01/2016
2016045285;2;1;1;1;2;930;03/12/2016
2016045286;3;1;1;3;2;930;10/01/2016
2016045287;1;1;1;1;7;920;10/01/2016
2016045288;1;1;1;1;2;950;10/01/2016
2016045289;1;1;1;2;6;930;24/10/2016
2016045290;1;1;1;2;7;950;10/01/2016
2016045291;1;1;1;2;6;930;10/01/2016
2016045292;2;1;1;2;6;930;10/01/2016
2016045293;3;1;1;2;6;930;24/10/2016
2016045294;3;1;1;2;6;950;11/01/2016
2016045295;1;1;1;1;4;950;11/01/2016
2016045296;1;1;1;1;3;950;11/01/2016
2016045297;3;1;1;8;5;930;11/01/2016
2016045298;3;1;1;1;2;930;11/01/2016
2016045299;3;1;1;2;3;950;12/01/2016
2016045300;1;1;1;2;2;950;12/01/2016
2016045301;3;1;1;1;6;950;13/01/2016
2016045302;1;1;1;1;3;950;13/01/2016
2016045303;1;1;1;1;3;930;12/01/2016
2016045304;1;1;1;1;2;950;13/01/2016
2016045305;5;1;1;1;3;930;13/01/2016
2016045306;1;1;1;1;3;930;12/01/2016
2016045307;3;1;1;1;6;930;13/01/2016
2016045308;1;1;1;2;5;950;14/01/2016
2016045309;2;1;1;2;3;950;14/01/2016
2016045310;4;1;1;1;7;930;16/01/2016
2016045311;3;1;1;1;6;950;16/01/2016
2016045312;1;1;1;2;6;950;17/01/2016
2016045313;4;1;1;1;1;930;17/01/2016
2016045314;3;1;1;1;3;930;18/01/2016
2016045315;1;1;1;1;2;930;14/01/2016
2016045316;1;1;1;1;6;950;15/01/2016
2016045317;3;1;1;1;6;950;19/01/2016
2016045318;1;1;1;1;1;930;19/01/2016
2016045319;1;1;1;1;4;950;18/01/2016
2016045320;1;1;1;2;6;950;03/01/2016
2016045321;1;1;1;1;2;950;19/01/2016
2016045322;1;1;1;1;3;930;20/01/2016
2016045323;1;1;1;2;2;950;20/01/2016
2016045324;1;1;1;1;6;950;21/01/2016
2016045325;1;1;1;1;6;950;21/01/2016
2016045326;3;1;1;1;2;930;21/01/2016
2016045327;3;1;1;1;6;950;21/01/2016
2016045328;3;1;1;1;6;930;21/01/2016
2016045329;4;1;1;1;5;930;22/01/2016
2016045330;1;1;1;1;6;930;23/01/2016
2016045331;3;1;1;2;3;950;23/01/2016
2016045332;3;1;1;1;6;950;23/01/2016
2016045333;3;1;1;2;6;930;22/01/2016
2016045334;1;1;1;1;6;930;24/01/2016
2016045335;1;1;1;1;1;930;24/01/2016
2016045336;4;1;1;1;7;930;25/01/2016
2016045337;3;1;1;1;6;930;25/01/2016
2016045338;3;1;1;1;3;950;23/01/2016
2016045339;3;1;1;1;7;950;23/01/2016
2016045340;1;1;1;1;6;950;24/01/2016
2016045341;3;1;1;4;5;950;20/01/2016
2016045342;1;1;1;1;5;930;25/01/2016
2016045343;1;1;1;1;6;920;26/01/2016
2016045344;1;1;1;2;7;930;27/01/2016
2016045345;5;1;1;1;4;930;27/01/2016
2016045346;3;1;1;3;6;600;28/01/2016
2016045347;1;1;1;1;1;930;28/01/2016
2016045348;1;1;1;1;7;950;28/01/2016
2016045349;1;1;1;1;2;930;28/01/2016
2016045350;1;1;1;1;7;600;28/01/2016
2016045351;3;1;1;1;3;930;28/01/2016
2016045352;1;1;1;1;4;950;29/01/2016
2016045353;3;1;1;1;2;950;29/01/2016
2016045354;3;1;1;2;3;950;29/01/2016
2016045355;3;1;1;1;7;950;30/01/2016
2016045356;3;1;1;1;2;950;30/01/2016
2016045357;1;1;1;2;6;950;27/01/2016
2016045358;2;1;1;1;3;930;25/01/2016
2016045359;1;1;1;2;6;950;30/01/2016
2016045360;1;1;1;2;6;950;30/01/2016
2016045361;1;1;1;1;6;950;31/01/2016
2016045362;1;1;1;3;6;950;31/01/2016
2016045363;1;1;1;3;6;920;31/01/2016
2016045364;1;1;1;2;6;950;31/01/2016
2016045365;1;1;1;2;7;930;31/01/2016
2016045366;3;1;1;1;7;920;31/01/2016
2016045367;4;1;1;2;2;950;03/04/2016
2016045368;3;1;1;2;6;950;31/01/2016
2016045369;1;1;1;1;3;950;30/01/2016
2016045370;3;1;1;2;6;930;31/01/2016
2016045371;1;1;1;2;7;930;31/01/2016
2016045372;2;1;1;2;2;950;31/01/2016
2016045373;2;1;1;1;6;920;31/01/2016
2016045374;1;1;1;2;2;950;31/01/2016
2016045375;2;1;1;1;6;950;31/01/2016
2016045376;3;1;1;1;6;950;21/11/2016
2016045377;2;1;1;1;5;950;01/02/2016
2016045378;1;1;1;2;6;930;31/01/2016
2016045379;1;1;1;1;2;930;01/02/2016
2016045380;3;1;1;1;2;950;22/11/2016
2016045381;1;1;1;1;6;930;31/01/2016
2016045382;1;1;1;2;6;950;31/01/2016
2016045383;2;1;1;1;2;930;02/02/2016
2016045384;1;1;1;1;4;930;02/02/2016
2016045385;1;1;1;2;6;930;02/02/2016
2016045386;3;1;1;1;2;930;02/02/2016
2016045387;1;1;1;1;6;930;02/02/2016
2016045388;2;1;1;2;3;930;02/02/2016
2016045389;1;1;1;1;5;930;03/02/2016
2016045390;4;1;1;2;3;930;03/02/2016
2016045391;3;1;1;1;6;930;03/02/2016
2016045392;3;1;1;1;7;920;03/02/2016
2016045393;1;1;1;2;6;930;04/02/2016
2016045394;3;1;1;1;6;950;04/02/2016
2016045395;1;1;1;1;3;950;05/02/2016
2016045396;1;1;1;1;4;930;02/02/2016
2016045397;1;1;1;1;2;950;08/11/2016
2016045398;1;1;1;1;7;930;05/02/2016
2016045399;1;1;1;1;3;930;05/02/2016
2016045400;1;1;1;1;3;930;06/02/2016
2016045401;1;1;1;1;6;930;07/02/2016
2016045402;4;1;1;9;6;930;07/02/2016
2016045403;1;1;1;3;6;950;08/02/2016
2016045404;1;1;1;2;2;930;08/02/2016
2016045405;2;1;1;3;4;950;09/02/2016
2016045406;1;1;1;2;6;930;09/02/2016
2016045407;1;1;1;1;6;930;09/02/2016
2016045408;1;1;1;1;6;930;09/02/2016
2016045409;1;1;1;2;6;920;09/02/2016
2016045410;1;1;1;2;1;920;09/02/2016
2016045411;3;1;1;2;6;930;09/02/2016
2016045412;1;1;1;2;6;930;09/02/2016
2016045413;1;1;1;3;7;950;09/02/2016
2016045414;1;1;1;1;6;950;09/02/2016
2016045415;1;1;1;2;6;950;09/02/2016
2016045416;5;1;1;1;1;930;10/02/2016
2016045417;5;1;1;1;2;950;10/02/2016
2016045418;1;1;1;1;4;950;10/02/2016
2016045419;1;1;1;1;6;930;11/02/2016
2016045420;1;1;1;1;3;950;12/02/2016
2016045421;3;1;1;1;6;930;12/02/2016
2016045422;3;1;1;1;7;950;05/12/2016
2016045423;3;1;1;1;3;950;13/02/2016
2016045424;3;1;1;1;3;950;13/02/2016
2016045425;1;1;1;2;6;950;13/02/2016
2016045426;1;1;1;2;6;930;13/02/2016
2016045427;3;1;1;2;6;930;13/02/2016
2016045428;3;1;1;2;6;920;13/02/2016
2016045429;3;1;1;2;6;950;13/02/2016
2016045430;3;1;1;2;6;920;14/02/2016
2016045431;1;1;1;2;2;920;12/02/2016
2016045432;1;1;1;1;6;950;14/02/2016
2016045433;1;1;1;1;2;920;14/02/2016
2016045434;1;1;1;2;6;950;13/02/2016
2016045435;1;1;1;1;3;950;16/02/2016
2016045436;1;1;1;1;7;930;16/02/2016
2016045437;1;1;1;1;3;920;16/02/2016
2016045438;1;1;1;1;2;950;16/02/2016
2016045439;2;1;1;1;2;930;18/02/2016
2016045440;1;1;1;1;4;950;18/02/2016
2016045441;1;1;1;2;7;930;12/02/2016
2016045442;1;1;1;1;6;950;14/02/2016
2016045443;1;1;1;1;2;950;14/02/2016
2016045444;3;1;1;2;6;950;20/02/2016
2016045445;3;1;1;1;2;930;19/02/2016
2016045446;4;1;1;2;6;920;21/02/2016
2016045447;3;1;1;1;7;930;21/02/2016
2016045448;1;1;1;1;6;930;21/02/2016
2016045449;3;1;1;2;6;920;22/02/2016
2016045450;3;1;1;1;6;930;22/02/2016
2016045451;3;1;1;2;6;930;22/02/2016
2016045452;1;1;1;1;4;950;23/02/2016
2016045453;3;1;1;1;6;930;24/02/2016
2016045454;1;1;1;1;2;930;24/02/2016
2016045455;1;1;1;1;6;920;20/02/2016
2016045456;1;1;1;1;3;930;25/02/2016
2016045457;1;1;1;1;3;930;26/02/2016
2016045458;1;1;1;1;5;930;26/02/2016
2016045459;1;1;1;1;1;930;26/02/2016
2016045460;1;1;1;1;6;930;27/02/2016
2016045461;3;1;1;1;5;930;27/02/2016
2016045462;1;1;1;1;6;930;28/02/2016
2016045463;1;1;1;1;2;950;28/02/2016
2016045464;3;1;1;1;7;930;28/02/2016
2016045465;3;1;1;1;5;950;29/02/2016
2016045466;2;1;1;1;5;950;01/03/2016
2016045467;1;1;1;1;7;930;01/03/2016
2016045468;1;1;1;1;4;930;01/03/2016
2016045469;1;1;1;1;6;930;29/02/2016
2016045470;1;1;1;2;6;950;01/03/2016
2016045471;3;1;1;1;6;930;29/02/2016
2016045472;2;1;1;2;6;950;02/03/2016
2016045473;1;1;1;1;3;950;02/03/2016
2016045474;1;1;1;2;2;930;02/03/2016
2016045475;1;1;1;1;7;930;13/02/2016
2016045476;3;1;1;1;2;950;01/03/2016
2016045477;1;1;1;2;4;930;02/03/2016
2016045478;1;1;1;2;5;950;03/03/2016
2016045479;3;1;1;1;3;930;03/03/2016
2016045480;1;1;1;3;3;930;04/03/2016
2016045481;1;1;1;1;4;930;04/03/2016
2016045482;3;1;1;2;7;920;04/03/2016
2016045483;5;1;1;1;2;950;06/03/2016
2016045484;3;1;1;2;6;930;04/03/2016
2016045485;1;1;1;1;7;930;06/03/2016
2016045486;1;1;1;1;6;950;06/03/2016
2016045487;2;1;1;1;6;950;07/03/2016
2016045488;2;1;1;1;4;930;07/03/2016
2016045489;1;1;1;1;6;950;07/03/2016
2016045490;1;1;1;1;5;930;13/01/2016
2016045491;4;1;1;1;6;950;09/03/2016
2016045492;1;1;1;1;4;930;08/03/2016
2016045493;4;1;1;1;6;930;09/03/2016
2016045494;4;1;1;1;2;950;10/03/2016
2016045495;3;1;1;1;3;930;09/03/2016
2016045496;1;1;1;1;4;930;10/03/2016
2016045497;1;1;1;1;6;930;10/03/2016
2016045498;1;1;1;1;4;950;10/03/2016
2016045499;3;1;1;1;6;950;20/01/2016
2016045500;1;1;1;1;6;950;11/03/2016
2016045501;5;1;1;1;2;930;11/03/2016
2016045502;3;1;1;1;4;930;11/03/2016
2016045503;1;1;1;1;6;950;14/02/2016
2016045504;3;1;1;1;1;930;03/01/2016
2016045505;1;1;1;2;2;930;27/01/2016
2016045506;3;1;1;1;2;950;31/01/2016
2016045507;3;1;1;1;6;950;01/01/2016
2016045508;3;1;1;1;6;950;13/03/2016
2016045509;1;1;1;1;6;930;25/01/2016
2016045510;1;1;1;1;6;930;18/01/2016
2016045511;3;1;1;1;7;930;12/03/2016
2016045512;1;1;1;1;2;920;13/03/2016
2016045513;1;1;1;1;4;950;12/03/2016
2016045514;3;1;1;1;4;930;13/03/2016
2016045515;3;1;1;1;7;930;13/03/2016
2016045516;1;1;1;1;2;950;14/03/2016
2016045517;1;1;1;1;4;930;13/03/2016
2016045518;3;1;1;1;3;930;15/03/2016
2016045519;1;1;1;1;6;930;16/03/2016
2016045520;1;1;1;1;2;950;17/03/2016
2016045521;1;1;1;1;2;930;17/03/2016
2016045522;1;1;1;1;4;950;17/03/2016
2016045523;1;1;1;1;4;930;17/03/2016
2016045524;1;1;1;1;3;930;12/03/2016
2016045525;3;1;1;1;2;950;18/03/2016
2016045526;1;1;1;3;3;930;09/03/2016
2016045527;3;1;1;1;6;950;19/03/2016
2016045528;3;1;1;1;2;950;20/03/2016
2016045529;3;1;1;1;7;930;20/03/2016
2016045530;1;1;1;1;5;950;21/03/2016
2016045531;1;1;1;1;2;930;22/03/2016
2016045532;1;1;1;1;6;930;22/03/2016
2016045533;3;1;1;1;3;950;23/03/2016
2016045534;1;1;1;1;2;920;23/03/2016
2016045535;2;1;1;1;3;950;22/03/2016
2016045536;1;1;1;1;4;950;23/03/2016
2016045537;1;1;1;1;2;950;21/03/2016
2016045538;5;1;1;1;2;930;16/01/2016
2016045539;1;1;1;1;6;930;25/03/2016
2016045540;3;1;1;1;6;950;26/03/2016
2016045541;3;1;1;1;6;950;26/03/2016
2016045542;1;1;1;2;6;930;25/03/2016
2016045543;1;1;1;1;4;930;25/03/2016
2016045544;1;1;1;1;3;930;25/03/2016
2016045545;2;1;1;1;6;920;27/03/2016
2016045546;1;1;1;8;6;930;28/03/2016
2016045547;1;1;1;3;7;950;28/03/2016
2016045548;2;1;1;3;3;930;28/03/2016
2016045549;1;1;1;2;7;930;28/03/2016
2016045550;3;1;1;1;2;930;29/03/2016
2016045551;1;1;1;2;4;930;28/03/2016
2016045552;1;1;1;1;4;950;23/03/2016
2016045553;1;1;1;1;3;930;29/03/2016
2016045554;1;1;1;1;4;930;29/03/2016
2016045555;1;1;1;2;3;930;30/03/2016
2016045556;1;1;1;1;4;930;30/03/2016
2016045557;1;1;1;1;4;950;27/03/2016
2016045558;1;1;1;2;3;930;30/03/2016
2016045559;1;1;1;2;3;930;30/03/2016
2016045560;1;1;1;2;4;930;30/03/2016
2016045561;3;1;1;1;2;950;30/03/2016
2016045562;3;1;1;1;5;950;31/03/2016
2016045563;3;1;1;1;6;950;01/04/2016
2016045564;1;1;1;1;1;930;29/03/2016
2016045565;1;1;1;1;3;930;01/04/2016
2016045566;1;1;1;1;1;930;01/04/2016
2016045567;3;1;1;2;2;930;03/04/2016
2016045568;2;1;1;2;6;950;03/04/2016
2016045569;1;1;1;1;3;930;03/04/2016
2016045570;1;1;1;1;6;920;03/04/2016
2016045571;1;1;1;8;7;950;04/04/2016
2016045572;1;1;1;8;6;930;04/04/2016
2016045573;1;1;1;1;6;930;04/04/2016
2016045574;1;1;1;1;7;950;05/04/2016
2016045575;1;1;1;1;2;930;06/04/2016
2016045576;1;1;1;1;3;930;06/04/2016
2016045577;1;1;1;1;2;920;05/04/2016
2016045578;1;1;1;1;3;950;06/04/2016
2016045579;1;1;1;1;4;930;06/04/2016
2016045580;3;1;1;1;5;600;06/04/2016
2016045581;1;1;1;2;2;930;06/04/2016
2016045582;1;1;1;2;4;950;06/04/2016
2016045583;1;1;1;1;3;950;07/04/2016
2016045584;1;1;1;2;4;930;07/04/2016
2016045585;1;1;1;2;4;930;07/04/2016
2016045586;1;1;1;1;6;950;31/03/2016
2016045587;3;1;1;2;6;950;31/03/2016
2016045588;1;1;1;1;3;930;07/04/2016
2016045589;3;1;1;1;2;950;08/04/2016
2016045590;1;1;1;1;3;930;08/04/2016
2016045591;1;1;1;1;2;950;08/04/2016
2016045592;1;1;1;1;6;950;08/04/2016
2016045593;4;1;1;1;2;930;09/04/2016
2016045594;3;1;1;1;6;930;09/04/2016
2016045595;1;1;1;1;2;930;10/04/2016
2016045596;1;1;1;2;6;920;11/04/2016
2016045597;1;1;1;2;6;930;11/04/2016
2016045598;1;1;1;1;6;930;11/04/2016
2016045599;1;1;1;1;6;930;12/04/2016
2016045600;1;1;1;1;2;600;08/04/2016
2016045601;1;1;1;2;2;930;11/04/2016
2016045602;1;1;1;2;4;930;13/04/2016