num_acc;lum;agg;inter;atm;col;dep;date
2016045603;1;1;1;1;1;930;13/04/2016
2016045604;1;1;1;1;2;930;13/04/2016
2016045605;1;1;1;2;6;920;14/04/2016
2016045606;1;1;1;1;7;950;15/04/2016
2016045607;1;1;1;1;4;950;15/04/2016
2016045608;1;1;1;1;4;920;15/04/2016
2016045609;3;1;1;1;3;930;15/04/2016
2016045610;3;1;1;1;4;950;16/04/2016
2016045611;3;1;1;1;3;930;16/04/2016
2016045612;1;1;1;1;5;930;16/04/2016
2016045613;1;1;1;1;7;930;12/04/2016
2016045614;1;1;1;2;4;930;11/04/2016
2016045615;3;1;1;1;2;950;17/04/2016
2016045616;1;1;1;1;2;930;18/04/2016
2016045617;1;1;1;1;6;930;18/04/2016
2016045618;1;1;1;1;4;950;18/04/2016
2016045619;1;1;1;1;2;950;18/04/2016
2016045620;1;1;1;1;6;930;19/04/2016
2016045621;1;1;1;1;4;930;19/04/2016
2016045622;1;1;1;1;3;950;07/04/2016
2016045623;1;1;1;1;3;950;07/04/2016
2016045624;1;1;1;1;3;930;18/04/2016
2016045625;1;1;1;1;4;930;20/04/2016
2016045626;2;1;1;1;2;930;18/04/2016
2016045627;1;1;1;1;3;950;20/04/2016
2016045628;1;1;1;1;6;930;21/04/2016
2016045629;2;1;1;1;5;950;21/04/2016
2016045630;3;1;1;1;5;930;22/04/2016
2016045631;1;1;1;1;2;950;02/04/2016
2016045632;1;1;1;1;2;930;22/04/2016
2016045633;1;1;1;1;6;950;22/04/2016
2016045634;1;1;1;1;7;600;22/04/2016
2016045635;3;1;1;1;3;930;22/04/2016
2016045636;3;1;1;1;6;950;22/04/2016
2016045637;1;1;1;2;2;930;24/04/2016
2016045638;1;1;1;1;2;930;24/04/2016
2016045639;1;1;1;1;3;950;25/04/2016
2016045640;1;1;1;1;6;930;26/04/2016
2016045641;1;1;1;2;6;950;26/04/2016
2016045642;1;1;1;1;6;950;27/04/2016
2016045643;1;1;1;1;3;930;27/04/2016
2016045644;1;1;1;1;4;930;27/04/2016
2016045645;1;1;1;1;3;930;27/04/2016
2016045646;2;1;1;1;2;950;28/04/2016
2016045647;1;1;1;1;4;950;27/04/2016
2016045648;1;1;1;1;7;600;28/04/2016
2016045649;1;1;1;1;3;950;28/04/2016
2016045650;1;1;1;1;5;920;28/04/2016
2016045651;3;1;1;1;7;600;28/04/2016
2016045652;1;1;1;2;2;930;26/04/2016
2016045653;1;1;1;1;7;920;26/04/2016
2016045654;3;1;1;3;3;930;30/04/2016
2016045655;2;1;1;2;7;600;30/04/2016
2016045656;1;1;1;1;4;950;26/04/2016
2016045657;3;1;1;1;3;930;01/05/2016
2016045658;3;1;1;1;2;950;02/05/2016
2016045659;1;1;1;1;4;930;02/05/2016
2016045660;1;1;1;1;4;930;02/05/2016
2016045661;1;1;1;1;6;920;03/05/2016
2016045662;1;1;1;1;5;930;03/05/2016
2016045663;1;1;1;1;4;950;03/05/2016
2016045664;1;1;1;1;6;930;04/05/2016
2016045665;1;1;1;1;5;930;04/05/2016
2016045666;1;1;1;1;3;950;04/05/2016
2016045667;1;1;1;1;2;600;04/05/2016
2016045668;1;1;1;1;3;930;06/05/2016
2016045669;1;1;1;1;4;950;04/05/2016
2016045670;3;1;1;1;6;930;07/05/2016
2016045671;1;1;1;1;4;930;06/05/2016
2016045672;1;1;1;1;2;930;06/05/2016
2016045673;1;1;1;1;4;920;07/05/2016
2016045674;1;1;1;1;4;930;07/05/2016
2016045675;3;1;1;1;6;930;08/05/2016
2016045676;1;1;1;1;7;950;08/05/2016
2016045677;1;1;1;1;4;930;09/05/2016
2016045678;3;1;1;8;2;930;10/05/2016
2016045679;1;1;1;1;3;930;10/05/2016
2016045680;1;1;1;1;3;930;10/05/2016
2016045681;3;1;1;1;2;950;07/05/2016
2016045682;3;1;1;2;6;950;11/05/2016
2016045683;1;1;1;1;4;930;03/05/2016
2016045684;1;1;1;1;6;950;11/05/2016
2016045685;3;1;1;1;5;950;11/05/2016
2016045686;1;1;1;1;4;930;12/05/2016
2016045687;1;1;1;1;3;950;12/05/2016
2016045688;1;1;1;1;1;930;12/05/2016
2016045689;1;1;1;1;4;920;05/05/2016
2016045690;1;1;1;1;6;950;01/05/2016
2016045691;3;1;1;1;6;930;13/05/2016
2016045692;1;1;1;1;3;930;11/05/2016
2016045693;1;1;1;2;6;950;11/05/2016
2016045694;1;1;1;2;2;930;11/05/2016
2016045695;2;1;1;1;7;920;01/05/2016
2016045696;1;1;1;2;2;930;11/05/2016
2016045697;1;1;1;2;2;950;30/04/2016
2016045698;1;1;1;1;5;930;13/05/2016
2016045699;2;1;1;1;3;950;02/05/2016
2016045700;1;1;1;1;7;930;14/05/2016
2016045701;3;1;1;1;4;930;15/05/2016
2016045702;1;1;1;1;3;950;14/05/2016
2016045703;1;1;1;1;6;950;15/05/2016
2016045704;1;1;1;1;2;930;15/05/2016
2016045705;1;1;1;1;3;950;15/05/2016
2016045706;1;1;1;1;1;930;15/05/2016
2016045707;3;1;1;1;1;930;15/05/2016
2016045708;1;1;1;1;3;920;16/05/2016
2016045709;1;1;1;1;4;920;16/05/2016
2016045710;1;1;1;1;6;950;17/05/2016
2016045711;1;1;1;1;2;950;17/05/2016
2016045712;2;1;1;1;2;930;14/05/2016
2016045713;1;1;1;1;5;930;14/05/2016
2016045714;1;1;1;1;5;930;04/05/2016
2016045715;1;1;1;1;7;930;18/05/2016
2016045716;1;1;1;1;5;930;29/04/2016
2016045717;1;1;1;1;2;930;11/05/2016
2016045718;1;1;1;1;6;950;19/05/2016
2016045719;1;1;1;2;5;930;19/05/2016
2016045720;1;1;1;1;4;930;19/05/2016
2016045721;1;1;1;1;6;930;20/05/2016
2016045722;1;1;1;8;2;930;22/05/2016
2016045723;1;1;1;1;6;950;22/05/2016
2016045724;1;1;1;2;7;930;22/05/2016
2016045725;1;1;1;2;7;950;22/05/2016
2016045726;1;1;1;3;6;930;22/05/2016
2016045727;1;1;1;1;6;950;11/05/2016
2016045728;1;1;1;3;6;950;22/05/2016
2016045729;1;1;1;2;6;950;22/05/2016
2016045730;3;1;1;2;6;930;22/05/2016
2016045731;3;1;1;3;6;950;22/05/2016
2016045732;3;1;1;2;2;930;23/05/2016
2016045733;1;1;1;3;5;950;23/05/2016
2016045734;1;1;1;2;6;950;23/05/2016
2016045735;1;1;1;2;6;950;23/05/2016
2016045736;1;1;1;2;2;930;23/05/2016
2016045737;1;1;1;2;7;930;23/05/2016
2016045738;1;1;1;2;3;930;23/05/2016
2016045739;1;1;1;1;3;950;23/05/2016
2016045740;1;1;1;1;4;950;24/05/2016
2016045741;1;1;1;1;6;930;23/05/2016
2016045742;1;1;1;1;3;930;19/05/2016
2016045743;1;1;1;2;6;930;23/05/2016
2016045744;1;1;1;2;5;950;23/05/2016
2016045745;1;1;1;2;2;930;23/05/2016
2016045746;1;1;1;1;5;930;23/05/2016
2016045747;1;1;1;1;6;930;18/05/2016
2016045748;1;1;1;3;4;950;18/05/2016
2016045749;1;1;1;2;4;930;18/05/2016
2016045750;1;1;1;1;4;930;25/05/2016
2016045751;1;1;1;1;2;950;25/05/2016
2016045752;1;1;1;1;3;930;22/05/2016
2016045753;1;1;1;1;2;950;20/05/2016
2016045754;1;1;1;1;6;950;26/05/2016
2016045755;1;1;1;1;3;930;27/02/2016
2016045756;1;1;1;1;5;950;27/05/2016
2016045757;1;1;1;1;5;950;27/05/2016
2016045758;3;1;1;1;7;950;28/05/2016
2016045759;1;1;1;1;2;950;28/05/2016
2016045760;1;1;1;3;6;950;28/05/2016
2016045761;1;1;1;2;2;930;28/05/2016
2016045762;1;1;1;2;4;920;28/05/2016
2016045763;3;1;1;8;4;950;28/05/2016
2016045764;5;1;1;1;6;930;29/05/2016
2016045765;5;1;1;1;2;930;29/05/2016
2016045766;1;1;1;2;5;950;28/05/2016
2016045767;1;1;1;1;6;930;29/05/2016
2016045768;1;1;1;3;6;950;30/05/2016
2016045769;1;1;1;3;6;950;30/05/2016
2016045770;3;1;1;2;7;930;30/05/2016
2016045771;3;1;1;2;2;950;30/05/2016
2016045772;3;1;1;3;3;950;30/05/2016
2016045773;2;1;1;3;6;930;31/05/2016
2016045774;1;1;1;1;4;930;02/05/2016
2016045775;1;1;1;1;2;930;24/05/2016
2016045776;1;1;1;1;4;930;29/05/2016
2016045777;3;1;1;2;7;950;31/05/2016
2016045778;3;1;1;2;6;930;31/05/2016
2016045779;3;1;1;2;6;930;31/05/2016
2016045780;1;1;1;1;7;920;11/05/2016
2016045781;1;1;1;2;3;950;31/05/2016
2016045782;1;1;1;2;7;930;31/05/2016
2016045783;1;1;1;1;7;600;01/06/2016
2016045784;3;1;1;2;6;950;01/06/2016
2016045785;1;1;1;3;5;600;01/06/2016
2016045786;1;1;1;2;2;930;01/06/2016
2016045787;1;1;1;1;1;930;02/06/2016
2016045788;1;1;1;2;5;930;02/06/2016
2016045789;1;1;1;1;3;950;03/06/2016
2016045790;1;1;1;2;1;930;03/06/2016
2016045791;2;1;1;1;6;930;30/04/2016
2016045792;1;1;1;1;6;950;03/06/2016
2016045793;1;1;1;1;2;950;03/06/2016
2016045794;1;1;1;1;2;930;03/06/2016
2016045795;3;1;1;1;4;930;03/06/2016
2016045796;1;1;1;1;7;930;03/06/2016
2016045797;1;1;1;1;2;930;04/06/2016
2016045798;1;1;1;1;6;950;24/04/2016
2016045799;1;1;1;1;3;920;09/03/2016
2016045800;1;1;1;2;5;950;01/06/2016
2016045801;3;1;1;2;6;930;05/06/2016
2016045802;1;1;1;2;6;950;05/06/2016
2016045803;1;1;1;2;6;930;05/06/2016
2016045804;1;1;1;2;1;930;05/06/2016
2016045805;1;1;1;1;1;930;05/06/2016
2016045806;1;1;1;3;5;950;01/06/2016
2016045807;1;1;1;1;1;930;05/06/2016
2016045808;1;1;1;1;6;950;01/06/2016
2016045809;1;1;1;1;4;930;05/06/2016
2016045810;3;1;1;1;2;950;05/06/2016
2016045811;2;1;1;1;6;950;05/06/2016
2016045812;1;1;1;5;6;930;06/06/2016
2016045813;1;1;1;1;2;950;05/06/2016
2016045814;1;1;1;1;3;920;06/06/2016
2016045815;1;1;1;1;2;950;06/06/2016
2016045816;1;1;1;1;3;930;06/06/2016
2016045817;1;1;1;1;3;950;06/06/2016
2016045818;1;1;1;1;7;600;06/06/2016
2016045819;1;1;1;1;2;920;07/06/2016
2016045820;1;1;1;1;1;920;07/06/2016
2016045821;1;1;1;1;3;930;07/06/2016
2016045822;1;1;1;1;3;950;06/06/2016
2016045823;1;1;1;1;3;930;07/06/2016
2016045824;1;1;1;1;3;950;08/06/2016
2016045825;1;1;1;1;2;950;08/06/2016
2016045826;1;1;1;1;4;950;08/06/2016
2016045827;1;1;1;1;6;950;08/06/2016
2016045828;1;1;1;1;3;930;08/06/2016
2016045829;1;1;1;1;4;950;08/06/2016
2016045830;1;1;1;1;2;920;09/06/2016
2016045831;1;1;1;1;2;930;09/06/2016
2016045832;1;1;1;2;6;950;09/03/2016
2016045833;1;1;1;1;7;930;10/06/2016
2016045834;1;1;1;1;2;930;10/06/2016
2016045835;1;1;1;1;4;950;10/06/2016
2016045836;1;1;1;2;6;950;05/09/2016
2016045837;3;1;1;1;4;950;12/06/2016
2016045838;1;1;1;2;3;930;12/06/2016
2016045839;2;1;1;8;6;930;12/06/2016
2016045840;3;1;1;2;6;930;12/06/2016
2016045841;1;1;1;1;6;930;12/06/2016
2016045842;1;1;1;1;6;950;12/06/2016
2016045843;2;1;1;1;6;950;13/06/2016
2016045844;1;1;1;1;4;950;10/06/2016
2016045845;1;1;1;2;7;920;12/06/2016
2016045846;1;1;1;2;6;950;12/06/2016
2016045847;1;1;1;1;7;930;13/06/2016
2016045848;1;1;1;2;6;950;12/06/2016
2016045849;1;1;1;1;6;950;12/06/2016
2016045850;3;1;1;1;7;930;14/06/2016
2016045851;1;1;1;1;4;950;14/06/2016
2016045852;1;1;1;1;2;930;14/06/2016
2016045853;1;1;1;1;2;930;14/06/2016
2016045854;3;1;1;8;2;930;14/06/2016
2016045855;3;1;1;2;6;930;15/06/2016
2016045856;1;1;1;2;3;930;15/06/2016
2016045857;1;1;1;3;6;950;15/06/2016
2016045858;1;1;1;1;5;930;15/06/2016
2016045859;1;1;1;1;3;930;15/06/2016
2016045860;1;1;1;8;7;920;16/06/2016
2016045861;1;1;1;8;6;950;16/06/2016
2016045862;3;1;1;1;2;950;17/06/2016
2016045863;1;1;1;1;3;950;17/06/2016
2016045864;1;1;1;1;5;950;16/06/2016
2016045865;3;1;1;1;6;950;18/06/2016
2016045866;1;1;1;2;3;930;17/06/2016
2016045867;1;1;1;2;2;950;17/06/2016
2016045868;1;1;1;1;6;930;16/06/2016
2016045869;1;1;1;1;2;950;17/06/2016
2016045870;1;1;1;1;4;930;15/06/2016
2016045871;1;1;1;8;3;950;15/06/2016
2016045872;1;1;1;1;5;930;17/06/2016
2016045873;1;1;1;1;6;950;19/06/2016
2016045874;1;1;1;1;6;930;19/06/2016
2016045875;3;1;1;1;6;950;18/06/2016
2016045876;1;1;1;1;7;930;18/06/2016
2016045877;1;1;1;2;4;950;20/06/2016
2016045878;1;1;1;2;4;930;20/06/2016
2016045879;3;1;1;2;7;950;20/06/2016
2016045880;4;1;1;2;3;930;20/06/2016
2016045881;3;1;1;1;6;950;18/06/2016
2016045882;1;1;1;2;7;950;21/06/2016
2016045883;1;1;1;2;3;950;20/06/2016
2016045884;1;1;1;2;6;930;20/06/2016
2016045885;1;1;1;2;6;950;21/06/2016
2016045886;1;1;1;2;2;950;21/06/2016
2016045887;1;1;1;2;7;930;21/06/2016
2016045888;4;1;1;1;5;950;22/06/2016
2016045889;1;1;1;1;1;930;23/06/2016
2016045890;1;1;1;1;2;930;04/06/2016
2016045891;1;1;1;2;5;930;17/06/2016
2016045892;1;1;1;5;4;920;06/06/2016
2016045893;1;1;1;1;6;930;24/06/2016
2016045894;1;1;1;1;7;930;20/06/2016
2016045895;3;1;1;1;7;930;24/06/2016
2016045896;1;1;1;1;4;950;13/06/2016
2016045897;1;1;1;1;7;930;24/06/2016
2016045898;1;1;1;1;6;930;25/06/2016
2016045899;1;1;1;1;2;930;25/06/2016
2016045900;1;1;1;1;3;930;24/06/2016
2016045901;1;1;1;1;7;950;26/06/2016
2016045902;1;1;1;1;2;930;26/06/2016
2016045903;3;1;1;1;6;930;26/06/2016
2016045904;5;1;1;1;2;930;27/06/2016
2016045905;1;1;1;2;5;950;27/06/2016
2016045906;1;1;1;1;6;920;23/06/2016
2016045907;1;1;1;1;5;950;26/06/2016
2016045908;1;1;1;1;2;930;27/06/2016
2016045909;1;1;1;2;3;950;27/06/2016
2016045910;1;1;1;1;2;950;27/06/2016
2016045911;1;1;1;1;2;950;27/06/2016
2016045912;3;1;1;1;3;950;28/06/2016
2016045913;3;1;1;1;2;930;29/06/2016
2016045914;1;1;1;1;5;930;29/06/2016
2016045915;1;1;1;1;4;930;03/05/2016
2016045916;1;1;1;1;3;930;29/06/2016
2016045917;1;1;1;1;6;950;29/06/2016
2016045918;5;1;1;1;2;950;29/06/2016
2016045919;1;1;1;1;7;920;30/06/2016
2016045920;1;1;1;2;6;950;30/06/2016
2016045921;1;1;1;1;4;930;30/06/2016
2016045922;1;1;1;1;3;930;28/06/2016
2016045923;1;1;1;1;2;930;28/06/2016
2016045924;1;1;1;1;3;950;01/07/2016
2016045925;1;1;1;1;2;920;01/07/2016
2016045926;1;1;1;1;4;950;01/07/2016
2016045927;1;1;1;1;7;920;01/07/2016
2016045928;1;1;1;1;6;930;01/07/2016
2016045929;1;1;1;1;3;930;01/07/2016
2016045930;2;1;1;1;6;950;02/07/2016
2016045931;3;1;1;1;6;950;03/07/2016
2016045932;1;1;1;1;3;950;02/07/2016
2016045933;1;1;1;2;6;950;03/07/2016
2016045934;1;1;1;1;1;930;03/07/2016
2016045935;2;1;1;3;6;950;03/07/2016
2016045936;3;1;1;1;7;920;04/07/2016
2016045937;3;1;1;1;6;950;04/07/2016
2016045938;1;1;1;1;4;930;03/07/2016
2016045939;2;1;1;2;6;950;03/07/2016
2016045940;1;1;1;1;6;950;03/07/2016
2016045941;1;1;1;1;2;950;04/07/2016
2016045942;1;1;1;1;4;930;05/05/2016
2016045943;1;1;1;1;2;930;30/04/2016
2016045944;5;1;1;1;2;930;02/05/2016
2016045945;1;1;1;1;3;930;12/05/2016
2016045946;1;1;1;1;4;930;01/07/2016
2016045947;2;1;1;1;6;950;04/07/2016
2016045948;3;1;1;1;6;930;05/07/2016
2016045949;4;1;1;1;5;950;05/07/2016
2016045950;1;1;1;2;4;950;23/05/2016
2016045951;1;1;1;1;4;930;05/07/2016
2016045952;1;1;1;1;4;930;04/07/2016
2016045953;1;1;1;1;6;930;06/07/2016
2016045954;1;1;1;1;2;930;06/07/2016
2016045955;3;1;1;1;6;930;07/07/2016
2016045956;1;1;1;1;7;930;07/07/2016
2016045957;1;1;1;1;3;930;07/07/2016
2016045958;1;1;1;1;6;930;07/07/2016
2016045959;1;1;1;1;6;950;08/07/2016
2016045960;3;1;1;1;2;950;09/07/2016
2016045961;3;1;1;1;5;930;09/07/2016
2016045962;3;1;1;1;4;950;09/07/2016
2016045963;1;1;1;1;2;930;09/07/2016
2016045964;3;1;1;1;2;930;10/07/2016
2016045965;1;1;1;1;4;930;08/07/2016
2016045966;1;1;1;1;3;950;09/07/2016
2016045967;1;1;1;1;6;950;10/07/2016
2016045968;1;1;1;1;4;950;10/07/2016
2016045969;3;1;1;1;5;930;08/07/2016
2016045970;1;1;1;1;4;950;11/07/2016
2016045971;1;1;1;1;6;950;19/06/2016
2016045972;1;1;1;1;4;950;10/07/2016
2016045973;1;1;1;1;5;930;07/07/2016
2016045974;1;1;1;1;6;930;12/07/2016
2016045975;1;1;1;1;6;930;12/07/2016
2016045976;1;1;1;1;6;950;11/07/2016
2016045977;1;1;1;1;3;920;13/07/2016
2016045978;3;1;1;1;2;950;16/07/2016
2016045979;3;1;1;1;2;950;18/07/2016
2016045980;3;1;1;1;6;930;18/07/2016
2016045981;1;1;1;1;2;930;18/07/2016
2016045982;1;1;1;1;4;920;18/07/2016
2016045983;1;1;1;1;3;930;18/07/2016
2016045984;1;1;1;1;2;950;18/07/2016
2016045985;1;1;1;1;3;600;18/07/2016
2016045986;1;1;1;1;6;920;18/07/2016
2016045987;1;1;1;1;3;930;19/07/2016
2016045988;1;1;1;1;5;920;20/07/2016
2016045989;3;1;1;1;6;930;21/07/2016
2016045990;1;1;1;1;2;930;20/07/2016
2016045991;1;1;1;1;7;950;20/07/2016
2016045992;1;1;1;1;5;920;21/07/2016
2016045993;1;1;1;1;6;920;21/07/2016
2016045994;1;1;1;1;2;950;21/07/2016
2016045995;3;1;1;1;7;930;21/07/2016
2016045996;3;1;1;1;6;930;22/07/2016
2016045997;1;1;1;1;7;930;23/07/2016
2016045998;1;1;1;1;2;930;22/07/2016
2016045999;1;1;1;1;2;950;23/07/2016
2016046000;3;1;1;1;4;930;24/07/2016
2016046001;3;1;1;1;6;920;24/07/2016
2016046002;1;1;1;1;4;930;24/07/2016
2016046003;3;1;1;1;6;950;25/07/2016
2016046004;4;1;1;1;2;950;25/07/2016
2016046005;1;1;1;1;2;930;25/07/2016
2016046006;1;1;1;1;2;930;25/07/2016
2016046007;1;1;1;1;6;950;25/07/2016
2016046008;2;1;1;1;6;950;25/07/2016
2016046009;1;1;1;1;6;930;26/07/2016
2016046010;1;1;1;1;3;930;27/07/2016
2016046011;1;1;1;1;6;930;27/07/2016
2016046012;1;1;1;1;6;920;28/07/2016
2016046013;1;1;1;1;3;950;28/07/2016
2016046014;1;1;1;2;2;950;28/07/2016
2016046015;3;1;1;1;6;950;29/07/2016
2016046016;1;1;1;1;2;950;29/07/2016
2016046017;1;1;1;2;6;930;29/07/2016
2016046018;1;1;1;2;4;930;29/07/2016
2016046019;1;1;1;1;6;930;29/07/2016
2016046020;1;1;1;1;6;930;29/07/2016
2016046021;3;1;1;1;6;950;30/07/2016
2016046022;1;1;1;1;2;930;25/07/2016
2016046023;1;1;1;1;2;950;23/07/2016
2016046024;1;1;1;1;2;930;30/07/2016
2016046025;1;1;1;1;5;930;30/07/2016
2016046026;1;1;1;1;2;930;31/07/2016
2016046027;1;1;1;1;2;950;31/07/2016
2016046028;3;1;1;1;3;950;31/07/2016
2016046029;3;1;1;1;4;930;31/07/2016
2016046030;1;1;1;1;2;950;01/08/2016
2016046031;1;1;1;1;3;920;01/08/2016
2016046032;1;1;1;1;6;950;02/08/2016
2016046033;1;1;1;2;2;930;02/08/2016
2016046034;1;1;1;2;6;930;02/08/2016
2016046035;1;1;1;1;1;930;02/08/2016
2016046036;1;1;1;8;6;930;03/08/2016
2016046037;1;1;1;1;1;920;03/08/2016
2016046038;1;1;1;2;3;950;03/08/2016
2016046039;1;1;1;1;3;950;03/08/2016
2016046040;3;1;1;1;5;950;03/08/2016
2016046041;3;1;1;2;1;930;03/08/2016
2016046042;1;1;1;2;2;950;04/08/2016
2016046043;1;1;1;1;2;930;23/07/2016
2016046044;4;1;1;1;2;930;06/08/2016
2016046045;3;1;1;1;4;930;05/08/2016
2016046046;1;1;1;1;2;950;02/08/2016
2016046047;5;1;1;1;2;930;07/08/2016
2016046048;1;1;1;1;6;950;04/08/2016
2016046049;1;1;1;1;4;950;08/08/2016
2016046050;1;1;1;1;6;930;09/08/2016
2016046051;1;1;1;1;2;930;04/08/2016
2016046052;1;1;1;1;2;930;06/08/2016
2016046053;3;1;1;1;2;950;09/08/2016
2016046054;1;1;1;1;6;930;10/08/2016
2016046055;1;1;1;1;5;930;09/08/2016
2016046056;1;1;1;1;3;930;09/08/2016
2016046057;3;1;1;1;6;950;11/08/2016
2016046058;1;1;1;1;5;950;11/08/2016
2016046059;1;1;1;1;6;950;11/08/2016
2016046060;3;1;1;1;2;930;12/08/2016
2016046061;2;1;1;1;6;950;11/08/2016
2016046062;1;1;1;1;3;950;12/08/2016
2016046063;1;1;1;1;4;930;12/08/2016
2016046064;1;1;1;1;2;950;13/08/2016
2016046065;3;1;1;1;6;930;13/08/2016
2016046066;1;1;1;1;6;950;14/08/2016
2016046067;1;1;1;1;3;930;09/08/2016
2016046068;2;1;1;1;2;930;16/08/2016
2016046069;3;1;1;1;5;950;15/08/2016
2016046070;1;1;1;1;6;950;17/08/2016
2016046071;1;1;1;2;6;950;18/08/2016
2016046072;1;1;1;1;4;950;19/08/2016
2016046073;3;1;1;1;3;930;20/08/2016
2016046074;3;1;1;2;2;930;21/08/2016
2016046075;1;1;1;1;7;930;21/08/2016
2016046076;1;1;1;2;2;920;22/08/2016
2016046077;3;1;1;1;2;950;22/08/2016
2016046078;1;1;1;1;4;930;22/08/2016
2016046079;1;1;1;1;5;930;22/08/2016
2016046080;1;1;1;1;3;930;23/08/2016
2016046081;1;1;1;1;3;950;22/08/2016
2016046082;1;1;1;1;4;920;24/08/2016
2016046083;2;1;1;1;6;930;25/08/2016
2016046084;1;1;1;1;7;930;25/08/2016
2016046085;1;1;1;1;6;950;26/08/2016
2016046086;3;1;1;1;6;930;22/08/2016
2016046087;1;1;1;1;7;950;28/08/2016
2016046088;3;1;1;1;3;930;28/08/2016
2016046089;1;1;1;1;4;930;29/08/2016
2016046090;3;1;1;1;6;930;30/08/2016
2016046091;1;1;1;2;6;950;29/08/2016
2016046092;1;1;1;1;6;950;24/08/2016
2016046093;1;1;1;1;4;930;29/08/2016
2016046094;1;1;1;1;2;950;29/08/2016
2016046095;4;1;1;1;6;950;31/08/2016
2016046096;2;1;1;1;3;950;31/08/2016
2016046097;4;1;1;1;7;920;01/09/2016
2016046098;1;1;1;1;3;930;01/09/2016
2016046099;1;1;1;1;2;930;03/09/2016
2016046100;5;1;1;1;4;930;03/09/2016
2016046101;1;1;1;1;4;950;03/09/2016
2016046102;1;1;1;1;3;950;04/09/2016
2016046103;3;1;1;1;4;930;04/09/2016
2016046104;1;1;1;2;5;930;05/09/2016
2016046105;1;1;1;2;2;930;05/09/2016
2016046106;1;1;1;2;6;950;04/09/2016
2016046107;1;1;1;2;6;950;05/09/2016
2016046108;3;1;1;2;6;930;05/09/2016
2016046109;3;1;1;3;6;950;05/09/2016
2016046110;3;1;1;2;4;920;05/09/2016
2016046111;1;1;1;2;6;950;05/09/2016
2016046112;1;1;1;2;7;920;05/09/2016
2016046113;1;1;1;1;2;950;07/09/2016
2016046114;1;1;1;1;5;930;07/09/2016
2016046115;1;1;1;1;2;930;07/09/2016
2016046116;2;1;1;1;5;930;31/08/2016
2016046117;1;1;1;1;4;950;08/09/2016
2016046118;1;1;1;1;4;930;04/09/2016
2016046119;3;1;1;1;6;950;09/09/2016
2016046120;3;1;1;1;2;950;09/09/2016
2016046121;1;1;1;1;4;930;09/09/2016
2016046122;1;1;1;2;6;950;05/09/2016
2016046123;1;1;1;1;2;930;09/09/2016
2016046124;1;1;1;1;3;930;09/09/2016
2016046125;1;1;1;1;4;930;10/09/2016
2016046126;5;1;1;1;6;930;10/09/2016
2016046127;3;1;1;1;2;950;10/09/2016
2016046128;4;1;1;1;6;920;10/09/2016
2016046129;3;1;1;2;6;950;11/09/2016
2016046130;1;1;1;2;6;600;11/09/2016
2016046131;4;1;1;1;4;920;09/09/2016
2016046132;1;1;1;1;2;930;02/09/2016
2016046133;1;1;1;1;4;930;02/09/2016
2016046134;1;1;1;1;2;930;11/09/2016
2016046135;3;1;1;2;4;930;11/09/2016
2016046136;1;1;1;1;3;930;12/09/2016
2016046137;1;1;1;1;3;920;12/09/2016
2016046138;1;1;1;1;2;930;14/09/2016
2016046139;1;1;1;1;1;930;13/09/2016
2016046140;1;1;1;1;7;930;14/09/2016
2016046141;1;1;1;2;7;930;15/09/2016
2016046142;1;1;1;1;7;930;15/09/2016
2016046143;1;1;1;2;6;950;15/09/2016
2016046144;3;1;1;2;6;950;15/09/2016
2016046145;1;1;1;2;7;930;15/09/2016
2016046146;1;1;1;1;7;930;15/09/2016
2016046147;1;1;1;1;3;930;09/09/2016
2016046148;1;1;1;1;4;930;28/07/2016
2016046149;1;1;1;1;1;930;16/09/2016
2016046150;1;1;1;1;2;950;16/09/2016
2016046151;1;1;1;1;6;930;16/09/2016
2016046152;1;1;1;1;3;920;14/09/2016
2016046153;1;1;1;2;6;920;05/09/2016
2016046154;1;1;1;1;2;930;09/09/2016
2016046155;1;1;1;1;2;950;16/09/2016
2016046156;4;1;1;2;7;950;16/09/2016
2016046157;5;1;1;1;2;930;18/09/2016
2016046158;5;1;1;2;2;930;16/09/2016
2016046159;3;1;1;1;4;920;17/09/2016
2016046160;1;1;1;2;4;950;19/09/2016
2016046161;1;1;1;2;2;920;19/09/2016
2016046162;1;1;1;2;2;930;02/06/2016
2016046163;1;1;1;1;5;930;19/09/2016
2016046164;1;1;1;2;3;930;16/09/2016
2016046165;1;1;1;2;2;950;17/09/2016
2016046166;1;1;1;1;2;930;20/09/2016
2016046167;1;1;1;1;2;930;20/09/2016
2016046168;1;1;1;1;2;930;21/09/2016
2016046169;1;1;1;2;3;950;05/09/2016
2016046170;1;1;1;1;6;930;30/08/2016
2016046171;1;1;1;1;5;930;16/09/2016
2016046172;1;1;1;1;2;920;22/09/2016
2016046173;1;1;1;1;4;950;19/09/2016
2016046174;1;1;1;1;4;920;21/09/2016
2016046175;1;1;1;1;3;930;23/09/2016
2016046176;1;1;1;1;3;930;23/09/2016
2016046177;1;1;1;1;4;930;23/09/2016
2016046178;1;1;1;1;3;930;24/09/2016
2016046179;3;1;1;1;2;930;24/09/2016