num_acc;lum;agg;inter;atm;col;dep;date
2016046180;5;1;1;1;4;930;25/09/2016
2016046181;1;1;1;1;6;950;26/09/2016
2016046182;1;1;1;1;5;950;26/09/2016
2016046183;1;1;1;2;6;950;03/01/2016
2016046184;1;1;1;1;6;930;28/07/2016
2016046185;1;1;1;2;6;930;05/09/2016
2016046186;3;1;1;1;6;950;26/09/2016
2016046187;1;1;1;1;4;930;27/09/2016
2016046188;1;1;1;1;3;950;27/09/2016
2016046189;1;1;1;1;5;930;27/09/2016
2016046190;1;1;1;1;6;950;22/09/2016
2016046191;1;1;1;1;2;920;23/09/2016
2016046192;3;1;1;1;3;930;26/09/2016
2016046193;3;1;1;1;6;930;28/09/2016
2016046194;1;1;1;1;6;950;28/09/2016
2016046195;1;1;1;1;4;930;22/09/2016
2016046196;1;1;1;1;2;950;28/09/2016
2016046197;3;1;1;1;6;930;28/09/2016
2016046198;1;1;1;1;4;930;29/09/2016
2016046199;1;1;1;1;2;930;30/09/2016
2016046200;1;1;1;2;3;950;30/09/2016
2016046201;1;1;1;2;3;930;30/09/2016
2016046202;3;1;1;2;2;930;01/09/2016
2016046203;3;1;1;2;2;950;01/10/2016
2016046204;2;1;1;2;7;930;01/10/2016
2016046205;1;1;1;1;3;930;20/09/2016
2016046206;1;1;1;1;6;950;01/10/2016
2016046207;1;1;1;1;6;930;01/10/2016
2016046208;3;1;1;1;4;920;02/10/2016
2016046209;1;1;1;1;3;930;29/09/2016
2016046210;3;1;1;1;6;950;03/10/2016
2016046211;1;1;1;1;2;950;03/10/2016
2016046212;1;1;1;1;2;950;03/10/2016
2016046213;1;1;1;1;2;930;03/10/2016
2016046214;1;1;1;1;4;950;03/10/2016
2016046215;1;1;1;1;3;950;02/10/2016
2016046216;3;1;1;1;5;930;02/10/2016
2016046217;1;1;1;1;5;930;01/10/2016
2016046218;1;1;1;1;2;950;04/10/2016
2016046219;1;1;1;1;3;930;04/10/2016
2016046220;1;1;1;1;6;600;29/09/2016
2016046221;1;1;1;1;2;930;04/10/2016
2016046222;1;1;1;1;2;950;24/08/2016
2016046223;1;1;1;1;2;930;04/10/2016
2016046224;1;1;1;1;2;930;05/10/2016
2016046225;1;1;1;1;2;930;05/10/2016
2016046226;3;1;1;1;7;930;06/10/2016
2016046227;1;1;1;1;7;930;13/08/2016
2016046228;1;1;1;1;3;930;06/10/2016
2016046229;1;1;1;1;2;930;06/10/2016
2016046230;2;1;1;1;3;930;07/10/2016
2016046231;1;1;1;1;2;920;07/10/2016
2016046232;1;1;1;1;1;930;07/10/2016
2016046233;3;1;1;1;2;950;07/10/2016
2016046234;3;1;1;1;6;950;09/10/2016
2016046235;1;1;1;1;7;950;09/10/2016
2016046236;3;1;1;1;2;930;09/10/2016
2016046237;1;1;1;1;3;930;10/10/2016
2016046238;1;1;1;1;6;950;07/10/2016
2016046239;1;1;1;2;3;930;10/10/2016
2016046240;1;1;1;1;2;950;10/10/2016
2016046241;1;1;1;1;2;930;10/10/2016
2016046242;2;1;1;1;4;930;09/10/2016
2016046243;1;1;1;1;3;930;10/10/2016
2016046244;1;1;1;2;4;950;05/10/2016
2016046245;3;1;1;1;6;930;10/10/2016
2016046246;1;1;1;1;4;930;10/10/2016
2016046247;1;1;1;1;2;950;11/10/2016
2016046248;1;1;1;1;3;930;06/10/2016
2016046249;1;1;1;1;4;950;06/10/2016
2016046250;1;1;1;1;3;930;11/10/2016
2016046251;3;1;1;1;3;930;11/10/2016
2016046252;1;1;1;1;5;950;13/10/2016
2016046253;1;1;1;2;3;950;13/10/2016
2016046254;1;1;1;2;6;950;13/10/2016
2016046255;1;1;1;2;3;950;13/10/2016
2016046256;1;1;1;1;6;930;13/10/2016
2016046257;1;1;1;1;6;930;14/10/2016
2016046258;1;1;1;1;2;930;09/10/2016
2016046259;1;1;1;1;6;930;09/10/2016
2016046260;3;1;1;1;2;920;15/10/2016
2016046261;3;1;1;2;2;930;15/10/2016
2016046262;3;1;1;1;4;930;15/10/2016
2016046263;1;1;1;1;3;930;16/10/2016
2016046264;1;1;1;1;2;950;15/10/2016
2016046265;5;1;1;1;6;930;16/10/2016
2016046266;3;1;1;2;6;950;17/10/2016
2016046267;1;1;1;1;2;950;13/10/2016
2016046268;1;1;1;1;2;950;17/10/2016
2016046269;3;1;1;1;6;930;17/10/2016
2016046270;1;1;1;1;4;920;18/10/2016
2016046271;3;1;1;2;2;930;18/10/2016
2016046272;1;1;1;2;6;950;18/10/2016
2016046273;3;1;1;2;2;950;18/10/2016
2016046274;1;1;1;1;2;950;18/10/2016
2016046275;1;1;1;1;3;930;19/10/2016
2016046276;3;1;1;1;6;950;06/10/2016
2016046277;1;1;1;2;2;930;19/10/2016
2016046278;1;1;1;3;4;920;19/10/2016
2016046279;1;1;1;1;2;950;19/10/2016
2016046280;4;1;1;2;7;930;19/10/2016
2016046281;3;1;1;1;2;950;20/10/2016
2016046282;2;1;1;1;2;930;20/10/2016
2016046283;1;1;1;1;2;930;15/10/2016
2016046284;1;1;1;2;2;930;20/10/2016
2016046285;2;1;1;1;7;930;20/10/2016
2016046286;3;1;1;8;3;930;20/10/2016
2016046287;1;1;1;2;2;930;20/10/2016
2016046288;1;1;1;2;6;930;20/10/2016
2016046289;1;1;1;1;2;950;15/10/2016
2016046290;1;1;1;1;3;920;20/10/2016
2016046291;1;1;1;2;2;950;20/10/2016
2016046292;3;1;1;1;4;930;17/10/2016
2016046293;3;1;1;1;6;950;21/10/2016
2016046294;1;1;1;1;3;930;21/10/2016
2016046295;3;1;1;1;6;950;16/10/2016
2016046296;1;1;1;1;2;600;16/10/2016
2016046297;1;1;1;2;2;950;17/10/2016
2016046298;1;1;1;1;6;950;16/10/2016
2016046299;1;1;1;1;2;950;19/10/2016
2016046300;1;1;1;1;4;930;22/10/2016
2016046301;1;1;1;2;2;930;23/10/2016
2016046302;1;1;1;1;4;930;23/10/2016
2016046303;2;1;1;2;2;950;24/10/2016
2016046304;1;1;1;2;6;930;24/10/2016
2016046305;3;1;1;1;2;950;25/10/2016
2016046306;1;1;1;2;6;950;24/10/2016
2016046307;3;1;1;8;3;930;24/10/2016
2016046308;1;1;1;1;7;930;25/10/2016
2016046309;1;1;1;1;2;930;21/10/2016
2016046310;3;1;1;1;2;950;25/10/2016
2016046311;1;1;1;1;5;930;21/10/2016
2016046312;4;1;1;2;6;930;23/10/2016
2016046313;2;1;1;1;2;950;27/10/2016
2016046314;1;1;1;1;3;950;27/10/2016
2016046315;1;1;1;1;4;930;27/10/2016
2016046316;1;1;1;1;3;920;26/10/2016
2016046317;1;1;1;1;2;930;27/10/2016
2016046318;1;1;1;1;4;930;21/10/2016
2016046319;1;1;1;1;6;930;27/10/2016
2016046320;1;1;1;1;2;930;27/10/2016
2016046321;1;1;1;1;2;930;27/10/2016
2016046322;3;1;1;1;6;950;22/10/2016
2016046323;2;1;1;1;4;930;28/10/2016
2016046324;4;1;1;1;6;930;29/10/2016
2016046325;3;1;1;1;3;950;29/10/2016
2016046326;3;1;1;1;4;930;28/10/2016
2016046327;3;1;1;1;6;950;30/10/2016
2016046328;1;1;1;1;2;950;31/10/2016
2016046329;1;1;1;1;6;930;31/10/2016
2016046330;3;1;1;1;6;950;30/10/2016
2016046331;3;1;1;1;4;930;31/10/2016
2016046332;3;1;1;1;5;920;31/10/2016
2016046333;2;1;1;1;2;930;17/10/2016
2016046334;1;1;1;1;6;930;17/10/2016
2016046335;1;1;1;1;6;930;17/10/2016
2016046336;3;1;1;1;2;920;03/11/2016
2016046337;1;1;1;1;4;950;02/11/2016
2016046338;3;1;1;1;5;950;02/11/2016
2016046339;2;1;1;1;3;930;02/11/2016
2016046340;1;1;1;1;6;950;03/11/2016
2016046341;1;1;1;1;3;930;03/11/2016
2016046342;2;1;1;3;6;930;04/11/2016
2016046343;3;1;1;3;6;950;04/11/2016
2016046344;1;1;1;1;7;930;05/11/2016
2016046345;3;1;1;2;2;920;05/11/2016
2016046346;1;1;1;2;6;950;05/11/2016
2016046347;2;1;1;2;6;950;05/11/2016
2016046348;1;1;1;1;3;950;03/11/2016
2016046349;1;1;1;8;2;950;05/11/2016
2016046350;1;1;1;1;6;930;05/11/2016
2016046351;1;1;1;1;6;930;05/11/2016
2016046352;1;1;1;1;7;930;02/11/2016
2016046353;3;1;1;1;2;930;06/11/2016
2016046354;1;1;1;2;6;930;07/11/2016
2016046355;1;1;1;1;2;950;08/09/2016
2016046356;1;1;1;1;4;930;08/11/2016
2016046357;1;1;1;2;4;950;07/11/2016
2016046358;1;1;1;2;1;920;07/11/2016
2016046359;1;1;1;3;2;930;09/11/2016
2016046360;3;1;1;2;6;950;09/11/2016
2016046361;3;1;1;2;3;930;09/11/2016
2016046362;1;1;1;2;6;930;09/11/2016
2016046363;3;1;1;2;4;950;10/11/2016
2016046364;3;1;1;1;5;950;10/11/2016
2016046365;1;1;1;1;6;930;03/11/2016
2016046366;1;1;1;1;2;930;10/11/2016
2016046367;3;1;1;1;3;930;09/11/2016
2016046368;4;1;1;2;3;950;10/11/2016
2016046369;3;1;1;2;6;950;10/11/2016
2016046370;2;1;1;1;2;930;10/11/2016
2016046371;3;1;1;8;2;950;11/11/2016
2016046372;1;1;1;8;6;920;11/11/2016
2016046373;3;1;1;1;2;930;11/11/2016
2016046374;3;1;1;1;2;930;11/11/2016
2016046375;3;1;1;1;3;930;10/11/2016
2016046376;3;1;1;2;4;950;11/11/2016
2016046377;5;1;1;5;2;600;12/11/2016
2016046378;1;1;1;2;2;950;12/11/2016
2016046379;3;1;1;2;6;950;12/11/2016
2016046380;4;1;1;2;2;930;12/11/2016
2016046381;3;1;1;2;6;950;13/11/2016
2016046382;4;1;1;2;6;930;13/11/2016
2016046383;3;1;1;2;2;950;13/11/2016
2016046384;3;1;1;2;2;950;12/11/2016
2016046385;1;1;1;2;6;950;13/11/2016
2016046386;1;1;1;2;6;920;13/11/2016
2016046387;1;1;1;2;6;930;13/11/2016
2016046388;1;1;1;2;6;950;13/11/2016
2016046389;4;1;1;2;6;930;10/11/2016
2016046390;1;1;1;2;4;930;10/11/2016
2016046391;3;1;1;2;6;950;13/11/2016
2016046392;4;1;1;1;6;950;11/11/2016
2016046393;3;1;1;2;6;950;14/11/2016
2016046394;1;1;1;1;6;950;13/11/2016
2016046395;1;1;1;1;7;600;13/11/2016
2016046396;1;1;1;2;6;950;13/11/2016
2016046397;1;2;1;1;6;920;13/11/2016
2016046398;1;1;1;1;6;930;03/11/2016
2016046399;3;1;1;1;5;950;13/11/2016
2016046400;3;1;1;2;6;950;14/11/2016
2016046401;1;1;1;2;6;950;13/11/2016
2016046402;3;1;1;1;6;950;13/11/2016
2016046403;1;1;1;1;2;930;10/11/2016
2016046404;1;1;1;2;7;930;09/11/2016
2016046405;1;1;1;1;6;930;10/11/2016
2016046406;1;1;1;2;5;930;09/11/2016
2016046407;1;1;1;1;6;950;15/11/2016
2016046408;3;1;1;8;6;930;15/11/2016
2016046409;2;1;1;8;4;930;15/11/2016
2016046410;1;1;1;1;6;930;12/11/2016
2016046411;5;1;1;2;4;930;15/11/2016
2016046412;3;1;1;1;4;930;16/11/2016
2016046413;3;1;1;1;6;950;16/11/2016
2016046414;4;1;1;2;2;930;17/11/2016
2016046415;1;1;1;3;6;930;13/11/2016
2016046416;1;1;1;2;6;930;13/11/2016
2016046417;3;1;1;3;6;930;18/11/2016
2016046418;1;1;1;1;2;950;17/11/2016
2016046419;1;1;1;1;5;950;17/11/2016
2016046420;3;1;1;2;7;920;18/11/2016
2016046421;1;1;1;1;5;920;18/11/2016
2016046422;1;1;1;1;3;930;18/11/2016
2016046423;1;1;1;1;3;930;18/11/2016
2016046424;1;1;1;1;4;920;18/11/2016
2016046425;3;1;1;1;6;950;18/11/2016
2016046426;1;1;1;1;2;950;19/11/2016
2016046427;1;1;1;1;6;930;16/11/2016
2016046428;3;1;1;1;7;930;19/11/2016
2016046429;1;1;1;2;6;950;20/11/2016
2016046430;1;1;1;2;6;950;20/11/2016
2016046431;1;1;1;1;6;930;20/11/2016
2016046432;1;1;1;3;7;950;20/11/2016
2016046433;3;1;1;3;5;930;20/11/2016
2016046434;3;1;1;2;6;950;20/11/2016
2016046435;3;1;1;3;6;930;20/11/2016
2016046436;3;1;1;2;7;920;21/11/2016
2016046437;1;1;1;1;2;920;19/11/2016
2016046438;5;1;1;2;6;950;20/11/2016
2016046439;2;1;1;1;2;930;19/11/2016
2016046440;2;1;1;3;6;950;20/11/2016
2016046441;2;1;1;3;6;930;20/11/2016
2016046442;1;1;1;1;2;950;19/11/2016
2016046443;5;1;1;1;6;930;20/11/2016
2016046444;1;1;1;1;4;950;15/11/2016
2016046445;1;1;1;1;6;930;15/11/2016
2016046446;1;1;1;1;5;950;18/11/2016
2016046447;1;1;1;1;6;930;21/11/2016
2016046448;3;1;1;1;2;930;21/11/2016
2016046449;3;1;1;1;3;930;22/11/2016
2016046450;1;1;1;2;6;950;10/11/2016
2016046451;1;1;1;1;2;930;19/11/2016
2016046452;2;1;1;1;4;930;21/11/2016
2016046453;3;1;1;3;6;950;23/11/2016
2016046454;5;1;1;3;6;930;23/11/2016
2016046455;3;1;1;3;3;950;23/11/2016
2016046456;1;1;1;2;3;930;23/11/2016
2016046457;1;1;1;1;6;930;23/11/2016
2016046458;5;1;1;1;6;930;23/11/2016
2016046459;3;1;1;2;7;920;12/11/2016
2016046460;3;1;1;1;6;930;24/11/2016
2016046461;3;1;1;1;4;920;18/11/2016
2016046462;3;1;1;1;2;950;24/11/2016
2016046463;3;1;1;1;6;950;24/11/2016
2016046464;3;1;1;1;4;930;24/11/2016
2016046465;1;1;1;1;4;930;07/11/2016
2016046466;3;1;1;1;6;950;26/11/2016
2016046467;1;1;1;1;6;930;26/11/2016
2016046468;2;1;1;1;4;950;25/11/2016
2016046469;1;1;1;8;2;930;27/11/2016
2016046470;2;1;1;1;7;950;26/11/2016
2016046471;3;1;1;1;7;600;28/11/2016
2016046472;3;1;1;1;5;950;28/11/2016
2016046473;1;1;1;1;2;950;29/11/2016
2016046474;1;1;1;1;6;930;29/11/2016
2016046475;1;1;1;1;2;930;29/11/2016
2016046476;1;1;1;1;3;930;29/11/2016
2016046477;5;1;1;1;1;930;30/11/2016
2016046478;1;1;1;1;4;930;30/11/2016
2016046479;5;1;1;1;2;950;30/11/2016
2016046480;1;1;1;1;4;950;01/12/2016
2016046481;1;1;1;1;3;930;01/12/2016
2016046482;3;1;1;1;3;950;01/12/2016
2016046483;1;1;4;1;3;930;26/08/2016
2016046484;3;1;1;1;6;930;03/12/2016
2016046485;3;1;1;1;6;950;03/12/2016
2016046486;1;1;1;1;2;950;03/12/2016
2016046487;1;1;1;1;4;930;03/12/2016
2016046488;3;1;1;1;2;950;03/12/2016
2016046489;3;1;1;1;6;950;03/12/2016
2016046490;3;1;1;1;2;930;03/12/2016
2016046491;1;1;1;1;4;930;02/12/2016
2016046492;1;1;1;1;4;930;04/12/2016
2016046493;3;1;1;1;6;930;04/12/2016
2016046494;3;1;1;1;2;930;04/12/2016
2016046495;3;1;1;1;6;930;04/12/2016
2016046496;1;1;1;1;2;930;05/12/2016
2016046497;1;1;1;1;6;930;05/12/2016
2016046498;1;1;1;1;6;950;05/12/2016
2016046499;3;1;1;1;3;930;05/12/2016
2016046500;1;1;1;1;2;930;06/12/2016
2016046501;1;1;1;1;2;950;06/12/2016
2016046502;1;1;1;1;2;950;06/12/2016
2016046503;3;1;1;1;7;930;06/12/2016
2016046504;2;1;1;1;6;950;06/12/2016
2016046505;1;1;1;1;2;950;07/12/2016
2016046506;1;1;1;1;4;930;16/11/2016
2016046507;1;1;1;1;3;930;04/12/2016
2016046508;1;1;1;1;2;930;07/12/2016
2016046509;1;1;1;1;4;930;01/12/2016
2016046510;3;1;1;1;4;930;08/12/2016
2016046511;3;1;1;1;6;600;10/12/2016
2016046512;4;1;1;1;2;930;10/12/2016
2016046513;1;1;1;1;3;930;10/12/2016
2016046514;5;1;1;1;4;930;09/12/2016
2016046515;3;1;1;1;2;930;10/12/2016
2016046516;3;1;1;1;6;930;11/12/2016
2016046517;3;1;1;9;6;950;11/12/2016
2016046518;2;1;1;1;3;920;11/12/2016
2016046519;2;1;1;5;3;950;11/12/2016
2016046520;1;1;1;1;3;930;11/12/2016
2016046521;3;1;1;1;5;930;11/12/2016
2016046522;1;1;1;1;4;950;11/12/2016
2016046523;1;1;1;1;3;950;12/12/2016
2016046524;1;1;1;1;2;930;12/12/2016
2016046525;1;1;1;1;2;950;10/12/2016
2016046526;5;1;1;2;2;950;12/12/2016
2016046527;1;1;1;1;6;950;13/12/2016
2016046528;1;1;1;2;6;950;13/12/2016
2016046529;1;1;1;2;2;930;13/12/2016
2016046530;1;1;1;5;3;930;10/12/2016
2016046531;3;1;1;1;6;950;10/12/2016
2016046532;3;1;1;1;2;930;13/12/2016
2016046533;1;1;1;1;3;930;14/12/2016
2016046534;1;1;1;1;2;950;14/12/2016
2016046535;1;1;1;1;3;930;13/12/2016
2016046536;1;1;1;1;6;920;04/12/2016
2016046537;3;1;1;1;6;950;14/12/2016
2016046538;1;1;1;1;7;950;15/12/2016
2016046539;2;1;1;1;2;920;15/12/2016
2016046540;1;1;1;1;6;930;14/12/2016
2016046541;3;1;1;1;5;930;14/12/2016
2016046542;1;1;1;1;4;950;15/12/2016
2016046543;1;1;1;1;3;950;16/12/2016
2016046544;3;1;1;1;7;920;16/12/2016
2016046545;1;1;1;1;2;930;16/12/2016
2016046546;1;1;1;1;3;930;16/12/2016
2016046547;3;1;1;1;2;950;16/12/2016
2016046548;5;1;1;1;2;950;17/12/2016
2016046549;1;1;1;1;6;930;16/12/2016
2016046550;1;1;1;1;2;930;17/12/2016
2016046551;3;1;1;1;2;930;17/12/2016
2016046552;1;1;1;1;1;930;18/12/2016
2016046553;3;1;1;2;2;950;19/12/2016
2016046554;3;1;1;1;6;920;19/12/2016
2016046555;3;1;1;1;2;930;06/12/2016
2016046556;2;1;1;1;3;930;20/12/2016
2016046557;1;1;1;1;3;930;19/12/2016
2016046558;3;1;1;3;2;950;21/12/2016
2016046559;3;1;1;3;6;950;22/12/2016
2016046560;1;1;1;2;3;930;22/12/2016
2016046561;1;1;1;8;6;930;22/12/2016
2016046562;1;1;1;1;6;930;22/12/2016
2016046563;5;1;1;1;6;930;21/12/2016
2016046564;1;1;1;1;3;950;22/12/2016
2016046565;3;1;1;5;2;950;23/12/2016
2016046566;3;1;1;2;5;930;21/12/2016
2016046567;1;1;1;1;7;950;22/12/2016
2016046568;3;1;1;1;2;930;24/12/2016
2016046569;1;1;1;1;7;930;24/12/2016
2016046570;1;1;1;1;6;930;24/12/2016
2016046571;1;1;1;2;3;950;22/12/2016
2016046572;4;1;1;1;4;930;24/12/2016
2016046573;1;1;1;1;6;950;26/12/2016
2016046574;1;1;1;1;4;930;26/12/2016
2016046575;4;1;1;1;3;930;26/12/2016
2016046576;1;1;1;1;6;930;26/12/2016
2016046577;1;1;1;1;2;950;27/12/2016
2016046578;1;1;1;1;2;930;27/12/2016
2016046579;3;1;1;1;6;950;28/12/2016
2016046580;1;1;1;1;7;950;29/12/2016
2016046581;1;1;1;5;3;950;30/12/2016
2016046582;3;1;1;5;5;930;30/12/2016
2016046583;4;1;1;1;5;930;31/12/2016
2016046584;1;1;1;2;6;930;31/12/2016
2016046585;3;1;1;1;2;920;26/12/2016
2016046586;3;1;1;1;7;930;31/12/2016
2016046587;4;1;1;1;6;930;31/12/2016
2016046588;3;1;1;9;6;930;31/12/2016
2016046589;5;1;1;8;3;920;01/01/2016
2016046590;1;1;1;2;2;780;02/01/2016
2016046591;1;1;1;1;6;780;02/01/2016
2016046592;3;1;1;2;2;780;02/01/2016
2016046593;3;1;1;2;2;780;03/01/2016
2016046594;3;1;1;2;6;920;03/01/2016
2016046595;3;1;1;2;5;920;03/01/2016
2016046596;3;1;1;2;7;920;03/01/2016
2016046597;3;1;1;1;3;780;04/01/2016
2016046598;2;1;1;1;4;780;04/01/2016
2016046599;1;1;1;1;3;780;05/01/2016
2016046600;1;1;1;1;5;780;06/01/2016
2016046601;5;1;1;8;2;920;06/01/2016
2016046602;3;1;1;2;1;780;07/01/2016
2016046603;1;1;1;1;2;920;08/01/2016
2016046604;2;1;1;1;1;780;08/01/2016
2016046605;3;1;1;1;3;920;08/01/2016
2016046606;1;1;1;1;6;780;09/01/2016
2016046607;5;1;1;1;2;920;09/01/2016
2016046608;4;1;1;3;6;780;09/01/2016
2016046609;3;1;1;8;3;780;10/01/2016
2016046610;3;1;1;1;2;780;10/01/2016
2016046611;1;1;1;2;7;920;12/01/2016
2016046612;1;1;1;2;6;780;12/01/2016
2016046613;4;1;1;1;5;920;12/01/2016
2016046614;3;1;1;1;2;780;12/01/2016
2016046615;3;1;1;1;6;780;13/01/2016
2016046616;1;1;1;1;4;920;13/01/2016
2016046617;3;1;1;2;6;780;14/01/2016
2016046618;1;1;1;2;6;920;14/01/2016
2016046619;1;1;1;2;6;920;14/01/2016
2016046620;1;1;1;4;7;780;14/01/2016
2016046621;5;1;1;2;5;780;15/01/2016
2016046622;3;1;1;1;3;780;15/01/2016
2016046623;5;1;1;1;5;920;15/01/2016
2016046624;3;1;1;1;6;780;15/01/2016
2016046625;3;1;1;1;7;780;16/01/2016
2016046626;1;1;1;1;6;780;16/01/2016
2016046627;2;1;1;1;6;920;17/01/2016
2016046628;3;1;1;1;2;780;17/01/2016
2016046629;5;1;1;1;1;920;17/01/2016
2016046630;3;1;1;1;6;780;18/01/2016
2016046631;1;1;1;1;4;920;18/01/2016
2016046632;1;1;1;1;2;920;20/01/2016
2016046633;1;1;1;1;5;780;20/01/2016
2016046634;1;1;1;1;2;920;21/01/2016
2016046635;1;1;1;1;3;920;22/01/2016
2016046636;1;1;1;2;2;920;22/01/2016
2016046637;2;1;1;2;2;920;22/01/2016
2016046638;1;1;1;1;6;780;23/01/2016
2016046639;5;1;1;2;3;920;24/01/2016
2016046640;1;1;1;8;6;920;24/01/2016
2016046641;2;1;1;1;2;780;24/01/2016
2016046642;1;1;1;1;2;780;25/01/2016
2016046643;2;1;1;1;2;780;25/01/2016
2016046644;1;1;1;1;2;780;24/01/2016
2016046645;1;1;1;2;7;920;27/01/2016
2016046646;1;1;1;1;2;780;28/01/2016
2016046647;3;1;1;1;7;780;28/01/2016
2016046648;5;1;1;2;3;920;30/01/2016
2016046649;3;1;1;2;2;780;31/01/2016
2016046650;3;1;1;1;2;780;01/02/2016
2016046651;1;1;1;1;7;920;02/02/2016
2016046652;1;1;1;1;2;920;03/02/2016
2016046653;1;1;1;1;2;920;03/02/2016
2016046654;1;1;1;1;4;780;04/02/2016
2016046655;3;1;1;2;5;780;04/02/2016
2016046656;3;1;1;1;7;920;06/02/2016
2016046657;3;1;1;2;6;780;07/02/2016
2016046658;3;1;1;1;5;780;07/02/2016
2016046659;1;1;1;8;6;920;07/02/2016
2016046660;1;1;1;1;3;780;07/02/2016
2016046661;3;1;1;6;3;780;08/02/2016
2016046662;3;1;1;6;7;780;08/02/2016
2016046663;1;1;1;1;6;780;08/02/2016
2016046664;1;1;1;8;4;780;08/02/2016
2016046665;1;1;1;1;1;920;08/02/2016
2016046666;1;1;1;2;6;920;08/02/2016
2016046667;3;1;1;1;3;780;08/02/2016
2016046668;3;1;1;2;3;780;08/02/2016
2016046669;1;2;1;1;2;920;09/02/2016
2016046670;1;1;1;2;6;780;09/02/2016
2016046671;5;1;1;1;6;920;10/02/2016
2016046672;1;1;1;1;6;780;10/02/2016
2016046673;1;1;1;1;5;920;10/02/2016
2016046674;3;1;1;1;3;780;10/02/2016
2016046675;1;1;1;2;6;920;11/02/2016
2016046676;1;1;1;1;2;920;11/02/2016
2016046677;3;1;1;1;6;780;12/02/2016
2016046678;1;1;1;2;7;920;12/02/2016
2016046679;3;1;1;1;2;780;14/02/2016
2016046680;1;1;1;1;2;780;16/02/2016
2016046681;1;1;1;1;6;780;16/02/2016
2016046682;5;1;1;1;1;920;17/02/2016
2016046683;1;1;1;1;4;920;17/02/2016
2016046684;1;1;1;1;2;920;18/02/2016
2016046685;1;1;1;8;5;780;18/02/2016
2016046686;5;1;1;1;7;920;18/02/2016
2016046687;3;1;1;2;6;780;18/02/2016
2016046688;1;1;1;1;1;920;19/02/2016
2016046689;1;1;1;1;1;920;22/02/2016
2016046690;1;1;1;1;2;780;22/02/2016
2016046691;1;1;1;1;6;780;22/02/2016
2016046692;1;1;1;2;3;920;23/02/2016
2016046693;1;1;1;1;3;780;24/02/2016
2016046694;1;1;1;2;5;780;24/02/2016
2016046695;5;1;1;1;2;780;24/02/2016
2016046696;3;1;1;1;6;780;24/02/2016
2016046697;1;1;1;1;6;780;25/02/2016
2016046698;1;1;1;1;2;920;27/02/2016
2016046699;3;1;1;1;6;780;28/02/2016
2016046700;1;1;1;1;4;780;29/02/2016
2016046701;1;1;1;1;6;780;01/03/2016
2016046702;3;1;1;2;3;780;02/03/2016
2016046703;2;1;1;2;3;920;04/03/2016
2016046704;1;1;1;1;1;920;04/03/2016
2016046705;3;1;1;3;2;780;04/03/2016
2016046706;1;1;1;8;6;780;05/03/2016
2016046707;1;1;1;1;4;780;05/03/2016
2016046708;1;1;1;1;6;920;06/03/2016
2016046709;1;1;1;1;2;780;06/03/2016
2016046710;1;1;1;2;5;780;07/03/2016
2016046711;5;1;1;1;6;780;08/03/2016
2016046712;1;1;1;2;5;920;09/03/2016
2016046713;1;1;1;2;6;780;09/03/2016
2016046714;3;1;1;1;1;780;10/03/2016
2016046715;1;1;1;1;1;780;11/03/2016
2016046716;1;1;1;1;2;920;11/03/2016
2016046717;1;1;1;1;5;920;12/03/2016
2016046718;5;1;1;1;2;920;13/03/2016
2016046719;1;1;1;1;1;780;14/03/2016
2016046720;1;1;1;1;2;920;14/03/2016
2016046721;1;1;1;1;5;920;15/03/2016
2016046722;1;1;1;1;2;780;16/03/2016
2016046723;1;1;1;1;2;920;16/03/2016
2016046724;5;1;1;1;2;920;16/03/2016
2016046725;1;1;1;1;3;920;16/03/2016
2016046726;1;1;1;1;6;780;18/03/2016
2016046727;3;1;1;1;2;780;18/03/2016
2016046728;1;1;1;1;1;920;20/03/2016
2016046729;1;1;1;1;4;780;21/03/2016
2016046730;1;1;1;1;1;780;23/03/2016
2016046731;1;1;1;1;2;780;23/03/2016
2016046732;1;1;1;1;1;920;24/03/2016
2016046733;1;1;1;1;3;920;24/03/2016
2016046734;1;1;1;1;5;780;24/03/2016
2016046735;1;1;1;1;1;920;24/03/2016
2016046736;1;1;1;2;2;920;25/03/2016
2016046737;1;1;1;2;3;920;25/03/2016
2016046738;1;1;1;2;7;920;25/03/2016
2016046739;1;1;1;1;2;920;25/03/2016
2016046740;3;1;1;1;3;780;25/03/2016
2016046741;1;1;1;1;5;780;26/03/2016
2016046742;1;1;1;1;5;780;26/03/2016
2016046743;3;1;1;1;2;920;27/03/2016
2016046744;3;1;1;2;6;780;27/03/2016
2016046745;2;1;1;1;6;780;29/03/2016
2016046746;1;1;1;1;1;920;30/03/2016
2016046747;1;1;1;1;1;780;30/03/2016
2016046748;1;1;1;1;1;920;30/03/2016
2016046749;2;1;1;2;2;920;30/03/2016
2016046750;3;1;1;2;3;920;30/03/2016
2016046751;3;1;1;2;2;780;30/03/2016
2016046752;1;1;1;1;2;920;30/03/2016
2016046753;1;1;1;2;2;780;31/03/2016
2016046754;1;1;1;1;6;920;01/04/2016
2016046755;1;1;1;1;6;780;31/03/2016