num_acc;lum;agg;inter;atm;col;dep;date
2016046756;1;1;1;2;6;920;31/03/2016
2016046757;2;1;1;2;6;780;31/03/2016
2016046758;1;1;1;1;6;780;21/03/2016
2016046759;1;1;1;1;4;780;21/03/2016
2016046760;1;1;1;1;4;920;04/04/2016
2016046761;1;1;1;1;7;780;01/04/2016
2016046762;3;1;1;1;1;920;02/04/2016
2016046763;4;1;1;1;6;780;03/04/2016
2016046764;1;1;1;1;6;780;03/04/2016
2016046765;1;1;1;1;4;780;04/04/2016
2016046766;1;1;1;1;4;780;04/04/2016
2016046767;1;1;1;1;2;920;06/04/2016
2016046768;1;1;1;1;5;920;06/04/2016
2016046769;1;1;1;2;4;920;06/04/2016
2016046770;1;1;1;1;6;920;07/04/2016
2016046771;1;1;1;1;1;780;07/04/2016
2016046772;1;1;1;2;4;780;07/04/2016
2016046773;1;1;1;1;3;780;08/04/2016
2016046774;4;1;1;1;6;780;09/04/2016
2016046775;2;1;1;1;4;780;09/04/2016
2016046776;4;1;1;1;2;780;09/04/2016
2016046777;3;1;1;1;6;780;10/04/2016
2016046778;1;1;1;2;6;780;11/04/2016
2016046779;1;1;1;1;2;780;11/04/2016
2016046780;1;1;1;1;6;920;13/04/2016
2016046781;1;1;1;1;2;920;13/04/2016
2016046782;1;1;1;1;1;780;13/04/2016
2016046783;1;1;1;1;6;920;13/04/2016
2016046784;1;1;1;1;4;780;14/04/2016
2016046785;1;1;1;1;2;920;15/04/2016
2016046786;1;1;1;1;3;780;14/04/2016
2016046787;1;1;1;1;3;920;14/04/2016
2016046788;1;1;1;1;2;920;15/04/2016
2016046789;1;1;1;1;4;920;16/04/2016
2016046790;1;1;1;1;1;920;16/04/2016
2016046791;1;1;1;8;6;780;16/04/2016
2016046792;1;1;1;1;1;920;19/04/2016
2016046793;1;1;1;1;6;920;21/04/2016
2016046794;1;1;1;1;6;920;22/04/2016
2016046795;1;1;1;1;1;780;22/04/2016
2016046796;1;1;1;1;4;920;22/04/2016
2016046797;1;1;1;1;1;920;23/04/2016
2016046798;1;1;1;1;1;780;23/04/2016
2016046799;3;1;1;1;3;920;24/04/2016
2016046800;3;1;1;1;6;920;24/04/2016
2016046801;1;1;1;1;2;780;24/04/2016
2016046802;1;1;1;1;5;780;25/04/2016
2016046803;1;1;1;8;6;780;26/04/2016
2016046804;3;1;1;1;2;780;29/04/2016
2016046805;1;1;1;1;6;920;29/04/2016
2016046806;1;1;1;2;6;920;30/04/2016
2016046807;5;1;1;1;2;920;03/05/2016
2016046808;1;1;1;1;6;780;03/05/2016
2016046809;1;1;1;1;1;920;03/05/2016
2016046810;1;1;1;1;5;780;03/05/2016
2016046811;1;1;1;1;6;780;03/05/2016
2016046812;1;1;1;1;6;920;03/05/2016
2016046813;1;1;1;1;5;920;04/05/2016
2016046814;1;1;1;1;1;920;04/05/2016
2016046815;3;1;1;1;7;780;04/05/2016
2016046816;5;1;1;1;6;920;05/05/2016
2016046817;1;1;1;1;6;780;07/05/2016
2016046818;1;1;1;1;7;780;08/05/2016
2016046819;1;1;1;1;1;780;09/05/2016
2016046820;1;1;1;1;1;780;09/05/2016
2016046821;2;1;1;1;3;780;09/05/2016
2016046822;1;1;1;3;7;920;11/05/2016
2016046823;5;1;1;2;6;920;13/05/2016
2016046824;1;1;1;5;6;780;13/05/2016
2016046825;1;1;1;1;6;920;13/05/2016
2016046826;3;1;1;1;6;920;14/05/2016
2016046827;1;1;1;1;1;780;17/05/2016
2016046828;1;1;1;1;3;780;17/05/2016
2016046829;1;1;1;1;4;920;17/05/2016
2016046830;1;1;1;2;4;920;19/05/2016
2016046831;1;1;1;1;3;920;20/05/2016
2016046832;1;1;1;1;2;920;21/05/2016
2016046833;1;1;1;1;2;920;21/05/2016
2016046834;3;1;1;8;6;780;22/05/2016
2016046835;1;1;1;1;7;780;22/05/2016
2016046836;1;1;1;1;2;780;25/05/2016
2016046837;5;1;1;1;6;920;27/05/2016
2016046838;1;1;1;1;5;920;27/05/2016
2016046839;3;1;1;1;2;920;27/05/2016
2016046840;3;2;1;1;6;920;28/05/2016
2016046841;1;1;1;2;7;780;29/05/2016
2016046842;1;1;1;1;6;780;29/05/2016
2016046843;1;1;1;2;5;920;29/05/2016
2016046844;1;1;1;2;6;920;01/06/2016
2016046845;1;1;1;3;7;780;31/05/2016
2016046846;1;1;1;1;6;920;31/05/2016
2016046847;1;1;1;3;3;780;31/05/2016
2016046848;5;1;1;1;7;920;01/06/2016
2016046849;1;1;1;2;1;920;01/06/2016
2016046850;1;1;1;2;4;920;01/06/2016
2016046851;3;1;1;2;6;780;01/06/2016
2016046852;3;1;1;2;2;780;02/06/2016
2016046853;1;1;1;1;5;780;03/06/2016
2016046854;1;1;1;1;1;920;03/06/2016
2016046855;3;1;1;2;6;780;04/06/2016
2016046856;1;1;1;2;7;920;04/06/2016
2016046857;3;1;1;1;7;780;06/06/2016
2016046858;1;1;1;1;1;920;07/06/2016
2016046859;1;1;1;1;5;920;07/06/2016
2016046860;1;1;1;1;2;780;08/06/2016
2016046861;1;1;1;1;2;780;08/06/2016
2016046862;1;1;1;1;2;920;08/06/2016
2016046863;1;1;1;1;1;920;08/06/2016
2016046864;1;1;1;1;4;920;08/06/2016
2016046865;3;1;1;1;4;920;08/06/2016
2016046866;1;1;1;1;2;780;09/06/2016
2016046867;1;1;1;1;2;920;09/06/2016
2016046868;1;1;1;1;2;780;09/06/2016
2016046869;1;1;1;1;6;920;09/06/2016
2016046870;1;1;1;1;5;780;10/06/2016
2016046871;1;1;1;1;3;920;10/06/2016
2016046872;1;1;1;1;1;780;11/06/2016
2016046873;1;1;1;1;6;780;11/06/2016
2016046874;1;1;1;1;7;920;12/06/2016
2016046875;5;1;1;1;6;780;13/06/2016
2016046876;1;1;1;1;6;780;13/06/2016
2016046877;1;1;1;1;5;780;14/06/2016
2016046878;1;1;1;1;6;780;14/06/2016
2016046879;2;1;1;2;6;780;15/06/2016
2016046880;1;1;1;1;6;780;16/06/2016
2016046881;1;1;1;8;3;780;16/06/2016
2016046882;1;1;1;1;7;920;16/06/2016
2016046883;1;1;1;1;6;920;17/06/2016
2016046884;1;1;1;2;5;920;17/06/2016
2016046885;1;1;1;2;4;780;17/06/2016
2016046886;3;1;1;2;1;780;17/06/2016
2016046887;2;1;1;2;6;780;20/06/2016
2016046888;1;1;1;1;2;920;20/06/2016
2016046889;1;1;1;2;4;780;20/06/2016
2016046890;1;1;1;1;1;920;21/06/2016
2016046891;1;1;1;2;1;780;21/06/2016
2016046892;1;1;1;1;2;780;21/06/2016
2016046893;1;1;1;1;7;920;21/06/2016
2016046894;1;1;1;1;5;780;21/06/2016
2016046895;1;1;1;1;4;920;22/06/2016
2016046896;1;1;1;2;7;920;22/06/2016
2016046897;1;1;1;1;1;780;23/06/2016
2016046898;1;1;1;1;5;920;23/06/2016
2016046899;5;1;1;1;1;780;24/06/2016
2016046900;1;1;1;1;4;780;24/06/2016
2016046901;1;1;1;1;1;780;24/06/2016
2016046902;1;1;1;1;4;920;25/06/2016
2016046903;3;1;1;1;5;780;26/06/2016
2016046904;1;1;1;1;7;780;26/06/2016
2016046905;1;1;1;1;1;780;27/06/2016
2016046906;1;1;1;1;2;920;27/06/2016
2016046907;1;1;1;1;6;780;28/06/2016
2016046908;1;1;1;1;6;920;28/06/2016
2016046909;1;1;1;1;6;750;28/06/2016
2016046910;1;1;1;1;1;920;29/06/2016
2016046911;1;1;1;1;6;780;29/06/2016
2016046912;1;1;1;1;3;780;28/06/2016
2016046913;1;1;1;1;3;920;30/06/2016
2016046914;1;1;1;1;3;920;01/07/2016
2016046915;5;1;1;1;3;780;03/07/2016
2016046916;1;1;1;1;6;780;03/07/2016
2016046917;1;1;1;1;1;750;05/07/2016
2016046918;1;1;1;1;1;780;06/07/2016
2016046919;1;1;1;1;2;920;06/07/2016
2016046920;1;1;1;1;2;780;06/07/2016
2016046921;1;1;1;1;4;920;06/07/2016
2016046922;1;1;1;1;6;920;06/07/2016
2016046923;1;1;1;1;3;920;06/07/2016
2016046924;1;1;1;1;2;920;07/07/2016
2016046925;1;1;1;1;2;920;07/07/2016
2016046926;1;1;1;1;3;780;07/07/2016
2016046927;3;1;1;1;2;780;08/07/2016
2016046928;1;1;1;1;2;920;08/07/2016
2016046929;1;1;1;1;6;780;08/07/2016
2016046930;1;1;1;1;5;920;09/07/2016
2016046931;1;1;1;1;6;920;09/07/2016
2016046932;3;1;1;1;7;780;10/07/2016
2016046933;1;1;1;1;6;920;10/07/2016
2016046934;1;1;1;1;1;780;12/07/2016
2016046935;1;1;1;1;1;780;12/07/2016
2016046936;1;1;1;1;6;780;12/07/2016
2016046937;1;1;1;1;4;920;12/07/2016
2016046938;1;1;1;1;3;780;12/07/2016
2016046939;1;1;1;1;3;780;15/07/2016
2016046940;2;1;1;1;6;780;17/07/2016
2016046941;1;1;1;1;1;780;19/07/2016
2016046942;1;1;1;1;4;780;20/07/2016
2016046943;1;1;1;1;7;920;21/07/2016
2016046944;1;1;1;1;1;780;21/07/2016
2016046945;1;1;1;1;7;920;21/07/2016
2016046946;1;1;1;1;1;780;22/07/2016
2016046947;1;1;1;1;1;780;22/07/2016
2016046948;3;1;1;1;2;780;23/07/2016
2016046949;1;1;1;1;6;780;23/07/2016
2016046950;1;1;1;1;6;920;23/07/2016
2016046951;3;1;1;1;6;780;24/07/2016
2016046952;3;1;1;1;1;780;24/07/2016
2016046953;1;1;1;1;6;780;25/07/2016
2016046954;1;1;1;1;5;920;26/07/2016
2016046955;1;1;1;1;2;920;27/07/2016
2016046956;1;1;1;1;4;920;27/07/2016
2016046957;1;1;1;2;4;780;28/07/2016
2016046958;1;1;1;1;6;920;28/07/2016
2016046959;1;1;1;1;2;920;29/07/2016
2016046960;1;1;1;1;6;780;30/07/2016
2016046961;1;1;1;1;6;920;30/07/2016
2016046962;1;1;1;2;6;780;02/08/2016
2016046963;3;1;1;2;2;780;02/08/2016
2016046964;1;1;1;1;3;780;05/08/2016
2016046965;1;1;1;1;7;780;05/08/2016
2016046966;1;2;1;1;6;920;06/08/2016
2016046967;1;1;1;1;7;920;11/08/2016
2016046968;1;1;1;1;2;780;13/08/2016
2016046969;1;1;1;1;6;780;16/08/2016
2016046970;1;1;1;1;1;780;16/08/2016
2016046971;1;1;1;1;6;780;17/08/2016
2016046972;1;1;1;2;7;920;18/08/2016
2016046973;1;1;1;2;6;780;18/08/2016
2016046974;3;1;1;1;2;780;19/08/2016
2016046975;1;1;1;1;2;920;19/08/2016
2016046976;1;1;1;1;7;920;19/08/2016
2016046977;1;1;1;1;3;780;23/08/2016
2016046978;1;1;1;1;1;920;24/08/2016
2016046979;1;1;1;1;3;780;24/08/2016
2016046980;1;1;1;1;5;780;25/08/2016
2016046981;1;1;1;1;2;780;26/08/2016
2016046982;1;1;1;1;6;920;26/08/2016
2016046983;5;1;1;1;6;920;26/08/2016
2016046984;5;1;1;1;2;780;29/08/2016
2016046985;1;1;1;2;1;780;29/08/2016
2016046986;1;1;1;1;6;780;29/08/2016
2016046987;1;1;1;1;7;920;29/08/2016
2016046988;1;2;1;1;4;920;29/08/2016
2016046989;3;2;1;1;7;920;29/08/2016
2016046990;2;1;1;1;6;780;30/08/2016
2016046991;1;1;1;1;2;780;31/08/2016
2016046992;1;1;1;1;2;780;31/08/2016
2016046993;1;1;1;1;6;920;01/09/2016
2016046994;1;1;1;1;1;920;01/09/2016
2016046995;1;1;1;1;6;920;01/09/2016
2016046996;1;1;1;1;5;780;02/09/2016
2016046997;1;1;1;1;6;920;02/09/2016
2016046998;3;1;1;1;6;920;04/09/2016
2016046999;1;1;1;1;2;780;04/09/2016
2016047000;1;1;1;2;4;780;05/09/2016
2016047001;1;1;1;3;1;780;05/09/2016
2016047002;1;1;1;2;6;920;05/09/2016
2016047003;1;1;1;2;6;920;05/09/2016
2016047004;3;1;1;1;6;780;06/09/2016
2016047005;1;1;1;1;6;920;07/09/2016
2016047006;1;1;1;1;3;920;07/09/2016
2016047007;1;1;1;1;1;780;07/09/2016
2016047008;1;1;1;1;2;780;07/09/2016
2016047009;1;1;1;1;2;920;07/09/2016
2016047010;1;1;1;1;2;920;07/09/2016
2016047011;1;1;1;1;6;920;08/09/2016
2016047012;3;1;1;1;6;780;09/09/2016
2016047013;1;1;1;1;5;780;09/09/2016
2016047014;1;1;1;1;4;780;09/09/2016
2016047015;1;1;1;2;6;920;11/09/2016
2016047016;1;1;1;1;4;920;11/09/2016
2016047017;1;1;1;1;5;780;11/09/2016
2016047018;1;1;1;1;5;780;11/09/2016
2016047019;1;1;1;1;2;920;12/09/2016
2016047020;1;1;1;1;3;780;12/09/2016
2016047021;1;1;1;1;1;920;12/09/2016
2016047022;1;1;1;1;2;920;12/09/2016
2016047023;1;1;1;1;1;780;13/09/2016
2016047024;1;1;1;1;3;780;13/09/2016
2016047025;1;1;1;1;4;920;13/09/2016
2016047026;1;1;1;1;2;920;12/09/2016
2016047027;1;1;1;1;6;920;13/09/2016
2016047028;1;1;1;1;6;780;14/09/2016
2016047029;5;1;1;2;5;920;15/09/2016
2016047030;1;1;1;2;6;920;15/09/2016
2016047031;1;1;1;1;2;780;16/09/2016
2016047032;1;1;1;1;6;920;16/09/2016
2016047033;1;1;1;3;7;780;16/09/2016
2016047034;3;1;1;2;2;920;16/09/2016
2016047035;3;1;1;2;6;780;17/09/2016
2016047036;1;1;1;1;4;920;17/09/2016
2016047037;1;1;1;1;6;920;18/09/2016
2016047038;1;1;1;8;6;780;19/09/2016
2016047039;3;1;1;1;5;780;19/09/2016
2016047040;1;1;1;1;1;780;20/09/2016
2016047041;1;1;1;1;6;920;21/09/2016
2016047042;3;1;1;1;5;920;21/09/2016
2016047043;1;1;1;1;3;780;22/09/2016
2016047044;1;1;1;1;1;920;22/09/2016
2016047045;1;1;1;1;2;920;23/09/2016
2016047046;3;1;1;1;6;780;23/09/2016
2016047047;4;1;1;1;6;920;24/09/2016
2016047048;1;1;1;1;2;780;24/09/2016
2016047049;1;1;1;1;5;920;24/09/2016
2016047050;1;1;1;1;2;780;24/09/2016
2016047051;5;1;1;1;1;780;24/09/2016
2016047052;1;1;1;1;2;780;25/09/2016
2016047053;1;1;1;1;6;780;25/09/2016
2016047054;5;1;1;1;6;780;25/09/2016
2016047055;5;1;1;1;6;920;25/09/2016
2016047056;1;1;1;1;3;780;26/09/2016
2016047057;1;1;1;1;1;750;26/09/2016
2016047058;1;1;1;1;6;780;26/09/2016
2016047059;1;1;1;1;4;780;26/09/2016
2016047060;1;1;1;1;2;780;27/09/2016
2016047061;1;1;1;1;5;780;27/09/2016
2016047062;1;1;1;1;4;780;27/09/2016
2016047063;1;1;1;1;6;920;27/09/2016
2016047064;1;1;1;1;1;920;27/09/2016
2016047065;1;1;1;1;3;920;28/09/2016
2016047066;1;1;1;1;3;780;28/09/2016
2016047067;1;1;1;1;1;780;29/09/2016
2016047068;1;1;1;1;3;780;29/09/2016
2016047069;1;1;1;1;1;920;29/09/2016
2016047070;1;1;1;1;3;920;30/09/2016
2016047071;1;1;1;1;5;780;30/09/2016
2016047072;3;1;1;2;1;780;30/09/2016
2016047073;3;1;1;2;2;920;30/09/2016
2016047074;3;1;1;2;7;780;01/10/2016
2016047075;1;1;1;2;2;780;01/10/2016
2016047076;1;1;1;1;6;780;01/10/2016
2016047077;5;1;1;1;4;920;01/10/2016
2016047078;1;1;1;1;3;780;03/10/2016
2016047079;1;1;1;1;6;780;03/10/2016
2016047080;2;1;1;1;4;920;04/10/2016
2016047081;1;1;1;1;3;780;05/10/2016
2016047082;1;1;1;1;3;920;05/10/2016
2016047083;1;1;1;1;3;920;05/10/2016
2016047084;1;1;1;1;2;780;05/10/2016
2016047085;1;1;1;1;3;780;05/10/2016
2016047086;4;1;1;1;3;920;07/10/2016
2016047087;5;1;1;1;7;920;07/10/2016
2016047088;4;1;1;1;6;920;08/10/2016
2016047089;1;1;1;1;6;920;08/10/2016
2016047090;1;1;1;1;2;920;09/10/2016
2016047091;1;1;1;1;3;920;10/10/2016
2016047092;1;1;1;1;2;920;10/10/2016
2016047093;1;1;1;1;5;920;11/10/2016
2016047094;2;1;1;1;3;780;12/10/2016
2016047095;1;1;1;1;2;920;12/10/2016
2016047096;1;1;1;1;2;780;12/10/2016
2016047097;5;1;1;1;5;920;12/10/2016
2016047098;5;1;1;1;4;780;12/10/2016
2016047099;1;1;1;1;2;920;13/10/2016
2016047100;1;1;1;1;7;920;13/10/2016
2016047101;1;1;1;1;3;920;13/10/2016
2016047102;1;1;1;1;4;920;13/10/2016
2016047103;2;1;1;1;4;780;13/10/2016
2016047104;1;1;1;8;1;780;14/10/2016
2016047105;3;1;1;1;2;920;14/10/2016
2016047106;5;1;1;2;6;920;14/10/2016
2016047107;1;1;1;2;4;780;17/10/2016
2016047108;3;1;1;1;4;780;18/10/2016
2016047109;1;1;1;1;3;780;18/10/2016
2016047110;1;1;1;1;2;780;18/10/2016
2016047111;1;1;1;1;2;780;18/10/2016
2016047112;1;1;1;1;2;920;18/10/2016
2016047113;1;1;1;1;1;920;18/10/2016
2016047114;1;1;1;1;4;920;19/10/2016
2016047115;1;1;1;1;1;780;19/10/2016
2016047116;1;1;1;1;6;780;19/10/2016
2016047117;5;1;1;8;3;920;19/10/2016
2016047118;1;1;1;1;5;920;20/10/2016
2016047119;1;1;1;1;2;920;21/10/2016
2016047120;1;1;1;1;1;780;21/10/2016
2016047121;3;1;1;8;7;780;21/10/2016
2016047122;3;1;1;2;1;780;23/10/2016
2016047123;3;1;1;1;4;780;25/10/2016
2016047124;1;1;1;1;2;920;25/10/2016
2016047125;5;1;1;1;5;920;26/10/2016
2016047126;2;1;1;5;5;920;27/10/2016
2016047127;1;1;1;1;3;920;27/10/2016
2016047128;3;1;1;1;3;920;28/10/2016
2016047129;3;1;1;1;6;780;30/10/2016
2016047130;1;1;1;1;4;920;30/10/2016
2016047131;3;1;1;1;2;780;01/11/2016
2016047132;1;1;1;1;2;780;01/11/2016
2016047133;1;1;1;1;4;920;01/11/2016
2016047134;1;1;1;2;3;920;04/11/2016
2016047135;2;1;1;2;4;780;04/11/2016
2016047136;3;1;1;2;2;920;04/11/2016
2016047137;1;1;1;1;2;920;05/11/2016
2016047138;3;1;1;1;2;780;06/11/2016
2016047139;3;1;1;1;2;780;07/11/2016
2016047140;2;1;1;2;6;780;07/11/2016
2016047141;1;1;1;2;5;780;07/11/2016
2016047142;1;1;1;1;7;920;07/11/2016
2016047143;2;1;1;2;4;920;07/11/2016
2016047144;2;1;1;2;2;780;07/11/2016
2016047145;1;1;1;1;4;780;07/11/2016
2016047146;5;1;1;2;5;780;07/11/2016
2016047147;4;1;1;1;2;780;07/11/2016
2016047148;2;1;1;1;1;920;08/11/2016
2016047149;1;1;1;2;5;780;09/11/2016
2016047150;1;1;1;3;4;780;09/11/2016
2016047151;1;1;1;2;7;920;09/11/2016
2016047152;1;1;1;1;6;920;09/11/2016
2016047153;3;1;1;2;7;780;09/11/2016
2016047154;1;1;1;8;4;780;10/11/2016
2016047155;3;1;1;3;5;920;10/11/2016
2016047156;5;1;1;2;6;780;10/11/2016
2016047157;1;1;1;1;6;780;11/11/2016
2016047158;3;1;1;2;6;920;11/11/2016
2016047159;3;1;1;1;2;780;12/11/2016
2016047160;3;1;1;2;1;780;12/11/2016
2016047161;5;1;1;2;5;780;12/11/2016
2016047162;5;1;1;2;7;920;12/11/2016
2016047163;1;1;1;2;6;920;13/11/2016
2016047164;1;1;1;8;3;780;13/11/2016
2016047165;1;1;1;2;6;920;13/11/2016
2016047166;1;1;1;2;6;920;13/11/2016
2016047167;3;1;1;1;1;780;13/11/2016
2016047168;1;1;1;9;6;920;15/11/2016
2016047169;1;1;1;2;5;780;15/11/2016
2016047170;1;1;9;2;5;780;15/11/2016
2016047171;1;1;1;2;3;920;16/11/2016
2016047172;1;1;1;1;5;780;16/11/2016
2016047173;1;1;1;2;7;780;16/11/2016
2016047174;1;1;1;1;2;920;17/11/2016
2016047175;1;1;1;1;1;920;17/11/2016
2016047176;1;1;1;1;1;780;17/11/2016
2016047177;1;1;1;1;4;780;18/11/2016
2016047178;3;1;1;8;7;780;19/11/2016
2016047179;1;1;1;2;6;920;20/11/2016
2016047180;3;1;1;2;2;780;20/11/2016
2016047181;1;1;1;1;2;780;21/11/2016
2016047182;1;1;1;2;7;920;21/11/2016
2016047183;4;1;1;1;3;920;21/11/2016
2016047184;1;1;1;2;7;920;23/11/2016
2016047185;1;1;1;8;2;780;23/11/2016
2016047186;1;1;1;1;6;780;23/11/2016
2016047187;1;1;1;8;7;780;24/11/2016
2016047188;3;1;1;1;4;920;25/11/2016
2016047189;1;1;1;1;4;780;25/11/2016
2016047190;5;1;1;1;2;780;25/11/2016
2016047191;3;1;1;1;2;780;26/11/2016
2016047192;3;1;1;1;6;780;26/11/2016
2016047193;2;1;1;1;2;920;26/11/2016
2016047194;1;1;1;1;2;920;26/11/2016
2016047195;1;1;1;1;3;920;27/11/2016
2016047196;1;1;1;1;1;920;28/11/2016
2016047197;1;1;1;1;2;920;28/11/2016
2016047198;5;1;1;1;2;780;28/11/2016
2016047199;2;1;1;1;4;780;28/11/2016
2016047200;1;1;1;1;4;920;30/11/2016
2016047201;1;1;1;1;4;920;01/12/2016
2016047202;1;1;1;1;4;920;01/12/2016
2016047203;5;1;1;5;2;780;02/12/2016
2016047204;1;1;1;1;2;780;02/12/2016
2016047205;1;1;1;1;6;780;02/12/2016
2016047206;4;1;1;1;5;780;02/12/2016
2016047207;1;1;1;1;4;780;03/12/2016
2016047208;3;1;1;1;1;780;04/12/2016
2016047209;4;1;1;1;2;780;04/12/2016
2016047210;3;1;1;1;5;780;04/12/2016
2016047211;3;1;1;1;1;780;04/12/2016
2016047212;1;1;1;1;1;920;05/12/2016
2016047213;1;1;1;1;3;780;06/12/2016
2016047214;1;1;1;1;5;920;06/12/2016
2016047215;1;1;1;1;6;780;06/12/2016
2016047216;3;1;1;1;1;780;06/12/2016
2016047217;5;1;1;1;3;920;06/12/2016
2016047218;1;1;1;1;5;780;07/12/2016
2016047219;3;1;1;1;4;780;08/12/2016
2016047220;1;1;1;1;3;920;09/12/2016
2016047221;2;1;1;1;2;920;09/12/2016
2016047222;3;1;1;1;6;920;10/12/2016
2016047223;1;1;1;1;3;920;10/12/2016
2016047224;3;1;1;1;1;780;11/12/2016
2016047225;3;1;1;1;6;780;11/12/2016
2016047226;1;1;1;1;5;780;12/12/2016
2016047227;1;1;1;1;4;920;12/12/2016
2016047228;1;1;1;2;1;920;12/12/2016
2016047229;1;1;1;2;5;780;13/12/2016
2016047230;1;1;1;8;7;920;13/12/2016
2016047231;1;1;1;8;7;920;13/12/2016
2016047232;3;1;1;1;6;780;15/12/2016
2016047233;3;1;1;1;4;920;15/12/2016
2016047234;1;1;1;1;5;780;15/12/2016
2016047235;3;1;1;1;2;920;15/12/2016
2016047236;1;1;1;1;2;780;16/12/2016
2016047237;1;1;1;1;5;920;16/12/2016
2016047238;2;1;1;5;6;780;17/12/2016
2016047239;5;1;1;1;2;920;17/12/2016
2016047240;3;1;1;5;3;780;18/12/2016
2016047241;5;1;1;9;2;920;19/12/2016
2016047242;3;1;1;1;3;920;21/12/2016
2016047243;4;1;1;3;6;920;22/12/2016
2016047244;1;1;1;2;2;920;22/12/2016
2016047245;1;1;1;1;5;780;24/12/2016
2016047246;1;1;1;1;2;780;24/12/2016
2016047247;3;1;1;1;6;780;25/12/2016
2016047248;4;1;1;1;5;920;25/12/2016
2016047249;1;1;1;8;4;780;26/12/2016
2016047250;1;1;1;1;1;920;26/12/2016
2016047251;1;1;1;1;1;920;26/12/2016
2016047252;3;1;1;1;7;920;27/12/2016
2016047253;3;1;1;1;1;920;28/12/2016
2016047254;3;1;1;1;7;780;28/12/2016
2016047255;1;1;1;1;7;920;29/12/2016
2016047256;5;1;1;1;6;920;31/12/2016
2016047257;1;1;1;2;6;910;02/01/2016
2016047258;1;1;1;8;6;910;02/01/2016
2016047259;1;1;1;8;4;910;02/01/2016
2016047260;3;1;1;1;4;910;02/01/2016
2016047261;2;1;1;1;6;910;04/01/2016
2016047262;2;1;1;1;2;910;04/01/2016
2016047263;3;1;1;2;2;910;04/01/2016
2016047264;3;1;1;2;7;910;05/01/2016
2016047265;1;1;1;2;7;940;07/01/2016
2016047266;1;1;1;8;2;910;07/01/2016
2016047267;1;1;1;1;6;910;07/01/2016
2016047268;1;1;1;8;4;910;07/01/2016
2016047269;5;1;1;2;6;940;09/01/2016
2016047270;5;1;1;2;7;910;10/01/2016
2016047271;1;1;1;2;6;910;10/01/2016
2016047272;3;1;1;2;2;910;10/01/2016
2016047273;3;1;1;2;6;910;10/01/2016
2016047274;3;1;1;3;6;940;11/01/2016
2016047275;3;1;1;2;6;910;10/01/2016
2016047276;2;1;1;1;2;940;11/01/2016
2016047277;3;1;1;1;2;910;11/01/2016
2016047278;2;1;1;1;6;910;12/01/2016
2016047279;1;1;1;1;2;910;12/01/2016
2016047280;1;1;1;1;3;910;13/01/2016
2016047281;2;1;1;2;2;910;14/01/2016
2016047282;1;1;1;2;4;910;14/01/2016
2016047283;1;1;1;1;5;940;14/01/2016
2016047284;2;1;1;2;2;770;14/01/2016
2016047285;3;1;1;2;3;940;14/01/2016
2016047286;1;1;1;1;4;910;15/01/2016
2016047287;3;1;1;1;3;940;15/01/2016
2016047288;5;1;1;1;2;940;16/01/2016
2016047289;3;1;1;8;2;920;17/01/2016
2016047290;1;1;1;1;6;910;17/01/2016
2016047291;2;1;1;1;2;940;18/01/2016
2016047292;1;1;1;1;2;910;18/01/2016
2016047293;1;1;1;1;5;910;20/01/2016
2016047294;5;1;1;1;4;940;20/01/2016
2016047295;4;1;1;1;7;910;20/01/2016
2016047296;3;1;1;4;6;910;21/01/2016
2016047297;1;1;1;1;3;910;21/01/2016
2016047298;1;1;1;1;4;910;21/01/2016
2016047299;5;1;1;1;2;940;21/01/2016
2016047300;4;1;1;1;2;910;21/01/2016
2016047301;5;1;1;1;2;940;21/01/2016
2016047302;3;1;1;1;2;910;21/01/2016
2016047303;2;1;1;1;3;910;22/01/2016
2016047304;1;1;1;1;5;940;22/01/2016
2016047305;3;1;1;2;6;910;22/01/2016
2016047306;5;1;1;2;4;940;22/01/2016
2016047307;1;1;1;1;7;910;23/01/2016
2016047308;1;1;1;2;7;910;23/01/2016
2016047309;4;1;1;1;3;940;24/01/2016
2016047310;1;1;1;1;3;910;25/01/2016
2016047311;1;1;1;1;5;940;26/01/2016
2016047312;3;1;1;1;2;910;27/01/2016
2016047313;2;1;1;2;2;910;27/01/2016
2016047314;3;1;1;2;6;910;28/01/2016
2016047315;3;1;1;1;2;910;28/01/2016
2016047316;5;1;1;2;2;940;27/01/2016
2016047317;1;2;1;1;2;910;28/01/2016
2016047318;1;1;1;1;7;940;28/01/2016
2016047319;3;1;1;1;7;910;28/01/2016
2016047320;1;1;1;1;7;910;29/01/2016
2016047321;2;1;1;2;7;910;29/01/2016
2016047322;1;1;1;3;6;910;30/01/2016
2016047323;1;1;1;3;5;940;30/01/2016
2016047324;3;1;1;2;2;910;30/01/2016
2016047325;3;1;1;2;6;910;31/01/2016
2016047326;1;1;1;2;4;910;31/01/2016
2016047327;1;1;1;1;3;910;31/01/2016
2016047328;2;1;1;2;6;910;31/01/2016
2016047329;1;1;1;2;6;910;31/01/2016
2016047330;1;1;1;2;7;940;31/01/2016
2016047331;3;1;1;1;5;910;30/01/2016