num_acc;lum;agg;inter;atm;col;dep;date
2016047332;2;1;1;1;4;940;01/02/2016
2016047333;3;1;1;2;7;910;31/01/2016
2016047334;3;1;1;2;2;910;01/02/2016
2016047335;1;1;1;1;2;910;01/02/2016
2016047336;3;1;1;2;2;910;02/02/2016
2016047337;2;1;1;2;2;910;04/02/2016
2016047338;1;1;1;2;6;910;04/02/2016
2016047339;3;1;1;1;7;910;05/02/2016
2016047340;1;1;1;1;2;910;06/02/2016
2016047341;2;1;1;1;6;910;07/02/2016
2016047342;2;1;1;8;2;910;07/02/2016
2016047343;1;1;1;1;7;940;07/02/2016
2016047344;1;1;1;1;2;910;07/02/2016
2016047345;1;1;1;1;4;910;08/02/2016
2016047346;3;1;1;1;6;910;07/02/2016
2016047347;1;1;1;2;4;940;08/02/2016
2016047348;1;1;1;2;2;920;08/02/2016
2016047349;1;1;1;2;4;940;08/02/2016
2016047350;3;1;1;1;6;920;08/02/2016
2016047351;1;1;1;3;7;940;09/02/2016
2016047352;1;1;1;2;6;910;09/02/2016
2016047353;1;1;1;3;6;910;09/02/2016
2016047354;1;1;1;1;6;940;10/02/2016
2016047355;1;1;1;1;4;910;11/02/2016
2016047356;1;1;1;1;3;940;11/02/2016
2016047357;3;1;1;1;2;910;13/02/2016
2016047358;1;1;1;3;6;910;13/02/2016
2016047359;1;1;1;3;6;910;13/02/2016
2016047360;1;1;1;3;6;920;13/02/2016
2016047361;2;1;1;3;2;910;13/02/2016
2016047362;5;1;1;1;7;910;14/02/2016
2016047363;1;1;1;2;7;910;14/02/2016
2016047364;3;1;1;1;6;910;15/02/2016
2016047365;1;1;1;1;4;910;15/02/2016
2016047366;1;1;1;1;3;920;15/02/2016
2016047367;5;1;1;1;3;940;16/02/2016
2016047368;3;1;1;1;3;910;18/02/2016
2016047369;1;1;1;1;6;910;17/02/2016
2016047370;2;1;1;1;2;940;18/02/2016
2016047371;3;1;1;2;6;910;18/02/2016
2016047372;1;1;1;1;2;910;19/02/2016
2016047373;1;1;1;1;2;940;19/02/2016
2016047374;3;1;1;2;6;910;20/02/2016
2016047375;1;1;1;8;6;910;20/02/2016
2016047376;1;1;1;2;6;910;20/02/2016
2016047377;1;1;1;1;6;910;24/02/2016
2016047378;1;1;1;1;4;940;25/02/2016
2016047379;3;1;1;1;3;910;25/02/2016
2016047380;1;1;1;1;6;910;26/02/2016
2016047381;2;1;1;1;2;910;26/02/2016
2016047382;1;1;1;1;3;910;26/02/2016
2016047383;3;1;1;1;2;940;27/02/2016
2016047384;3;1;1;1;3;910;28/02/2016
2016047385;1;1;1;1;6;910;29/02/2016
2016047386;1;1;1;1;2;910;29/02/2016
2016047387;1;1;1;2;2;940;01/03/2016
2016047388;1;1;1;2;2;910;02/03/2016
2016047389;1;1;1;2;2;910;02/03/2016
2016047390;1;1;1;1;4;940;03/03/2016
2016047391;2;1;1;2;1;910;03/03/2016
2016047392;1;1;1;2;3;910;04/03/2016
2016047393;1;1;1;2;3;910;04/03/2016
2016047394;3;1;1;2;3;910;04/03/2016
2016047395;3;1;1;3;2;940;04/03/2016
2016047396;1;1;1;1;2;910;05/03/2016
2016047397;3;1;1;1;4;910;05/03/2016
2016047398;1;1;1;1;3;940;06/03/2016
2016047399;1;1;1;1;2;940;06/03/2016
2016047400;3;1;1;1;2;910;06/03/2016
2016047401;1;1;1;1;3;910;08/03/2016
2016047402;1;1;1;1;4;910;08/03/2016
2016047403;1;1;1;1;2;910;08/03/2016
2016047404;1;1;1;3;7;940;09/03/2016
2016047405;1;1;1;3;2;940;09/03/2016
2016047406;1;1;1;3;6;910;09/03/2016
2016047407;1;1;1;2;7;940;09/03/2016
2016047408;1;1;1;1;6;910;09/03/2016
2016047409;1;1;1;1;2;940;10/03/2016
2016047410;1;1;1;1;6;910;10/03/2016
2016047411;1;1;1;1;4;910;11/03/2016
2016047412;1;1;1;1;2;940;11/03/2016
2016047413;1;1;1;1;3;910;11/03/2016
2016047414;3;1;1;1;2;770;11/03/2016
2016047415;1;1;1;1;4;910;11/03/2016
2016047416;1;1;1;1;7;910;11/03/2016
2016047417;1;1;1;1;4;940;12/03/2016
2016047418;3;1;1;1;2;910;12/03/2016
2016047419;1;1;1;1;6;910;13/03/2016
2016047420;1;1;1;1;3;910;13/03/2016
2016047421;1;1;1;1;5;940;13/03/2016
2016047422;2;1;1;1;6;920;14/03/2016
2016047423;5;1;1;1;3;940;14/03/2016
2016047424;1;1;1;1;2;940;14/03/2016
2016047425;3;1;1;1;6;910;15/03/2016
2016047426;5;1;1;1;4;940;15/03/2016
2016047427;2;1;1;1;4;910;15/03/2016
2016047428;1;1;1;1;6;910;15/03/2016
2016047429;3;1;1;1;6;910;15/03/2016
2016047430;1;1;1;7;6;920;16/03/2016
2016047431;1;1;1;1;3;910;17/03/2016
2016047432;1;1;1;1;6;910;17/03/2016
2016047433;1;1;1;1;2;920;18/03/2016
2016047434;3;1;1;1;2;940;18/03/2016
2016047435;1;1;1;1;4;910;21/03/2016
2016047436;1;1;1;1;2;940;22/03/2016
2016047437;1;1;1;1;2;910;23/03/2016
2016047438;1;1;1;1;3;910;23/03/2016
2016047439;1;1;1;1;2;940;24/03/2016
2016047440;1;1;1;2;6;910;25/03/2016
2016047441;1;1;1;2;2;910;25/03/2016
2016047442;1;1;1;3;3;940;25/03/2016
2016047443;1;1;1;2;5;940;25/03/2016
2016047444;3;1;1;1;2;910;26/03/2016
2016047445;3;1;1;3;7;910;27/03/2016
2016047446;1;1;1;1;2;910;27/03/2016
2016047447;1;1;1;2;6;910;27/03/2016
2016047448;1;1;1;1;2;910;27/03/2016
2016047449;1;1;1;1;5;910;27/03/2016
2016047450;1;1;1;2;6;940;28/03/2016
2016047451;5;1;1;3;7;940;26/03/2016
2016047452;1;1;1;1;3;940;29/03/2016
2016047453;1;1;1;2;7;940;30/03/2016
2016047454;1;1;1;2;2;910;30/03/2016
2016047455;1;1;1;3;4;910;30/03/2016
2016047456;1;1;1;2;7;940;30/03/2016
2016047457;3;1;1;2;3;910;30/03/2016
2016047458;1;1;1;3;3;910;31/03/2016
2016047459;1;1;1;3;4;910;31/03/2016
2016047460;3;1;1;2;3;940;31/03/2016
2016047461;1;1;1;1;5;910;01/04/2016
2016047462;1;1;1;2;2;940;02/04/2016
2016047463;1;1;1;1;2;910;04/04/2016
2016047464;1;1;1;1;3;910;04/04/2016
2016047465;1;1;1;1;6;910;04/04/2016
2016047466;1;1;1;1;7;910;04/04/2016
2016047467;1;1;1;1;2;940;04/04/2016
2016047468;1;1;1;1;2;940;04/04/2016
2016047469;2;1;1;1;7;910;04/04/2016
2016047470;1;1;1;1;3;910;05/04/2016
2016047471;1;1;1;1;4;940;06/04/2016
2016047472;1;1;1;1;5;910;06/04/2016
2016047473;1;1;1;1;6;910;07/04/2016
2016047474;1;1;1;2;2;910;07/04/2016
2016047475;1;1;1;3;3;910;08/04/2016
2016047476;1;1;1;1;5;910;08/04/2016
2016047477;1;1;1;1;4;940;10/04/2016
2016047478;1;1;1;1;7;910;10/04/2016
2016047479;1;1;1;3;6;910;11/04/2016
2016047480;1;1;1;1;2;910;11/04/2016
2016047481;1;1;1;8;2;910;12/04/2016
2016047482;2;1;1;1;3;940;12/04/2016
2016047483;1;1;1;8;5;910;12/04/2016
2016047484;1;1;1;1;4;910;12/04/2016
2016047485;1;1;1;1;4;910;12/04/2016
2016047486;1;1;1;1;2;910;13/04/2016
2016047487;1;1;1;1;1;910;13/04/2016
2016047488;1;1;1;2;3;940;14/04/2016
2016047489;5;1;1;2;3;940;14/04/2016
2016047490;3;1;1;1;3;910;14/04/2016
2016047491;1;1;1;1;2;910;15/04/2016
2016047492;1;1;1;1;3;910;15/04/2016
2016047493;1;1;1;1;7;910;16/04/2016
2016047494;2;1;1;1;5;910;17/04/2016
2016047495;1;1;1;7;4;910;19/04/2016
2016047496;1;1;1;1;5;940;20/04/2016
2016047497;1;1;1;1;5;920;20/04/2016
2016047498;1;1;1;1;7;910;21/04/2016
2016047499;1;1;1;1;2;940;22/04/2016
2016047500;1;1;1;1;6;910;23/04/2016
2016047501;3;1;1;1;6;910;23/04/2016
2016047502;1;1;1;1;3;910;25/04/2016
2016047503;1;1;1;2;6;910;26/04/2016
2016047504;1;1;1;1;6;910;27/04/2016
2016047505;1;1;1;1;1;910;27/04/2016
2016047506;1;1;1;1;4;910;27/04/2016
2016047507;1;1;1;1;6;920;29/04/2016
2016047508;3;1;1;2;5;910;29/04/2016
2016047509;1;1;1;1;6;910;02/05/2016
2016047510;1;1;1;1;2;920;02/05/2016
2016047511;1;1;1;1;4;940;03/05/2016
2016047512;1;1;1;7;4;910;04/05/2016
2016047513;1;1;1;1;6;910;05/05/2016
2016047514;1;1;1;1;6;940;05/05/2016
2016047515;1;1;1;1;4;920;05/05/2016
2016047516;1;1;1;1;3;910;06/05/2016
2016047517;1;1;1;1;4;940;06/05/2016
2016047518;1;1;1;1;3;910;06/05/2016
2016047519;1;1;1;1;4;920;07/05/2016
2016047520;1;1;1;1;4;940;08/05/2016
2016047521;1;1;1;1;4;910;09/05/2016
2016047522;3;1;1;2;4;910;09/05/2016
2016047523;1;1;1;1;7;940;10/05/2016
2016047524;1;1;1;1;2;910;10/05/2016
2016047525;1;1;1;1;7;910;10/05/2016
2016047526;1;1;1;2;6;910;10/05/2016
2016047527;1;1;1;2;2;910;10/05/2016
2016047528;5;1;1;1;6;940;10/05/2016
2016047529;3;1;1;2;6;910;10/05/2016
2016047530;1;1;1;8;4;940;11/05/2016
2016047531;1;1;1;8;2;910;11/05/2016
2016047532;1;1;1;1;5;910;12/05/2016
2016047533;1;1;1;3;4;910;12/05/2016
2016047534;1;1;1;3;5;910;12/05/2016
2016047535;1;1;1;3;5;910;12/05/2016
2016047536;1;1;1;1;3;910;13/05/2016
2016047537;1;1;1;2;2;940;13/05/2016
2016047538;1;1;1;1;6;940;14/05/2016
2016047539;1;1;1;1;2;940;14/05/2016
2016047540;1;1;1;1;7;910;15/05/2016
2016047541;2;1;1;1;3;910;17/05/2016
2016047542;1;1;1;1;3;940;18/05/2016
2016047543;1;1;1;1;2;920;19/05/2016
2016047544;1;1;1;1;3;940;19/05/2016
2016047545;1;1;1;1;2;910;19/05/2016
2016047546;1;1;1;2;4;920;20/05/2016
2016047547;1;1;1;1;2;910;20/05/2016
2016047548;5;1;1;1;6;910;21/05/2016
2016047549;2;1;1;1;3;940;21/05/2016
2016047550;2;1;1;2;3;940;22/05/2016
2016047551;3;1;1;2;6;910;22/05/2016
2016047552;3;1;1;3;6;910;23/05/2016
2016047553;1;1;1;3;2;940;23/05/2016
2016047554;2;1;1;1;3;940;24/05/2016
2016047555;1;1;1;1;3;910;25/05/2016
2016047556;1;1;1;1;4;910;25/05/2016
2016047557;1;1;1;1;4;910;25/05/2016
2016047558;5;1;1;1;6;940;26/05/2016
2016047559;1;1;1;2;2;910;27/05/2016
2016047560;1;1;1;2;2;910;27/05/2016
2016047561;1;1;1;1;4;910;27/05/2016
2016047562;3;1;1;1;2;940;28/05/2016
2016047563;1;1;1;1;3;920;28/05/2016
2016047564;1;1;1;1;2;910;28/05/2016
2016047565;1;1;1;1;3;920;29/05/2016
2016047566;3;1;1;1;6;910;30/05/2016
2016047567;1;1;1;3;2;940;30/05/2016
2016047568;1;1;1;3;7;940;30/05/2016
2016047569;2;1;1;3;3;910;31/05/2016
2016047570;1;1;1;3;4;910;31/05/2016
2016047571;1;1;1;3;3;910;31/05/2016
2016047572;1;1;1;3;2;940;31/05/2016
2016047573;1;1;1;2;5;910;31/05/2016
2016047574;1;1;1;1;6;940;01/06/2016
2016047575;1;1;1;1;4;940;01/06/2016
2016047576;1;1;1;1;3;910;01/06/2016
2016047577;1;1;1;1;2;910;01/06/2016
2016047578;2;1;1;3;3;910;01/06/2016
2016047579;1;1;1;1;6;910;03/06/2016
2016047580;1;1;1;1;2;770;04/06/2016
2016047581;3;1;1;1;2;910;05/06/2016
2016047582;1;1;1;1;2;940;06/06/2016
2016047583;1;1;1;1;5;910;07/06/2016
2016047584;1;1;1;1;4;910;07/06/2016
2016047585;5;1;1;1;5;910;09/06/2016
2016047586;3;1;1;1;3;940;09/06/2016
2016047587;1;1;1;1;2;910;09/06/2016
2016047588;1;1;1;1;3;920;09/06/2016
2016047589;1;1;1;1;4;910;09/06/2016
2016047590;1;1;1;1;2;940;09/06/2016
2016047591;1;1;1;1;5;910;09/06/2016
2016047592;1;1;1;1;3;910;10/06/2016
2016047593;1;1;1;1;3;920;10/06/2016
2016047594;1;1;1;1;4;910;11/06/2016
2016047595;1;1;1;2;2;910;11/06/2016
2016047596;3;1;1;1;2;940;12/06/2016
2016047597;1;1;1;2;7;910;12/06/2016
2016047598;2;1;1;3;6;910;12/06/2016
2016047599;3;1;1;3;7;910;12/06/2016
2016047600;1;1;1;1;2;910;13/06/2016
2016047601;1;1;1;1;7;940;14/06/2016
2016047602;1;1;1;2;5;940;15/06/2016
2016047603;1;1;1;2;3;910;15/06/2016
2016047604;1;1;1;1;6;910;15/06/2016
2016047605;1;1;1;1;2;940;15/06/2016
2016047606;1;1;1;1;7;910;16/06/2016
2016047607;1;1;1;2;3;910;17/06/2016
2016047608;1;1;1;1;2;910;17/06/2016
2016047609;1;1;1;1;3;910;18/06/2016
2016047610;1;1;1;2;6;910;18/06/2016
2016047611;3;1;1;2;6;910;18/06/2016
2016047612;1;1;1;1;2;910;19/06/2016
2016047613;2;1;1;2;3;910;20/06/2016
2016047614;1;1;1;3;4;910;20/06/2016
2016047615;1;1;1;2;3;940;20/06/2016
2016047616;1;1;1;8;3;910;21/06/2016
2016047617;1;1;1;2;3;910;21/06/2016
2016047618;1;1;1;1;5;910;21/06/2016
2016047619;1;1;1;1;2;910;22/06/2016
2016047620;1;1;1;1;3;940;22/06/2016
2016047621;1;1;1;1;5;910;22/06/2016
2016047622;1;1;1;1;5;910;22/06/2016
2016047623;1;1;1;1;2;910;23/06/2016
2016047624;1;1;1;1;2;910;23/06/2016
2016047625;1;1;1;1;3;910;24/06/2016
2016047626;1;1;1;1;7;910;24/06/2016
2016047627;1;1;1;1;2;910;25/06/2016
2016047628;1;1;1;1;3;910;25/06/2016
2016047629;1;1;1;1;2;910;25/06/2016
2016047630;1;1;1;1;3;910;26/06/2016
2016047631;1;1;1;1;3;940;27/06/2016
2016047632;1;1;1;1;2;910;27/06/2016
2016047633;1;1;1;1;2;910;27/06/2016
2016047634;1;1;1;1;7;910;27/06/2016
2016047635;1;1;1;1;2;910;28/06/2016
2016047636;1;1;1;1;4;910;28/06/2016
2016047637;1;1;1;1;2;940;29/06/2016
2016047638;1;1;1;1;3;940;29/06/2016
2016047639;1;1;1;1;5;910;29/06/2016
2016047640;1;1;1;1;5;940;30/06/2016
2016047641;1;1;1;1;3;770;25/05/2016
2016047642;1;1;1;1;3;910;30/06/2016
2016047643;1;1;1;1;5;940;30/06/2016
2016047644;1;1;1;1;2;910;30/06/2016
2016047645;1;1;1;1;2;910;01/07/2016
2016047646;1;1;1;1;7;940;03/07/2016
2016047647;1;1;1;2;7;910;03/07/2016
2016047648;3;1;1;1;2;910;04/07/2016
2016047649;1;1;1;1;3;910;04/07/2016
2016047650;5;1;1;1;3;910;05/07/2016
2016047651;1;1;1;1;2;910;06/07/2016
2016047652;1;1;1;1;2;910;06/07/2016
2016047653;1;1;1;1;2;940;06/07/2016
2016047654;3;1;1;1;2;770;07/07/2016
2016047655;3;1;1;1;2;940;07/07/2016
2016047656;1;1;1;1;3;940;07/07/2016
2016047657;1;1;1;1;3;910;07/07/2016
2016047658;1;1;1;1;3;910;07/07/2016
2016047659;1;1;1;1;3;910;07/07/2016
2016047660;1;1;1;1;3;910;08/07/2016
2016047661;1;1;1;1;4;910;08/07/2016
2016047662;1;1;1;1;5;910;08/07/2016
2016047663;1;1;1;1;7;910;09/07/2016
2016047664;1;1;1;1;7;910;09/07/2016
2016047665;2;1;1;1;5;910;10/07/2016
2016047666;1;1;1;1;7;910;10/07/2016
2016047667;1;1;1;1;2;910;10/07/2016
2016047668;3;1;1;1;3;910;11/07/2016
2016047669;1;1;1;1;4;940;11/07/2016
2016047670;1;1;1;1;3;910;11/07/2016
2016047671;1;1;1;1;4;910;11/07/2016
2016047672;1;1;1;2;6;910;12/07/2016
2016047673;1;1;1;1;2;910;12/07/2016
2016047674;3;1;1;1;6;940;13/07/2016
2016047675;1;1;1;1;6;910;14/07/2016
2016047676;3;1;1;1;6;910;15/07/2016
2016047677;1;1;1;1;2;910;15/07/2016
2016047678;1;1;1;1;3;910;15/07/2016
2016047679;3;1;1;1;6;910;17/07/2016
2016047680;4;1;1;1;3;910;16/07/2016
2016047681;1;1;1;1;2;910;18/07/2016
2016047682;1;1;1;1;2;910;19/07/2016
2016047683;1;1;1;1;6;910;19/07/2016
2016047684;1;1;1;1;7;940;19/07/2016
2016047685;5;1;1;1;3;940;20/07/2016
2016047686;3;1;1;1;2;910;21/07/2016
2016047687;1;1;1;1;2;910;21/07/2016
2016047688;1;1;1;1;4;910;21/07/2016
2016047689;1;1;1;1;5;910;21/07/2016
2016047690;5;1;1;1;6;910;21/07/2016
2016047691;1;1;1;1;2;910;22/07/2016
2016047692;1;1;1;1;2;910;24/07/2016
2016047693;1;1;1;1;7;910;24/07/2016
2016047694;3;1;1;1;3;910;23/07/2016
2016047695;1;1;1;1;5;910;25/07/2016
2016047696;1;1;1;1;2;910;25/07/2016
2016047697;1;1;1;1;3;940;25/07/2016
2016047698;1;1;1;1;3;910;25/07/2016
2016047699;1;1;1;1;4;910;25/07/2016
2016047700;1;1;1;1;2;940;27/07/2016
2016047701;1;1;1;1;3;910;27/07/2016
2016047702;1;1;1;1;2;910;29/07/2016
2016047703;3;1;1;1;6;910;01/08/2016
2016047704;1;1;1;1;5;910;01/08/2016
2016047705;1;1;1;2;5;940;04/08/2016
2016047706;1;1;1;1;7;910;04/08/2016
2016047707;2;1;1;1;2;940;04/08/2016
2016047708;1;1;1;1;3;910;05/08/2016
2016047709;3;1;1;1;2;910;06/08/2016
2016047710;1;1;1;1;2;910;06/08/2016
2016047711;1;1;1;1;3;910;06/08/2016
2016047712;1;1;1;1;6;910;11/08/2016
2016047713;1;1;1;1;7;920;11/08/2016
2016047714;1;1;1;1;2;940;13/08/2016
2016047715;1;1;1;1;4;910;16/08/2016
2016047716;1;1;1;1;7;770;16/08/2016
2016047717;1;1;1;1;2;910;16/08/2016
2016047718;1;1;1;1;4;910;17/08/2016
2016047719;1;1;1;1;2;770;17/08/2016
2016047720;1;1;1;8;6;940;18/08/2016
2016047721;1;1;1;3;7;910;18/08/2016
2016047722;1;1;1;2;6;920;18/08/2016
2016047723;1;1;1;1;6;910;21/08/2016
2016047724;3;1;1;1;6;910;23/08/2016
2016047725;1;1;1;1;6;910;25/08/2016
2016047726;3;1;1;1;3;910;26/08/2016
2016047727;1;1;1;1;2;910;26/08/2016
2016047728;1;1;1;1;3;910;26/08/2016
2016047729;5;1;1;1;7;910;27/08/2016
2016047730;3;1;1;1;6;910;28/08/2016
2016047731;3;1;1;1;2;910;28/08/2016
2016047732;4;1;1;1;3;770;26/08/2016
2016047733;1;1;1;1;3;940;29/08/2016
2016047734;1;1;1;1;3;910;30/08/2016
2016047735;5;1;1;1;2;940;30/08/2016
2016047736;1;1;1;1;6;910;31/08/2016
2016047737;3;1;1;1;2;910;01/09/2016
2016047738;1;1;1;1;4;910;02/09/2016
2016047739;1;1;1;1;4;910;02/09/2016
2016047740;1;1;1;1;4;910;03/09/2016
2016047741;1;1;1;1;2;920;03/09/2016
2016047742;3;1;1;1;3;910;03/09/2016
2016047743;1;1;1;1;2;910;04/09/2016
2016047744;1;1;1;8;2;910;04/09/2016
2016047745;1;1;1;2;3;910;05/09/2016
2016047746;1;1;1;2;3;910;05/09/2016
2016047747;1;1;1;2;6;910;05/09/2016
2016047748;1;1;1;2;6;910;05/09/2016
2016047749;1;1;1;2;3;910;05/09/2016
2016047750;1;1;1;2;4;910;05/09/2016
2016047751;1;1;1;8;2;910;05/09/2016
2016047752;1;1;1;2;3;940;05/09/2016
2016047753;1;1;1;2;2;940;05/09/2016
2016047754;1;1;1;1;3;910;06/09/2016
2016047755;1;1;1;1;4;940;07/09/2016
2016047756;1;1;1;1;3;910;07/09/2016
2016047757;1;1;1;1;3;910;07/09/2016
2016047758;1;1;1;1;4;910;07/09/2016
2016047759;1;1;1;1;2;910;08/09/2016
2016047760;3;1;1;1;7;940;08/09/2016
2016047761;2;1;1;1;2;940;08/09/2016
2016047762;1;1;1;1;3;940;09/09/2016
2016047763;1;1;1;1;3;910;09/09/2016
2016047764;1;1;1;1;6;910;09/09/2016
2016047765;1;1;1;1;2;910;09/09/2016
2016047766;1;1;1;1;2;940;10/09/2016
2016047767;4;1;1;1;1;910;11/09/2016
2016047768;1;1;1;8;2;910;11/09/2016
2016047769;3;1;1;1;5;940;12/09/2016
2016047770;1;1;1;1;3;940;12/09/2016
2016047771;1;1;1;1;4;910;13/09/2016
2016047772;1;1;1;1;2;910;13/09/2016
2016047773;1;1;1;1;2;910;14/09/2016
2016047774;1;1;1;1;2;910;14/09/2016
2016047775;1;1;1;1;6;910;14/09/2016
2016047776;5;2;1;2;2;910;14/09/2016
2016047777;1;1;1;2;2;910;15/09/2016
2016047778;1;1;1;1;3;910;16/09/2016
2016047779;3;1;1;1;2;910;15/09/2016
2016047780;1;1;1;1;4;750;16/09/2016
2016047781;2;1;1;2;2;940;16/09/2016
2016047782;5;1;1;3;2;910;16/09/2016
2016047783;3;1;1;2;2;910;16/09/2016
2016047784;1;1;1;8;6;910;17/09/2016
2016047785;1;1;1;8;2;910;17/09/2016
2016047786;1;1;1;8;6;920;17/09/2016
2016047787;1;1;1;2;6;910;18/09/2016
2016047788;5;1;1;2;7;940;18/09/2016
2016047789;1;1;1;8;3;940;19/09/2016
2016047790;1;1;1;1;3;910;21/09/2016
2016047791;1;1;1;1;3;910;22/09/2016
2016047792;1;1;1;1;5;940;23/09/2016
2016047793;1;1;1;1;2;910;23/09/2016
2016047794;3;1;1;1;3;920;24/09/2016
2016047795;3;1;1;1;6;910;24/09/2016
2016047796;1;1;1;1;6;940;25/09/2016
2016047797;1;1;1;2;5;910;25/09/2016
2016047798;1;1;1;2;7;910;25/09/2016
2016047799;1;1;1;2;6;910;25/09/2016
2016047800;1;1;1;1;4;940;25/09/2016
2016047801;1;1;1;1;5;940;26/09/2016
2016047802;1;1;1;1;4;910;26/09/2016
2016047803;1;1;1;1;2;910;26/09/2016
2016047804;2;1;1;1;2;940;26/09/2016
2016047805;1;1;1;1;3;910;27/09/2016
2016047806;1;1;1;1;5;910;27/09/2016
2016047807;1;1;1;1;2;910;27/09/2016
2016047808;1;1;1;1;6;910;28/09/2016
2016047809;1;1;1;1;7;770;28/09/2016
2016047810;3;1;1;2;2;910;30/09/2016
2016047811;1;1;1;1;7;910;30/09/2016
2016047812;2;1;1;2;2;910;30/09/2016
2016047813;3;1;1;2;3;910;30/09/2016
2016047814;1;1;1;2;2;940;01/10/2016
2016047815;2;1;1;1;4;910;02/10/2016
2016047816;3;1;1;1;2;910;02/10/2016
2016047817;1;1;1;1;6;910;03/10/2016
2016047818;2;1;1;1;3;910;03/10/2016
2016047819;2;1;1;1;3;910;04/10/2016
2016047820;1;1;1;1;5;910;04/10/2016
2016047821;1;1;1;1;4;910;04/10/2016
2016047822;1;1;1;1;2;910;05/10/2016
2016047823;1;1;1;1;4;920;05/10/2016
2016047824;3;1;1;1;6;910;06/10/2016
2016047825;3;1;1;1;4;910;06/10/2016
2016047826;1;1;1;1;3;910;06/10/2016
2016047827;1;1;1;1;4;910;06/10/2016
2016047828;3;1;1;1;6;770;06/10/2016
2016047829;1;1;1;1;2;920;06/10/2016
2016047830;2;1;1;1;2;910;07/10/2016
2016047831;1;1;1;1;6;910;08/10/2016
2016047832;2;1;1;1;4;940;08/10/2016
2016047833;1;1;1;1;5;910;09/10/2016
2016047834;1;1;1;1;4;910;09/10/2016
2016047835;1;1;1;1;2;940;09/10/2016
2016047836;1;1;1;1;5;940;10/10/2016
2016047837;1;1;1;1;7;940;11/10/2016
2016047838;1;1;1;1;2;940;11/10/2016
2016047839;1;1;1;1;7;910;10/10/2016
2016047840;1;1;1;1;2;910;11/10/2016
2016047841;1;1;1;1;3;940;11/10/2016
2016047842;2;1;1;1;2;910;12/10/2016
2016047843;2;1;1;1;3;910;12/10/2016
2016047844;3;1;1;1;4;940;13/10/2016
2016047845;1;1;1;1;4;940;14/10/2016
2016047846;1;1;1;1;6;910;14/10/2016
2016047847;2;1;1;2;7;910;14/10/2016
2016047848;2;1;1;3;7;940;14/10/2016
2016047849;1;1;1;3;3;920;14/10/2016
2016047850;2;1;1;2;4;910;14/10/2016
2016047851;5;1;1;1;6;940;15/10/2016
2016047852;1;1;1;1;2;910;15/10/2016
2016047853;1;1;1;1;4;940;15/10/2016
2016047854;3;1;1;2;6;910;15/10/2016
2016047855;3;1;1;1;2;910;15/10/2016
2016047856;2;1;1;1;2;940;16/10/2016
2016047857;2;1;1;1;4;910;16/10/2016
2016047858;5;1;1;2;6;940;15/10/2016
2016047859;3;1;1;1;3;910;17/10/2016
2016047860;1;1;1;2;3;910;17/10/2016
2016047861;1;1;1;2;2;910;19/10/2016
2016047862;1;1;1;2;3;910;19/10/2016
2016047863;1;1;1;1;2;940;20/10/2016
2016047864;1;1;1;1;2;940;20/10/2016
2016047865;2;1;1;2;4;910;20/10/2016
2016047866;3;1;1;1;3;940;20/10/2016
2016047867;5;1;1;8;2;940;20/10/2016
2016047868;3;1;1;1;5;910;21/10/2016
2016047869;2;1;1;1;7;910;21/10/2016
2016047870;1;1;1;8;2;910;21/10/2016
2016047871;1;1;1;8;3;910;21/10/2016
2016047872;1;1;1;2;3;910;21/10/2016
2016047873;4;1;1;5;6;910;22/10/2016
2016047874;1;1;1;1;4;940;22/10/2016
2016047875;1;1;1;1;7;910;22/10/2016
2016047876;1;1;1;1;2;940;22/10/2016
2016047877;3;1;1;1;3;940;22/10/2016
2016047878;2;1;1;1;2;910;23/10/2016
2016047879;2;1;1;3;6;910;23/10/2016
2016047880;1;1;1;2;3;940;24/10/2016
2016047881;3;1;1;2;2;910;24/10/2016
2016047882;1;1;1;2;2;910;24/10/2016
2016047883;1;1;1;3;3;940;24/10/2016
2016047884;1;1;1;2;6;910;24/10/2016
2016047885;1;1;1;2;7;910;24/10/2016
2016047886;1;1;1;2;6;910;24/10/2016
2016047887;2;1;1;1;4;910;25/10/2016
2016047888;1;1;1;1;3;910;26/10/2016
2016047889;3;1;1;8;2;910;27/10/2016
2016047890;1;1;1;5;3;910;27/10/2016
2016047891;1;1;1;1;7;910;27/10/2016
2016047892;1;1;1;1;2;910;27/10/2016
2016047893;1;1;1;1;4;910;27/10/2016
2016047894;5;1;1;8;4;910;28/10/2016
2016047895;1;1;1;1;2;910;28/10/2016
2016047896;1;1;1;1;3;940;28/10/2016
2016047897;1;1;1;1;4;920;29/10/2016
2016047898;3;1;1;1;6;920;28/10/2016
2016047899;5;1;1;1;5;940;30/10/2016
2016047900;3;1;1;1;2;910;30/10/2016
2016047901;1;1;1;1;7;910;30/10/2016
2016047902;1;1;1;1;6;910;30/10/2016
2016047903;2;1;1;1;4;910;30/10/2016
2016047904;5;1;1;1;2;940;31/10/2016
2016047905;1;1;1;1;2;910;31/10/2016
2016047906;2;1;1;1;4;910;31/10/2016
2016047907;1;1;1;1;4;940;01/11/2016