num_acc;lum;agg;inter;atm;col;dep;date
2016047908;3;1;1;1;5;910;02/11/2016
2016047909;2;1;1;1;2;910;02/11/2016
2016047910;1;1;1;1;4;910;02/11/2016
2016047911;4;1;1;1;5;910;03/11/2016
2016047912;4;1;1;1;2;910;03/11/2016
2016047913;3;1;1;1;4;910;03/11/2016
2016047914;1;1;1;1;2;910;03/11/2016
2016047915;1;1;1;1;3;940;03/11/2016
2016047916;1;1;1;1;4;910;03/11/2016
2016047917;3;1;1;1;2;910;03/11/2016
2016047918;1;1;1;1;3;940;04/11/2016
2016047919;3;1;1;2;7;910;04/11/2016
2016047920;3;1;1;2;5;770;04/11/2016
2016047921;5;1;1;2;5;940;04/11/2016
2016047922;3;1;1;2;6;910;05/11/2016
2016047923;5;1;1;2;5;940;05/11/2016
2016047924;1;1;1;2;6;910;05/11/2016
2016047925;1;1;1;1;6;910;06/11/2016
2016047926;1;1;1;1;2;940;07/11/2016
2016047927;1;1;1;4;5;770;07/11/2016
2016047928;1;1;1;5;3;910;08/11/2016
2016047929;3;1;1;1;5;910;08/11/2016
2016047930;3;1;1;2;2;910;08/11/2016
2016047931;3;1;1;2;7;910;10/11/2016
2016047932;1;1;1;8;5;940;10/11/2016
2016047933;1;1;1;2;7;940;10/11/2016
2016047934;1;1;1;2;7;910;10/11/2016
2016047935;3;1;1;2;2;940;09/11/2016
2016047936;3;1;1;3;2;910;10/11/2016
2016047937;3;1;1;3;4;910;10/11/2016
2016047938;3;1;1;2;6;770;10/11/2016
2016047939;4;1;1;1;2;920;12/11/2016
2016047940;1;1;1;2;6;910;13/11/2016
2016047941;1;1;1;2;7;940;13/11/2016
2016047942;1;1;1;2;6;940;13/11/2016
2016047943;2;1;1;2;3;910;13/11/2016
2016047944;1;1;1;2;2;910;15/11/2016
2016047945;3;1;1;2;6;910;12/11/2016
2016047946;1;1;1;2;6;910;15/11/2016
2016047947;3;1;1;2;3;910;12/11/2016
2016047948;3;1;1;2;2;910;13/11/2016
2016047949;1;1;1;8;3;910;16/11/2016
2016047950;1;1;1;1;3;910;17/11/2016
2016047951;3;1;1;2;6;910;18/11/2016
2016047952;1;1;1;1;5;910;18/11/2016
2016047953;3;1;1;1;4;910;18/11/2016
2016047954;3;1;1;1;4;910;18/11/2016
2016047955;2;1;1;1;6;910;19/11/2016
2016047956;1;1;1;1;5;920;19/11/2016
2016047957;3;1;1;1;5;910;19/11/2016
2016047958;1;1;1;2;7;910;20/11/2016
2016047959;1;1;1;2;7;940;20/11/2016
2016047960;3;1;1;2;6;910;20/11/2016
2016047961;3;1;1;2;2;910;20/11/2016
2016047962;1;1;1;1;5;910;21/11/2016
2016047963;3;1;1;1;2;910;22/11/2016
2016047964;3;1;1;1;7;910;22/11/2016
2016047965;1;1;1;1;2;910;22/11/2016
2016047966;3;1;1;1;2;910;22/11/2016
2016047967;1;1;1;1;3;940;23/11/2016
2016047968;3;1;1;1;4;910;23/11/2016
2016047969;1;1;1;1;3;920;24/11/2016
2016047970;3;1;1;1;4;910;25/11/2016
2016047971;5;1;1;1;3;940;26/11/2016
2016047972;5;1;1;8;2;940;26/11/2016
2016047973;1;1;1;1;5;910;26/11/2016
2016047974;3;1;1;1;7;910;26/11/2016
2016047975;5;1;1;1;5;940;27/11/2016
2016047976;3;1;1;1;4;910;28/11/2016
2016047977;2;1;1;1;2;910;28/11/2016
2016047978;1;1;1;1;2;910;28/11/2016
2016047979;1;1;1;1;2;910;28/11/2016
2016047980;1;1;1;1;2;910;28/11/2016
2016047981;1;1;1;1;2;920;29/11/2016
2016047982;3;1;1;1;3;910;30/11/2016
2016047983;1;1;1;1;3;910;30/11/2016
2016047984;1;1;1;1;5;910;30/11/2016
2016047985;1;1;1;1;2;910;30/11/2016
2016047986;1;1;1;1;2;920;30/11/2016
2016047987;1;1;1;1;2;940;01/12/2016
2016047988;1;1;1;1;5;940;02/12/2016
2016047989;1;1;1;1;4;910;02/12/2016
2016047990;3;1;1;1;3;910;04/12/2016
2016047991;1;1;1;1;3;940;05/12/2016
2016047992;1;1;1;1;2;910;05/12/2016
2016047993;1;1;1;1;4;910;05/12/2016
2016047994;3;1;1;1;5;910;05/12/2016
2016047995;2;1;1;1;4;910;07/12/2016
2016047996;1;1;1;1;4;910;07/12/2016
2016047997;1;1;1;1;3;910;07/12/2016
2016047998;3;1;1;1;3;910;07/12/2016
2016047999;3;1;1;1;2;910;07/12/2016
2016048000;5;1;1;1;4;940;07/12/2016
2016048001;1;1;1;1;2;910;09/12/2016
2016048002;4;1;1;1;3;940;09/12/2016
2016048003;1;1;1;1;7;910;09/12/2016
2016048004;3;1;1;1;4;910;10/12/2016
2016048005;1;1;1;1;1;910;11/12/2016
2016048006;5;1;1;1;2;940;11/12/2016
2016048007;3;1;1;1;2;910;11/12/2016
2016048008;5;1;1;1;3;940;11/12/2016
2016048009;2;1;1;2;7;910;12/12/2016
2016048010;3;1;1;2;2;910;12/12/2016
2016048011;3;1;1;2;2;910;12/12/2016
2016048012;3;1;1;2;3;910;13/12/2016
2016048013;3;1;1;1;4;910;13/12/2016
2016048014;1;1;1;1;2;910;14/12/2016
2016048015;1;1;1;1;2;910;14/12/2016
2016048016;1;1;1;1;5;940;14/12/2016
2016048017;2;1;1;1;5;910;16/12/2016
2016048018;1;1;1;1;7;910;16/12/2016
2016048019;1;1;1;1;3;910;16/12/2016
2016048020;1;1;1;1;4;940;16/12/2016
2016048021;2;1;1;1;4;910;17/12/2016
2016048022;3;1;1;1;4;910;17/12/2016
2016048023;3;1;1;1;2;910;18/12/2016
2016048024;3;1;1;5;5;910;18/12/2016
2016048025;2;1;1;5;7;910;18/12/2016
2016048026;3;1;1;5;2;940;18/12/2016
2016048027;3;1;1;8;3;920;19/12/2016
2016048028;1;1;1;1;2;910;19/12/2016
2016048029;3;1;1;1;6;910;20/12/2016
2016048030;2;1;1;1;3;940;21/12/2016
2016048031;3;1;1;2;7;940;22/12/2016
2016048032;3;1;1;5;2;910;23/12/2016
2016048033;4;1;1;2;7;910;22/12/2016
2016048034;5;1;1;1;4;940;23/12/2016
2016048035;3;1;1;1;3;910;23/12/2016
2016048036;3;1;1;2;6;940;24/12/2016
2016048037;1;1;1;8;5;910;24/12/2016
2016048038;1;1;1;1;6;910;24/12/2016
2016048039;1;1;1;2;6;910;26/12/2016
2016048040;3;1;1;1;7;910;25/12/2016
2016048041;1;1;1;1;7;910;27/12/2016
2016048042;3;1;1;1;6;910;27/12/2016
2016048043;2;1;1;2;5;910;26/12/2016
2016048044;3;1;1;1;2;920;28/12/2016
2016048045;1;1;1;1;4;940;28/12/2016
2016048046;1;1;1;1;4;910;28/12/2016
2016048047;1;1;1;1;3;910;28/12/2016
2016048048;4;1;1;1;2;940;28/12/2016
2016048049;1;1;1;1;3;910;29/12/2016
2016048050;2;1;1;5;6;770;29/12/2016
2016048051;2;1;1;1;4;920;29/12/2016
2016048052;3;1;1;1;3;940;29/12/2016
2016048053;3;1;1;5;2;910;30/12/2016
2016048054;1;1;1;5;2;910;30/12/2016
2016048055;3;1;1;5;2;910;30/12/2016
2016048056;3;1;1;5;1;910;30/12/2016
2016048057;2;1;1;7;6;202;07/01/2016
2016048058;5;2;3;3;3;202;14/01/2016
2016048059;5;2;6;2;2;202;15/01/2016
2016048060;3;1;1;2;4;202;18/01/2016
2016048061;1;1;1;3;7;202;20/01/2016
2016048062;1;2;1;1;5;202;21/01/2016
2016048063;1;2;1;1;1;202;22/01/2016
2016048064;1;2;4;1;3;202;30/01/2016
2016048065;5;2;2;1;6;202;30/01/2016
2016048066;1;1;1;1;1;202;02/02/2016
2016048067;5;2;2;2;6;202;02/02/2016
2016048068;1;1;1;1;6;202;03/02/2016
2016048069;1;2;1;8;6;202;07/02/2016
2016048070;1;1;3;1;3;202;07/02/2016
2016048071;5;2;7;3;6;202;09/02/2016
2016048072;1;2;1;2;3;202;12/02/2016
2016048073;5;2;1;2;1;202;14/02/2016
2016048074;1;2;1;1;1;202;18/02/2016
2016048075;1;2;1;1;2;202;19/02/2016
2016048076;5;2;6;1;3;202;21/02/2016
2016048077;1;2;1;1;3;202;22/02/2016
2016048078;1;2;1;1;4;202;22/02/2016
2016048079;1;2;1;1;6;202;23/02/2016
2016048080;3;1;1;3;2;202;25/02/2016
2016048081;2;2;1;8;6;202;27/02/2016
2016048082;1;2;1;1;3;202;01/03/2016
2016048083;1;1;1;1;7;202;01/03/2016
2016048084;1;2;7;1;6;202;02/03/2016
2016048085;1;2;1;1;6;202;04/03/2016
2016048086;1;2;1;1;2;202;07/03/2016
2016048087;1;2;1;1;5;202;07/03/2016
2016048088;1;1;1;1;2;202;07/03/2016
2016048089;1;2;3;1;5;202;09/03/2016
2016048090;5;1;1;1;7;202;10/03/2016
2016048091;1;2;1;1;2;202;11/03/2016
2016048092;1;1;1;1;2;202;14/03/2016
2016048093;1;2;1;1;4;202;16/03/2016
2016048094;1;2;1;1;6;202;22/03/2016
2016048095;5;2;3;1;3;202;01/04/2016
2016048096;1;1;6;1;3;202;03/04/2016
2016048097;1;1;9;1;3;202;05/04/2016
2016048098;1;2;1;1;3;202;06/04/2016
2016048099;1;1;9;1;3;202;08/04/2016
2016048100;1;2;1;2;6;202;09/04/2016
2016048101;1;1;1;1;1;202;11/04/2016
2016048102;1;2;1;1;6;202;11/04/2016
2016048103;3;1;1;1;2;202;11/04/2016
2016048104;1;2;1;1;1;202;13/04/2016
2016048105;1;2;1;1;2;202;14/04/2016
2016048106;3;1;1;1;6;202;17/04/2016
2016048107;1;2;1;1;6;202;17/04/2016
2016048108;1;1;1;1;7;202;18/04/2016
2016048109;1;1;1;1;6;202;19/04/2016
2016048110;1;2;1;1;6;202;19/04/2016
2016048111;5;1;2;1;1;202;19/04/2016
2016048112;2;2;2;1;7;202;20/04/2016
2016048113;1;2;1;1;6;202;21/04/2016
2016048114;2;2;6;1;2;202;21/04/2016
2016048115;1;2;1;1;3;202;22/04/2016
2016048116;2;2;1;1;6;202;22/04/2016
2016048117;1;2;1;1;3;202;28/04/2016
2016048118;1;2;1;1;6;202;30/04/2016
2016048119;1;2;1;1;2;202;02/05/2016
2016048120;1;2;1;1;2;202;09/05/2016
2016048121;5;1;1;1;2;202;09/05/2016
2016048122;1;2;1;1;3;202;10/05/2016
2016048123;3;1;1;2;7;202;10/05/2016
2016048124;1;2;6;1;3;202;13/05/2016
2016048125;1;1;1;1;6;202;13/05/2016
2016048126;1;1;1;1;4;202;18/05/2016
2016048127;1;2;1;1;2;202;18/05/2016
2016048128;1;1;1;1;2;202;21/05/2016
2016048129;1;2;1;1;5;202;23/05/2016
2016048130;1;2;1;1;2;202;23/05/2016
2016048131;1;2;6;1;3;202;25/05/2016
2016048132;1;2;1;1;6;202;29/05/2016
2016048133;1;2;1;2;2;202;01/06/2016
2016048134;1;2;1;1;6;202;02/06/2016
2016048135;1;1;6;1;3;202;04/06/2016
2016048136;1;2;1;1;2;202;08/06/2016
2016048137;1;1;1;1;5;202;08/06/2016
2016048138;1;2;1;1;1;202;09/06/2016
2016048139;1;2;1;1;3;202;11/06/2016
2016048140;1;1;1;1;3;202;14/06/2016
2016048141;1;1;1;1;1;202;13/06/2016
2016048142;1;2;1;1;3;202;15/06/2016
2016048143;1;2;1;1;2;202;15/06/2016
2016048144;1;2;7;1;6;202;16/06/2016
2016048145;1;1;1;1;2;202;16/06/2016
2016048146;5;1;1;1;6;202;17/06/2016
2016048147;1;2;1;1;2;202;14/06/2016
2016048148;1;2;1;1;1;202;20/06/2016
2016048149;1;2;1;1;5;202;21/06/2016
2016048150;5;2;1;1;3;202;23/06/2016
2016048151;1;2;9;1;2;202;24/06/2016
2016048152;1;1;1;1;6;202;25/06/2016
2016048153;1;1;1;1;4;202;27/06/2016
2016048154;5;2;1;1;6;202;28/06/2016
2016048155;1;2;1;1;6;202;30/06/2016
2016048156;1;2;6;1;4;202;01/07/2016
2016048157;5;1;6;1;2;202;03/07/2016
2016048158;1;2;3;1;3;202;06/07/2016
2016048159;1;2;1;1;3;202;06/07/2016
2016048160;1;1;1;1;2;202;08/07/2016
2016048161;1;1;1;1;4;202;12/07/2016
2016048162;1;2;1;1;5;202;17/07/2016
2016048163;1;2;1;1;1;202;22/07/2016
2016048164;1;2;1;1;6;202;25/07/2016
2016048165;1;1;1;1;2;202;27/07/2016
2016048166;5;1;1;1;6;202;28/07/2016
2016048167;2;1;1;1;7;202;31/07/2016
2016048168;1;1;4;1;3;202;31/07/2016
2016048169;1;2;1;2;2;202;01/08/2016
2016048170;1;2;2;1;2;202;05/08/2016
2016048171;1;2;3;1;3;202;08/08/2016
2016048172;5;2;1;1;1;202;08/08/2016
2016048173;5;2;1;1;5;202;11/08/2016
2016048174;1;2;3;1;3;202;11/08/2016
2016048175;1;2;1;1;6;202;12/08/2016
2016048176;2;2;1;1;7;202;12/08/2016
2016048177;1;2;1;7;6;202;14/08/2016
2016048178;1;2;1;1;6;202;15/08/2016
2016048179;1;2;1;1;3;202;22/08/2016
2016048180;1;2;1;1;3;202;22/08/2016
2016048181;1;1;1;1;3;202;24/08/2016
2016048182;5;2;1;1;7;202;25/08/2016
2016048183;5;1;3;1;6;202;28/08/2016
2016048184;1;2;1;1;3;202;31/08/2016
2016048185;5;2;1;1;6;202;01/09/2016
2016048186;1;2;9;1;3;202;01/09/2016
2016048187;2;2;1;1;2;202;06/09/2016
2016048188;1;2;1;1;2;202;07/09/2016
2016048189;1;2;2;1;1;202;12/09/2016
2016048190;1;1;1;1;6;202;12/09/2016
2016048191;1;2;1;1;6;202;13/09/2016
2016048192;1;2;1;1;4;202;13/09/2016
2016048193;3;2;1;1;6;202;13/09/2016
2016048194;1;2;1;1;1;202;14/09/2016
2016048195;1;2;4;1;7;202;26/09/2016
2016048196;1;2;9;1;3;202;27/09/2016
2016048197;1;2;1;1;1;202;28/09/2016
2016048198;1;2;1;1;1;202;29/09/2016
2016048199;1;2;1;1;3;202;03/10/2016
2016048200;1;2;1;1;2;202;04/10/2016
2016048201;1;2;6;1;3;202;05/10/2016
2016048202;1;1;3;1;1;202;07/10/2016
2016048203;1;2;3;1;3;202;07/10/2016
2016048204;5;2;1;1;2;202;10/10/2016
2016048205;5;2;3;1;6;202;10/10/2016
2016048206;1;2;1;1;6;202;12/10/2016
2016048207;1;1;1;2;5;202;14/10/2016
2016048208;5;2;1;1;6;202;16/10/2016
2016048209;1;2;1;1;4;202;18/10/2016
2016048210;1;2;1;1;1;202;19/10/2016
2016048211;5;2;1;1;3;202;20/10/2016
2016048212;1;2;1;7;6;202;31/10/2016
2016048213;5;2;4;1;7;202;01/11/2016
2016048214;1;2;1;4;4;202;08/11/2016
2016048215;5;1;6;1;3;202;08/11/2016
2016048216;5;2;1;1;2;202;13/11/2016
2016048217;5;2;1;1;2;202;22/11/2016
2016048218;1;2;1;8;3;202;23/11/2016
2016048219;1;2;1;3;6;202;24/11/2016
2016048220;1;1;1;1;3;202;25/11/2016
2016048221;1;2;3;1;2;202;26/11/2016
2016048222;2;2;1;2;3;202;28/11/2016
2016048223;1;2;1;1;6;202;29/11/2016
2016048224;5;2;1;1;6;202;29/11/2016
2016048225;1;2;1;1;3;202;01/12/2016
2016048226;2;2;1;1;2;202;04/12/2016
2016048227;1;1;1;2;3;202;05/12/2016
2016048228;1;2;1;1;2;202;07/12/2016
2016048229;5;2;1;1;2;202;07/12/2016
2016048230;1;2;1;1;3;202;09/12/2016
2016048231;4;1;1;1;4;202;09/12/2016
2016048232;1;2;1;1;7;202;10/12/2016
2016048233;3;1;1;1;7;202;10/12/2016
2016048234;1;2;1;1;6;202;13/12/2016
2016048235;1;1;1;1;1;202;14/12/2016
2016048236;1;2;1;1;3;202;16/12/2016
2016048237;5;2;1;1;3;202;17/12/2016
2016048238;5;2;3;1;1;202;21/12/2016
2016048239;1;2;1;1;2;202;23/12/2016
2016048240;1;1;2;1;3;202;27/12/2016
2016048241;5;2;2;1;6;690;01/01/2016
2016048242;1;2;4;1;6;690;05/01/2016
2016048243;5;2;3;1;3;690;04/01/2016
2016048244;5;2;1;2;6;690;06/01/2016
2016048245;1;2;1;1;6;690;01/01/2016
2016048246;1;2;3;2;3;690;08/01/2016
2016048247;1;2;3;1;6;690;08/01/2016
2016048248;1;2;1;8;6;690;31/12/2016
2016048249;1;2;1;1;6;690;08/01/2016
2016048250;1;2;1;1;6;690;09/01/2016
2016048251;1;2;2;1;1;690;10/01/2016
2016048252;2;2;1;9;7;690;11/01/2016
2016048253;1;2;1;1;6;690;10/01/2016
2016048254;1;2;1;1;2;690;11/01/2016
2016048255;1;2;3;2;3;690;08/01/2016
2016048256;1;2;3;2;3;690;08/01/2016
2016048257;1;2;1;2;6;690;10/01/2016
2016048258;1;2;1;1;3;690;13/01/2016
2016048259;5;2;4;1;6;690;13/01/2016
2016048260;2;2;1;2;3;690;14/01/2016
2016048261;5;2;9;1;6;690;14/01/2016
2016048262;5;1;3;4;6;690;15/01/2016
2016048263;5;2;2;1;3;690;17/01/2016
2016048264;5;2;1;8;6;690;18/01/2016
2016048265;1;1;1;8;2;690;14/01/2016
2016048266;5;2;1;2;1;690;18/01/2016
2016048267;1;2;3;4;3;690;18/01/2016
2016048268;1;2;1;1;6;690;19/01/2016
2016048269;1;2;1;1;5;690;16/01/2016
2016048270;1;1;1;2;2;690;20/01/2016
2016048271;1;2;2;1;3;690;20/01/2016
2016048272;5;2;1;1;6;690;23/01/2016
2016048273;5;2;2;1;3;690;24/01/2016
2016048274;5;2;2;1;1;690;25/01/2016
2016048275;1;2;1;1;7;690;07/01/2016
2016048276;5;2;9;5;6;690;30/01/2016
2016048277;2;2;1;5;5;690;30/01/2016
2016048278;5;2;1;1;6;690;31/01/2016
2016048279;5;2;1;2;1;690;01/02/2016
2016048280;5;2;6;2;2;690;31/01/2016
2016048281;1;2;1;1;3;690;28/01/2016
2016048282;5;2;1;2;6;690;03/02/2016
2016048283;1;2;2;2;6;690;03/02/2016
2016048284;1;1;3;8;6;690;03/02/2016
2016048285;1;2;1;1;6;690;23/01/2016
2016048286;2;2;4;2;3;690;05/02/2016
2016048287;1;2;1;1;6;690;05/02/2016
2016048288;3;2;1;1;6;690;06/02/2016
2016048289;1;2;1;1;2;690;30/01/2016
2016048290;1;1;1;1;2;690;05/02/2016
2016048291;5;2;1;1;3;690;08/02/2016
2016048292;2;1;1;1;6;690;09/02/2016
2016048293;1;2;2;1;3;690;09/02/2016
2016048294;5;2;2;1;3;690;10/02/2016
2016048295;5;2;1;8;3;690;10/02/2016
2016048296;5;2;1;2;2;690;08/02/2016
2016048297;1;2;1;3;6;690;12/02/2016
2016048298;5;2;1;2;5;690;12/02/2016
2016048299;1;2;1;1;6;690;09/02/2016
2016048300;5;2;1;1;6;690;17/02/2016
2016048301;1;2;2;1;3;690;19/02/2016
2016048302;1;2;9;1;6;690;18/02/2016
2016048303;5;2;1;8;6;690;20/02/2016
2016048304;5;2;2;1;3;690;19/02/2016
2016048305;5;2;1;1;6;690;21/02/2016
2016048306;5;2;1;2;6;690;22/02/2016
2016048307;5;2;1;2;7;690;23/02/2016
2016048308;1;2;1;2;2;690;22/02/2016
2016048309;5;2;2;2;6;690;24/02/2016
2016048310;5;2;1;1;6;690;27/02/2016
2016048311;1;2;1;1;6;690;27/02/2016
2016048312;5;2;1;1;3;690;28/02/2016
2016048313;1;2;1;1;6;690;01/03/2016
2016048314;1;2;3;1;5;690;01/03/2016
2016048315;1;2;1;1;6;690;01/03/2016
2016048316;5;2;2;2;6;690;02/03/2016
2016048317;1;2;3;1;1;690;03/03/2016
2016048318;1;2;1;1;6;690;04/03/2016
2016048319;2;2;1;1;6;690;04/03/2016
2016048320;2;2;3;8;3;690;06/03/2016
2016048321;1;2;1;1;6;690;06/03/2016
2016048322;1;2;1;1;6;690;04/03/2016
2016048323;5;2;1;1;6;690;08/03/2016
2016048324;1;2;1;1;6;690;10/03/2016
2016048325;5;2;1;1;6;690;12/03/2016
2016048326;4;2;1;1;1;690;12/03/2016
2016048327;1;2;1;1;3;690;12/03/2016
2016048328;1;2;2;1;3;690;13/03/2016
2016048329;1;2;2;1;5;690;14/03/2016
2016048330;1;2;2;1;3;690;13/03/2016
2016048331;1;2;1;1;6;690;15/03/2016
2016048332;1;2;1;1;1;690;15/03/2016
2016048333;1;2;1;1;3;690;18/03/2016
2016048334;5;2;1;1;6;690;18/03/2016
2016048335;1;2;1;1;2;690;14/03/2016
2016048336;5;2;2;1;3;690;11/03/2016
2016048337;1;2;3;1;6;690;20/03/2016
2016048338;5;2;3;1;3;690;19/03/2016
2016048339;1;2;1;8;1;690;20/03/2016
2016048340;3;2;1;1;7;690;20/03/2016
2016048341;1;2;1;1;2;690;22/03/2016
2016048342;1;2;3;1;3;690;23/03/2016
2016048343;1;2;1;1;4;690;23/03/2016
2016048344;1;2;1;1;1;690;24/03/2016
2016048345;5;2;2;1;3;690;26/03/2016
2016048346;5;2;1;8;7;690;26/03/2016
2016048347;2;2;3;1;3;690;24/03/2016
2016048348;1;1;1;1;6;690;27/03/2016
2016048349;5;2;7;1;6;690;28/03/2016
2016048350;1;2;1;3;3;690;29/03/2016
2016048351;1;2;3;1;2;690;30/03/2016
2016048352;5;2;2;1;3;690;30/03/2016
2016048353;1;2;1;8;3;690;31/03/2016
2016048354;5;2;1;1;2;690;01/04/2016
2016048355;1;2;1;1;5;690;02/04/2016
2016048356;5;2;2;1;3;690;03/04/2016
2016048357;5;2;1;1;6;690;04/04/2016
2016048358;1;2;2;1;3;690;04/04/2016
2016048359;1;1;1;2;2;690;05/04/2016
2016048360;1;1;1;2;7;690;05/04/2016
2016048361;1;2;1;1;4;690;04/04/2016
2016048362;1;2;1;1;2;690;06/04/2016
2016048363;1;2;3;1;3;690;06/04/2016
2016048364;1;1;1;1;6;690;06/04/2016
2016048365;1;2;1;1;6;690;06/04/2016
2016048366;1;2;1;1;6;690;08/04/2016
2016048367;1;2;2;1;3;690;08/04/2016
2016048368;1;2;1;1;3;690;09/04/2016
2016048369;1;2;2;1;3;690;10/04/2016
2016048370;1;2;1;1;7;690;10/04/2016
2016048371;1;2;1;1;6;690;11/04/2016
2016048372;5;2;9;1;7;690;12/04/2016
2016048373;1;2;1;1;2;690;13/04/2016
2016048374;1;2;1;1;6;690;13/04/2016
2016048375;1;2;1;1;2;690;14/04/2016
2016048376;1;2;2;1;3;690;14/04/2016
2016048377;1;1;1;1;6;690;08/04/2016
2016048378;1;2;1;1;3;690;15/04/2016
2016048379;5;2;1;2;6;690;15/04/2016
2016048380;1;2;1;1;6;690;15/04/2016
2016048381;1;2;3;1;2;690;18/04/2016
2016048382;1;2;3;1;6;690;18/04/2016
2016048383;1;1;1;1;2;690;21/04/2016
2016048384;1;2;1;1;6;690;21/04/2016
2016048385;1;2;1;1;6;690;21/04/2016
2016048386;1;1;1;1;3;690;21/04/2016
2016048387;5;2;1;1;6;690;21/04/2016
2016048388;1;2;1;1;7;690;24/04/2016
2016048389;1;2;1;2;5;690;26/04/2016
2016048390;1;2;1;1;2;690;27/04/2016
2016048391;1;2;1;1;7;690;27/04/2016
2016048392;1;2;1;1;2;690;28/04/2016
2016048393;1;2;1;1;2;690;29/04/2016
2016048394;1;2;2;1;3;690;29/04/2016
2016048395;1;2;1;2;6;690;30/04/2016
2016048396;1;2;1;3;1;690;01/05/2016
2016048397;1;2;1;1;5;690;30/04/2016
2016048398;1;2;1;1;6;690;04/05/2016
2016048399;1;2;1;1;3;690;04/05/2016
2016048400;1;2;3;1;3;690;04/05/2016
2016048401;1;2;1;1;6;690;04/05/2016
2016048402;1;2;1;1;6;690;04/05/2016
2016048403;1;1;2;1;3;690;07/05/2016
2016048404;1;2;1;1;6;690;08/05/2016
2016048405;1;2;1;1;6;690;05/05/2016
2016048406;1;2;1;2;6;690;09/05/2016
2016048407;1;2;1;1;3;690;10/05/2016
2016048408;1;2;1;2;6;690;11/05/2016
2016048409;1;2;1;3;6;690;13/05/2016
2016048410;1;2;1;2;4;690;13/05/2016
2016048411;1;2;1;3;4;690;13/05/2016
2016048412;5;2;9;1;1;690;14/05/2016
2016048413;2;2;1;1;2;690;14/05/2016
2016048414;1;2;1;1;2;690;15/05/2016
2016048415;5;2;1;1;6;690;16/05/2016
2016048416;1;2;1;1;3;690;17/05/2016
2016048417;1;2;1;1;4;690;16/05/2016
2016048418;1;2;1;1;5;690;17/05/2016
2016048419;1;2;1;1;3;690;17/05/2016
2016048420;1;2;3;1;3;690;17/05/2016
2016048421;1;2;3;1;5;690;18/05/2016
2016048422;1;2;1;8;3;690;19/05/2016
2016048423;5;1;1;2;7;690;19/05/2016
2016048424;1;2;1;1;6;690;19/05/2016
2016048425;1;2;1;1;6;690;10/05/2016
2016048426;1;2;4;1;3;690;26/05/2016
2016048427;1;2;1;1;6;690;26/05/2016
2016048428;1;2;1;1;3;690;26/05/2016
2016048429;5;2;1;1;2;690;28/05/2016
2016048430;5;2;1;2;2;690;29/05/2016
2016048431;1;2;1;1;6;690;30/05/2016
2016048432;1;2;7;8;6;690;30/05/2016
2016048433;5;2;2;2;3;690;31/05/2016
2016048434;1;2;1;2;6;690;31/05/2016
2016048435;1;2;1;2;6;690;31/05/2016
2016048436;1;2;2;1;3;690;26/05/2016
2016048437;1;1;2;8;3;690;01/06/2016
2016048438;1;2;1;1;3;690;01/06/2016
2016048439;1;2;3;1;3;690;01/06/2016
2016048440;1;2;3;1;6;690;01/06/2016
2016048441;1;2;1;3;6;690;02/06/2016
2016048442;1;2;1;1;3;690;03/06/2016
2016048443;1;2;1;1;7;690;06/06/2016
2016048444;1;2;1;1;6;690;06/06/2016
2016048445;1;2;1;1;6;690;06/06/2016
2016048446;1;2;1;1;6;690;06/06/2016
2016048447;5;2;2;1;3;690;07/06/2016
2016048448;1;2;1;1;7;690;07/06/2016
2016048449;1;2;2;1;3;690;07/06/2016
2016048450;5;2;1;1;6;690;08/06/2016
2016048451;1;2;1;1;1;690;08/06/2016
2016048452;1;2;1;1;6;690;09/06/2016
2016048453;1;2;1;1;6;690;10/06/2016
2016048454;1;2;1;1;2;690;10/06/2016
2016048455;5;2;1;1;6;690;11/06/2016
2016048456;1;2;1;1;6;690;11/06/2016
2016048457;1;2;1;1;6;690;11/06/2016
2016048458;1;2;2;1;3;690;11/06/2016
2016048459;1;2;1;1;3;690;09/06/2016
2016048460;5;2;1;1;3;690;12/06/2016
2016048461;1;2;1;8;6;690;13/06/2016
2016048462;1;2;1;1;6;690;14/06/2016
2016048463;5;2;3;1;3;690;14/06/2016
2016048464;5;2;1;1;6;690;15/06/2016
2016048465;1;2;3;1;6;690;10/06/2016
2016048466;1;2;2;1;3;690;15/06/2016
2016048467;1;2;2;2;3;690;16/06/2016
2016048468;1;2;1;1;6;690;14/06/2016
2016048469;1;1;1;1;2;690;17/06/2016
2016048470;1;2;2;1;3;690;17/06/2016
2016048471;1;2;6;1;3;690;18/06/2016
2016048472;2;2;1;1;6;690;19/06/2016
2016048473;1;2;1;1;1;690;19/06/2016
2016048474;1;2;1;1;6;690;20/06/2016
2016048475;1;2;1;1;7;690;20/06/2016
2016048476;1;2;1;1;6;690;20/06/2016
2016048477;1;2;1;1;2;690;18/06/2016
2016048478;2;2;3;1;6;690;21/06/2016
2016048479;5;2;1;1;2;690;21/06/2016
2016048480;1;2;1;1;7;690;22/06/2016
2016048481;1;2;1;1;2;690;22/06/2016
2016048482;1;2;1;1;4;690;22/06/2016
2016048483;1;2;1;1;2;690;23/06/2016
2016048484;1;2;2;1;3;690;23/06/2016