num_acc;lum;agg;inter;atm;col;dep;date
2016049637;4;1;1;1;2;330;01/01/2016
2016049638;1;1;1;2;4;330;02/01/2016
2016049639;1;1;1;2;6;330;02/01/2016
2016049640;5;1;1;2;4;330;02/01/2016
2016049641;5;1;1;2;6;330;03/01/2016
2016049642;2;1;1;8;6;330;03/01/2016
2016049643;1;1;1;2;6;330;03/01/2016
2016049644;5;1;1;3;6;330;03/01/2016
2016049645;1;1;1;2;5;330;05/01/2016
2016049646;1;1;1;2;6;330;05/01/2016
2016049647;5;1;1;2;6;330;05/01/2016
2016049648;1;1;1;1;2;330;27/12/2016
2016049649;5;1;1;3;5;330;05/01/2016
2016049650;1;1;1;3;1;330;06/01/2016
2016049651;1;1;1;2;5;330;06/01/2016
2016049652;1;1;1;1;6;330;07/01/2016
2016049653;1;1;1;8;4;330;07/01/2016
2016049654;5;1;1;3;1;330;07/01/2016
2016049655;5;1;1;2;2;330;08/01/2016
2016049656;2;1;1;2;6;330;16/01/2016
2016049657;1;1;1;3;6;330;10/01/2016
2016049658;3;1;1;2;1;330;13/01/2016
2016049659;1;1;1;2;3;330;14/01/2016
2016049660;1;1;1;1;3;330;14/01/2016
2016049661;1;1;1;1;3;330;15/01/2016
2016049662;5;1;1;1;2;330;16/01/2016
2016049663;5;1;1;2;2;330;18/01/2016
2016049664;5;1;1;2;6;330;18/01/2016
2016049665;4;1;1;2;6;330;18/01/2016
2016049666;1;1;1;1;3;330;19/01/2016
2016049667;2;1;1;2;7;330;19/01/2016
2016049668;1;1;1;2;2;330;19/01/2016
2016049669;1;1;1;5;4;330;21/01/2016
2016049670;1;1;1;5;2;330;21/01/2016
2016049671;5;1;1;3;2;330;22/01/2016
2016049672;1;1;1;1;5;330;26/01/2016
2016049673;3;1;1;1;5;330;27/01/2016
2016049674;3;1;1;1;6;330;28/01/2016
2016049675;3;1;1;3;2;330;30/01/2016
2016049676;5;1;1;2;1;330;30/01/2016
2016049677;3;1;1;3;6;330;31/01/2016
2016049678;1;1;1;2;6;330;31/01/2016
2016049679;3;1;1;2;4;330;31/01/2016
2016049680;1;1;1;2;2;330;01/02/2016
2016049681;1;1;1;2;2;330;01/02/2016
2016049682;3;1;1;2;7;330;03/02/2016
2016049683;1;1;1;1;6;330;05/02/2016
2016049684;1;1;1;1;2;330;05/02/2016
2016049685;1;1;1;2;2;330;08/02/2016
2016049686;5;1;1;3;2;330;09/02/2016
2016049687;2;1;1;2;3;330;12/02/2016
2016049688;5;1;1;1;6;330;14/02/2016
2016049689;2;1;1;1;6;330;14/02/2016
2016049690;1;1;1;1;6;330;14/02/2016
2016049691;1;1;1;2;6;330;14/02/2016
2016049692;1;1;1;1;6;330;15/02/2016
2016049693;1;1;1;1;6;330;18/02/2016
2016049694;5;1;1;2;6;330;21/02/2016
2016049695;5;1;1;1;6;330;21/02/2016
2016049696;2;1;1;1;3;330;22/02/2016
2016049697;1;1;1;2;6;330;23/02/2016
2016049698;1;1;1;1;6;330;26/02/2016
2016049699;1;1;1;1;6;330;27/02/2016
2016049700;1;1;1;1;5;330;03/03/2016
2016049701;3;1;1;2;1;330;03/03/2016
2016049702;1;1;1;2;7;330;04/03/2016
2016049703;1;1;1;2;5;330;04/03/2016
2016049704;1;1;1;2;3;330;04/03/2016
2016049705;1;1;1;1;1;330;05/03/2016
2016049706;1;1;1;1;4;330;06/03/2016
2016049707;5;1;1;1;1;330;06/03/2016
2016049708;1;1;1;1;4;330;07/03/2016
2016049709;3;1;1;1;2;330;08/03/2016
2016049710;1;1;1;1;2;330;11/03/2016
2016049711;1;1;1;1;4;330;14/03/2016
2016049712;1;1;1;1;6;330;14/03/2016
2016049713;1;1;1;1;4;330;15/03/2016
2016049714;1;1;1;1;3;330;17/03/2016
2016049715;3;1;1;1;6;330;19/03/2016
2016049716;1;1;1;2;2;330;02/03/2016
2016049717;1;1;1;1;2;330;21/03/2016
2016049718;1;1;1;1;4;330;22/03/2016
2016049719;1;1;1;1;3;330;23/03/2016
2016049720;1;1;1;1;2;330;24/03/2016
2016049721;5;1;1;2;2;330;25/03/2016
2016049722;1;1;1;1;3;330;26/03/2016
2016049723;1;1;1;1;2;330;29/03/2016
2016049724;1;1;1;1;6;330;01/04/2016
2016049725;1;1;1;1;2;330;04/04/2016
2016049726;1;1;1;1;3;330;07/04/2016
2016049727;2;1;1;1;2;330;08/04/2016
2016049728;1;1;1;2;2;330;12/04/2016
2016049729;1;1;1;1;3;330;20/04/2016
2016049730;1;1;1;1;5;330;25/04/2016
2016049731;1;1;1;2;5;330;26/04/2016
2016049732;1;1;1;1;2;330;27/04/2016
2016049733;1;1;1;1;2;330;29/04/2016
2016049734;1;1;1;1;7;330;29/04/2016
2016049735;1;1;1;6;2;330;30/04/2016
2016049736;1;1;1;1;6;330;03/05/2016
2016049737;1;1;1;1;2;330;03/05/2016
2016049738;3;1;1;1;4;330;03/05/2016
2016049739;1;1;1;1;3;330;04/05/2016
2016049740;1;1;1;1;6;330;05/05/2016
2016049741;1;1;1;1;6;330;05/05/2016
2016049742;1;1;1;1;4;330;05/05/2016
2016049743;1;1;1;1;6;330;06/05/2016
2016049744;1;1;1;2;5;330;09/05/2016
2016049745;1;1;1;1;6;330;09/05/2016
2016049746;1;1;1;1;4;330;10/05/2016
2016049747;5;1;1;1;6;330;13/05/2016
2016049748;3;1;1;1;2;330;15/05/2016
2016049749;5;1;1;1;7;330;18/05/2016
2016049750;1;1;1;1;2;330;18/05/2016
2016049751;1;1;1;1;4;330;18/05/2016
2016049752;1;1;1;2;6;330;20/05/2016
2016049753;1;1;1;1;5;330;20/05/2016
2016049754;5;1;1;1;6;330;27/05/2016
2016049755;1;1;1;1;2;330;27/05/2016
2016049756;1;1;1;1;6;330;31/05/2016
2016049757;1;1;1;3;3;330;01/06/2016
2016049758;1;1;1;1;3;330;02/06/2016
2016049759;1;1;1;1;4;330;02/06/2016
2016049760;1;1;1;1;5;330;03/06/2016
2016049761;1;1;1;1;2;330;04/06/2016
2016049762;3;1;1;1;2;330;05/06/2016
2016049763;5;1;1;1;2;330;08/06/2016
2016049764;1;1;1;1;5;330;07/06/2016
2016049765;1;1;1;2;2;330;10/06/2016
2016049766;1;1;1;2;6;330;10/06/2016
2016049767;1;1;1;2;5;330;13/06/2016
2016049768;1;1;1;2;3;330;17/06/2016
2016049769;1;1;1;2;2;330;16/06/2016
2016049770;1;1;1;1;6;330;16/06/2016
2016049771;1;1;1;2;4;330;17/06/2016
2016049772;1;1;1;8;3;330;17/06/2016
2016049773;3;1;1;3;6;330;18/06/2016
2016049774;5;1;1;3;2;330;18/06/2016
2016049775;1;1;1;1;6;330;21/06/2016
2016049776;1;1;1;1;2;330;22/06/2016
2016049777;1;1;1;1;2;330;23/06/2016
2016049778;1;1;1;1;4;330;23/06/2016
2016049779;1;1;1;1;2;330;24/06/2016
2016049780;1;1;1;1;7;330;26/06/2016
2016049781;3;1;1;1;2;330;27/06/2016
2016049782;1;1;1;1;5;330;28/06/2016
2016049783;1;1;1;1;3;330;28/06/2016
2016049784;1;1;1;1;6;330;28/06/2016
2016049785;1;1;1;1;6;330;29/06/2016
2016049786;1;1;1;1;6;330;30/06/2016
2016049787;1;1;1;1;2;330;30/06/2016
2016049788;5;1;1;1;6;330;02/07/2016
2016049789;1;1;1;1;6;330;03/07/2016
2016049790;1;1;1;1;2;330;03/07/2016
2016049791;1;1;1;1;4;330;06/07/2016
2016049792;1;1;1;1;3;330;11/07/2016
2016049793;1;1;1;1;3;330;13/07/2016
2016049794;1;1;1;1;2;330;13/07/2016
2016049795;1;1;1;1;2;330;14/07/2016
2016049796;1;1;1;1;4;330;15/07/2016
2016049797;1;1;1;1;2;330;16/07/2016
2016049798;5;1;1;1;3;330;21/07/2016
2016049799;1;1;1;1;5;330;18/07/2016
2016049800;1;1;1;1;4;330;22/07/2016
2016049801;1;1;1;1;5;330;25/07/2016
2016049802;1;1;1;1;4;330;28/07/2016
2016049803;1;1;1;1;4;330;28/07/2016
2016049804;1;1;1;1;5;330;02/08/2016
2016049805;1;1;1;1;2;330;04/08/2016
2016049806;1;1;1;2;6;330;04/08/2016
2016049807;1;1;1;2;6;330;04/08/2016
2016049808;1;1;1;1;4;330;05/08/2016
2016049809;1;1;1;1;5;330;05/08/2016
2016049810;1;1;1;1;2;330;06/08/2016
2016049811;1;1;1;1;3;330;12/08/2016
2016049812;1;1;1;1;4;330;14/08/2016
2016049813;1;1;1;1;2;330;16/08/2016
2016049814;1;1;1;1;4;330;12/08/2016
2016049815;1;1;1;1;4;330;18/08/2016
2016049816;1;1;1;1;3;330;19/08/2016
2016049817;1;1;1;1;4;330;19/08/2016
2016049818;1;1;1;1;4;330;20/08/2016
2016049819;1;1;1;1;2;330;22/08/2016
2016049820;1;1;1;1;4;330;21/08/2016
2016049821;3;1;1;1;7;330;23/08/2016
2016049822;1;1;1;1;4;330;23/08/2016
2016049823;1;1;1;1;1;330;25/08/2016
2016049824;1;1;1;1;2;330;26/08/2016
2016049825;1;1;1;1;4;330;31/08/2016
2016049826;1;1;1;1;2;330;02/09/2016
2016049827;1;1;1;1;2;330;03/09/2016
2016049828;5;1;1;1;2;330;04/09/2016
2016049829;1;1;1;1;6;330;06/09/2016
2016049830;1;1;1;1;2;330;06/09/2016
2016049831;1;1;1;1;5;330;06/09/2016
2016049832;1;1;1;1;2;330;07/09/2016
2016049833;1;1;1;2;2;330;08/09/2016
2016049834;1;1;1;1;2;330;08/09/2016
2016049835;5;1;1;1;7;330;08/09/2016
2016049836;1;1;1;1;5;330;09/09/2016
2016049837;1;1;1;1;2;330;09/09/2016
2016049838;5;1;1;1;6;330;10/09/2016
2016049839;1;1;1;1;6;330;12/09/2016
2016049840;3;1;1;2;6;330;13/09/2016
2016049841;1;1;1;2;4;330;16/09/2016
2016049842;2;1;1;1;6;330;16/09/2016
2016049843;1;1;1;1;6;330;18/09/2016
2016049844;1;1;1;1;5;330;19/09/2016
2016049845;1;1;1;1;6;330;19/09/2016
2016049846;1;1;1;1;4;330;20/09/2016
2016049847;3;1;1;1;1;330;21/09/2016
2016049848;3;1;1;1;2;330;22/09/2016
2016049849;1;1;1;1;3;330;22/09/2016
2016049850;1;1;1;1;2;330;24/09/2016
2016049851;1;1;1;1;3;330;23/09/2016
2016049852;1;1;1;1;6;330;26/09/2016
2016049853;1;1;1;1;2;330;28/09/2016
2016049854;1;1;1;1;7;330;29/09/2016
2016049855;1;1;1;1;3;330;29/09/2016
2016049856;1;1;1;1;4;330;29/09/2016
2016049857;1;1;1;1;4;330;29/09/2016
2016049858;1;1;1;1;2;330;01/10/2016
2016049859;3;1;1;1;5;330;01/10/2016
2016049860;1;1;1;1;3;330;03/10/2016
2016049861;2;1;1;1;2;330;06/10/2016
2016049862;5;1;1;1;2;330;07/10/2016
2016049863;1;1;1;1;7;330;08/10/2016
2016049864;5;1;1;1;6;330;10/10/2016
2016049865;5;1;1;1;6;330;09/10/2016
2016049866;1;1;1;1;3;330;10/10/2016
2016049867;1;1;1;1;7;330;10/10/2016
2016049868;1;1;1;1;3;330;12/10/2016
2016049869;1;1;1;1;2;330;12/10/2016
2016049870;5;1;1;1;2;330;14/10/2016
2016049871;5;1;1;1;2;330;15/10/2016
2016049872;3;1;1;1;6;330;16/10/2016
2016049873;5;1;1;1;2;330;17/10/2016
2016049874;2;1;1;1;6;330;17/10/2016
2016049875;1;1;1;2;2;330;17/10/2016
2016049876;1;1;1;1;6;330;17/10/2016
2016049877;1;1;1;2;3;330;17/10/2016
2016049878;1;1;1;1;5;330;17/10/2016
2016049879;1;1;1;1;2;330;17/10/2016
2016049880;2;1;1;1;2;330;17/10/2016
2016049881;1;1;1;1;3;330;18/10/2016
2016049882;3;1;1;1;3;330;20/10/2016
2016049883;1;1;1;1;3;330;20/10/2016
2016049884;1;1;1;1;3;330;20/10/2016
2016049885;1;1;1;1;4;330;21/10/2016
2016049886;1;1;1;1;2;330;21/10/2016
2016049887;2;1;1;1;2;330;24/10/2016
2016049888;5;1;1;1;6;330;27/10/2016
2016049889;1;1;1;1;4;330;28/10/2016
2016049890;3;1;1;1;4;330;28/10/2016
2016049891;5;1;1;1;4;330;28/10/2016
2016049892;1;1;1;1;6;330;29/10/2016
2016049893;1;1;1;1;2;330;31/10/2016
2016049894;3;1;1;1;6;330;01/11/2016
2016049895;3;1;1;1;2;330;01/11/2016
2016049896;2;1;1;1;3;330;01/11/2016
2016049897;3;1;1;1;6;330;03/11/2016
2016049898;1;1;1;1;4;330;03/11/2016
2016049899;1;1;1;1;3;330;03/11/2016
2016049900;1;1;1;1;6;330;03/11/2016
2016049901;1;1;1;1;2;330;03/11/2016
2016049902;1;1;1;1;3;330;03/11/2016
2016049903;5;1;1;1;5;330;03/11/2016
2016049904;2;1;1;5;3;330;04/11/2016
2016049905;3;1;1;2;6;330;06/11/2016
2016049906;4;1;1;2;6;330;08/11/2016
2016049907;3;1;1;2;6;330;08/11/2016
2016049908;5;1;1;2;6;330;09/11/2016
2016049909;1;1;1;2;4;330;10/11/2016
2016049910;5;1;1;2;6;330;10/11/2016
2016049911;1;1;1;1;6;330;11/11/2016
2016049912;5;1;1;2;4;330;12/11/2016
2016049913;1;1;1;8;6;330;14/11/2016
2016049914;3;1;1;1;6;330;14/11/2016
2016049915;4;1;1;1;4;330;17/11/2016
2016049916;5;1;1;1;2;330;17/11/2016
2016049917;1;1;1;1;6;330;17/11/2016
2016049918;5;1;1;1;3;330;18/11/2016
2016049919;1;1;1;2;3;330;18/11/2016
2016049920;5;1;1;1;2;330;20/11/2016
2016049921;2;1;1;2;6;330;20/11/2016
2016049922;4;1;1;1;6;330;20/11/2016
2016049923;1;1;1;1;2;330;21/11/2016
2016049924;2;1;1;2;3;330;21/11/2016
2016049925;1;1;1;2;5;330;22/11/2016
2016049926;1;1;1;1;6;330;23/11/2016
2016049927;5;1;1;1;3;330;24/11/2016
2016049928;3;1;1;1;5;330;25/11/2016
2016049929;1;1;1;1;4;330;26/11/2016
2016049930;1;1;1;1;6;330;28/11/2016
2016049931;1;1;1;1;2;330;29/11/2016
2016049932;5;1;1;1;4;330;29/11/2016
2016049933;5;1;1;1;2;330;30/11/2016
2016049934;3;1;1;1;4;330;01/12/2016
2016049935;1;1;1;1;2;330;02/12/2016
2016049936;3;1;1;1;4;330;02/12/2016
2016049937;3;1;1;1;4;330;05/12/2016
2016049938;1;1;1;1;2;330;05/12/2016
2016049939;1;1;1;1;2;330;05/12/2016
2016049940;1;1;1;1;2;330;05/12/2016
2016049941;3;1;1;1;2;330;05/12/2016
2016049942;5;1;1;1;7;330;06/12/2016
2016049943;3;1;1;1;2;330;06/12/2016
2016049944;1;1;1;1;5;330;07/12/2016
2016049945;5;1;1;1;2;330;07/12/2016
2016049946;2;1;1;1;2;330;09/12/2016
2016049947;5;1;1;1;6;330;09/12/2016
2016049948;1;1;1;1;5;330;10/12/2016
2016049949;1;1;1;1;5;330;10/12/2016
2016049950;3;1;1;1;4;330;12/12/2016
2016049951;5;1;1;1;2;330;12/12/2016
2016049952;3;1;1;5;2;330;13/12/2016
2016049953;1;1;1;1;4;330;15/12/2016
2016049954;3;1;1;1;3;330;16/12/2016
2016049955;2;1;1;1;5;330;17/12/2016
2016049956;5;1;1;1;4;330;17/12/2016
2016049957;1;1;1;1;6;330;19/12/2016
2016049958;1;1;1;1;6;330;21/12/2016
2016049959;5;1;1;2;6;330;22/12/2016
2016049960;1;1;1;1;2;330;22/12/2016
2016049961;1;1;1;2;7;330;25/12/2016
2016049962;1;1;1;1;5;670;26/01/2016
2016049963;3;1;1;1;6;670;08/02/2016
2016049964;1;1;1;8;6;670;09/02/2016
2016049965;1;1;1;2;5;670;03/03/2016
2016049966;1;1;1;1;2;670;16/03/2016
2016049967;1;1;1;1;7;670;12/03/2016
2016049968;1;1;1;1;4;670;26/03/2016
2016049969;1;1;1;1;2;670;26/03/2016
2016049970;1;1;1;1;3;670;24/03/2016
2016049971;3;1;1;2;2;670;28/03/2016
2016049972;1;1;1;1;4;670;05/04/2016
2016049973;1;1;1;1;2;670;26/04/2016
2016049974;1;1;1;1;4;670;04/05/2016
2016049975;1;1;1;1;4;670;10/05/2016
2016049976;2;1;1;1;7;670;14/05/2016
2016049977;1;1;1;2;4;670;23/05/2016
2016049978;1;1;1;2;4;670;30/05/2016
2016049979;1;1;1;1;4;670;09/06/2016
2016049980;2;1;1;1;6;670;30/06/2016
2016049981;1;1;1;1;2;670;04/07/2016
2016049982;1;1;1;1;3;670;28/06/2016
2016049983;1;1;1;1;2;670;07/07/2016
2016049984;1;1;1;1;5;670;07/07/2016
2016049985;1;1;1;1;4;670;07/07/2016
2016049986;1;1;1;1;7;670;20/07/2016
2016049987;1;1;1;1;7;670;20/07/2016
2016049988;1;1;1;1;2;670;19/07/2016
2016049989;1;1;1;1;7;670;26/07/2016
2016049990;1;1;1;1;3;670;19/08/2016
2016049991;1;1;1;2;6;670;20/08/2016
2016049992;1;1;1;1;7;670;13/08/2016
2016049993;4;1;1;1;7;670;23/08/2016
2016049994;1;1;1;1;4;670;06/09/2016
2016049995;1;1;1;1;7;670;05/09/2016
2016049996;1;1;1;1;3;670;08/09/2016
2016049997;1;1;1;1;4;670;07/09/2016
2016049998;1;1;1;1;2;670;06/09/2016
2016049999;1;1;1;1;5;670;12/09/2016
2016050000;3;1;1;1;2;670;17/09/2016
2016050001;1;1;1;1;4;670;13/09/2016
2016050002;3;1;1;1;2;670;19/09/2016
2016050003;1;1;1;1;4;670;27/09/2016
2016050004;1;1;1;1;2;670;30/09/2016
2016050005;3;1;1;8;7;670;02/10/2016
2016050006;2;1;1;1;3;670;30/09/2016
2016050007;1;1;1;1;7;670;24/10/2016
2016050008;3;1;1;1;4;670;25/10/2016
2016050009;3;1;1;1;2;670;28/10/2016
2016050010;1;1;1;1;6;670;10/11/2016
2016050011;1;1;1;2;2;670;15/11/2016
2016050012;1;1;1;8;6;670;15/11/2016
2016050013;3;1;1;1;4;670;18/11/2016
2016050014;3;1;1;1;4;670;18/11/2016
2016050015;1;1;1;1;2;670;28/11/2016
2016050016;1;1;1;1;2;670;04/12/2016
2016050017;2;1;1;8;4;670;05/12/2016
2016050018;3;1;1;1;4;670;09/12/2016
2016050019;3;1;1;5;1;670;13/12/2016
2016050020;1;1;1;1;4;670;10/12/2016
2016050021;1;1;1;5;2;540;01/01/2016
2016050022;3;1;1;1;6;540;25/12/2016
2016050023;2;1;1;1;2;540;02/01/2016
2016050024;1;1;1;1;4;540;03/01/2016
2016050025;1;1;1;1;4;540;04/01/2016
2016050026;2;1;1;2;2;540;05/01/2016
2016050027;3;1;1;4;6;540;14/01/2016
2016050028;1;1;1;3;5;540;28/01/2016
2016050029;3;1;1;1;3;540;27/01/2016
2016050030;1;1;1;2;4;540;03/03/2016
2016050031;1;1;1;8;3;540;15/04/2016
2016050032;1;1;1;1;4;540;25/04/2016
2016050033;1;1;1;1;4;540;14/06/2016
2016050034;3;1;1;1;2;540;22/06/2016
2016050035;1;1;1;1;4;540;12/07/2016
2016050036;1;1;1;3;6;540;14/07/2016
2016050037;1;1;1;1;6;540;18/07/2016
2016050038;1;1;1;1;6;540;15/08/2016
2016050039;1;1;1;1;4;540;29/08/2016
2016050040;1;1;9;1;4;540;29/08/2016
2016050041;1;1;1;1;2;540;08/09/2016
2016050042;1;1;1;1;4;540;14/09/2016
2016050043;3;1;1;1;6;540;13/09/2016
2016050044;3;1;1;1;6;540;25/09/2016
2016050045;1;1;1;1;2;540;19/09/2016
2016050046;3;1;1;2;4;540;10/11/2016
2016050047;1;1;1;1;7;540;26/10/2016
2016050048;3;1;1;1;6;540;01/11/2016
2016050049;1;1;1;2;1;540;10/11/2016
2016050050;1;1;1;1;3;540;08/11/2016
2016050051;3;1;1;1;2;540;08/11/2016
2016050052;3;1;1;1;3;540;28/11/2016
2016050053;1;1;1;1;3;540;28/12/2016
2016050054;3;1;1;4;2;570;20/01/2016
2016050055;3;1;1;1;6;570;21/01/2016
2016050056;3;1;1;1;3;570;26/01/2016
2016050057;3;1;1;1;6;570;12/02/2016
2016050058;1;1;1;1;3;570;24/02/2016
2016050059;1;1;1;1;6;570;25/02/2016
2016050060;1;1;1;1;2;570;08/03/2016
2016050061;3;1;1;1;3;570;14/03/2016
2016050062;1;1;1;1;4;570;24/03/2016
2016050063;3;1;1;1;6;570;24/03/2016
2016050064;1;1;1;1;6;570;30/03/2016
2016050065;1;1;1;1;2;570;09/04/2016
2016050066;3;1;1;1;6;570;12/04/2016
2016050067;3;1;1;1;2;570;15/04/2016
2016050068;3;1;1;1;2;570;18/04/2016
2016050069;1;2;1;2;4;570;26/04/2016
2016050070;1;1;1;3;2;570;26/04/2016
2016050071;1;1;1;1;3;570;05/05/2016
2016050072;3;1;1;1;7;570;08/05/2016
2016050073;1;1;1;1;5;570;13/05/2016
2016050074;1;1;1;1;4;570;11/05/2016
2016050075;1;1;1;1;6;570;25/05/2016
2016050076;1;1;1;2;2;570;30/05/2016
2016050077;1;1;1;8;3;570;26/05/2016
2016050078;1;1;1;1;4;570;01/06/2016
2016050079;1;2;1;1;6;570;01/06/2016
2016050080;1;1;1;1;3;570;09/06/2016
2016050081;2;1;1;1;3;570;15/06/2016
2016050082;1;1;1;1;3;570;21/06/2016
2016050083;1;1;1;1;3;570;05/07/2016
2016050084;1;1;1;1;3;570;05/07/2016
2016050085;1;1;1;1;6;570;08/07/2016
2016050086;1;1;1;1;3;570;25/07/2016
2016050087;1;1;1;1;2;570;27/07/2016
2016050088;3;1;1;1;3;570;05/08/2016
2016050089;3;1;1;1;2;570;14/08/2016
2016050090;1;1;1;1;4;570;02/09/2016
2016050091;3;1;1;1;6;570;01/09/2016
2016050092;1;1;1;1;5;570;09/09/2016
2016050093;1;1;1;1;4;570;16/09/2016
2016050094;1;1;1;1;2;570;21/09/2016
2016050095;2;1;1;1;4;570;22/09/2016
2016050096;1;1;1;1;7;570;26/09/2016
2016050097;3;1;1;1;3;570;12/10/2016
2016050098;3;1;1;1;2;570;16/10/2016
2016050099;1;1;1;1;1;570;21/10/2016
2016050100;3;1;1;1;2;570;12/11/2016
2016050101;1;1;1;1;7;570;13/11/2016
2016050102;1;1;1;1;6;570;14/11/2016
2016050103;3;1;1;1;4;570;09/12/2016
2016050104;3;1;1;1;5;570;15/12/2016
2016050105;2;1;1;1;3;570;22/12/2016
2016050106;1;1;1;1;6;420;27/11/2016
2016050107;3;1;1;8;6;690;02/01/2016
2016050108;1;1;1;1;4;420;12/01/2016
2016050109;3;1;1;1;4;420;07/01/2016
2016050110;3;1;1;2;2;420;09/02/2016
2016050111;3;1;1;2;2;420;09/02/2016
2016050112;1;1;1;1;2;420;19/02/2016
2016050113;1;1;1;1;7;420;21/02/2016
2016050114;1;1;1;1;2;420;01/03/2016
2016050115;3;1;1;1;2;420;29/03/2016
2016050116;1;1;1;1;6;420;30/03/2016
2016050117;1;1;1;1;2;420;26/03/2016
2016050118;5;1;1;1;2;420;11/04/2016
2016050119;1;1;1;1;6;420;17/04/2016
2016050120;1;1;1;1;7;420;10/04/2016
2016050121;3;1;1;1;7;420;29/04/2016
2016050122;1;1;1;1;4;690;04/05/2016
2016050123;1;1;1;3;4;420;11/05/2016
2016050124;1;1;1;1;2;420;06/05/2016
2016050125;1;1;1;1;2;420;22/04/2016
2016050126;1;1;1;3;3;420;11/05/2016
2016050127;1;1;1;1;2;420;29/05/2016
2016050128;1;1;1;1;6;420;31/05/2016
2016050129;1;1;1;1;4;690;08/06/2016
2016050130;1;1;1;2;3;420;13/06/2016
2016050131;1;1;1;1;4;420;22/06/2016
2016050132;1;1;1;1;3;420;30/06/2016
2016050133;2;1;1;3;7;420;29/06/2016
2016050134;1;1;1;1;3;420;07/07/2016
2016050135;1;1;1;1;1;420;05/07/2016
2016050136;2;1;1;1;3;690;24/07/2016
2016050137;1;1;1;1;3;420;06/08/2016
2016050138;1;1;1;1;5;420;14/08/2016
2016050139;5;1;1;1;3;420;04/09/2016
2016050140;1;1;1;1;2;420;08/09/2016
2016050141;3;1;1;1;7;420;03/09/2016
2016050142;1;1;1;1;6;420;22/09/2016
2016050143;4;1;1;2;2;420;16/09/2016
2016050144;3;1;1;1;5;420;26/09/2016
2016050145;3;1;1;1;2;420;01/10/2016
2016050146;1;1;1;1;5;420;10/10/2016
2016050147;5;1;1;1;2;420;08/10/2016
2016050148;1;1;1;1;5;420;20/10/2016
2016050149;1;1;9;1;4;420;21/10/2016
2016050150;1;1;1;1;3;420;31/10/2016
2016050151;1;1;1;1;4;420;22/09/2016
2016050152;1;1;1;1;3;420;28/10/2016
2016050153;1;1;1;1;7;420;12/11/2016
2016050154;2;1;1;1;2;420;08/11/2016
2016050155;1;1;1;1;6;420;27/10/2016
2016050156;1;1;1;1;6;420;18/12/2016
2016050157;1;1;1;1;3;420;14/02/2016
2016050158;3;1;1;2;6;690;02/01/2016
2016050159;5;1;1;1;2;690;06/01/2016
2016050160;1;1;1;1;7;380;09/01/2016
2016050161;5;1;1;2;7;690;10/01/2016
2016050162;3;1;1;1;3;690;11/01/2016
2016050163;1;1;1;1;3;690;15/01/2016
2016050164;2;1;1;1;4;690;19/01/2016
2016050165;4;1;1;8;6;690;13/01/2016
2016050166;3;1;1;1;7;690;22/01/2016
2016050167;1;1;1;1;2;690;23/01/2016
2016050168;1;1;1;1;2;690;15/01/2016
2016050169;2;1;9;1;7;690;23/01/2016
2016050170;1;1;1;1;4;690;16/01/2016
2016050171;5;2;1;1;3;380;24/01/2016
2016050172;3;1;6;2;7;690;31/01/2016
2016050173;5;1;1;1;3;690;30/01/2016
2016050174;5;1;1;1;2;690;07/02/2016
2016050175;1;1;1;1;3;690;09/02/2016
2016050176;5;1;1;2;2;690;09/02/2016
2016050177;3;1;1;1;1;690;14/02/2016
2016050178;5;1;1;1;3;690;15/02/2016
2016050179;5;1;1;1;3;690;14/02/2016
2016050180;1;1;9;5;4;690;11/02/2016
2016050181;1;1;1;1;3;690;14/02/2016
2016050182;3;1;1;1;4;690;15/02/2016
2016050183;1;1;1;1;4;690;22/02/2016
2016050184;5;1;1;1;2;690;24/02/2016
2016050185;3;1;1;1;4;690;28/02/2016
2016050186;3;1;1;3;3;690;04/03/2016
2016050187;5;1;1;2;6;690;28/02/2016
2016050188;5;1;1;1;6;690;02/03/2016
2016050189;1;1;1;1;4;690;08/03/2016
2016050190;3;1;1;1;3;690;07/03/2016
2016050191;1;1;1;1;2;690;09/03/2016
2016050192;1;1;1;1;7;380;28/02/2016
2016050193;1;1;1;1;4;690;10/03/2016
2016050194;1;1;1;1;4;690;15/03/2016
2016050195;3;1;1;2;4;690;16/03/2016
2016050196;1;1;1;1;2;690;17/03/2016
2016050197;1;1;1;1;4;690;18/03/2016
2016050198;1;1;1;1;2;690;17/03/2016
2016050199;5;1;1;1;3;690;19/03/2016
2016050200;5;1;1;2;2;690;02/03/2016
2016050201;1;1;1;1;2;690;22/03/2016
2016050202;1;1;1;1;6;690;23/03/2016
2016050203;1;1;1;1;3;690;23/03/2016
2016050204;2;1;1;1;2;690;18/03/2016
2016050205;5;2;1;1;6;380;26/03/2016
2016050206;1;1;1;1;2;690;26/03/2016
2016050207;1;1;1;1;4;690;27/03/2016
2016050208;1;1;1;1;3;690;27/03/2016
2016050209;1;1;1;1;7;690;28/03/2016
2016050210;1;1;1;1;3;690;29/03/2016
2016050211;3;1;1;1;4;690;29/03/2016
2016050212;1;1;1;1;4;690;30/03/2016