num_acc;lum;agg;inter;atm;col;dep;date
2016050790;3;1;1;1;7;130;23/07/2016
2016050791;1;1;1;1;2;130;22/07/2016
2016050792;2;1;1;1;2;130;25/07/2016
2016050793;3;1;1;1;7;130;26/07/2016
2016050794;1;1;1;1;2;130;26/07/2016
2016050795;1;1;1;1;3;130;26/07/2016
2016050796;1;1;1;1;3;130;27/07/2016
2016050797;1;1;1;1;4;130;27/07/2016
2016050798;1;1;1;1;2;130;24/07/2016
2016050799;1;1;1;1;3;130;28/07/2016
2016050800;1;1;1;1;4;130;28/07/2016
2016050801;1;1;1;1;5;130;17/06/2016
2016050802;1;1;1;1;7;130;26/07/2016
2016050803;1;1;1;1;6;130;28/07/2016
2016050804;1;1;1;1;5;130;31/07/2016
2016050805;1;1;1;1;1;130;31/07/2016
2016050806;1;1;1;1;4;130;02/08/2016
2016050807;3;1;1;1;5;130;28/07/2016
2016050808;3;1;1;1;6;130;02/08/2016
2016050809;1;1;1;1;2;130;02/08/2016
2016050810;1;1;1;1;2;130;03/08/2016
2016050811;1;1;1;1;2;130;04/08/2016
2016050812;2;1;1;1;6;130;04/08/2016
2016050813;3;1;1;1;6;130;04/08/2016
2016050814;1;1;1;1;2;130;31/07/2016
2016050815;1;1;1;1;4;130;01/08/2016
2016050816;3;1;1;2;2;130;05/08/2016
2016050817;3;1;1;1;2;130;07/08/2016
2016050818;1;1;1;1;1;130;07/08/2016
2016050819;1;1;1;1;2;130;07/08/2016
2016050820;1;1;1;1;6;130;05/08/2016
2016050821;1;1;1;1;2;130;04/07/2016
2016050822;1;1;1;1;2;130;09/08/2016
2016050823;1;1;1;1;4;130;10/08/2016
2016050824;3;1;1;1;2;130;11/08/2016
2016050825;1;1;1;1;7;130;12/08/2016
2016050826;1;1;1;1;6;130;13/08/2016
2016050827;1;2;1;1;6;130;13/08/2016
2016050828;5;1;1;1;2;130;14/08/2016
2016050829;3;1;1;1;4;130;14/08/2016
2016050830;2;1;1;1;2;130;16/08/2016
2016050831;3;1;1;1;6;130;17/08/2016
2016050832;1;1;1;1;2;130;12/08/2016
2016050833;3;1;1;1;2;130;18/08/2016
2016050834;1;1;1;1;7;130;18/08/2016
2016050835;1;1;1;1;2;130;19/08/2016
2016050836;1;1;1;1;4;130;18/08/2016
2016050837;4;1;1;1;5;130;21/08/2016
2016050838;3;1;1;1;7;130;20/08/2016
2016050839;5;1;1;1;3;130;21/08/2016
2016050840;3;1;1;1;2;130;22/08/2016
2016050841;3;1;1;1;6;130;23/08/2016
2016050842;1;1;1;1;7;130;24/08/2016
2016050843;1;1;1;1;7;130;24/08/2016
2016050844;1;1;1;1;2;130;25/08/2016
2016050845;1;1;1;1;2;130;25/08/2016
2016050846;1;1;1;1;4;130;23/08/2016
2016050847;3;1;1;1;2;130;27/08/2016
2016050848;1;1;1;1;2;130;25/08/2016
2016050849;1;1;1;1;2;130;29/08/2016
2016050850;1;1;1;1;4;130;30/08/2016
2016050851;1;1;1;1;4;130;30/08/2016
2016050852;1;1;1;1;3;130;30/08/2016
2016050853;3;1;1;1;2;130;30/08/2016
2016050854;1;1;1;1;2;130;31/08/2016
2016050855;3;1;1;1;7;130;30/08/2016
2016050856;1;1;1;1;6;130;31/08/2016
2016050857;1;1;1;1;4;130;06/09/2016
2016050858;1;1;1;1;5;130;07/09/2016
2016050859;1;1;1;1;4;130;07/09/2016
2016050860;3;1;1;1;7;130;08/09/2016
2016050861;1;1;1;1;2;130;31/08/2016
2016050862;1;1;1;1;3;130;06/09/2016
2016050863;2;1;1;1;7;130;11/09/2016
2016050864;1;1;1;1;6;130;10/09/2016
2016050865;1;1;1;1;4;130;08/09/2016
2016050866;1;1;1;1;3;130;08/09/2016
2016050867;1;1;1;1;3;130;08/09/2016
2016050868;1;1;1;1;3;130;12/09/2016
2016050869;1;1;1;1;2;130;12/09/2016
2016050870;3;1;1;1;6;130;12/09/2016
2016050871;3;1;1;2;7;130;14/09/2016
2016050872;1;1;1;1;4;130;12/09/2016
2016050873;1;1;1;1;5;130;15/09/2016
2016050874;3;1;1;1;7;130;14/09/2016
2016050875;1;1;1;1;7;130;15/09/2016
2016050876;1;1;1;1;2;130;05/09/2016
2016050877;1;1;1;1;4;130;06/09/2016
2016050878;5;1;1;1;2;130;17/09/2016
2016050879;1;1;1;1;6;130;17/09/2016
2016050880;1;1;1;1;2;130;18/09/2016
2016050881;3;1;1;1;7;130;17/09/2016
2016050882;1;1;1;1;6;130;19/09/2016
2016050883;3;1;1;1;4;130;18/09/2016
2016050884;1;1;1;1;6;130;19/09/2016
2016050885;1;1;1;1;1;130;20/09/2016
2016050886;1;1;9;1;7;130;20/09/2016
2016050887;1;1;1;2;6;130;16/09/2016
2016050888;3;1;1;1;6;130;21/09/2016
2016050889;1;1;1;1;4;130;20/09/2016
2016050890;1;1;1;1;4;130;23/09/2016
2016050891;1;1;1;1;3;130;23/09/2016
2016050892;1;1;1;1;6;130;23/09/2016
2016050893;1;1;1;1;2;130;23/09/2016
2016050894;1;1;1;1;5;130;24/09/2016
2016050895;1;1;1;1;6;130;25/09/2016
2016050896;1;1;1;1;4;130;25/09/2016
2016050897;1;1;1;1;6;130;25/09/2016
2016050898;1;1;1;1;6;130;25/09/2016
2016050899;1;1;1;1;1;130;26/09/2016
2016050900;1;1;1;1;2;130;26/09/2016
2016050901;1;1;1;1;7;130;26/09/2016
2016050902;1;1;1;1;4;130;26/09/2016
2016050903;3;1;1;1;2;130;27/09/2016
2016050904;2;1;1;3;7;130;27/09/2016
2016050905;1;1;1;1;3;130;27/09/2016
2016050906;1;1;9;1;7;130;28/09/2016
2016050907;1;1;1;1;4;130;05/09/2016
2016050908;1;1;1;1;4;130;05/09/2016
2016050909;1;1;1;1;5;130;30/09/2016
2016050910;5;1;1;1;3;130;01/10/2016
2016050911;1;1;1;1;5;130;02/10/2016
2016050912;1;1;1;1;4;130;03/10/2016
2016050913;1;1;1;1;3;130;26/09/2016
2016050914;1;1;1;1;6;130;24/08/2016
2016050915;1;1;1;2;6;130;30/09/2016
2016050916;1;1;1;1;4;130;04/10/2016
2016050917;3;1;1;1;7;130;04/10/2016
2016050918;1;1;1;1;2;130;04/10/2016
2016050919;1;1;1;1;2;130;05/10/2016
2016050920;1;1;1;1;4;130;05/10/2016
2016050921;1;1;1;1;6;130;05/10/2016
2016050922;1;1;1;1;4;130;07/10/2016
2016050923;1;1;1;1;2;130;06/10/2016
2016050924;1;1;1;1;3;130;22/08/2016
2016050925;1;1;1;1;4;130;10/09/2016
2016050926;1;1;1;1;4;130;11/10/2016
2016050927;1;1;1;8;7;130;11/10/2016
2016050928;1;1;1;1;1;130;11/10/2016
2016050929;1;1;1;1;2;130;11/10/2016
2016050930;1;1;1;1;3;130;11/10/2016
2016050931;1;1;1;1;2;130;11/10/2016
2016050932;1;1;1;1;2;130;12/10/2016
2016050933;5;1;1;1;3;130;13/10/2016
2016050934;3;1;1;2;2;130;14/10/2016
2016050935;1;1;1;2;6;130;14/10/2016
2016050936;1;1;1;2;6;130;14/10/2016
2016050937;1;1;1;3;1;130;14/10/2016
2016050938;1;1;1;1;1;130;14/10/2016
2016050939;1;1;1;1;7;130;15/10/2016
2016050940;1;1;1;1;3;130;12/10/2016
2016050941;1;1;1;1;5;130;14/10/2016
2016050942;1;1;1;1;6;130;19/10/2016
2016050943;1;1;1;1;3;130;20/10/2016
2016050944;1;1;1;1;4;130;11/10/2016
2016050945;3;1;1;1;6;130;20/10/2016
2016050946;1;1;1;1;4;130;18/10/2016
2016050947;2;1;1;2;4;130;22/10/2016
2016050948;3;1;1;2;6;130;23/10/2016
2016050949;3;1;1;1;2;130;23/10/2016
2016050950;1;1;1;2;6;130;23/10/2016
2016050951;1;1;1;1;3;130;23/10/2016
2016050952;1;1;1;8;6;130;25/10/2016
2016050953;1;1;1;1;7;130;27/10/2016
2016050954;1;1;1;1;6;130;27/10/2016
2016050955;1;1;1;1;7;130;27/10/2016
2016050956;1;1;1;1;4;130;28/10/2016
2016050957;1;1;1;1;7;130;29/10/2016
2016050958;2;1;1;1;4;130;30/10/2016
2016050959;3;1;1;1;4;130;30/10/2016
2016050960;2;1;1;1;7;130;28/10/2016
2016050961;3;1;1;1;2;130;01/11/2016
2016050962;3;1;1;1;2;130;31/10/2016
2016050963;1;1;1;1;6;130;01/11/2016
2016050964;3;1;1;1;2;130;01/11/2016
2016050965;1;1;1;1;7;130;30/10/2016
2016050966;1;1;1;1;2;130;02/11/2016
2016050967;1;1;1;1;3;130;03/11/2016
2016050968;2;1;1;2;7;130;22/10/2016
2016050969;1;1;1;1;2;130;03/11/2016
2016050970;1;1;1;1;4;130;03/11/2016
2016050971;1;1;1;1;6;130;29/10/2016
2016050972;3;1;1;2;2;130;05/11/2016
2016050973;1;1;1;1;3;130;03/11/2016
2016050974;2;1;1;2;6;130;05/11/2016
2016050975;1;1;1;8;7;130;05/11/2016
2016050976;1;1;1;1;7;130;06/11/2016
2016050977;1;1;1;1;2;130;07/11/2016
2016050978;1;1;1;1;5;130;08/11/2016
2016050979;1;1;1;1;6;130;08/11/2016
2016050980;1;1;1;1;4;130;08/11/2016
2016050981;3;1;1;1;7;130;21/10/2016
2016050982;1;1;1;2;7;130;09/11/2016
2016050983;3;1;1;1;4;130;10/11/2016
2016050984;1;1;1;1;4;130;10/11/2016
2016050985;1;1;1;1;6;130;12/11/2016
2016050986;5;1;1;1;6;130;13/11/2016
2016050987;3;1;1;1;2;130;13/11/2016
2016050988;5;1;1;1;4;130;12/11/2016
2016050989;3;1;1;2;5;130;14/11/2016
2016050990;1;1;1;2;2;130;14/11/2016
2016050991;3;1;1;1;3;130;11/11/2016
2016050992;1;1;1;1;7;130;15/11/2016
2016050993;3;1;1;1;7;130;15/11/2016
2016050994;1;1;1;1;2;130;16/11/2016
2016050995;1;1;1;1;2;130;16/11/2016
2016050996;3;1;1;1;7;130;16/11/2016
2016050997;5;1;1;1;6;130;17/11/2016
2016050998;1;1;1;1;4;130;17/11/2016
2016050999;1;1;1;1;5;130;18/11/2016
2016051000;3;1;1;1;5;130;15/11/2016
2016051001;4;1;1;1;6;130;20/11/2016
2016051002;2;1;1;2;4;130;21/11/2016
2016051003;1;1;1;3;4;130;21/11/2016
2016051004;1;1;1;2;2;130;21/11/2016
2016051005;1;1;9;1;3;130;17/11/2016
2016051006;1;1;1;1;6;130;18/11/2016
2016051007;3;1;1;1;6;130;22/11/2016
2016051008;1;1;1;2;6;130;22/11/2016
2016051009;1;1;1;2;7;130;22/11/2016
2016051010;1;1;1;1;7;130;25/11/2016
2016051011;3;1;1;1;4;130;24/11/2016
2016051012;3;1;1;3;6;130;25/11/2016
2016051013;3;1;1;1;1;130;26/11/2016
2016051014;3;1;1;1;2;130;26/11/2016
2016051015;3;1;1;1;6;130;26/11/2016
2016051016;3;1;1;1;6;130;27/11/2016
2016051017;3;1;1;1;4;130;27/11/2016
2016051018;3;1;1;2;3;130;25/11/2016
2016051019;1;1;1;1;4;130;29/11/2016
2016051020;1;1;1;1;1;130;30/11/2016
2016051021;3;1;1;1;6;130;24/11/2016
2016051022;3;1;1;1;6;130;30/11/2016
2016051023;1;1;1;1;2;130;30/11/2016
2016051024;3;1;1;1;3;130;15/11/2016
2016051025;2;1;1;1;4;130;02/12/2016
2016051026;1;1;1;1;4;130;02/12/2016
2016051027;1;1;1;2;6;130;03/12/2016
2016051028;1;1;1;1;4;130;05/12/2016
2016051029;1;1;1;1;5;130;05/12/2016
2016051030;3;1;1;1;2;130;05/12/2016
2016051031;1;1;1;1;6;130;06/12/2016
2016051032;2;1;1;1;2;130;06/12/2016
2016051033;3;1;1;1;4;130;07/12/2016
2016051034;3;1;1;1;4;130;06/12/2016
2016051035;3;1;1;1;4;130;06/12/2016
2016051036;3;1;1;1;4;130;07/12/2016
2016051037;1;1;1;1;4;130;07/12/2016
2016051038;1;1;1;1;2;130;08/12/2016
2016051039;1;1;1;1;2;130;08/12/2016
2016051040;1;1;1;1;2;130;08/12/2016
2016051041;1;1;1;1;4;130;09/12/2016
2016051042;1;1;1;2;1;130;21/11/2016
2016051043;3;1;1;1;2;130;10/12/2016
2016051044;1;1;1;1;7;130;11/12/2016
2016051045;5;1;1;1;6;130;11/12/2016
2016051046;5;1;1;1;7;130;11/12/2016
2016051047;1;1;1;1;6;130;12/12/2016
2016051048;1;1;1;1;2;130;13/12/2016
2016051049;1;1;1;1;4;130;13/12/2016
2016051050;1;1;1;1;2;130;13/12/2016
2016051051;1;1;1;1;1;130;14/12/2016
2016051052;3;1;1;1;6;130;14/12/2016
2016051053;3;1;1;1;2;130;15/12/2016
2016051054;3;1;1;1;6;130;16/12/2016
2016051055;3;1;1;1;6;130;17/12/2016
2016051056;1;1;1;1;2;130;16/12/2016
2016051057;3;1;1;1;3;130;17/12/2016
2016051058;5;1;1;1;2;130;17/12/2016
2016051059;1;1;1;1;2;130;18/12/2016
2016051060;1;1;1;1;2;130;18/12/2016
2016051061;4;1;1;1;2;130;15/12/2016
2016051062;3;1;1;1;6;130;18/12/2016
2016051063;3;1;1;2;6;130;19/12/2016
2016051064;3;1;1;2;6;130;20/12/2016
2016051065;3;1;1;1;5;130;11/12/2016
2016051066;3;1;1;2;2;130;20/12/2016
2016051067;3;1;1;1;4;130;21/12/2016
2016051068;3;1;1;1;3;130;21/12/2016
2016051069;1;1;1;1;4;130;16/12/2016
2016051070;3;1;1;1;2;130;05/12/2016
2016051071;3;1;1;1;2;130;22/12/2016
2016051072;1;1;1;1;4;130;23/12/2016
2016051073;3;1;1;1;2;130;23/12/2016
2016051074;3;1;1;1;2;130;24/12/2016
2016051075;1;1;1;1;3;130;24/12/2016
2016051076;3;1;1;1;2;130;24/12/2016
2016051077;3;1;1;1;6;130;25/12/2016
2016051078;1;1;1;1;4;130;25/12/2016
2016051079;1;1;1;1;4;130;27/12/2016
2016051080;1;1;1;1;4;130;27/12/2016
2016051081;3;1;1;1;3;130;28/12/2016
2016051082;1;1;1;1;6;130;28/12/2016
2016051083;3;1;1;1;2;130;29/12/2016
2016051084;1;1;1;1;2;130;30/12/2016
2016051085;1;2;1;1;6;130;26/08/2016
2016051086;1;2;7;2;3;750;03/01/2016
2016051087;5;2;4;1;3;750;05/01/2016
2016051088;1;2;3;2;3;750;11/01/2016
2016051089;1;2;2;1;6;750;21/01/2016
2016051090;5;2;7;2;3;750;24/01/2016
2016051091;1;2;2;1;6;750;29/01/2016
2016051092;5;2;2;1;3;750;02/02/2016
2016051093;5;2;2;3;6;750;09/02/2016
2016051094;1;2;3;2;7;750;12/02/2016
2016051095;1;2;2;1;7;750;14/02/2016
2016051096;1;2;7;2;6;750;18/02/2016
2016051097;1;2;1;1;6;750;29/02/2016
2016051098;1;2;7;8;7;750;07/03/2016
2016051099;1;2;7;1;2;750;10/03/2016
2016051100;1;2;3;1;2;750;16/03/2016
2016051101;1;2;7;1;7;750;22/03/2016
2016051102;1;2;5;1;3;750;23/03/2016
2016051103;1;2;1;1;3;750;23/03/2016
2016051104;1;2;7;1;3;750;24/03/2016
2016051105;5;2;4;3;6;750;27/03/2016
2016051106;1;2;4;1;6;750;02/04/2016
2016051107;1;2;1;1;3;750;05/04/2016
2016051108;5;2;5;1;3;750;05/04/2016
2016051109;1;2;1;1;2;750;07/04/2016
2016051110;5;2;3;1;2;750;09/04/2016
2016051111;1;2;3;1;2;750;10/04/2016
2016051112;1;2;2;2;3;750;11/04/2016
2016051113;1;2;3;1;3;750;13/04/2016
2016051114;1;2;1;1;7;750;13/04/2016
2016051115;1;2;2;2;3;750;26/04/2016
2016051116;1;2;7;1;7;750;11/05/2016
2016051117;2;2;2;1;3;750;14/05/2016
2016051118;1;2;3;1;3;750;11/05/2016
2016051119;1;2;3;1;6;750;16/05/2016
2016051120;1;2;1;1;3;750;17/05/2016
2016051121;1;2;2;1;6;750;18/05/2016
2016051122;1;2;2;1;3;750;19/05/2016
2016051123;1;2;2;2;7;750;22/05/2016
2016051124;1;2;1;1;2;750;27/05/2016
2016051125;1;2;2;2;3;750;02/06/2016
2016051126;1;2;3;1;3;750;03/06/2016
2016051127;1;2;1;1;2;750;06/06/2016
2016051128;5;2;2;1;3;750;10/06/2016
2016051129;5;2;1;1;6;750;15/06/2016
2016051130;1;2;2;1;2;750;16/06/2016
2016051131;1;2;2;1;6;750;19/06/2016
2016051132;5;2;1;1;6;750;22/06/2016
2016051133;1;2;3;1;7;750;25/06/2016
2016051134;1;2;3;1;2;750;01/07/2016
2016051135;1;2;1;1;2;750;01/07/2016
2016051136;1;2;1;1;6;750;03/07/2016
2016051137;1;2;1;1;7;750;04/07/2016
2016051138;1;2;1;1;6;750;04/07/2016
2016051139;1;2;1;1;2;750;06/07/2016
2016051140;5;2;1;1;2;750;07/07/2016
2016051141;1;2;2;1;6;750;11/07/2016
2016051142;1;2;3;1;6;750;11/07/2016
2016051143;5;2;2;1;3;750;12/07/2016
2016051144;1;2;3;1;3;750;15/07/2016
2016051145;2;2;2;7;6;750;16/07/2016
2016051146;1;2;4;1;6;750;20/07/2016
2016051147;1;2;1;1;6;750;25/07/2016
2016051148;1;2;1;2;3;750;28/07/2016
2016051149;1;2;1;1;3;750;28/07/2016
2016051150;5;2;7;1;6;750;29/07/2016
2016051151;2;2;3;1;2;750;03/08/2016
2016051152;1;2;7;2;7;750;04/08/2016
2016051153;2;2;7;1;3;750;05/08/2016
2016051154;5;2;3;1;2;750;06/08/2016
2016051155;1;2;7;1;2;750;09/08/2016
2016051156;1;2;1;1;2;750;13/08/2016
2016051157;1;2;7;1;7;750;16/08/2016
2016051158;1;2;2;1;3;750;16/08/2016
2016051159;1;2;3;1;6;750;24/08/2016
2016051160;1;2;3;1;2;750;31/08/2016
2016051161;1;2;7;1;6;750;09/09/2016
2016051162;5;2;3;1;3;750;10/09/2016
2016051163;1;2;7;1;6;750;19/09/2016
2016051164;1;2;3;1;2;750;28/09/2016
2016051165;1;2;1;1;6;750;03/10/2016
2016051166;1;2;3;2;3;750;13/10/2016
2016051167;1;2;7;2;7;750;14/10/2016
2016051168;1;2;2;1;3;750;18/10/2016
2016051169;1;2;7;2;7;750;20/10/2016
2016051170;1;2;5;1;3;750;21/10/2016
2016051171;1;2;2;1;2;750;25/10/2016
2016051172;1;2;2;1;3;750;03/11/2016
2016051173;1;2;2;2;6;750;07/11/2016
2016051174;1;2;3;3;6;750;09/11/2016
2016051175;1;2;3;8;2;750;10/11/2016
2016051176;5;2;3;2;3;750;11/11/2016
2016051177;2;2;1;1;6;750;14/11/2016
2016051178;5;2;3;2;6;750;15/11/2016
2016051179;1;2;2;1;3;750;17/11/2016
2016051180;1;2;2;1;3;750;30/11/2016
2016051181;5;2;3;1;2;750;04/12/2016
2016051182;1;2;2;1;6;750;05/12/2016
2016051183;1;2;7;1;3;750;05/12/2016
2016051184;1;2;2;1;7;750;08/12/2016
2016051185;1;2;7;1;6;750;20/12/2016
2016051186;1;2;1;1;6;750;27/12/2016
2016051187;5;2;1;1;6;750;03/01/2016
2016051188;1;2;2;2;3;750;05/01/2016
2016051189;1;2;2;1;3;750;07/01/2016
2016051190;1;2;1;8;3;750;11/01/2016
2016051191;5;2;2;2;3;750;11/01/2016
2016051192;2;2;2;1;7;750;12/01/2016
2016051193;1;2;5;3;7;750;14/01/2016
2016051194;1;2;4;1;2;750;15/01/2016
2016051195;5;2;2;1;6;750;16/01/2016
2016051196;2;2;2;1;3;750;18/01/2016
2016051197;5;2;1;1;7;750;20/01/2016
2016051198;1;2;2;1;6;750;20/01/2016
2016051199;2;2;2;8;3;750;21/01/2016
2016051200;1;2;3;1;7;750;22/01/2016
2016051201;5;2;2;2;6;750;24/01/2016
2016051202;5;2;1;2;3;750;24/01/2016
2016051203;1;2;5;1;6;750;29/01/2016
2016051204;5;2;2;2;7;750;31/01/2016
2016051205;2;2;4;2;3;750;31/01/2016
2016051206;1;2;1;1;3;750;01/02/2016
2016051207;1;2;3;1;3;750;03/02/2016
2016051208;1;2;7;2;3;750;03/02/2016
2016051209;5;2;1;1;4;750;07/02/2016
2016051210;5;2;2;1;3;750;07/02/2016
2016051211;1;2;3;2;6;750;08/02/2016
2016051212;1;2;7;1;3;750;17/02/2016
2016051213;1;2;2;1;3;750;23/02/2016
2016051214;5;2;2;1;7;750;28/02/2016
2016051215;1;2;2;1;3;750;29/02/2016
2016051216;3;2;2;2;6;750;01/03/2016
2016051217;1;2;2;1;6;750;03/03/2016
2016051218;5;2;5;2;6;750;07/03/2016
2016051219;1;2;1;1;6;750;11/03/2016
2016051220;1;2;1;1;6;750;15/03/2016
2016051221;5;2;1;1;3;750;18/03/2016
2016051222;1;2;2;1;2;750;22/03/2016
2016051223;5;2;1;1;2;750;27/03/2016
2016051224;5;2;1;2;6;750;31/03/2016
2016051225;1;2;7;1;3;750;04/04/2016
2016051226;1;2;2;1;3;750;04/04/2016
2016051227;1;2;1;1;2;750;07/04/2016
2016051228;2;2;2;1;6;750;07/04/2016
2016051229;5;2;2;1;3;750;08/04/2016
2016051230;1;2;4;2;6;750;09/04/2016
2016051231;2;2;1;2;2;750;09/04/2016
2016051232;1;2;3;1;3;750;14/04/2016
2016051233;1;2;2;1;6;750;14/04/2016
2016051234;1;2;5;1;2;750;15/04/2016
2016051235;1;2;7;1;6;750;25/04/2016
2016051236;2;2;4;2;3;750;25/04/2016
2016051237;1;2;2;1;3;750;03/05/2016
2016051238;1;2;3;1;6;750;13/05/2016
2016051239;1;2;2;2;6;750;19/05/2016
2016051240;5;2;2;2;6;750;22/05/2016
2016051241;5;2;1;1;7;750;26/05/2016
2016051242;1;2;2;1;3;750;01/06/2016
2016051243;1;2;7;1;6;750;04/06/2016
2016051244;1;2;3;1;2;750;08/06/2016
2016051245;1;2;7;1;6;750;10/06/2016
2016051246;1;2;5;8;3;750;11/06/2016
2016051247;1;2;1;1;6;750;14/06/2016
2016051248;1;2;1;1;6;750;15/06/2016
2016051249;1;2;1;8;6;750;18/06/2016
2016051250;5;2;1;1;3;750;23/06/2016
2016051251;1;2;1;1;2;750;23/06/2016
2016051252;5;2;3;1;6;750;23/06/2016
2016051253;1;2;1;1;3;750;01/07/2016
2016051254;1;2;2;1;3;750;02/07/2016
2016051255;1;2;7;1;3;750;26/07/2016
2016051256;1;2;5;1;2;750;23/08/2016
2016051257;2;2;2;2;6;750;05/09/2016
2016051258;1;2;5;1;3;750;06/09/2016
2016051259;2;2;2;1;3;750;08/09/2016
2016051260;1;2;2;8;3;750;29/09/2016
2016051261;1;2;1;1;6;750;30/09/2016
2016051262;1;2;3;1;6;750;03/10/2016
2016051263;1;2;2;1;6;750;04/10/2016
2016051264;1;2;3;1;6;750;04/10/2016
2016051265;5;2;3;1;3;750;08/10/2016
2016051266;1;2;5;1;3;750;11/10/2016
2016051267;1;2;2;1;6;750;12/10/2016
2016051268;1;2;1;8;3;750;14/10/2016
2016051269;1;2;2;1;6;750;14/10/2016
2016051270;5;2;7;2;7;750;14/10/2016
2016051271;5;2;2;1;2;750;29/10/2016
2016051272;5;2;2;1;3;750;01/11/2016
2016051273;5;2;1;2;2;750;05/11/2016
2016051274;2;2;2;1;6;750;05/11/2016
2016051275;5;2;2;2;6;750;08/11/2016
2016051276;1;2;3;3;2;750;09/11/2016
2016051277;5;2;2;3;1;750;10/11/2016
2016051278;5;2;5;1;3;750;14/01/2016
2016051279;2;2;1;2;6;750;15/11/2016
2016051280;5;2;7;2;3;750;18/11/2016
2016051281;5;2;3;1;7;750;17/11/2016
2016051282;5;2;2;2;3;750;20/11/2016
2016051283;1;2;1;1;6;750;24/11/2016
2016051284;5;2;1;1;6;750;09/12/2016
2016051285;5;2;2;9;7;750;12/12/2016
2016051286;5;2;3;1;3;750;15/12/2016
2016051287;1;2;3;1;6;750;26/12/2016
2016051288;2;2;7;1;3;750;04/01/2016
2016051289;5;2;1;9;6;750;06/01/2016
2016051290;1;2;2;1;3;750;08/01/2016
2016051291;1;2;7;1;6;750;11/01/2016
2016051292;1;2;1;1;7;750;16/01/2016
2016051293;2;2;1;1;6;750;19/01/2016
2016051294;5;2;2;1;6;750;19/01/2016
2016051295;1;2;1;1;3;750;20/01/2016
2016051296;5;2;1;1;7;750;21/01/2016
2016051297;1;2;5;3;3;750;22/01/2016
2016051298;5;2;7;1;3;750;24/01/2016
2016051299;1;2;3;1;6;750;26/01/2016
2016051300;1;2;3;8;6;750;01/02/2016
2016051301;1;2;3;1;7;750;06/02/2016
2016051302;5;2;2;3;6;750;07/02/2016
2016051303;1;2;1;3;6;750;12/02/2016
2016051304;5;2;3;1;2;750;17/02/2016
2016051305;5;2;2;1;3;750;17/02/2016
2016051306;1;2;2;1;3;750;19/02/2016
2016051307;1;2;1;1;3;750;19/02/2016
2016051308;5;2;1;1;6;750;24/02/2016
2016051309;1;2;2;1;6;750;25/02/2016
2016051310;1;2;1;1;6;750;27/02/2016
2016051311;5;2;7;1;3;750;29/02/2016
2016051312;5;2;7;2;2;750;03/03/2016
2016051313;1;2;2;2;6;750;04/03/2016
2016051314;1;2;7;1;6;750;09/03/2016
2016051315;2;2;5;1;3;750;09/03/2016
2016051316;5;2;4;1;6;750;10/03/2016
2016051317;1;2;2;1;2;750;12/03/2016
2016051318;5;2;1;1;2;750;16/03/2016
2016051319;5;2;2;1;2;750;16/03/2016
2016051320;5;2;1;1;4;750;20/03/2016
2016051321;1;2;1;1;3;750;23/03/2016
2016051322;1;2;2;2;6;750;25/03/2016
2016051323;1;2;3;1;6;750;29/03/2016
2016051324;1;2;4;3;6;750;31/03/2016
2016051325;1;2;1;1;6;750;04/04/2016
2016051326;1;2;7;1;6;750;05/04/2016
2016051327;1;2;1;2;6;750;07/04/2016
2016051328;5;2;2;1;6;750;09/04/2016
2016051329;1;2;5;2;3;750;13/04/2016
2016051330;5;2;2;1;2;750;21/04/2016
2016051331;1;2;2;2;6;750;26/04/2016
2016051332;5;2;1;8;3;750;27/04/2016
2016051333;5;2;2;1;6;750;29/04/2016
2016051334;5;2;3;1;3;750;30/04/2016
2016051335;1;2;2;8;3;750;30/04/2016
2016051336;1;2;2;1;3;750;07/05/2016
2016051337;1;2;5;1;3;750;09/05/2016
2016051338;1;2;3;1;6;750;10/05/2016
2016051339;1;2;3;1;3;750;13/05/2016
2016051340;5;2;2;1;3;750;22/05/2016
2016051341;5;2;4;3;2;750;23/05/2016
2016051342;1;2;5;1;3;750;27/05/2016
2016051343;1;2;2;1;6;750;27/05/2016
2016051344;5;2;2;1;2;750;28/05/2016
2016051345;5;2;1;2;6;750;31/05/2016
2016051346;5;2;4;2;3;750;05/06/2016
2016051347;1;2;3;1;7;750;07/06/2016
2016051348;1;2;3;1;6;750;09/06/2016
2016051349;1;2;3;1;6;750;09/06/2016
2016051350;1;2;1;1;7;750;10/06/2016
2016051351;1;2;3;1;2;750;10/06/2016
2016051352;1;2;1;1;6;750;11/06/2016
2016051353;1;2;2;1;6;750;15/06/2016
2016051354;1;2;1;1;2;750;18/06/2016
2016051355;1;2;1;1;6;750;20/06/2016
2016051356;1;2;3;1;2;750;29/06/2016
2016051357;1;2;1;8;3;750;30/06/2016
2016051358;1;2;3;1;6;750;04/07/2016
2016051359;1;2;3;1;6;750;05/07/2016
2016051360;5;2;1;1;2;750;05/07/2016
2016051361;3;2;1;1;2;750;08/07/2016
2016051362;1;2;1;1;7;750;10/07/2016
2016051363;1;2;2;1;3;750;13/07/2016
2016051364;1;2;2;7;3;750;18/07/2016
2016051365;5;2;2;1;6;750;20/07/2016