num_acc;lum;agg;inter;atm;col;dep;date
2016051366;1;2;2;1;3;750;21/07/2016
2016051367;2;2;7;1;6;750;22/07/2016
2016051368;1;2;1;1;5;750;27/07/2016
2016051369;1;2;2;1;3;750;27/07/2016
2016051370;2;2;3;1;2;750;31/07/2016
2016051371;1;2;2;2;5;750;02/08/2016
2016051372;1;2;3;2;6;750;03/08/2016
2016051373;1;2;3;1;6;750;06/08/2016
2016051374;1;2;2;8;7;750;18/08/2016
2016051375;1;2;2;1;3;750;23/08/2016
2016051376;1;2;3;1;2;750;29/08/2016
2016051377;1;2;3;1;6;750;02/09/2016
2016051378;5;2;2;2;3;750;05/09/2016
2016051379;1;2;2;2;7;750;06/09/2016
2016051380;1;2;5;1;3;750;07/09/2016
2016051381;1;2;2;1;6;750;07/09/2016
2016051382;1;2;1;1;6;750;08/09/2016
2016051383;5;2;1;1;3;750;08/09/2016
2016051384;1;2;3;1;2;750;10/09/2016
2016051385;5;2;2;3;5;750;15/09/2016
2016051386;1;2;2;1;6;750;17/09/2016
2016051387;5;2;2;1;6;750;19/09/2016
2016051388;1;2;1;1;2;750;22/09/2016
2016051389;1;2;5;1;6;750;26/09/2016
2016051390;1;2;2;1;2;750;27/09/2016
2016051391;1;2;2;1;3;750;28/09/2016
2016051392;1;2;1;1;6;750;03/10/2016
2016051393;5;2;7;1;6;750;03/10/2016
2016051394;1;2;1;1;6;750;05/10/2016
2016051395;1;2;2;1;6;750;07/10/2016
2016051396;2;2;7;1;3;750;08/10/2016
2016051397;1;2;3;1;6;750;09/10/2016
2016051398;1;2;1;1;6;750;10/10/2016
2016051399;1;2;1;1;6;750;11/10/2016
2016051400;1;2;2;1;6;750;13/10/2016
2016051401;5;2;2;1;6;750;14/10/2016
2016051402;1;2;3;1;6;750;14/10/2016
2016051403;5;2;1;1;3;750;15/10/2016
2016051404;1;2;1;1;6;750;17/10/2016
2016051405;1;2;3;1;3;750;18/10/2016
2016051406;1;2;5;3;2;750;19/10/2016
2016051407;1;2;3;2;7;750;21/10/2016
2016051408;1;2;2;2;6;750;24/10/2016
2016051409;1;2;2;1;6;750;02/11/2016
2016051410;5;2;1;2;6;750;04/11/2016
2016051411;1;2;3;1;2;750;08/11/2016
2016051412;1;2;2;2;2;750;10/11/2016
2016051413;5;2;2;3;6;750;10/11/2016
2016051414;5;2;1;2;6;750;12/11/2016
2016051415;5;2;4;2;6;750;15/11/2016
2016051416;1;2;2;1;7;750;15/11/2016
2016051417;1;2;1;2;3;750;21/11/2016
2016051418;5;2;3;1;3;750;21/11/2016
2016051419;1;2;2;1;3;750;24/11/2016
2016051420;5;2;4;1;3;750;24/11/2016
2016051421;5;2;2;1;3;750;24/11/2016
2016051422;5;2;5;1;3;750;26/11/2016
2016051423;5;2;7;1;6;750;27/11/2016
2016051424;1;2;2;1;3;750;30/11/2016
2016051425;1;2;1;1;2;750;01/12/2016
2016051426;1;2;2;1;3;750;02/12/2016
2016051427;5;2;5;1;5;750;03/12/2016
2016051428;5;2;2;1;6;750;03/12/2016
2016051429;1;2;5;1;2;750;08/12/2016
2016051430;5;2;2;1;6;750;08/12/2016
2016051431;5;2;1;1;1;750;08/12/2016
2016051432;5;2;3;2;3;750;12/12/2016
2016051433;1;2;2;1;3;750;15/12/2016
2016051434;5;2;3;1;2;750;15/12/2016
2016051435;1;2;1;1;6;750;17/12/2016
2016051436;1;2;3;1;7;750;17/12/2016
2016051437;5;2;3;1;3;750;18/12/2016
2016051438;1;2;1;1;3;750;20/12/2016
2016051439;5;2;2;1;6;750;20/12/2016
2016051440;1;2;2;1;3;750;26/12/2016
2016051441;5;2;2;1;3;750;28/12/2016
2016051442;5;2;1;1;6;750;30/12/2016
2016051443;5;2;3;1;6;750;04/01/2016
2016051444;1;2;1;2;2;750;07/01/2016
2016051445;5;2;2;1;6;750;09/01/2016
2016051446;1;2;1;1;2;750;10/01/2016
2016051447;5;2;2;1;2;750;15/01/2016
2016051448;1;2;2;1;6;750;16/01/2016
2016051449;5;2;2;1;3;750;16/01/2016
2016051450;5;2;1;1;2;750;18/01/2016
2016051451;1;2;2;1;3;750;26/01/2016
2016051452;1;2;1;1;2;750;26/01/2016
2016051453;5;2;1;2;2;750;27/01/2016
2016051454;5;2;1;2;6;750;31/01/2016
2016051455;1;2;4;1;6;750;01/02/2016
2016051456;5;2;7;8;3;750;02/02/2016
2016051457;2;2;1;8;3;750;10/02/2016
2016051458;5;2;2;1;3;750;11/02/2016
2016051459;1;2;2;1;3;750;17/02/2016
2016051460;1;2;7;2;3;750;18/02/2016
2016051461;5;2;1;1;6;750;20/02/2016
2016051462;1;2;1;1;6;750;21/02/2016
2016051463;5;2;3;1;4;750;26/02/2016
2016051464;1;2;1;1;6;750;29/02/2016
2016051465;1;2;7;1;3;750;01/03/2016
2016051466;5;2;7;8;6;750;02/03/2016
2016051467;5;2;5;2;3;750;04/03/2016
2016051468;5;2;1;2;6;750;05/03/2016
2016051469;2;2;2;1;3;750;05/03/2016
2016051470;5;2;4;1;3;750;05/03/2016
2016051471;5;2;2;1;3;750;08/03/2016
2016051472;1;2;2;1;6;750;11/03/2016
2016051473;5;2;2;1;1;750;11/03/2016
2016051474;1;2;1;1;6;750;12/03/2016
2016051475;1;2;3;1;2;750;17/03/2016
2016051476;5;2;1;1;3;750;17/03/2016
2016051477;1;2;2;1;3;750;21/03/2016
2016051478;2;2;2;1;2;750;23/03/2016
2016051479;1;2;1;1;3;750;24/03/2016
2016051480;2;2;1;2;2;750;30/03/2016
2016051481;1;2;3;1;3;750;02/04/2016
2016051482;1;2;1;1;7;750;03/04/2016
2016051483;1;2;5;1;2;750;06/04/2016
2016051484;1;2;3;1;6;750;08/04/2016
2016051485;1;2;7;1;3;750;14/04/2016
2016051486;5;2;7;2;3;750;14/04/2016
2016051487;1;2;2;1;6;750;18/04/2016
2016051488;5;2;1;1;3;750;20/04/2016
2016051489;1;2;2;1;3;750;22/04/2016
2016051490;5;2;3;1;1;750;21/04/2016
2016051491;1;2;5;8;3;750;26/04/2016
2016051492;1;2;3;1;3;750;29/04/2016
2016051493;1;2;4;1;2;750;02/05/2016
2016051494;1;2;7;2;3;750;02/05/2016
2016051495;1;2;2;1;3;750;04/05/2016
2016051496;1;2;1;1;2;750;05/05/2016
2016051497;1;2;1;1;4;750;09/05/2016
2016051498;2;2;7;2;6;750;12/05/2016
2016051499;1;2;2;3;2;750;18/05/2016
2016051500;1;2;1;2;2;750;19/05/2016
2016051501;1;2;2;2;3;750;19/05/2016
2016051502;1;2;3;1;2;750;20/05/2016
2016051503;1;2;1;1;6;750;21/05/2016
2016051504;1;2;7;1;3;750;21/05/2016
2016051505;2;2;2;1;2;750;21/05/2016
2016051506;1;2;2;1;6;750;23/05/2016
2016051507;1;2;7;1;6;750;23/05/2016
2016051508;1;2;3;1;7;750;25/05/2016
2016051509;1;2;7;1;3;750;25/05/2016
2016051510;1;2;3;3;1;750;30/05/2016
2016051511;1;2;3;3;7;750;31/05/2016
2016051512;1;2;1;1;6;750;01/06/2016
2016051513;1;2;2;8;3;750;02/06/2016
2016051514;1;2;3;1;6;750;02/06/2016
2016051515;1;2;7;1;3;750;07/06/2016
2016051516;5;2;2;1;3;750;08/06/2016
2016051517;1;2;2;1;3;750;09/06/2016
2016051518;1;2;1;1;6;750;10/06/2016
2016051519;1;2;1;2;6;750;15/06/2016
2016051520;1;2;1;1;6;750;15/06/2016
2016051521;5;2;5;1;3;750;15/06/2016
2016051522;1;2;2;2;2;750;16/06/2016
2016051523;5;2;3;1;6;750;19/06/2016
2016051524;1;2;2;2;6;750;27/06/2016
2016051525;2;2;2;1;6;750;28/06/2016
2016051526;1;2;4;1;3;750;01/07/2016
2016051527;1;2;1;1;6;750;06/07/2016
2016051528;1;2;3;1;6;750;06/07/2016
2016051529;5;2;7;1;6;750;07/07/2016
2016051530;1;2;3;1;6;750;07/07/2016
2016051531;1;2;2;1;3;750;07/07/2016
2016051532;5;2;2;1;3;750;08/07/2016
2016051533;5;2;2;1;7;750;08/07/2016
2016051534;1;2;1;1;6;750;10/07/2016
2016051535;1;2;5;1;6;750;12/07/2016
2016051536;1;2;1;1;6;750;12/07/2016
2016051537;2;2;2;1;7;750;10/07/2016
2016051538;1;2;3;1;6;750;17/07/2016
2016051539;1;2;2;1;3;750;20/07/2016
2016051540;1;2;3;1;3;750;20/07/2016
2016051541;1;2;3;1;6;750;21/07/2016
2016051542;1;2;3;1;6;750;23/07/2016
2016051543;1;2;4;1;3;750;25/07/2016
2016051544;1;2;3;1;3;750;25/07/2016
2016051545;1;2;2;1;3;750;25/07/2016
2016051546;5;2;7;1;6;750;29/07/2016
2016051547;5;2;1;1;6;750;30/07/2016
2016051548;1;2;1;1;3;750;04/08/2016
2016051549;5;2;2;1;3;750;06/08/2016
2016051550;2;2;2;1;3;750;10/08/2016
2016051551;1;2;7;1;6;750;14/08/2016
2016051552;1;2;3;1;6;750;14/08/2016
2016051553;1;2;3;8;7;750;18/08/2016
2016051554;1;2;1;2;2;750;19/08/2016
2016051555;1;2;3;1;6;750;20/08/2016
2016051556;1;2;2;1;3;750;22/08/2016
2016051557;1;2;1;1;6;750;22/08/2016
2016051558;5;2;3;1;6;750;22/08/2016
2016051559;1;2;5;1;3;750;23/08/2016
2016051560;1;2;1;1;6;750;24/08/2016
2016051561;1;2;4;1;3;750;24/08/2016
2016051562;1;2;2;1;3;750;25/08/2016
2016051563;4;2;2;1;6;750;26/08/2016
2016051564;5;2;7;1;2;750;26/08/2016
2016051565;2;2;7;1;3;750;29/08/2016
2016051566;1;2;1;1;6;750;31/08/2016
2016051567;1;2;2;1;6;750;02/09/2016
2016051568;1;2;2;1;6;750;02/09/2016
2016051569;1;2;1;1;3;750;07/09/2016
2016051570;5;2;2;1;2;750;06/09/2016
2016051571;1;2;1;1;6;750;08/09/2016
2016051572;1;2;7;1;3;750;08/09/2016
2016051573;1;2;3;1;3;750;09/09/2016
2016051574;5;2;2;1;6;750;11/09/2016
2016051575;1;2;3;3;7;750;15/09/2016
2016051576;1;2;1;8;3;750;15/09/2016
2016051577;1;2;3;1;6;750;17/09/2016
2016051578;1;2;1;1;6;750;21/09/2016
2016051579;5;2;7;1;4;750;23/09/2016
2016051580;5;2;1;1;3;750;24/09/2016
2016051581;2;2;1;1;6;750;28/09/2016
2016051582;1;2;2;1;3;750;30/09/2016
2016051583;1;2;3;1;5;750;02/10/2016
2016051584;1;2;1;1;6;750;07/10/2016
2016051585;1;2;1;2;7;750;10/10/2016
2016051586;1;2;2;1;6;750;11/10/2016
2016051587;1;2;3;1;3;750;15/10/2016
2016051588;5;2;2;1;3;750;16/10/2016
2016051589;1;2;1;8;2;750;21/10/2016
2016051590;1;2;2;1;3;750;27/10/2016
2016051591;5;2;7;2;6;750;05/11/2016
2016051592;1;2;2;2;6;750;09/11/2016
2016051593;5;2;3;2;6;750;10/11/2016
2016051594;1;2;2;1;3;750;12/11/2016
2016051595;5;2;2;1;3;750;16/11/2016
2016051596;1;2;3;1;3;750;23/11/2016
2016051597;2;2;3;1;3;750;28/11/2016
2016051598;2;2;3;1;2;750;29/11/2016
2016051599;1;2;1;1;6;750;30/11/2016
2016051600;1;2;2;1;3;750;01/12/2016
2016051601;2;2;7;1;3;750;04/12/2016
2016051602;5;2;1;1;6;750;05/12/2016
2016051603;1;2;1;1;6;750;08/12/2016
2016051604;5;2;1;1;6;750;09/12/2016
2016051605;5;2;2;1;3;750;10/12/2016
2016051606;5;2;1;1;2;750;13/12/2016
2016051607;1;2;1;1;6;750;15/12/2016
2016051608;1;2;3;1;3;750;19/12/2016
2016051609;1;2;2;1;3;750;21/12/2016
2016051610;5;2;2;2;3;750;22/12/2016
2016051611;1;2;3;1;2;750;22/12/2016
2016051612;5;2;7;1;3;750;23/12/2016
2016051613;1;2;7;1;3;750;27/12/2016
2016051614;5;2;2;1;2;750;27/12/2016
2016051615;5;2;2;1;6;750;03/01/2016
2016051616;2;2;2;1;1;750;05/01/2016
2016051617;1;2;1;1;6;750;08/01/2016
2016051618;1;2;5;8;2;750;11/01/2016
2016051619;5;2;1;2;2;750;14/01/2016
2016051620;5;2;3;2;6;750;14/01/2016
2016051621;1;2;2;1;6;750;16/01/2016
2016051622;1;2;2;1;3;750;16/01/2016
2016051623;1;2;5;1;3;750;17/01/2016
2016051624;3;2;2;1;2;750;17/01/2016
2016051625;5;2;1;1;6;750;26/01/2016
2016051626;5;2;3;1;6;750;28/01/2016
2016051627;1;2;1;1;2;750;29/01/2016
2016051628;5;2;3;2;2;750;30/01/2016
2016051629;5;2;1;1;6;750;30/01/2016
2016051630;1;2;1;1;3;750;05/02/2016
2016051631;1;2;7;1;6;750;06/02/2016
2016051632;5;2;2;1;3;750;06/02/2016
2016051633;1;2;2;1;2;750;09/02/2016
2016051634;1;2;7;1;4;750;10/02/2016
2016051635;1;2;1;2;6;750;12/02/2016
2016051636;5;2;1;1;6;750;14/02/2016
2016051637;1;2;3;1;3;750;15/02/2016
2016051638;1;2;4;1;7;750;16/02/2016
2016051639;5;2;2;1;3;750;18/02/2016
2016051640;5;2;2;8;3;750;18/02/2016
2016051641;5;2;1;2;6;750;20/02/2016
2016051642;1;2;2;7;3;750;25/02/2016
2016051643;1;2;1;1;3;750;27/02/2016
2016051644;5;2;1;1;3;750;27/02/2016
2016051645;1;2;2;1;3;750;29/02/2016
2016051646;1;2;7;4;6;750;02/03/2016
2016051647;5;2;3;1;3;750;03/03/2016
2016051648;1;2;3;1;6;750;04/03/2016
2016051649;5;2;2;3;3;750;04/03/2016
2016051650;1;2;5;1;2;750;08/03/2016
2016051651;1;2;2;1;2;750;08/03/2016
2016051652;5;2;3;1;6;750;08/03/2016
2016051653;2;2;1;1;3;750;08/03/2016
2016051654;1;2;7;1;2;750;14/03/2016
2016051655;2;2;3;1;2;750;14/03/2016
2016051656;2;2;1;1;2;750;15/03/2016
2016051657;5;2;3;1;3;750;17/03/2016
2016051658;1;2;2;1;6;750;23/03/2016
2016051659;1;2;2;2;3;750;25/03/2016
2016051660;1;2;1;2;6;750;31/03/2016
2016051661;1;2;2;1;6;750;05/04/2016
2016051662;5;2;2;1;3;750;05/04/2016
2016051663;5;2;4;2;3;750;06/04/2016
2016051664;1;2;2;8;3;750;11/04/2016
2016051665;1;2;1;1;7;750;13/04/2016
2016051666;5;2;2;1;2;750;14/04/2016
2016051667;5;2;4;1;3;750;15/04/2016
2016051668;5;2;1;1;6;750;20/04/2016
2016051669;1;2;7;1;6;750;20/04/2016
2016051670;1;2;2;1;6;750;21/04/2016
2016051671;1;2;2;1;3;750;01/05/2016
2016051672;1;2;1;1;3;750;02/05/2016
2016051673;1;2;2;1;3;750;07/05/2016
2016051674;1;2;5;1;6;750;08/05/2016
2016051675;1;2;2;3;6;750;11/05/2016
2016051676;1;2;5;1;6;750;12/05/2016
2016051677;1;2;2;3;3;750;12/05/2016
2016051678;1;2;4;1;3;750;13/05/2016
2016051679;1;2;7;1;6;750;13/05/2016
2016051680;1;2;2;1;6;750;15/05/2016
2016051681;1;2;2;1;6;750;16/05/2016
2016051682;5;2;2;1;3;750;17/05/2016
2016051683;1;2;2;8;6;750;18/05/2016
2016051684;1;2;3;2;6;750;23/05/2016
2016051685;5;2;1;1;3;750;28/05/2016
2016051686;1;2;2;2;6;750;31/05/2016
2016051687;1;2;2;1;3;750;01/06/2016
2016051688;5;2;2;3;3;750;02/06/2016
2016051689;5;2;2;1;3;750;03/06/2016
2016051690;1;2;7;1;5;750;03/06/2016
2016051691;2;2;2;1;6;750;04/06/2016
2016051692;1;2;7;1;3;750;07/06/2016
2016051693;1;2;3;1;3;750;08/06/2016
2016051694;5;2;1;1;3;750;08/06/2016
2016051695;1;2;2;1;6;750;09/06/2016
2016051696;1;2;2;8;3;750;12/06/2016
2016051697;1;2;3;1;1;750;12/06/2016
2016051698;1;2;5;1;3;750;13/06/2016
2016051699;1;2;2;1;6;750;13/06/2016
2016051700;1;2;2;1;6;750;14/06/2016
2016051701;1;2;1;1;3;750;16/06/2016
2016051702;1;2;3;1;4;750;16/06/2016
2016051703;1;2;2;1;6;750;21/06/2016
2016051704;1;2;3;1;3;750;22/06/2016
2016051705;1;2;2;1;6;750;22/06/2016
2016051706;5;2;1;1;6;750;25/06/2016
2016051707;1;2;3;1;6;750;25/06/2016
2016051708;1;2;2;2;2;750;27/06/2016
2016051709;1;2;2;1;6;750;28/06/2016
2016051710;1;2;1;1;2;750;29/06/2016
2016051711;1;2;1;1;3;750;29/06/2016
2016051712;5;2;1;1;6;750;30/06/2016
2016051713;1;2;2;8;3;750;30/06/2016
2016051714;5;2;2;1;3;750;01/07/2016
2016051715;1;2;7;8;3;750;01/07/2016
2016051716;1;2;7;1;3;750;04/07/2016
2016051717;1;2;7;1;3;750;06/07/2016
2016051718;2;2;2;7;6;750;06/07/2016
2016051719;1;2;2;1;3;750;07/07/2016
2016051720;5;2;2;1;3;750;07/07/2016
2016051721;1;2;1;1;3;750;12/07/2016
2016051722;1;2;1;1;3;750;13/07/2016
2016051723;1;2;3;1;2;750;19/07/2016
2016051724;1;2;1;1;3;750;23/07/2016
2016051725;1;2;2;1;3;750;27/07/2016
2016051726;1;2;2;1;3;750;29/07/2016
2016051727;1;2;1;1;3;750;29/07/2016
2016051728;2;2;1;1;3;750;29/07/2016
2016051729;5;2;2;1;3;750;30/07/2016
2016051730;1;2;3;1;3;750;30/07/2016
2016051731;1;2;7;1;3;750;31/07/2016
2016051732;1;2;1;1;6;750;01/08/2016
2016051733;1;2;2;1;3;750;04/08/2016
2016051734;5;2;7;8;6;750;04/08/2016
2016051735;1;2;2;1;2;750;05/08/2016
2016051736;1;2;2;1;6;750;08/08/2016
2016051737;5;2;3;1;2;750;12/08/2016
2016051738;5;2;1;1;6;750;13/08/2016
2016051739;2;2;2;1;3;750;16/08/2016
2016051740;5;2;2;1;6;750;16/08/2016
2016051741;1;2;3;1;6;750;22/08/2016
2016051742;1;2;2;1;3;750;25/08/2016
2016051743;1;2;5;1;3;750;26/08/2016
2016051744;1;2;2;1;3;750;28/08/2016
2016051745;1;2;7;1;6;750;28/08/2016
2016051746;1;2;5;1;3;750;31/08/2016
2016051747;1;2;7;1;3;750;31/08/2016
2016051748;1;2;1;1;6;750;02/09/2016
2016051749;5;2;5;2;3;750;04/09/2016
2016051750;1;2;2;1;3;750;07/09/2016
2016051751;5;2;7;1;7;750;08/09/2016
2016051752;5;2;4;1;6;750;09/09/2016
2016051753;1;2;1;1;2;750;10/09/2016
2016051754;1;2;4;1;3;750;13/09/2016
2016051755;1;2;1;8;6;750;15/09/2016
2016051756;2;2;3;3;6;750;16/09/2016
2016051757;1;2;5;8;3;750;18/09/2016
2016051758;1;2;1;1;3;750;21/09/2016
2016051759;5;2;2;1;3;750;22/09/2016
2016051760;5;2;2;1;3;750;25/09/2016
2016051761;1;2;4;1;3;750;26/09/2016
2016051762;1;2;2;1;6;750;27/09/2016
2016051763;5;2;3;1;2;750;28/09/2016
2016051764;1;2;7;1;6;750;03/10/2016
2016051765;5;2;5;1;2;750;06/10/2016
2016051766;2;2;2;1;6;750;07/10/2016
2016051767;1;2;5;1;6;750;09/10/2016
2016051768;5;2;7;1;3;750;12/10/2016
2016051769;1;2;2;1;6;750;13/10/2016
2016051770;2;2;5;2;6;750;13/10/2016
2016051771;5;2;3;1;2;750;13/10/2016
2016051772;1;2;2;1;3;750;15/10/2016
2016051773;2;2;5;1;3;750;20/10/2016
2016051774;5;2;2;2;3;750;23/10/2016
2016051775;1;2;1;1;6;750;30/10/2016
2016051776;1;2;5;1;6;750;01/11/2016
2016051777;5;2;1;1;3;750;01/11/2016
2016051778;1;2;4;2;6;750;10/11/2016
2016051779;5;2;7;2;6;750;10/11/2016
2016051780;2;2;1;1;3;750;11/11/2016
2016051781;5;2;2;2;1;750;12/11/2016
2016051782;5;2;7;2;3;750;13/11/2016
2016051783;5;2;1;1;6;750;16/11/2016
2016051784;1;2;1;1;6;750;17/11/2016
2016051785;1;2;4;1;3;750;18/11/2016
2016051786;5;2;1;2;6;750;20/11/2016
2016051787;5;2;7;3;6;750;23/11/2016
2016051788;1;2;5;2;3;750;23/11/2016
2016051789;5;2;2;1;3;750;25/11/2016
2016051790;1;2;2;1;2;750;28/11/2016
2016051791;1;2;2;1;6;750;29/11/2016
2016051792;1;2;1;1;7;750;30/11/2016
2016051793;5;2;2;1;6;750;30/11/2016
2016051794;5;2;1;1;6;750;01/12/2016
2016051795;5;2;5;1;6;750;01/12/2016
2016051796;5;2;7;1;3;750;06/12/2016
2016051797;5;2;3;1;6;750;07/12/2016
2016051798;5;2;2;1;3;750;10/12/2016
2016051799;5;2;7;1;6;750;13/12/2016
2016051800;5;2;5;1;6;750;19/12/2016
2016051801;5;2;2;2;6;750;21/12/2016
2016051802;1;2;3;1;2;750;24/12/2016
2016051803;5;2;3;8;3;750;26/12/2016
2016051804;1;2;7;1;2;750;27/12/2016
2016051805;5;2;2;5;2;750;30/12/2016
2016051806;1;2;5;1;6;750;30/12/2016
2016051807;5;2;5;8;6;750;31/12/2016
2016051808;2;2;7;2;6;750;05/01/2016
2016051809;5;2;3;1;6;750;05/01/2016
2016051810;2;2;1;1;6;750;06/01/2016
2016051811;1;2;2;2;3;750;07/01/2016
2016051812;1;2;3;8;6;750;07/01/2016
2016051813;1;2;3;1;6;750;08/01/2016
2016051814;1;2;2;1;6;750;09/01/2016
2016051815;1;2;2;1;3;750;11/01/2016
2016051816;5;2;2;1;3;750;15/01/2016
2016051817;1;2;2;1;2;750;16/01/2016
2016051818;1;2;2;1;4;750;18/01/2016
2016051819;1;2;2;1;2;750;19/01/2016
2016051820;1;2;7;1;6;750;20/01/2016
2016051821;5;2;1;1;6;750;21/01/2016
2016051822;1;2;1;1;2;750;22/01/2016
2016051823;5;2;5;1;6;750;23/01/2016
2016051824;1;2;7;1;3;750;25/01/2016
2016051825;5;2;4;1;6;750;25/01/2016
2016051826;5;2;7;1;6;750;29/01/2016
2016051827;1;2;1;1;6;750;06/02/2016
2016051828;5;2;1;1;3;750;08/02/2016
2016051829;5;2;5;1;6;750;12/02/2016
2016051830;1;2;7;2;6;750;13/02/2016
2016051831;1;2;2;1;6;750;15/02/2016
2016051832;1;2;7;1;3;750;15/02/2016
2016051833;1;2;2;1;3;750;16/02/2016
2016051834;1;2;3;1;2;750;16/02/2016
2016051835;1;2;3;1;3;750;17/02/2016
2016051836;1;2;4;2;6;750;01/03/2016
2016051837;1;2;5;2;3;750;01/03/2016
2016051838;5;2;5;2;3;750;01/03/2016
2016051839;1;2;3;1;6;750;02/03/2016
2016051840;5;2;7;1;3;750;03/03/2016
2016051841;1;2;1;1;3;750;04/03/2016
2016051842;1;2;7;1;2;750;07/03/2016
2016051843;1;2;7;1;7;750;10/03/2016
2016051844;5;2;1;1;2;750;16/03/2016
2016051845;1;2;2;1;6;750;17/03/2016
2016051846;5;2;5;1;3;750;18/03/2016
2016051847;5;2;1;1;6;750;19/03/2016
2016051848;1;2;5;1;3;750;19/03/2016
2016051849;1;2;7;2;2;750;28/03/2016
2016051850;1;2;7;2;6;750;29/03/2016
2016051851;1;2;1;2;2;750;31/03/2016
2016051852;1;2;2;1;3;750;07/04/2016
2016051853;1;2;1;1;3;750;08/04/2016
2016051854;5;2;7;1;3;750;10/04/2016
2016051855;1;2;4;1;3;750;11/04/2016
2016051856;1;2;3;2;2;750;11/04/2016
2016051857;1;2;5;8;7;750;11/04/2016
2016051858;1;2;1;1;3;750;12/04/2016
2016051859;5;2;2;1;3;750;12/04/2016
2016051860;1;2;3;1;6;750;14/04/2016
2016051861;1;2;2;1;6;750;15/04/2016
2016051862;2;2;2;1;6;750;18/04/2016
2016051863;1;2;7;1;2;750;19/04/2016
2016051864;1;2;2;1;3;750;19/04/2016
2016051865;1;2;2;1;3;750;22/04/2016
2016051866;1;2;1;1;6;750;27/04/2016
2016051867;1;2;5;1;6;750;28/04/2016
2016051868;5;2;2;1;3;750;01/05/2016
2016051869;1;2;7;1;7;750;07/05/2016
2016051870;1;2;1;1;2;750;09/05/2016
2016051871;2;2;3;8;3;750;10/05/2016
2016051872;1;2;4;8;6;750;10/05/2016
2016051873;5;2;1;2;6;750;10/05/2016
2016051874;1;2;5;1;3;750;13/05/2016
2016051875;1;2;5;8;6;750;20/05/2016
2016051876;1;2;1;1;6;750;20/05/2016
2016051877;1;2;7;1;3;750;21/05/2016
2016051878;1;2;1;1;6;750;21/05/2016
2016051879;1;2;2;8;6;750;23/05/2016
2016051880;1;2;5;1;3;750;26/05/2016
2016051881;1;2;2;1;3;750;02/06/2016
2016051882;1;2;2;1;3;750;04/06/2016
2016051883;1;2;2;1;6;750;12/06/2016
2016051884;1;2;4;1;3;750;16/06/2016
2016051885;5;2;2;1;3;750;24/06/2016
2016051886;1;2;5;1;3;750;25/06/2016
2016051887;1;2;3;1;6;750;26/06/2016
2016051888;1;2;4;8;3;750;27/06/2016
2016051889;1;2;2;1;6;750;28/06/2016
2016051890;1;2;1;1;3;750;30/06/2016
2016051891;1;2;5;1;3;750;30/06/2016
2016051892;5;2;3;2;7;750;03/07/2016
2016051893;1;2;1;1;2;750;06/07/2016
2016051894;1;2;1;1;3;750;06/07/2016
2016051895;1;2;1;1;3;750;11/07/2016
2016051896;1;2;2;1;6;750;13/07/2016
2016051897;2;2;5;1;3;750;13/07/2016
2016051898;5;2;1;1;3;750;17/07/2016
2016051899;1;2;1;1;3;750;19/07/2016
2016051900;1;2;7;1;2;750;21/07/2016
2016051901;1;2;3;1;6;750;22/07/2016
2016051902;1;2;3;1;6;750;25/07/2016
2016051903;1;2;2;1;6;750;29/07/2016
2016051904;5;2;2;1;6;750;01/08/2016
2016051905;1;2;1;1;6;750;08/08/2016
2016051906;1;2;7;1;6;750;16/08/2016
2016051907;1;2;5;1;7;750;18/08/2016
2016051908;1;2;4;1;6;750;22/08/2016
2016051909;5;2;1;1;6;750;02/09/2016
2016051910;1;2;2;1;6;750;02/09/2016
2016051911;1;2;2;2;3;750;05/09/2016
2016051912;2;2;7;1;6;750;06/09/2016
2016051913;1;2;1;1;6;750;09/09/2016
2016051914;1;2;2;1;6;750;14/09/2016
2016051915;1;2;2;1;6;750;14/09/2016
2016051916;1;2;2;1;3;750;14/09/2016
2016051917;1;2;5;8;6;750;15/09/2016
2016051918;1;2;2;2;3;750;16/09/2016
2016051919;1;2;1;1;3;750;21/09/2016
2016051920;1;2;3;1;6;750;23/09/2016
2016051921;1;2;7;1;6;750;24/09/2016
2016051922;5;2;3;1;2;750;24/09/2016
2016051923;1;2;1;2;6;750;30/09/2016
2016051924;1;2;2;1;6;750;01/10/2016
2016051925;1;2;1;1;3;750;05/10/2016
2016051926;1;2;4;1;6;750;06/10/2016
2016051927;5;2;2;1;7;750;08/10/2016
2016051928;2;2;3;1;7;750;08/10/2016
2016051929;1;2;1;1;6;750;10/10/2016
2016051930;1;2;2;1;4;750;13/10/2016
2016051931;1;2;3;1;3;750;15/10/2016
2016051932;1;2;3;1;6;750;27/10/2016
2016051933;5;2;2;1;3;750;28/10/2016
2016051934;1;2;5;1;6;750;29/10/2016
2016051935;1;2;1;1;3;750;31/10/2016
2016051936;1;2;1;8;6;750;03/11/2016
2016051937;1;2;2;2;7;750;04/11/2016
2016051938;5;2;2;2;2;750;04/11/2016
2016051939;1;2;7;3;6;750;07/11/2016
2016051940;1;2;7;7;7;750;07/11/2016
2016051941;5;2;2;1;3;750;08/11/2016