num_acc;lum;agg;inter;atm;col;dep;date
2016051942;1;2;2;2;2;750;09/11/2016
2016051943;1;2;7;1;4;750;10/11/2016
2016051944;1;2;1;2;6;750;10/11/2016
2016051945;5;2;2;3;3;750;10/11/2016
2016051946;5;2;2;1;6;750;16/11/2016
2016051947;5;2;2;1;3;750;17/11/2016
2016051948;1;2;7;1;6;750;24/11/2016
2016051949;1;2;3;1;3;750;27/11/2016
2016051950;5;2;3;1;3;750;28/11/2016
2016051951;1;2;2;1;3;750;02/12/2016
2016051952;5;2;5;1;6;750;06/12/2016
2016051953;2;2;3;1;3;750;07/12/2016
2016051954;5;2;3;1;3;750;13/12/2016
2016051955;1;2;3;1;6;750;16/12/2016
2016051956;5;2;4;1;7;750;16/12/2016
2016051957;1;2;5;1;6;750;23/12/2016
2016051958;1;2;2;1;2;750;28/12/2016
2016051959;5;2;2;8;3;750;31/12/2016
2016051960;5;2;2;1;3;750;31/12/2016
2016051961;5;2;2;1;6;750;03/01/2016
2016051962;5;2;1;1;6;750;07/01/2016
2016051963;5;2;1;1;6;750;08/01/2016
2016051964;5;2;2;2;3;750;10/01/2016
2016051965;1;2;3;3;2;750;14/01/2016
2016051966;2;2;2;1;3;750;15/01/2016
2016051967;1;2;1;1;2;750;19/01/2016
2016051968;5;2;7;1;3;750;19/01/2016
2016051969;5;2;2;1;3;750;19/01/2016
2016051970;1;2;3;1;6;750;20/01/2016
2016051971;1;2;1;1;2;750;21/01/2016
2016051972;5;2;1;1;6;750;21/01/2016
2016051973;5;2;7;2;6;750;22/01/2016
2016051974;1;2;2;1;7;750;26/01/2016
2016051975;5;2;3;1;3;750;28/01/2016
2016051976;2;2;3;1;3;750;29/01/2016
2016051977;1;2;7;2;6;750;02/02/2016
2016051978;1;2;1;1;3;750;03/02/2016
2016051979;1;2;1;2;3;750;03/02/2016
2016051980;5;2;2;1;2;750;03/02/2016
2016051981;1;2;7;1;3;750;06/02/2016
2016051982;5;2;7;1;6;750;07/02/2016
2016051983;1;2;3;2;7;750;09/02/2016
2016051984;1;2;1;1;3;750;10/02/2016
2016051985;5;2;2;1;3;750;14/02/2016
2016051986;1;2;2;1;2;750;16/02/2016
2016051987;1;2;7;1;2;750;19/02/2016
2016051988;3;2;7;1;2;750;20/02/2016
2016051989;5;2;2;1;6;750;21/02/2016
2016051990;5;2;2;1;3;750;25/02/2016
2016051991;5;2;1;1;6;750;26/02/2016
2016051992;1;2;1;1;3;750;26/02/2016
2016051993;1;2;1;1;2;750;03/03/2016
2016051994;5;2;1;1;4;750;04/03/2016
2016051995;5;2;1;1;6;750;05/03/2016
2016051996;1;2;1;1;6;750;06/03/2016
2016051997;1;2;2;2;7;750;07/03/2016
2016051998;1;2;3;1;6;750;07/03/2016
2016051999;1;2;1;1;6;750;08/03/2016
2016052000;1;2;2;1;6;750;08/03/2016
2016052001;1;2;3;3;6;750;09/03/2016
2016052002;1;2;2;2;3;750;09/03/2016
2016052003;1;2;2;1;3;750;11/03/2016
2016052004;1;2;1;1;3;750;12/03/2016
2016052005;1;2;3;1;6;750;16/03/2016
2016052006;1;2;5;1;3;750;17/03/2016
2016052007;1;2;1;1;2;750;20/03/2016
2016052008;1;2;2;1;2;750;21/03/2016
2016052009;1;2;3;1;6;750;23/03/2016
2016052010;1;2;5;8;2;750;24/03/2016
2016052011;5;2;2;2;3;750;25/03/2016
2016052012;1;2;7;2;7;750;25/03/2016
2016052013;1;2;7;8;3;750;29/03/2016
2016052014;1;2;2;2;6;750;31/03/2016
2016052015;5;2;5;1;3;750;02/04/2016
2016052016;1;2;1;3;6;750;06/04/2016
2016052017;1;2;1;1;3;750;07/04/2016
2016052018;5;2;7;1;6;750;08/04/2016
2016052019;1;2;5;1;3;750;14/04/2016
2016052020;1;2;2;2;6;750;14/04/2016
2016052021;2;2;7;1;3;750;17/04/2016
2016052022;1;2;1;1;7;750;19/04/2016
2016052023;1;2;5;1;6;750;25/04/2016
2016052024;1;2;2;1;7;750;26/04/2016
2016052025;1;2;2;8;3;750;28/04/2016
2016052026;1;2;2;1;6;750;01/05/2016
2016052027;1;2;3;1;6;750;02/05/2016
2016052028;1;2;3;1;6;750;02/05/2016
2016052029;1;2;3;1;3;750;02/05/2016
2016052030;1;2;7;1;6;750;03/05/2016
2016052031;1;2;5;1;3;750;03/05/2016
2016052032;1;2;7;1;6;750;03/05/2016
2016052033;1;2;7;8;7;750;10/05/2016
2016052034;5;2;7;1;6;750;14/05/2016
2016052035;5;2;1;1;6;750;16/05/2016
2016052036;1;2;1;1;2;750;17/05/2016
2016052037;1;2;1;1;3;750;17/05/2016
2016052038;1;2;1;2;6;750;18/05/2016
2016052039;1;2;2;2;6;750;19/05/2016
2016052040;1;2;7;2;7;750;22/05/2016
2016052041;1;2;1;3;6;750;23/05/2016
2016052042;5;2;2;1;6;750;23/05/2016
2016052043;1;2;2;1;3;750;26/05/2016
2016052044;1;2;2;1;2;750;26/05/2016
2016052045;1;2;1;1;3;750;26/05/2016
2016052046;5;2;3;1;3;750;26/05/2016
2016052047;1;2;1;3;6;750;30/05/2016
2016052048;1;2;2;3;7;750;31/05/2016
2016052049;1;2;1;8;6;750;02/06/2016
2016052050;2;2;5;8;3;750;02/06/2016
2016052051;5;2;3;2;3;750;03/06/2016
2016052052;1;2;1;8;3;750;03/06/2016
2016052053;1;2;5;1;3;750;04/06/2016
2016052054;1;2;2;1;3;750;08/06/2016
2016052055;1;2;1;1;3;750;09/06/2016
2016052056;1;2;3;1;6;750;10/06/2016
2016052057;1;2;4;1;1;750;11/06/2016
2016052058;1;2;1;1;6;750;13/06/2016
2016052059;1;2;1;8;2;750;16/06/2016
2016052060;5;2;1;1;7;750;16/06/2016
2016052061;1;2;3;1;3;750;18/06/2016
2016052062;1;2;7;1;3;750;19/06/2016
2016052063;1;2;3;1;3;750;21/06/2016
2016052064;5;2;2;1;6;750;21/06/2016
2016052065;1;2;2;1;6;750;26/06/2016
2016052066;1;2;2;1;3;750;29/06/2016
2016052067;1;2;7;1;2;750;29/06/2016
2016052068;1;2;7;1;2;750;04/07/2016
2016052069;1;2;3;1;2;750;06/07/2016
2016052070;5;2;2;1;6;750;11/07/2016
2016052071;1;2;1;1;3;750;11/07/2016
2016052072;1;2;1;1;6;750;12/07/2016
2016052073;1;2;4;1;6;750;15/07/2016
2016052074;5;2;2;1;6;750;16/07/2016
2016052075;1;2;3;1;3;750;16/07/2016
2016052076;1;2;5;1;2;750;18/07/2016
2016052077;1;2;2;1;6;750;19/07/2016
2016052078;1;2;2;1;3;750;23/07/2016
2016052079;1;2;3;1;6;750;25/07/2016
2016052080;1;2;1;1;6;750;28/07/2016
2016052081;1;2;1;1;3;750;29/07/2016
2016052082;2;2;3;1;7;750;01/08/2016
2016052083;3;2;1;1;2;750;01/08/2016
2016052084;5;2;3;1;2;750;04/08/2016
2016052085;5;2;2;1;2;750;16/08/2016
2016052086;1;2;1;1;3;750;24/08/2016
2016052087;5;2;2;1;3;750;25/08/2016
2016052088;1;2;5;1;3;750;25/08/2016
2016052089;5;2;2;1;3;750;29/08/2016
2016052090;1;2;1;1;3;750;30/08/2016
2016052091;1;2;3;1;6;750;01/09/2016
2016052092;2;2;3;1;3;750;02/09/2016
2016052093;5;2;7;1;6;750;03/09/2016
2016052094;1;2;1;2;2;750;05/09/2016
2016052095;1;2;2;2;7;750;05/09/2016
2016052096;1;2;1;1;1;750;08/09/2016
2016052097;1;2;1;1;2;750;14/09/2016
2016052098;2;2;2;3;3;750;18/09/2016
2016052099;1;2;1;8;3;750;19/09/2016
2016052100;1;2;2;2;6;750;19/09/2016
2016052101;1;2;3;1;6;750;24/09/2016
2016052102;1;2;3;1;6;750;29/09/2016
2016052103;1;2;1;1;3;750;29/09/2016
2016052104;1;2;2;1;2;750;04/10/2016
2016052105;1;2;3;1;3;750;04/10/2016
2016052106;1;2;4;1;2;750;06/10/2016
2016052107;1;2;1;1;3;750;06/10/2016
2016052108;5;2;2;1;3;750;09/10/2016
2016052109;1;2;3;2;7;750;10/10/2016
2016052110;2;2;3;8;4;750;10/10/2016
2016052111;1;2;1;1;1;750;11/10/2016
2016052112;1;2;2;1;6;750;11/10/2016
2016052113;1;2;7;1;7;750;12/10/2016
2016052114;1;2;2;1;3;750;13/10/2016
2016052115;1;2;7;2;3;750;14/10/2016
2016052116;1;2;3;1;6;750;16/10/2016
2016052117;1;2;2;2;4;750;24/10/2016
2016052118;5;2;1;1;6;750;25/10/2016
2016052119;1;2;2;1;3;750;27/10/2016
2016052120;5;2;1;1;2;750;27/10/2016
2016052121;1;2;3;2;6;750;04/11/2016
2016052122;5;2;3;2;3;750;10/11/2016
2016052123;1;2;2;2;2;750;10/11/2016
2016052124;5;2;2;1;6;750;12/11/2016
2016052125;1;2;3;1;3;750;12/11/2016
2016052126;5;2;1;1;6;750;12/11/2016
2016052127;5;2;1;2;6;750;13/11/2016
2016052128;5;2;2;2;6;750;14/11/2016
2016052129;5;2;2;1;6;750;21/11/2016
2016052130;5;2;4;1;3;750;22/11/2016
2016052131;1;2;3;2;2;750;23/11/2016
2016052132;1;2;2;1;3;750;27/11/2016
2016052133;1;2;1;1;6;750;30/11/2016
2016052134;5;2;2;1;3;750;30/11/2016
2016052135;5;2;5;1;6;750;30/11/2016
2016052136;1;2;1;1;3;750;01/12/2016
2016052137;2;2;1;1;7;750;01/12/2016
2016052138;1;2;1;1;4;750;02/12/2016
2016052139;1;2;2;1;2;750;05/12/2016
2016052140;5;2;2;1;6;750;05/12/2016
2016052141;1;2;1;2;2;750;13/12/2016
2016052142;1;2;2;1;6;750;16/12/2016
2016052143;1;2;7;1;3;750;19/12/2016
2016052144;5;2;5;1;6;750;23/12/2016
2016052145;5;2;1;1;6;750;27/12/2016
2016052146;1;2;1;1;2;750;29/12/2016
2016052147;5;2;2;1;6;750;30/12/2016
2016052148;5;2;4;2;5;750;02/01/2016
2016052149;1;2;3;1;6;750;04/01/2016
2016052150;1;2;7;2;6;750;05/01/2016
2016052151;5;2;3;1;6;750;05/01/2016
2016052152;5;2;4;1;2;750;06/01/2016
2016052153;1;2;5;1;2;750;08/01/2016
2016052154;5;2;2;1;6;750;08/01/2016
2016052155;5;2;2;1;3;750;08/01/2016
2016052156;5;2;7;1;3;750;09/01/2016
2016052157;2;2;2;8;6;750;11/01/2016
2016052158;4;2;2;1;7;750;13/01/2016
2016052159;5;2;3;1;6;750;13/01/2016
2016052160;1;2;2;1;3;750;14/01/2016
2016052161;3;2;1;1;7;750;15/01/2016
2016052162;1;2;2;1;3;750;14/01/2016
2016052163;5;2;3;1;2;750;17/01/2016
2016052164;5;2;1;1;3;750;18/01/2016
2016052165;1;2;1;1;7;750;19/01/2016
2016052166;1;2;2;1;6;750;20/01/2016
2016052167;1;2;4;1;7;750;20/01/2016
2016052168;1;2;2;1;6;750;21/01/2016
2016052169;1;2;3;3;3;750;22/01/2016
2016052170;1;2;5;7;6;750;25/01/2016
2016052171;1;2;2;1;6;750;26/01/2016
2016052172;1;2;1;1;3;750;26/01/2016
2016052173;2;2;2;1;6;750;26/01/2016
2016052174;1;2;2;2;6;750;27/01/2016
2016052175;5;2;2;1;6;750;27/01/2016
2016052176;5;2;1;1;7;750;27/01/2016
2016052177;1;2;5;1;3;750;28/01/2016
2016052178;5;2;2;1;3;750;28/01/2016
2016052179;5;2;2;1;3;750;29/01/2016
2016052180;5;2;7;2;3;750;30/01/2016
2016052181;1;2;5;2;6;750;30/01/2016
2016052182;5;2;5;1;3;750;01/02/2016
2016052183;1;2;1;3;6;750;02/02/2016
2016052184;1;2;1;1;3;750;03/02/2016
2016052185;1;2;5;8;3;750;03/02/2016
2016052186;1;2;7;2;7;750;09/02/2016
2016052187;5;2;7;8;3;750;10/02/2016
2016052188;1;2;7;2;3;750;12/02/2016
2016052189;2;2;1;2;3;750;12/02/2016
2016052190;5;2;1;2;2;750;12/02/2016
2016052191;5;2;2;1;6;750;13/02/2016
2016052192;1;2;2;2;6;750;13/02/2016
2016052193;1;2;4;1;7;750;15/02/2016
2016052194;1;2;7;1;3;750;16/02/2016
2016052195;1;2;7;1;6;750;16/02/2016
2016052196;1;2;7;1;3;750;17/02/2016
2016052197;1;2;5;4;3;750;18/02/2016
2016052198;5;2;1;2;3;750;18/02/2016
2016052199;1;2;2;1;2;750;19/02/2016
2016052200;5;2;5;1;7;750;20/02/2016
2016052201;1;2;2;1;6;750;22/02/2016
2016052202;5;2;3;2;3;750;22/02/2016
2016052203;1;2;2;2;6;750;23/02/2016
2016052204;1;2;1;8;6;750;24/02/2016
2016052205;1;2;1;1;7;750;25/02/2016
2016052206;5;2;3;1;2;750;25/02/2016
2016052207;1;2;4;1;3;750;26/02/2016
2016052208;1;2;2;1;3;750;26/02/2016
2016052209;5;2;5;1;6;750;27/02/2016
2016052210;1;2;1;2;2;750;01/03/2016
2016052211;5;2;1;1;3;750;01/03/2016
2016052212;5;2;2;2;3;750;02/03/2016
2016052213;1;2;5;1;6;750;02/03/2016
2016052214;1;2;2;1;3;750;02/03/2016
2016052215;5;2;7;2;2;750;02/03/2016
2016052216;5;2;7;1;6;750;02/03/2016
2016052217;5;2;2;2;6;750;03/03/2016
2016052218;1;2;2;1;6;750;03/03/2016
2016052219;5;2;1;2;3;750;04/03/2016
2016052220;5;2;4;2;6;750;06/03/2016
2016052221;1;2;7;1;2;750;06/03/2016
2016052222;1;2;2;1;6;750;07/03/2016
2016052223;5;2;7;2;3;750;07/03/2016
2016052224;5;2;7;1;3;750;08/03/2016
2016052225;1;2;2;2;6;750;09/03/2016
2016052226;1;2;1;2;2;750;09/03/2016
2016052227;1;2;7;1;3;750;10/03/2016
2016052228;4;2;3;1;2;750;10/03/2016
2016052229;1;2;1;1;6;750;11/03/2016
2016052230;5;2;3;1;6;750;13/03/2016
2016052231;1;2;6;1;3;750;13/03/2016
2016052232;1;2;2;1;3;750;13/03/2016
2016052233;1;2;2;1;3;750;16/03/2016
2016052234;1;2;2;1;3;750;17/03/2016
2016052235;1;2;5;1;6;750;18/03/2016
2016052236;1;2;1;1;4;750;19/03/2016
2016052237;1;2;7;1;3;750;23/03/2016
2016052238;1;2;7;1;3;750;24/03/2016
2016052239;1;2;2;1;3;750;24/03/2016
2016052240;1;2;7;1;3;750;24/03/2016
2016052241;1;2;7;2;3;750;25/03/2016
2016052242;1;2;7;6;3;750;25/03/2016
2016052243;1;2;4;1;3;750;25/03/2016
2016052244;1;2;1;1;2;750;25/03/2016
2016052245;1;2;3;1;3;750;27/03/2016
2016052246;5;2;4;2;6;750;28/03/2016
2016052247;5;2;7;2;2;750;28/03/2016
2016052248;1;2;2;2;6;750;29/03/2016
2016052249;1;2;3;2;3;750;30/03/2016
2016052250;1;2;7;1;5;750;01/04/2016
2016052251;1;2;7;1;2;750;01/04/2016
2016052252;1;2;1;1;3;750;03/04/2016
2016052253;5;2;7;1;3;750;01/04/2016
2016052254;1;2;1;1;1;750;04/04/2016
2016052255;5;2;2;2;6;750;04/04/2016
2016052256;1;2;5;1;3;750;05/04/2016
2016052257;1;2;5;1;6;750;05/04/2016
2016052258;1;2;2;1;3;750;06/04/2016
2016052259;1;2;7;1;6;750;07/04/2016
2016052260;1;2;4;1;7;750;07/04/2016
2016052261;1;2;3;2;6;750;07/04/2016
2016052262;1;2;7;1;6;750;07/04/2016
2016052263;1;2;7;1;6;750;07/04/2016
2016052264;1;2;7;1;6;750;08/04/2016
2016052265;1;2;7;1;3;750;08/04/2016
2016052266;1;2;1;1;6;750;07/04/2016
2016052267;1;2;5;2;3;750;11/04/2016
2016052268;1;2;1;2;3;750;11/04/2016
2016052269;1;2;2;2;6;750;11/04/2016
2016052270;1;2;1;2;7;750;11/04/2016
2016052271;1;2;2;1;6;750;12/04/2016
2016052272;1;2;5;1;3;750;13/04/2016
2016052273;1;2;7;1;3;750;13/04/2016
2016052274;1;2;1;1;2;750;14/04/2016
2016052275;5;2;2;2;1;750;14/04/2016
2016052276;1;2;7;2;2;750;16/04/2016
2016052277;1;2;7;1;3;750;16/04/2016
2016052278;1;2;2;1;3;750;17/04/2016
2016052279;1;2;4;1;6;750;17/04/2016
2016052280;1;2;2;1;3;750;19/04/2016
2016052281;1;2;3;1;2;750;21/04/2016
2016052282;5;2;2;2;3;750;23/04/2016
2016052283;5;2;2;3;7;750;23/04/2016
2016052284;1;2;4;1;3;750;23/04/2016
2016052285;1;2;1;1;3;750;28/04/2016
2016052286;1;2;3;1;6;750;28/04/2016
2016052287;1;2;4;1;6;750;28/04/2016
2016052288;1;2;2;1;2;750;29/04/2016
2016052289;5;2;2;1;6;750;30/04/2016
2016052290;1;2;2;2;6;750;30/04/2016
2016052291;1;2;2;2;6;750;30/04/2016
2016052292;1;2;3;2;2;750;30/04/2016
2016052293;1;2;2;1;3;750;01/05/2016
2016052294;5;2;1;1;3;750;02/05/2016
2016052295;1;2;1;1;2;750;02/05/2016
2016052296;1;2;1;1;4;750;03/05/2016
2016052297;1;2;7;1;6;750;03/05/2016
2016052298;1;2;1;1;3;750;03/05/2016
2016052299;1;2;1;1;3;750;04/05/2016
2016052300;2;2;2;1;3;750;04/05/2016
2016052301;5;2;3;1;7;750;05/05/2016
2016052302;1;2;7;1;7;750;05/05/2016
2016052303;5;2;4;1;6;750;06/05/2016
2016052304;1;2;4;1;3;750;07/05/2016
2016052305;1;2;1;1;3;750;08/05/2016
2016052306;5;2;7;1;6;750;08/05/2016
2016052307;1;2;2;1;3;750;09/05/2016
2016052308;1;2;3;8;6;750;09/05/2016
2016052309;5;2;7;2;3;750;10/05/2016
2016052310;1;2;1;1;2;750;10/05/2016
2016052311;5;2;2;2;6;750;10/05/2016
2016052312;1;2;7;1;6;750;11/05/2016
2016052313;1;2;3;2;1;750;11/05/2016
2016052314;1;2;7;1;3;750;15/05/2016
2016052315;1;2;4;1;6;750;17/05/2016
2016052316;1;2;2;2;3;750;18/05/2016
2016052317;5;2;7;2;6;750;19/05/2016
2016052318;1;2;3;2;3;750;19/05/2016
2016052319;1;2;7;1;3;750;19/05/2016
2016052320;1;2;7;2;6;750;22/05/2016
2016052321;1;2;2;3;6;750;23/05/2016
2016052322;1;2;2;2;3;750;23/05/2016
2016052323;1;2;2;1;3;750;24/05/2016
2016052324;1;2;7;1;3;750;25/05/2016
2016052325;1;2;7;1;6;750;25/05/2016
2016052326;1;2;3;1;4;750;26/05/2016
2016052327;1;2;4;1;2;750;27/05/2016
2016052328;1;2;1;1;6;750;27/05/2016
2016052329;1;2;2;1;3;750;28/05/2016
2016052330;1;2;2;1;3;750;29/05/2016
2016052331;1;2;2;3;3;750;30/05/2016
2016052332;1;2;4;2;3;750;30/05/2016
2016052333;1;2;2;2;6;750;30/05/2016
2016052334;1;2;2;2;2;750;31/05/2016
2016052335;1;2;1;1;7;750;01/06/2016
2016052336;1;2;7;1;3;750;01/06/2016
2016052337;1;2;1;8;3;750;02/06/2016
2016052338;1;2;1;1;3;750;03/06/2016
2016052339;1;2;7;1;3;750;03/06/2016
2016052340;1;2;2;1;2;750;04/06/2016
2016052341;1;2;1;1;6;750;06/06/2016
2016052342;1;2;1;1;6;750;07/06/2016
2016052343;1;2;2;1;3;750;07/06/2016
2016052344;1;2;5;1;2;750;10/06/2016
2016052345;1;2;1;1;2;750;10/06/2016
2016052346;1;2;1;1;6;750;10/06/2016
2016052347;5;2;7;1;6;750;11/06/2016
2016052348;1;2;7;8;6;750;11/06/2016
2016052349;1;2;7;2;2;750;12/06/2016
2016052350;1;2;2;2;6;750;15/06/2016
2016052351;1;2;3;3;3;750;16/06/2016
2016052352;1;2;2;1;2;750;16/06/2016
2016052353;1;2;1;1;3;750;17/06/2016
2016052354;5;2;7;1;3;750;19/06/2016
2016052355;5;2;7;1;3;750;19/06/2016
2016052356;2;2;7;1;3;750;19/06/2016
2016052357;1;2;1;1;6;750;19/06/2016
2016052358;1;2;2;3;3;750;20/06/2016
2016052359;1;2;1;1;4;750;21/06/2016
2016052360;1;2;1;1;4;750;21/06/2016
2016052361;1;2;7;1;3;750;22/06/2016
2016052362;1;2;7;1;3;750;22/06/2016
2016052363;1;2;4;1;7;750;23/06/2016
2016052364;1;2;7;1;3;750;24/06/2016
2016052365;5;2;5;1;3;750;25/06/2016
2016052366;1;2;2;1;3;750;26/06/2016
2016052367;1;2;2;1;6;750;27/06/2016
2016052368;1;2;1;1;3;750;28/06/2016
2016052369;5;2;2;1;3;750;29/06/2016
2016052370;1;2;2;1;3;750;29/06/2016
2016052371;1;2;1;1;6;750;29/06/2016
2016052372;5;2;1;1;6;750;30/06/2016
2016052373;5;2;7;1;2;750;30/06/2016
2016052374;5;2;7;1;6;750;30/06/2016
2016052375;1;2;1;2;3;750;30/06/2016
2016052376;5;2;1;1;4;750;30/06/2016
2016052377;1;2;1;1;3;750;01/07/2016
2016052378;1;2;3;1;2;750;02/07/2016
2016052379;1;2;1;1;3;750;04/07/2016
2016052380;1;2;2;1;6;750;04/07/2016
2016052381;1;2;7;1;4;750;04/07/2016
2016052382;1;2;3;1;3;750;04/07/2016
2016052383;1;2;7;1;3;750;05/07/2016
2016052384;1;2;5;1;3;750;06/07/2016
2016052385;1;2;2;1;6;750;06/07/2016
2016052386;5;2;2;1;3;750;07/07/2016
2016052387;1;2;1;1;3;750;07/07/2016
2016052388;1;2;1;1;3;750;08/07/2016
2016052389;1;2;1;1;5;750;10/07/2016
2016052390;5;2;1;1;6;750;11/07/2016
2016052391;1;2;2;1;3;750;11/07/2016
2016052392;5;2;1;1;6;750;11/07/2016
2016052393;1;2;7;1;3;750;12/07/2016
2016052394;2;2;2;1;6;750;12/07/2016
2016052395;5;2;1;2;6;750;13/07/2016
2016052396;1;2;1;1;3;750;13/07/2016
2016052397;5;2;2;1;2;750;13/07/2016
2016052398;1;2;2;1;2;750;15/07/2016
2016052399;1;2;7;7;3;750;18/07/2016
2016052400;1;2;7;1;2;750;21/07/2016
2016052401;1;2;2;1;6;750;21/07/2016
2016052402;1;2;7;1;3;750;23/07/2016
2016052403;1;2;2;1;6;750;24/07/2016
2016052404;5;2;7;1;6;750;24/07/2016
2016052405;1;2;1;2;3;750;25/07/2016
2016052406;1;2;7;1;6;750;26/07/2016
2016052407;1;2;1;1;3;750;26/07/2016
2016052408;1;2;3;1;6;750;27/07/2016
2016052409;5;2;3;1;6;750;27/07/2016
2016052410;1;2;7;1;6;750;28/07/2016
2016052411;1;2;4;1;2;750;28/07/2016
2016052412;5;2;7;1;3;750;29/07/2016
2016052413;5;2;7;1;7;750;31/07/2016
2016052414;2;2;1;1;2;750;31/07/2016
2016052415;1;2;1;2;7;750;02/08/2016
2016052416;1;2;1;1;3;750;03/08/2016
2016052417;1;2;2;1;3;750;04/08/2016
2016052418;5;2;7;1;3;750;04/08/2016
2016052419;1;2;2;1;7;750;05/08/2016
2016052420;1;2;7;1;3;750;06/08/2016
2016052421;5;2;5;1;6;750;07/08/2016
2016052422;1;2;2;1;2;750;07/08/2016
2016052423;1;2;2;1;3;750;09/08/2016
2016052424;1;2;7;1;6;750;14/08/2016
2016052425;1;2;7;1;3;750;18/08/2016
2016052426;1;2;1;9;7;750;18/08/2016
2016052427;1;2;7;8;6;750;20/08/2016
2016052428;1;2;7;8;3;750;21/08/2016
2016052429;1;2;2;1;3;750;22/08/2016
2016052430;1;2;7;1;2;750;23/08/2016
2016052431;1;2;5;1;3;750;23/08/2016
2016052432;1;2;1;7;2;750;23/08/2016
2016052433;1;2;2;1;6;750;25/08/2016
2016052434;1;2;7;1;3;750;26/08/2016
2016052435;1;2;7;1;3;750;27/08/2016
2016052436;5;2;1;1;6;750;27/08/2016
2016052437;3;2;1;6;6;750;27/08/2016
2016052438;5;2;7;1;3;750;29/08/2016
2016052439;1;2;1;1;2;750;29/08/2016
2016052440;1;2;2;1;4;750;30/08/2016
2016052441;1;2;7;1;6;750;30/08/2016
2016052442;1;2;2;1;3;750;30/08/2016
2016052443;5;2;2;1;6;750;31/08/2016
2016052444;5;2;3;1;6;750;01/09/2016
2016052445;1;2;1;1;2;750;01/09/2016
2016052446;1;2;1;1;3;750;01/09/2016
2016052447;5;2;1;1;2;750;03/09/2016
2016052448;1;2;2;2;2;750;05/09/2016
2016052449;1;2;1;2;4;750;05/09/2016
2016052450;1;2;2;2;3;750;05/09/2016
2016052451;1;2;3;1;3;750;06/09/2016
2016052452;1;2;7;1;2;750;06/09/2016
2016052453;1;2;7;7;3;750;07/09/2016
2016052454;1;2;7;1;3;750;07/09/2016
2016052455;1;2;3;1;3;750;07/09/2016
2016052456;1;2;2;1;3;750;07/09/2016
2016052457;5;2;7;1;6;750;08/09/2016
2016052458;5;2;7;1;2;750;08/09/2016
2016052459;1;2;3;1;3;750;08/09/2016
2016052460;5;2;4;1;3;750;08/09/2016
2016052461;2;2;1;1;6;750;09/09/2016
2016052462;4;2;7;1;3;750;11/09/2016
2016052463;4;2;1;1;6;750;12/09/2016
2016052464;2;2;5;1;3;750;13/09/2016
2016052465;1;2;2;1;7;750;14/09/2016
2016052466;1;2;7;1;6;750;15/09/2016
2016052467;1;2;4;2;6;750;16/09/2016
2016052468;5;2;2;1;6;750;17/09/2016
2016052469;1;2;7;2;4;750;17/09/2016
2016052470;5;2;5;1;3;750;20/09/2016
2016052471;1;2;5;1;4;750;21/09/2016
2016052472;1;2;7;1;3;750;22/09/2016
2016052473;1;2;7;1;3;750;22/09/2016
2016052474;1;2;2;1;7;750;22/09/2016
2016052475;5;2;3;1;6;750;24/09/2016
2016052476;1;2;2;1;2;750;26/09/2016
2016052477;1;2;2;1;6;750;27/09/2016
2016052478;5;2;1;1;3;750;27/09/2016
2016052479;1;2;5;1;6;750;28/09/2016
2016052480;1;2;2;1;3;750;30/09/2016
2016052481;5;2;2;2;6;750;01/10/2016
2016052482;5;2;2;1;3;750;02/10/2016
2016052483;1;2;4;1;3;750;05/10/2016
2016052484;1;2;2;1;3;750;06/10/2016
2016052485;1;2;7;1;3;750;06/10/2016
2016052486;1;2;4;1;3;750;06/10/2016
2016052487;5;2;2;1;3;750;07/10/2016
2016052488;5;2;4;1;3;750;08/10/2016
2016052489;5;2;1;1;6;750;08/10/2016
2016052490;4;2;3;1;2;750;09/10/2016
2016052491;1;2;7;1;6;750;12/10/2016
2016052492;1;2;3;1;6;750;13/10/2016
2016052493;5;2;2;2;6;750;13/10/2016
2016052494;1;2;1;1;6;750;16/10/2016
2016052495;1;2;7;1;3;750;17/10/2016
2016052496;1;2;4;1;6;750;17/10/2016
2016052497;1;2;4;1;3;750;19/10/2016
2016052498;5;2;7;1;3;750;20/10/2016
2016052499;5;2;2;2;6;750;20/10/2016
2016052500;1;2;2;2;7;750;23/10/2016
2016052501;1;2;7;1;3;750;25/10/2016
2016052502;1;2;1;1;2;750;26/10/2016
2016052503;5;2;2;1;6;750;26/10/2016
2016052504;1;2;7;1;3;750;27/10/2016
2016052505;5;2;7;1;6;750;27/10/2016
2016052506;1;2;1;1;6;750;28/10/2016
2016052507;5;2;1;1;6;750;01/11/2016
2016052508;5;2;3;1;3;750;02/11/2016
2016052509;5;2;1;1;3;750;02/11/2016
2016052510;2;2;1;2;2;750;04/11/2016
2016052511;1;2;1;2;3;750;04/11/2016
2016052512;4;2;2;1;6;750;04/11/2016
2016052513;5;2;2;3;3;750;04/11/2016
2016052514;1;2;7;2;3;750;07/11/2016
2016052515;5;2;1;1;4;750;07/11/2016
2016052516;1;2;2;1;3;750;09/11/2016
2016052517;1;2;1;3;2;750;09/11/2016