num_acc;lum;agg;inter;atm;col;dep;date
2016053094;1;2;2;1;6;750;07/06/2016
2016053095;1;2;1;1;3;750;09/06/2016
2016053096;1;2;3;1;3;750;09/06/2016
2016053097;1;2;5;1;3;750;09/06/2016
2016053098;1;2;3;3;7;750;12/06/2016
2016053099;5;2;1;2;3;750;13/06/2016
2016053100;1;2;1;8;6;750;13/06/2016
2016053101;1;2;3;1;6;750;16/06/2016
2016053102;5;2;5;2;2;750;17/06/2016
2016053103;1;2;2;1;2;750;18/06/2016
2016053104;1;2;4;3;6;750;18/06/2016
2016053105;1;2;7;1;3;750;19/06/2016
2016053106;2;2;1;1;6;750;21/06/2016
2016053107;5;2;1;1;6;750;22/06/2016
2016053108;1;2;2;1;3;750;22/06/2016
2016053109;1;2;3;1;6;750;22/06/2016
2016053110;1;2;1;1;2;750;23/06/2016
2016053111;1;2;1;1;2;750;24/06/2016
2016053112;5;2;1;1;3;750;25/06/2016
2016053113;2;2;2;1;3;750;26/06/2016
2016053114;1;2;2;1;6;750;26/06/2016
2016053115;1;2;3;1;6;750;27/06/2016
2016053116;1;2;2;2;6;750;28/06/2016
2016053117;1;2;2;1;3;750;28/06/2016
2016053118;1;2;2;1;2;750;28/06/2016
2016053119;1;2;1;1;6;750;30/06/2016
2016053120;1;2;2;1;4;750;30/06/2016
2016053121;1;2;5;1;3;750;02/07/2016
2016053122;1;2;1;1;6;750;02/07/2016
2016053123;1;2;3;1;7;750;02/07/2016
2016053124;1;2;7;1;6;750;05/07/2016
2016053125;1;2;3;1;6;750;05/07/2016
2016053126;5;2;1;1;3;750;05/07/2016
2016053127;5;2;5;1;3;750;10/07/2016
2016053128;1;2;2;1;2;750;11/07/2016
2016053129;1;2;2;1;3;750;12/07/2016
2016053130;1;2;2;1;3;750;12/07/2016
2016053131;1;2;3;2;6;750;12/07/2016
2016053132;1;2;2;1;6;750;14/07/2016
2016053133;1;2;1;1;3;750;16/07/2016
2016053134;1;2;1;1;2;750;17/07/2016
2016053135;1;2;1;1;3;750;18/07/2016
2016053136;1;2;7;1;3;750;19/07/2016
2016053137;1;2;2;1;3;750;20/07/2016
2016053138;5;2;2;1;3;750;20/07/2016
2016053139;1;2;5;1;3;750;21/07/2016
2016053140;1;2;2;1;3;750;21/07/2016
2016053141;1;2;1;1;6;750;22/07/2016
2016053142;1;2;1;1;2;750;22/07/2016
2016053143;1;2;3;1;3;750;22/07/2016
2016053144;1;2;2;1;6;750;22/07/2016
2016053145;1;2;2;1;3;750;23/07/2016
2016053146;1;2;2;1;3;750;24/07/2016
2016053147;5;2;3;1;3;750;24/07/2016
2016053148;1;2;7;1;7;750;25/07/2016
2016053149;1;2;5;1;7;750;25/07/2016
2016053150;5;2;2;1;3;750;25/07/2016
2016053151;1;2;2;1;6;750;26/07/2016
2016053152;1;2;2;1;3;750;26/07/2016
2016053153;1;2;2;1;3;750;27/07/2016
2016053154;5;2;5;1;3;750;27/07/2016
2016053155;1;2;3;1;6;750;28/07/2016
2016053156;1;2;3;1;6;750;28/07/2016
2016053157;1;2;2;2;6;750;02/08/2016
2016053158;1;2;7;2;6;750;02/08/2016
2016053159;1;2;7;1;3;750;04/08/2016
2016053160;5;2;3;1;3;750;06/08/2016
2016053161;1;2;1;1;5;750;06/08/2016
2016053162;5;2;5;1;3;750;07/08/2016
2016053163;1;2;1;1;6;750;10/08/2016
2016053164;1;2;3;1;6;750;10/08/2016
2016053165;1;2;2;1;3;750;12/08/2016
2016053166;1;2;2;1;6;750;16/08/2016
2016053167;1;2;2;1;6;750;17/08/2016
2016053168;5;2;2;1;3;750;18/08/2016
2016053169;1;2;3;2;7;750;18/08/2016
2016053170;1;2;4;2;6;750;18/08/2016
2016053171;1;2;2;1;3;750;20/08/2016
2016053172;1;2;1;1;6;750;20/08/2016
2016053173;1;2;2;1;6;750;22/08/2016
2016053174;1;2;1;1;3;750;23/08/2016
2016053175;1;2;2;1;6;750;30/08/2016
2016053176;1;2;2;1;3;750;01/09/2016
2016053177;1;2;1;1;3;750;02/09/2016
2016053178;1;2;3;2;7;750;05/09/2016
2016053179;1;2;7;2;6;750;05/09/2016
2016053180;1;2;3;1;3;750;09/09/2016
2016053181;1;2;1;1;7;750;09/09/2016
2016053182;1;2;2;1;6;750;10/09/2016
2016053183;1;2;2;1;6;750;10/09/2016
2016053184;1;2;1;1;6;750;12/09/2016
2016053185;1;2;1;1;3;750;13/09/2016
2016053186;5;2;2;2;3;750;14/09/2016
2016053187;5;2;4;3;6;750;15/09/2016
2016053188;1;2;2;2;6;750;15/09/2016
2016053189;1;2;2;1;6;750;15/09/2016
2016053190;5;2;2;1;3;750;15/09/2016
2016053191;4;2;1;1;6;750;16/09/2016
2016053192;5;2;3;1;6;750;18/09/2016
2016053193;1;2;3;1;6;750;19/09/2016
2016053194;1;2;2;1;6;750;21/09/2016
2016053195;1;2;1;1;3;750;21/09/2016
2016053196;1;2;2;1;7;750;22/09/2016
2016053197;2;2;1;1;4;750;23/09/2016
2016053198;5;2;3;1;2;750;23/09/2016
2016053199;5;2;2;1;6;750;25/09/2016
2016053200;1;2;7;2;3;750;16/09/2016
2016053201;1;2;5;1;2;750;26/09/2016
2016053202;5;2;3;1;6;750;29/09/2016
2016053203;1;2;3;1;6;750;30/09/2016
2016053204;1;2;2;1;6;750;30/09/2016
2016053205;1;2;2;2;3;750;30/09/2016
2016053206;5;2;4;2;6;750;30/09/2016
2016053207;1;2;4;1;3;750;01/10/2016
2016053208;5;2;3;1;3;750;01/10/2016
2016053209;1;2;2;1;3;750;02/10/2016
2016053210;1;2;2;1;6;750;04/10/2016
2016053211;1;2;1;1;3;750;05/10/2016
2016053212;1;2;4;1;6;750;06/10/2016
2016053213;1;2;5;1;6;750;06/10/2016
2016053214;1;2;2;1;3;750;06/10/2016
2016053215;1;2;1;8;3;750;07/10/2016
2016053216;1;2;3;1;3;750;07/10/2016
2016053217;5;2;1;1;6;750;08/10/2016
2016053218;1;2;2;2;3;750;10/10/2016
2016053219;1;2;1;2;7;750;10/10/2016
2016053220;1;2;3;8;7;750;11/10/2016
2016053221;1;2;1;1;7;750;12/10/2016
2016053222;1;2;2;1;3;750;13/10/2016
2016053223;1;2;4;1;4;750;13/10/2016
2016053224;1;2;2;2;3;750;13/10/2016
2016053225;5;2;2;2;3;750;13/10/2016
2016053226;5;2;2;2;6;750;15/10/2016
2016053227;5;2;2;1;3;750;17/10/2016
2016053228;5;2;4;1;3;750;17/10/2016
2016053229;1;2;1;1;3;750;18/10/2016
2016053230;1;2;7;1;3;750;18/10/2016
2016053231;1;2;2;1;7;750;18/10/2016
2016053232;5;2;3;1;3;750;18/10/2016
2016053233;1;2;5;1;6;750;19/10/2016
2016053234;3;2;2;1;3;750;19/10/2016
2016053235;1;2;3;2;6;750;20/10/2016
2016053236;5;2;3;1;6;750;20/10/2016
2016053237;5;2;2;1;3;750;21/10/2016
2016053238;1;2;3;1;3;750;23/10/2016
2016053239;5;2;1;2;3;750;23/10/2016
2016053240;1;2;1;1;6;750;24/10/2016
2016053241;1;2;2;2;3;750;24/10/2016
2016053242;1;2;2;1;3;750;26/10/2016
2016053243;5;2;1;1;3;750;26/10/2016
2016053244;1;2;1;1;6;750;28/10/2016
2016053245;1;2;2;1;6;750;30/10/2016
2016053246;5;2;1;1;3;750;31/10/2016
2016053247;3;2;5;1;3;750;02/11/2016
2016053248;1;2;1;1;2;750;03/11/2016
2016053249;1;2;7;1;6;750;03/11/2016
2016053250;1;2;2;2;7;750;04/11/2016
2016053251;1;2;1;2;6;750;04/11/2016
2016053252;5;2;2;2;6;750;04/11/2016
2016053253;1;2;3;8;7;750;08/11/2016
2016053254;5;2;2;1;6;750;08/11/2016
2016053255;5;2;1;1;6;750;08/11/2016
2016053256;5;2;3;2;6;750;10/11/2016
2016053257;5;2;3;3;6;750;10/11/2016
2016053258;5;2;2;1;3;750;12/11/2016
2016053259;5;2;3;2;7;750;12/11/2016
2016053260;1;2;1;8;3;750;14/11/2016
2016053261;1;2;2;1;3;750;14/11/2016
2016053262;1;2;1;1;3;750;14/11/2016
2016053263;5;2;3;8;2;750;16/11/2016
2016053264;3;2;2;1;3;750;19/11/2016
2016053265;5;2;3;1;3;750;19/11/2016
2016053266;5;2;1;1;6;750;19/11/2016
2016053267;5;2;1;1;2;750;21/11/2016
2016053268;1;2;3;1;3;750;23/11/2016
2016053269;5;2;1;8;6;750;25/11/2016
2016053270;5;2;1;1;3;750;25/11/2016
2016053271;1;2;1;1;3;750;28/11/2016
2016053272;1;2;1;1;3;750;29/11/2016
2016053273;5;2;1;1;6;750;01/12/2016
2016053274;5;2;1;1;3;750;01/12/2016
2016053275;1;2;4;1;3;750;04/12/2016
2016053276;5;2;2;1;6;750;05/12/2016
2016053277;1;2;5;1;6;750;06/12/2016
2016053278;1;2;1;1;3;750;06/12/2016
2016053279;1;2;1;1;6;750;07/12/2016
2016053280;5;2;1;1;6;750;09/12/2016
2016053281;1;2;2;2;3;750;13/12/2016
2016053282;5;2;1;1;6;750;16/12/2016
2016053283;5;2;2;1;3;750;16/12/2016
2016053284;5;2;1;1;6;750;17/12/2016
2016053285;1;2;2;1;6;750;21/12/2016
2016053286;5;2;1;2;6;750;21/12/2016
2016053287;5;2;3;1;6;750;22/12/2016
2016053288;5;2;3;1;6;750;13/12/2016
2016053289;1;2;4;1;7;750;23/12/2016
2016053290;2;2;1;1;3;750;23/12/2016
2016053291;1;2;1;1;6;750;24/12/2016
2016053292;1;2;1;1;2;750;25/12/2016
2016053293;5;2;1;1;2;750;27/12/2016
2016053294;5;2;1;2;6;750;02/01/2016
2016053295;1;2;2;1;6;750;01/01/2016
2016053296;2;2;3;3;6;750;03/01/2016
2016053297;5;2;1;1;3;750;03/01/2016
2016053298;5;2;1;2;2;750;21/12/2016
2016053299;1;2;5;1;3;750;04/01/2016
2016053300;1;2;1;1;3;750;05/01/2016
2016053301;1;2;3;8;6;750;06/01/2016
2016053302;5;2;2;1;3;750;07/01/2016
2016053303;1;2;5;1;3;750;09/01/2016
2016053304;5;2;4;8;6;750;10/01/2016
2016053305;1;2;1;2;6;750;11/01/2016
2016053306;1;2;4;2;6;750;11/01/2016
2016053307;5;2;2;1;3;750;10/01/2016
2016053308;1;2;1;1;6;750;12/01/2016
2016053309;1;2;2;1;6;750;12/01/2016
2016053310;5;2;2;1;2;750;14/01/2016
2016053311;5;2;2;2;6;750;14/01/2016
2016053312;5;2;1;1;6;750;14/01/2016
2016053313;5;2;5;1;6;750;17/01/2016
2016053314;5;2;7;1;7;750;17/01/2016
2016053315;5;2;2;1;2;750;19/01/2016
2016053316;5;2;1;1;2;750;19/01/2016
2016053317;1;2;1;1;2;750;20/01/2016
2016053318;5;2;7;1;7;750;19/01/2016
2016053319;5;2;1;1;3;750;21/01/2016
2016053320;2;2;1;1;6;750;21/01/2016
2016053321;1;2;1;8;3;750;23/01/2016
2016053322;5;2;1;1;6;750;23/01/2016
2016053323;1;2;7;1;6;750;25/01/2016
2016053324;1;2;1;1;6;750;25/01/2016
2016053325;1;2;5;1;3;750;26/01/2016
2016053326;2;2;1;8;6;750;27/01/2016
2016053327;1;2;1;1;7;750;28/01/2016
2016053328;1;2;1;3;6;750;30/01/2016
2016053329;5;2;1;1;3;750;31/01/2016
2016053330;1;2;1;1;3;750;01/02/2016
2016053331;1;2;1;2;2;750;02/02/2016
2016053332;1;2;1;1;6;750;02/02/2016
2016053333;5;2;5;1;6;750;03/02/2016
2016053334;1;2;3;1;6;750;04/02/2016
2016053335;1;2;4;2;2;750;04/02/2016
2016053336;1;2;4;1;3;750;07/02/2016
2016053337;1;2;3;1;6;750;08/02/2016
2016053338;5;2;1;1;2;750;08/02/2016
2016053339;1;2;1;2;2;750;09/02/2016
2016053340;1;2;7;2;6;750;09/02/2016
2016053341;1;2;4;1;3;750;11/02/2016
2016053342;4;2;1;2;6;750;12/02/2016
2016053343;5;2;7;1;3;750;13/02/2016
2016053344;1;2;1;1;6;750;15/02/2016
2016053345;5;2;2;2;3;750;14/02/2016
2016053346;5;2;2;1;6;750;15/02/2016
2016053347;1;2;3;1;2;750;16/02/2016
2016053348;1;2;7;1;3;750;17/02/2016
2016053349;5;2;1;1;6;750;19/02/2016
2016053350;5;2;2;2;1;750;20/02/2016
2016053351;1;2;5;1;6;750;20/02/2016
2016053352;5;2;2;1;3;750;21/02/2016
2016053353;5;2;7;1;2;750;20/02/2016
2016053354;1;2;2;1;6;750;22/02/2016
2016053355;5;2;2;2;3;750;22/02/2016
2016053356;1;2;7;2;7;750;23/02/2016
2016053357;1;2;1;1;6;750;25/02/2016
2016053358;1;2;3;1;3;750;26/02/2016
2016053359;1;2;7;1;3;750;26/02/2016
2016053360;1;2;7;1;3;750;28/02/2016
2016053361;5;2;7;1;6;750;29/02/2016
2016053362;1;2;2;1;6;750;01/03/2016
2016053363;1;2;5;2;7;750;01/03/2016
2016053364;5;2;2;2;6;750;04/03/2016
2016053365;5;2;1;1;6;750;05/03/2016
2016053366;1;2;7;1;3;750;06/03/2016
2016053367;1;2;1;1;7;750;07/03/2016
2016053368;1;2;3;2;7;750;09/03/2016
2016053369;1;2;4;1;3;750;09/03/2016
2016053370;1;2;1;1;3;750;09/03/2016
2016053371;2;2;1;1;6;750;09/03/2016
2016053372;5;2;2;1;3;750;10/03/2016
2016053373;5;2;1;1;7;750;11/03/2016
2016053374;5;2;1;1;6;750;12/03/2016
2016053375;5;2;2;1;6;750;13/03/2016
2016053376;1;2;7;1;3;750;14/03/2016
2016053377;1;2;3;1;2;750;15/03/2016
2016053378;1;2;2;1;6;750;20/03/2016
2016053379;1;2;1;1;3;750;21/03/2016
2016053380;1;2;2;1;3;750;22/03/2016
2016053381;2;2;3;1;2;750;22/03/2016
2016053382;2;2;1;1;6;750;23/03/2016
2016053383;1;2;7;1;6;750;24/03/2016
2016053384;2;2;1;1;6;750;24/03/2016
2016053385;5;2;1;1;4;750;25/03/2016
2016053386;1;2;7;1;2;750;27/03/2016
2016053387;5;2;5;1;3;750;28/03/2016
2016053388;1;2;1;2;3;750;28/03/2016
2016053389;1;2;3;1;6;750;29/03/2016
2016053390;1;2;1;1;3;750;29/03/2016
2016053391;1;2;1;2;7;750;30/03/2016
2016053392;1;2;2;2;7;750;30/03/2016
2016053393;1;2;1;2;2;750;31/03/2016
2016053394;1;2;1;1;3;750;01/04/2016
2016053395;1;2;7;1;3;750;01/04/2016
2016053396;1;2;3;1;6;750;04/04/2016
2016053397;1;2;1;1;6;750;05/04/2016
2016053398;1;2;1;7;6;750;05/04/2016
2016053399;1;2;1;1;4;750;05/04/2016
2016053400;1;2;1;1;6;750;06/04/2016
2016053401;5;2;2;1;3;750;06/04/2016
2016053402;1;2;1;1;6;750;07/04/2016
2016053403;5;2;1;1;6;750;08/04/2016
2016053404;2;2;2;1;3;750;08/04/2016
2016053405;1;2;7;1;3;750;09/04/2016
2016053406;1;2;1;3;3;750;09/04/2016
2016053407;5;2;2;2;3;750;11/04/2016
2016053408;1;2;1;1;4;750;13/04/2016
2016053409;1;2;1;1;3;750;14/04/2016
2016053410;1;2;3;2;6;750;14/04/2016
2016053411;1;2;1;1;3;750;14/04/2016
2016053412;1;2;1;1;3;750;15/04/2016
2016053413;5;2;1;1;6;750;15/04/2016
2016053414;5;2;7;1;3;750;16/04/2016
2016053415;1;2;1;1;6;750;16/04/2016
2016053416;5;2;1;1;6;750;17/04/2016
2016053417;1;2;1;1;6;750;18/04/2016
2016053418;1;2;2;1;3;750;19/04/2016
2016053419;1;2;7;1;6;750;20/04/2016
2016053420;1;2;1;1;2;750;20/04/2016
2016053421;1;2;1;1;6;750;21/04/2016
2016053422;1;2;1;1;4;750;25/04/2016
2016053423;1;2;2;8;7;750;26/04/2016
2016053424;1;2;4;1;3;750;28/04/2016
2016053425;1;2;1;1;6;750;28/04/2016
2016053426;1;2;1;2;4;750;30/04/2016
2016053427;1;2;1;1;3;750;01/05/2016
2016053428;1;2;2;1;7;750;03/05/2016
2016053429;5;2;7;1;6;750;05/05/2016
2016053430;1;2;1;1;6;750;05/05/2016
2016053431;1;2;2;1;3;750;05/05/2016
2016053432;1;2;1;1;2;750;07/05/2016
2016053433;1;2;1;1;6;750;08/05/2016
2016053434;5;2;1;1;6;750;08/05/2016
2016053435;5;2;7;2;6;750;09/05/2016
2016053436;1;2;7;8;3;750;10/05/2016
2016053437;1;2;3;1;3;750;10/05/2016
2016053438;5;2;5;2;6;750;10/05/2016
2016053439;1;2;1;1;2;750;11/05/2016
2016053440;1;2;1;2;6;750;11/05/2016
2016053441;1;2;2;1;3;750;13/05/2016
2016053442;1;2;1;1;6;750;14/05/2016
2016053443;1;2;2;1;6;750;15/05/2016
2016053444;1;2;2;1;3;750;15/05/2016
2016053445;1;2;3;1;6;750;15/05/2016
2016053446;1;2;7;1;3;750;16/05/2016
2016053447;1;2;2;1;6;750;17/05/2016
2016053448;1;2;3;1;3;750;19/05/2016
2016053449;1;2;2;1;3;750;21/05/2016
2016053450;5;2;2;2;3;750;21/05/2016
2016053451;5;2;1;1;2;750;21/05/2016
2016053452;1;2;1;2;2;750;22/05/2016
2016053453;1;2;1;3;4;750;23/05/2016
2016053454;1;2;1;1;3;750;23/05/2016
2016053455;5;2;2;1;3;750;25/05/2016
2016053456;1;2;3;1;3;750;25/05/2016
2016053457;2;2;2;1;3;750;26/05/2016
2016053458;1;2;3;1;6;750;27/05/2016
2016053459;1;2;7;1;3;750;28/05/2016
2016053460;1;2;4;1;2;750;28/05/2016
2016053461;1;2;9;8;7;750;28/05/2016
2016053462;1;2;1;8;6;750;28/05/2016
2016053463;5;2;4;1;6;750;29/05/2016
2016053464;1;2;1;3;7;750;30/05/2016
2016053465;1;2;1;2;7;750;30/05/2016
2016053466;1;2;7;3;6;750;31/05/2016
2016053467;1;2;3;2;6;750;31/05/2016
2016053468;1;2;4;2;3;750;01/06/2016
2016053469;5;2;7;1;6;750;04/06/2016
2016053470;2;2;3;1;3;750;04/06/2016
2016053471;1;2;1;1;3;750;06/06/2016
2016053472;1;2;2;6;6;750;07/06/2016
2016053473;1;2;1;1;3;750;07/06/2016
2016053474;1;2;4;1;3;750;07/06/2016
2016053475;5;2;4;1;3;750;07/06/2016
2016053476;1;2;2;1;3;750;08/06/2016
2016053477;1;2;1;1;6;750;10/06/2016
2016053478;1;2;2;1;3;750;11/06/2016
2016053479;5;2;1;1;6;750;12/06/2016
2016053480;1;2;1;1;2;750;13/06/2016
2016053481;5;2;1;1;6;750;15/06/2016
2016053482;1;2;2;1;2;750;15/06/2016
2016053483;1;2;1;1;2;750;15/06/2016
2016053484;1;2;1;1;6;750;15/06/2016
2016053485;1;2;1;1;3;750;15/06/2016
2016053486;2;2;2;1;6;750;15/06/2016
2016053487;1;2;3;1;2;750;16/06/2016
2016053488;1;2;2;1;3;750;16/06/2016
2016053489;5;2;2;2;3;750;16/06/2016
2016053490;1;2;4;1;2;750;17/06/2016
2016053491;1;2;1;1;3;750;17/06/2016
2016053492;5;2;5;1;3;750;17/06/2016
2016053493;1;2;1;1;2;750;18/06/2016
2016053494;5;2;2;1;3;750;19/06/2016
2016053495;1;2;2;2;6;750;20/06/2016
2016053496;5;2;1;1;6;750;22/06/2016
2016053497;1;2;1;1;3;750;23/06/2016
2016053498;1;2;2;1;6;750;23/06/2016
2016053499;1;2;2;1;6;750;23/06/2016
2016053500;1;2;1;1;6;750;23/06/2016
2016053501;1;2;2;1;3;750;24/06/2016
2016053502;1;2;7;1;7;750;24/06/2016
2016053503;1;2;1;1;3;750;24/06/2016
2016053504;5;2;1;1;6;750;25/06/2016
2016053505;1;2;1;1;2;750;26/06/2016
2016053506;1;2;7;1;3;750;27/06/2016
2016053507;1;2;3;1;2;750;28/06/2016
2016053508;2;2;7;1;3;750;28/06/2016
2016053509;1;2;1;1;4;750;29/06/2016
2016053510;5;2;2;1;6;750;30/06/2016
2016053511;4;2;1;1;6;750;01/07/2016
2016053512;5;2;2;2;3;750;01/07/2016
2016053513;2;2;5;1;6;750;02/07/2016
2016053514;1;2;3;1;3;750;04/07/2016
2016053515;1;2;7;1;5;750;05/07/2016
2016053516;4;2;5;1;6;750;05/07/2016
2016053517;1;2;1;1;6;750;06/07/2016
2016053518;1;2;1;1;3;750;06/07/2016
2016053519;1;2;5;1;3;750;08/07/2016
2016053520;1;2;7;1;6;750;08/07/2016
2016053521;1;2;1;1;6;750;09/07/2016
2016053522;5;2;7;1;6;750;11/07/2016
2016053523;1;2;3;1;3;750;11/07/2016
2016053524;1;2;7;1;4;750;12/07/2016
2016053525;5;2;1;1;3;750;16/07/2016
2016053526;1;2;2;1;6;750;19/07/2016
2016053527;1;2;2;1;6;750;19/07/2016
2016053528;1;2;1;1;6;750;19/07/2016
2016053529;1;2;7;1;6;750;22/07/2016
2016053530;5;2;3;1;6;750;25/07/2016
2016053531;1;2;2;1;3;750;26/07/2016
2016053532;1;2;1;1;6;750;26/07/2016
2016053533;1;2;2;1;3;750;28/07/2016
2016053534;1;2;1;1;3;750;28/07/2016
2016053535;1;2;3;1;6;750;29/07/2016
2016053536;1;2;2;1;6;750;29/07/2016
2016053537;1;2;5;1;6;750;30/07/2016
2016053538;1;2;4;1;6;750;30/07/2016
2016053539;5;2;4;1;6;750;01/08/2016
2016053540;1;2;3;1;6;750;03/08/2016
2016053541;1;2;5;1;4;750;03/08/2016
2016053542;1;2;1;1;6;750;03/08/2016
2016053543;1;2;2;1;7;750;04/08/2016
2016053544;1;2;2;1;3;750;06/08/2016
2016053545;1;2;5;1;3;750;06/08/2016
2016053546;1;2;2;1;6;750;07/08/2016
2016053547;1;2;3;1;6;750;07/08/2016
2016053548;1;2;2;1;6;750;08/08/2016
2016053549;1;2;2;1;3;750;08/08/2016
2016053550;1;2;1;1;2;750;10/08/2016
2016053551;5;2;7;1;2;750;10/08/2016
2016053552;1;2;1;1;3;750;12/08/2016
2016053553;1;2;2;1;6;750;12/08/2016
2016053554;2;2;1;1;6;750;15/08/2016
2016053555;1;2;2;1;3;750;24/08/2016
2016053556;1;2;1;1;7;750;24/08/2016
2016053557;1;2;2;1;3;750;24/08/2016
2016053558;2;2;2;1;6;750;24/08/2016
2016053559;5;2;7;1;6;750;25/08/2016
2016053560;1;2;1;1;3;750;25/08/2016
2016053561;1;2;2;1;5;750;25/08/2016
2016053562;1;2;1;1;6;750;27/08/2016
2016053563;1;2;1;1;6;750;28/08/2016
2016053564;1;2;5;1;6;750;28/08/2016
2016053565;1;2;1;1;2;750;28/08/2016
2016053566;1;2;5;1;3;750;30/08/2016
2016053567;1;2;2;1;3;750;30/08/2016
2016053568;3;2;1;1;3;750;30/08/2016
2016053569;1;2;1;1;3;750;02/09/2016
2016053570;5;2;7;1;6;750;04/09/2016
2016053571;1;2;3;2;2;750;05/09/2016
2016053572;1;2;1;2;4;750;05/09/2016
2016053573;1;2;5;1;6;750;06/09/2016
2016053574;5;2;1;1;3;750;06/09/2016
2016053575;1;2;1;1;6;750;07/09/2016
2016053576;1;2;1;1;6;750;08/09/2016
2016053577;1;2;3;1;6;750;08/09/2016
2016053578;5;2;1;1;6;750;09/09/2016
2016053579;1;2;5;1;2;750;09/09/2016
2016053580;1;2;2;1;3;750;09/09/2016
2016053581;5;2;1;1;6;750;10/09/2016
2016053582;5;2;7;1;7;750;09/09/2016
2016053583;1;2;3;1;7;750;12/09/2016
2016053584;5;2;3;1;2;750;12/09/2016
2016053585;1;2;5;1;6;750;13/09/2016
2016053586;1;2;1;1;6;750;13/09/2016
2016053587;1;2;3;1;6;750;13/09/2016
2016053588;1;2;7;1;2;750;14/09/2016
2016053589;1;2;1;1;3;750;14/09/2016
2016053590;1;2;1;2;3;750;15/09/2016
2016053591;1;2;3;1;3;750;15/09/2016
2016053592;1;2;3;3;6;750;16/09/2016
2016053593;5;2;3;2;3;750;17/09/2016
2016053594;5;2;1;1;6;750;18/09/2016
2016053595;1;2;2;1;6;750;19/09/2016
2016053596;1;2;2;1;6;750;19/09/2016
2016053597;5;2;1;1;6;750;19/09/2016
2016053598;5;2;1;1;6;750;20/09/2016
2016053599;1;2;1;1;5;750;21/09/2016
2016053600;1;2;7;1;3;750;21/09/2016
2016053601;1;2;1;1;3;750;22/09/2016
2016053602;1;2;1;1;2;750;22/09/2016
2016053603;1;2;4;1;3;750;23/09/2016
2016053604;1;2;1;1;3;750;23/09/2016
2016053605;1;2;3;1;3;750;23/09/2016
2016053606;5;2;1;1;2;750;23/09/2016
2016053607;5;2;2;1;3;750;24/09/2016
2016053608;1;2;3;1;6;750;24/09/2016
2016053609;1;2;7;1;6;750;25/09/2016
2016053610;1;2;3;1;7;750;26/09/2016
2016053611;1;2;1;1;6;750;28/09/2016
2016053612;1;2;3;1;3;750;29/09/2016
2016053613;1;2;1;1;6;750;29/09/2016
2016053614;5;2;7;1;3;750;29/09/2016
2016053615;1;2;3;1;3;750;29/09/2016
2016053616;1;2;5;1;3;750;30/09/2016
2016053617;5;2;2;1;2;750;02/10/2016
2016053618;5;2;7;1;6;750;04/10/2016
2016053619;1;2;4;1;3;750;04/10/2016
2016053620;5;2;1;1;2;750;02/10/2016
2016053621;5;2;7;1;2;750;05/10/2016
2016053622;1;2;2;1;6;750;06/10/2016
2016053623;1;2;1;1;7;750;06/10/2016
2016053624;1;2;4;1;6;750;06/10/2016
2016053625;1;2;5;1;3;750;06/10/2016
2016053626;1;2;4;1;3;750;06/10/2016
2016053627;5;2;4;1;3;750;06/10/2016
2016053628;5;2;2;1;3;750;08/10/2016
2016053629;5;2;3;1;2;750;09/10/2016
2016053630;5;2;1;1;6;750;09/10/2016
2016053631;5;2;5;1;6;750;09/10/2016
2016053632;1;2;2;1;2;750;10/10/2016
2016053633;1;2;3;1;6;750;12/10/2016
2016053634;1;2;5;1;6;750;12/10/2016
2016053635;1;2;2;1;6;750;12/10/2016
2016053636;1;2;3;1;2;750;13/10/2016
2016053637;1;2;1;2;7;750;14/10/2016
2016053638;5;2;1;2;3;750;14/10/2016
2016053639;1;2;2;1;3;750;15/10/2016
2016053640;1;2;1;1;6;750;17/10/2016
2016053641;1;2;1;1;6;750;17/10/2016
2016053642;2;2;1;1;6;750;17/10/2016
2016053643;1;2;1;1;6;750;19/10/2016
2016053644;1;2;7;1;6;750;19/10/2016
2016053645;1;2;7;8;2;750;20/10/2016
2016053646;1;2;5;8;6;750;20/10/2016
2016053647;5;2;1;1;3;750;20/10/2016
2016053648;2;2;4;8;2;750;21/10/2016
2016053649;1;2;4;1;6;750;21/10/2016
2016053650;1;2;2;1;2;750;21/10/2016
2016053651;5;2;2;1;7;750;22/10/2016
2016053652;5;2;1;1;6;750;23/10/2016
2016053653;1;2;2;3;7;750;23/10/2016
2016053654;5;2;7;1;6;750;28/10/2016
2016053655;5;2;5;1;7;750;29/10/2016
2016053656;2;2;1;1;3;750;29/10/2016
2016053657;5;2;5;1;3;750;29/10/2016
2016053658;1;2;1;1;3;750;30/10/2016
2016053659;1;2;4;1;2;750;31/10/2016
2016053660;1;2;1;1;6;750;31/10/2016
2016053661;1;2;1;1;3;750;28/10/2016
2016053662;5;2;1;1;4;750;31/10/2016
2016053663;5;2;1;1;6;750;01/11/2016
2016053664;1;2;7;1;6;750;02/11/2016
2016053665;5;2;2;1;2;750;02/11/2016
2016053666;1;2;1;1;6;750;03/11/2016
2016053667;5;2;1;1;6;750;04/11/2016
2016053668;1;2;2;2;3;750;04/11/2016
2016053669;5;2;7;2;3;750;05/11/2016
2016053670;5;2;1;2;7;750;05/11/2016