num_acc;lum;agg;inter;atm;col;dep;date
2016053671;4;2;1;1;4;750;06/11/2016
2016053672;1;2;2;1;3;750;06/11/2016
2016053673;1;2;1;1;2;750;06/11/2016
2016053674;5;2;5;1;6;750;06/11/2016
2016053675;1;2;1;3;7;750;07/11/2016
2016053676;2;2;2;2;6;750;07/11/2016
2016053677;5;2;4;3;6;750;07/11/2016
2016053678;1;2;2;1;3;750;08/11/2016
2016053679;2;2;1;1;6;750;08/11/2016
2016053680;2;2;2;1;3;750;08/11/2016
2016053681;1;2;7;2;7;750;10/11/2016
2016053682;1;2;4;2;6;750;10/11/2016
2016053683;5;2;4;2;6;750;13/11/2016
2016053684;5;2;1;1;6;750;14/11/2016
2016053685;1;2;3;2;3;750;15/11/2016
2016053686;5;2;7;8;6;750;16/11/2016
2016053687;5;2;1;1;6;750;17/11/2016
2016053688;5;2;7;2;6;750;17/11/2016
2016053689;1;2;1;1;4;750;18/11/2016
2016053690;1;2;1;1;6;750;19/11/2016
2016053691;5;2;1;1;2;750;19/11/2016
2016053692;2;2;4;2;6;750;21/11/2016
2016053693;1;2;2;8;2;750;22/11/2016
2016053694;5;2;1;1;6;750;22/11/2016
2016053695;1;2;3;1;3;750;23/11/2016
2016053696;5;2;3;2;2;750;23/11/2016
2016053697;2;2;2;1;6;750;24/11/2016
2016053698;2;2;5;1;3;750;25/11/2016
2016053699;5;2;1;1;4;750;25/11/2016
2016053700;5;2;3;1;6;750;27/11/2016
2016053701;1;2;1;1;6;750;28/11/2016
2016053702;5;2;5;1;3;750;28/11/2016
2016053703;5;2;4;1;2;750;28/11/2016
2016053704;2;2;7;1;3;750;29/11/2016
2016053705;1;2;3;1;6;750;29/11/2016
2016053706;5;2;4;1;3;750;29/11/2016
2016053707;5;2;1;1;3;750;01/12/2016
2016053708;1;2;5;1;6;750;02/12/2016
2016053709;5;2;1;1;2;750;02/12/2016
2016053710;1;2;5;1;3;750;05/12/2016
2016053711;1;2;2;1;3;750;05/12/2016
2016053712;1;2;1;1;7;750;06/12/2016
2016053713;1;2;2;1;3;750;07/12/2016
2016053714;5;2;2;1;3;750;07/12/2016
2016053715;1;2;4;1;3;750;08/12/2016
2016053716;1;2;7;1;3;750;08/12/2016
2016053717;1;2;1;1;6;750;10/12/2016
2016053718;1;2;5;1;6;750;11/12/2016
2016053719;1;2;2;1;3;750;11/12/2016
2016053720;5;2;1;1;6;750;11/12/2016
2016053721;5;2;2;2;3;750;12/12/2016
2016053722;1;2;3;1;2;750;13/12/2016
2016053723;5;2;1;1;6;750;13/12/2016
2016053724;5;2;7;1;6;750;14/12/2016
2016053725;1;2;2;1;6;750;14/12/2016
2016053726;5;2;1;1;4;750;15/12/2016
2016053727;5;2;3;1;1;750;15/12/2016
2016053728;5;2;1;1;6;750;16/12/2016
2016053729;1;2;7;1;3;750;17/12/2016
2016053730;1;2;1;1;3;750;17/12/2016
2016053731;5;2;1;1;6;750;20/12/2016
2016053732;5;2;7;2;3;750;21/12/2016
2016053733;2;2;3;3;6;750;22/12/2016
2016053734;1;2;2;1;6;750;22/12/2016
2016053735;1;2;1;1;6;750;22/12/2016
2016053736;5;2;1;1;6;750;22/12/2016
2016053737;1;2;1;1;4;750;26/12/2016
2016053738;5;2;1;1;3;750;26/12/2016
2016053739;5;2;3;1;2;750;27/12/2016
2016053740;1;2;1;1;7;750;28/12/2016
2016053741;1;2;4;1;3;750;28/12/2016
2016053742;5;2;1;1;6;750;29/12/2016
2016053743;5;2;2;5;3;750;31/12/2016
2016053744;1;2;5;1;6;750;01/01/2016
2016053745;5;2;1;2;6;750;01/01/2016
2016053746;1;2;1;1;3;750;04/01/2016
2016053747;1;2;2;1;6;750;05/01/2016
2016053748;1;2;4;1;3;750;05/01/2016
2016053749;5;2;2;1;3;750;06/01/2016
2016053750;1;2;5;3;6;750;07/01/2016
2016053751;1;2;1;1;2;750;08/01/2016
2016053752;5;2;7;1;7;750;08/01/2016
2016053753;1;2;1;1;6;750;09/01/2016
2016053754;1;2;3;2;2;750;10/01/2016
2016053755;3;2;4;1;3;750;10/01/2016
2016053756;1;2;3;1;3;750;13/01/2016
2016053757;2;2;3;1;3;750;13/01/2016
2016053758;1;2;1;2;2;750;14/01/2016
2016053759;5;2;5;2;6;750;14/01/2016
2016053760;5;2;2;1;2;750;14/01/2016
2016053761;1;2;3;1;6;750;15/01/2016
2016053762;5;2;1;1;6;750;18/01/2016
2016053763;1;2;2;1;3;750;19/01/2016
2016053764;1;2;3;1;3;750;20/01/2016
2016053765;1;2;3;3;3;750;22/01/2016
2016053766;5;2;2;3;6;750;22/01/2016
2016053767;5;2;7;2;6;750;22/01/2016
2016053768;5;2;1;1;7;750;25/01/2016
2016053769;5;2;3;1;6;750;25/01/2016
2016053770;5;2;5;1;6;750;26/01/2016
2016053771;5;2;3;1;6;750;29/01/2016
2016053772;1;2;4;1;6;750;01/02/2016
2016053773;5;2;4;1;3;750;01/02/2016
2016053774;1;2;2;2;3;750;02/02/2016
2016053775;1;2;2;1;6;750;03/02/2016
2016053776;1;2;7;1;3;750;03/02/2016
2016053777;5;2;7;1;6;750;06/02/2016
2016053778;5;2;1;1;6;750;06/02/2016
2016053779;1;2;2;1;3;750;08/02/2016
2016053780;1;2;3;1;3;750;08/02/2016
2016053781;1;2;1;2;3;750;09/02/2016
2016053782;5;2;2;3;6;750;09/02/2016
2016053783;1;2;2;1;3;750;10/02/2016
2016053784;5;2;2;2;7;750;11/02/2016
2016053785;5;2;5;2;2;750;12/02/2016
2016053786;5;2;2;2;6;750;13/02/2016
2016053787;5;2;1;2;3;750;13/02/2016
2016053788;5;2;7;1;4;750;16/02/2016
2016053789;1;2;2;1;2;750;19/02/2016
2016053790;5;2;2;2;6;750;21/02/2016
2016053791;1;2;3;1;3;750;22/02/2016
2016053792;1;2;3;8;2;750;23/02/2016
2016053793;5;2;2;1;3;750;23/02/2016
2016053794;5;2;1;1;6;750;26/02/2016
2016053795;2;2;2;1;3;750;26/02/2016
2016053796;1;2;2;1;3;750;27/02/2016
2016053797;1;2;2;1;3;750;29/02/2016
2016053798;5;2;4;2;3;750;01/03/2016
2016053799;1;2;3;1;6;750;02/03/2016
2016053800;5;2;3;1;6;750;03/03/2016
2016053801;1;2;2;3;6;750;04/03/2016
2016053802;1;2;2;1;2;750;04/03/2016
2016053803;5;2;2;2;6;750;04/03/2016
2016053804;2;2;4;2;3;750;05/03/2016
2016053805;1;2;3;1;2;750;08/03/2016
2016053806;5;2;5;1;6;750;08/03/2016
2016053807;5;2;1;1;3;750;11/03/2016
2016053808;1;2;2;1;6;750;12/03/2016
2016053809;5;2;3;1;6;750;16/03/2016
2016053810;1;2;2;1;6;750;17/03/2016
2016053811;1;2;7;1;6;750;17/03/2016
2016053812;1;2;1;1;6;750;18/03/2016
2016053813;1;2;3;1;6;750;18/03/2016
2016053814;1;2;1;1;6;750;19/03/2016
2016053815;5;2;1;1;6;750;20/03/2016
2016053816;5;2;1;1;2;750;22/03/2016
2016053817;5;2;3;1;6;750;25/03/2016
2016053818;1;2;3;1;6;750;26/03/2016
2016053819;2;2;3;1;1;750;27/03/2016
2016053820;2;2;1;1;6;750;27/03/2016
2016053821;1;2;7;2;3;750;29/03/2016
2016053822;1;2;2;8;3;750;29/03/2016
2016053823;5;2;3;3;3;750;30/03/2016
2016053824;1;2;2;3;6;750;31/03/2016
2016053825;5;2;7;2;3;750;31/03/2016
2016053826;1;2;4;1;3;750;01/04/2016
2016053827;1;2;3;1;3;750;04/04/2016
2016053828;1;2;3;1;3;750;05/04/2016
2016053829;5;2;1;1;6;750;05/04/2016
2016053830;5;2;2;1;3;750;06/04/2016
2016053831;1;2;2;1;6;750;06/04/2016
2016053832;2;2;4;2;6;750;06/04/2016
2016053833;5;2;2;9;3;750;06/04/2016
2016053834;1;2;1;1;6;750;07/04/2016
2016053835;5;2;1;1;6;750;08/04/2016
2016053836;1;2;5;1;3;750;08/04/2016
2016053837;1;2;4;1;6;750;08/04/2016
2016053838;1;2;2;1;1;750;08/04/2016
2016053839;1;2;7;1;3;750;10/04/2016
2016053840;1;2;1;2;7;750;11/04/2016
2016053841;1;2;1;1;3;750;12/04/2016
2016053842;1;2;1;1;6;750;12/04/2016
2016053843;1;2;1;1;4;750;13/04/2016
2016053844;1;2;1;2;3;750;14/04/2016
2016053845;1;2;2;1;6;750;15/04/2016
2016053846;1;2;1;1;7;750;17/04/2016
2016053847;1;2;3;1;3;750;21/04/2016
2016053848;1;2;2;1;7;750;21/04/2016
2016053849;1;2;1;1;2;750;21/04/2016
2016053850;1;2;1;1;3;750;26/04/2016
2016053851;1;2;4;1;4;750;26/04/2016
2016053852;1;2;3;1;3;750;28/04/2016
2016053853;1;2;4;1;3;750;01/05/2016
2016053854;1;2;1;1;3;750;03/05/2016
2016053855;1;2;1;1;6;750;03/05/2016
2016053856;1;2;5;1;3;750;03/05/2016
2016053857;1;2;3;1;6;750;04/05/2016
2016053858;1;2;5;1;6;750;03/05/2016
2016053859;1;2;3;1;6;750;04/05/2016
2016053860;1;2;2;1;6;750;04/05/2016
2016053861;1;2;2;1;6;750;05/05/2016
2016053862;1;2;1;1;6;750;06/05/2016
2016053863;1;2;1;1;3;750;06/05/2016
2016053864;2;2;1;1;3;750;06/05/2016
2016053865;1;2;5;1;6;750;07/05/2016
2016053866;5;2;3;1;6;750;08/05/2016
2016053867;1;2;1;2;3;750;10/05/2016
2016053868;1;2;7;2;6;750;10/05/2016
2016053869;1;2;5;1;7;750;11/05/2016
2016053870;1;2;3;1;6;750;11/05/2016
2016053871;1;2;4;1;6;750;12/05/2016
2016053872;1;2;3;3;6;750;12/05/2016
2016053873;1;2;7;3;7;750;12/05/2016
2016053874;5;2;3;1;3;750;14/05/2016
2016053875;1;2;3;1;3;750;15/05/2016
2016053876;5;2;3;1;7;750;16/05/2016
2016053877;1;2;5;1;4;750;16/05/2016
2016053878;1;2;3;1;3;750;16/05/2016
2016053879;1;2;7;1;3;750;18/05/2016
2016053880;5;2;4;2;6;750;18/05/2016
2016053881;1;2;3;1;3;750;19/05/2016
2016053882;1;2;3;1;3;750;19/05/2016
2016053883;5;2;5;1;7;750;20/05/2016
2016053884;1;2;3;2;6;750;20/05/2016
2016053885;1;2;1;1;3;750;20/05/2016
2016053886;1;2;3;1;6;750;25/05/2016
2016053887;5;2;3;1;3;750;26/05/2016
2016053888;1;2;4;1;2;750;27/05/2016
2016053889;1;2;3;1;3;750;27/05/2016
2016053890;1;2;2;1;3;750;28/05/2016
2016053891;5;2;5;1;3;750;29/05/2016
2016053892;1;2;7;3;5;750;30/05/2016
2016053893;1;2;5;2;6;750;30/05/2016
2016053894;1;2;2;2;3;750;30/05/2016
2016053895;1;2;2;2;6;750;31/05/2016
2016053896;1;2;1;2;6;750;02/06/2016
2016053897;1;2;5;8;6;750;02/06/2016
2016053898;1;2;3;1;4;750;03/06/2016
2016053899;5;2;1;1;6;750;04/06/2016
2016053900;5;2;3;1;7;750;05/06/2016
2016053901;1;2;1;1;3;750;08/06/2016
2016053902;2;2;4;1;2;750;09/06/2016
2016053903;1;2;5;2;7;750;12/06/2016
2016053904;1;2;1;2;6;750;12/06/2016
2016053905;1;2;2;1;6;750;13/06/2016
2016053906;1;2;2;1;3;750;13/06/2016
2016053907;1;2;2;1;6;750;14/06/2016
2016053908;1;2;7;8;3;750;14/06/2016
2016053909;1;2;3;1;6;750;15/06/2016
2016053910;1;2;1;1;3;750;16/06/2016
2016053911;1;2;3;1;6;750;17/06/2016
2016053912;5;2;1;1;2;750;22/06/2016
2016053913;5;2;1;1;6;750;22/06/2016
2016053914;1;2;2;1;6;750;23/06/2016
2016053915;1;2;1;1;6;750;24/06/2016
2016053916;1;2;1;1;6;750;25/06/2016
2016053917;1;2;3;1;3;750;26/06/2016
2016053918;1;2;3;1;7;750;26/06/2016
2016053919;1;2;4;1;3;750;27/06/2016
2016053920;1;2;2;1;6;750;28/06/2016
2016053921;1;2;2;1;3;750;28/06/2016
2016053922;1;2;5;1;2;750;28/06/2016
2016053923;1;2;1;1;3;750;29/06/2016
2016053924;1;2;1;1;3;750;30/06/2016
2016053925;1;2;7;1;3;750;01/07/2016
2016053926;1;2;1;1;3;750;02/07/2016
2016053927;1;2;2;1;3;750;04/07/2016
2016053928;1;2;1;1;3;750;05/07/2016
2016053929;1;2;1;1;6;750;05/07/2016
2016053930;1;2;1;1;4;750;06/07/2016
2016053931;1;2;2;1;3;750;09/07/2016
2016053932;1;2;2;1;4;750;09/07/2016
2016053933;1;2;1;1;6;750;10/07/2016
2016053934;1;2;2;1;3;750;11/07/2016
2016053935;1;2;4;1;6;750;11/07/2016
2016053936;1;2;5;1;6;750;11/07/2016
2016053937;1;2;3;1;6;750;11/07/2016
2016053938;1;2;5;1;6;750;13/07/2016
2016053939;1;2;4;1;6;750;16/07/2016
2016053940;5;2;1;1;6;750;17/07/2016
2016053941;1;2;3;1;2;750;18/07/2016
2016053942;5;2;1;1;3;750;22/07/2016
2016053943;1;2;4;1;3;750;22/07/2016
2016053944;4;2;3;1;3;750;23/07/2016
2016053945;1;2;1;1;5;750;25/07/2016
2016053946;1;2;4;1;2;750;25/07/2016
2016053947;2;2;1;1;7;750;25/07/2016
2016053948;1;2;1;1;3;750;26/07/2016
2016053949;1;2;2;1;3;750;26/07/2016
2016053950;5;2;3;1;3;750;27/07/2016
2016053951;1;2;1;1;6;750;29/07/2016
2016053952;1;2;3;1;3;750;30/07/2016
2016053953;5;2;3;1;3;750;31/07/2016
2016053954;5;2;2;1;4;750;01/08/2016
2016053955;1;2;1;2;6;750;02/08/2016
2016053956;1;2;2;1;6;750;06/08/2016
2016053957;5;2;3;1;3;750;07/08/2016
2016053958;5;2;3;1;7;750;07/08/2016
2016053959;1;2;2;1;3;750;11/08/2016
2016053960;1;2;1;1;6;750;12/08/2016
2016053961;5;2;1;1;3;750;14/08/2016
2016053962;1;2;1;1;6;750;14/08/2016
2016053963;1;2;1;1;3;750;16/08/2016
2016053964;1;2;2;1;3;750;19/08/2016
2016053965;2;2;1;2;7;750;19/08/2016
2016053966;2;2;4;1;6;750;21/08/2016
2016053967;1;2;1;1;3;750;22/08/2016
2016053968;2;2;3;1;6;750;23/08/2016
2016053969;5;2;5;1;6;750;25/08/2016
2016053970;5;2;7;1;6;750;26/08/2016
2016053971;1;2;1;1;6;750;27/08/2016
2016053972;1;2;5;1;3;750;28/08/2016
2016053973;5;2;1;1;2;750;28/08/2016
2016053974;2;2;1;1;2;750;30/08/2016
2016053975;1;2;2;1;2;750;31/08/2016
2016053976;1;2;4;1;2;750;31/08/2016
2016053977;5;2;2;1;3;750;01/09/2016
2016053978;5;2;2;1;6;750;02/09/2016
2016053979;5;2;3;1;2;750;03/09/2016
2016053980;1;2;1;1;3;750;03/09/2016
2016053981;1;2;3;1;6;750;04/09/2016
2016053982;5;2;2;2;2;750;05/09/2016
2016053983;5;2;5;1;6;750;06/09/2016
2016053984;1;2;3;1;3;750;07/09/2016
2016053985;1;2;1;1;2;750;07/09/2016
2016053986;1;2;1;1;3;750;13/09/2016
2016053987;1;2;1;1;6;750;14/09/2016
2016053988;1;2;2;2;6;750;14/09/2016
2016053989;1;2;1;2;6;750;15/09/2016
2016053990;1;2;1;2;6;750;16/09/2016
2016053991;1;2;1;1;2;750;16/09/2016
2016053992;1;2;1;1;3;750;16/09/2016
2016053993;1;2;1;1;6;750;19/09/2016
2016053994;1;2;1;1;3;750;22/09/2016
2016053995;5;2;1;1;2;750;22/09/2016
2016053996;5;2;2;1;3;750;22/09/2016
2016053997;5;2;1;1;6;750;21/09/2016
2016053998;1;2;1;1;2;750;23/09/2016
2016053999;5;2;3;1;6;750;24/09/2016
2016054000;5;2;2;1;2;750;24/09/2016
2016054001;1;2;1;1;6;750;24/09/2016
2016054002;1;2;1;1;6;750;26/09/2016
2016054003;5;2;3;1;6;750;26/09/2016
2016054004;1;2;2;1;3;750;29/09/2016
2016054005;5;2;1;1;2;750;29/09/2016
2016054006;5;2;5;1;3;750;30/09/2016
2016054007;1;2;1;8;3;750;30/09/2016
2016054008;1;2;2;1;3;750;02/10/2016
2016054009;2;2;2;1;6;750;02/10/2016
2016054010;1;2;5;1;6;750;04/10/2016
2016054011;5;2;4;1;6;750;04/10/2016
2016054012;5;2;1;1;6;750;04/10/2016
2016054013;1;2;3;1;3;750;05/10/2016
2016054014;5;2;1;1;6;750;06/10/2016
2016054015;1;2;7;1;3;750;06/10/2016
2016054016;5;2;3;1;6;750;06/10/2016
2016054017;5;2;3;1;2;750;09/10/2016
2016054018;1;2;7;2;6;750;10/10/2016
2016054019;1;2;1;3;6;750;10/10/2016
2016054020;5;2;3;1;1;750;10/10/2016
2016054021;5;2;5;1;3;750;10/10/2016
2016054022;1;2;2;1;3;750;11/10/2016
2016054023;2;2;3;1;3;750;11/10/2016
2016054024;1;2;1;1;3;750;12/10/2016
2016054025;1;2;2;1;3;750;12/10/2016
2016054026;2;2;1;1;6;750;13/10/2016
2016054027;5;2;1;8;2;750;15/10/2016
2016054028;1;2;1;1;6;750;16/10/2016
2016054029;5;2;3;1;3;750;17/10/2016
2016054030;1;2;3;1;6;750;19/10/2016
2016054031;1;2;7;1;6;750;19/10/2016
2016054032;5;2;2;1;6;750;19/10/2016
2016054033;5;2;1;1;3;750;19/10/2016
2016054034;1;2;2;1;6;750;20/10/2016
2016054035;1;2;1;2;3;750;20/10/2016
2016054036;1;2;3;1;3;750;21/10/2016
2016054037;1;2;4;2;4;750;21/10/2016
2016054038;5;2;1;1;6;750;22/10/2016
2016054039;1;2;2;1;6;750;23/10/2016
2016054040;1;2;2;2;7;750;24/10/2016
2016054041;1;2;3;2;2;750;24/10/2016
2016054042;1;2;2;6;5;750;25/10/2016
2016054043;1;2;4;1;6;750;25/10/2016
2016054044;1;2;4;1;3;750;26/10/2016
2016054045;5;2;3;1;3;750;28/10/2016
2016054046;5;2;1;1;2;750;30/10/2016
2016054047;5;2;4;1;6;750;30/10/2016
2016054048;5;2;2;1;3;750;31/10/2016
2016054049;1;2;5;1;6;750;01/11/2016
2016054050;1;2;3;1;2;750;02/11/2016
2016054051;5;2;2;1;6;750;02/11/2016
2016054052;5;2;2;1;6;750;02/11/2016
2016054053;5;2;7;1;3;750;02/11/2016
2016054054;1;2;2;1;3;750;03/11/2016
2016054055;1;2;2;1;2;750;03/11/2016
2016054056;1;2;2;1;6;750;03/11/2016
2016054057;5;2;1;2;6;750;04/11/2016
2016054058;5;2;2;2;3;750;05/11/2016
2016054059;5;2;2;2;3;750;05/11/2016
2016054060;5;2;2;1;3;750;05/11/2016
2016054061;5;2;5;1;6;750;06/11/2016
2016054062;1;2;3;4;4;750;07/11/2016
2016054063;1;2;1;2;6;750;07/11/2016
2016054064;1;2;5;2;6;750;07/11/2016
2016054065;5;2;2;2;6;750;07/11/2016
2016054066;1;2;2;2;2;750;09/11/2016
2016054067;1;2;1;3;4;750;09/11/2016
2016054068;1;2;2;1;3;750;10/11/2016
2016054069;5;2;1;1;3;750;11/11/2016
2016054070;1;2;2;8;6;750;13/11/2016
2016054071;5;2;5;2;3;750;13/11/2016
2016054072;5;2;3;1;6;750;14/11/2016
2016054073;5;2;1;2;3;750;15/11/2016
2016054074;5;2;5;2;7;750;15/11/2016
2016054075;2;2;1;2;3;750;16/11/2016
2016054076;5;2;1;1;6;750;17/11/2016
2016054077;1;2;3;1;2;750;18/11/2016
2016054078;1;2;1;1;6;750;18/11/2016
2016054079;1;2;1;1;2;750;18/11/2016
2016054080;1;2;1;1;2;750;18/11/2016
2016054081;1;2;1;1;3;750;19/11/2016
2016054082;5;2;2;2;6;750;21/11/2016
2016054083;1;2;2;1;7;750;23/11/2016
2016054084;1;2;2;1;6;750;24/11/2016
2016054085;5;2;5;1;6;750;25/11/2016
2016054086;1;2;5;1;6;750;25/11/2016
2016054087;1;2;2;1;6;750;27/11/2016
2016054088;1;2;2;1;3;750;27/11/2016
2016054089;1;2;1;1;6;750;28/11/2016
2016054090;1;2;1;1;6;750;30/11/2016
2016054091;1;2;5;1;3;750;01/12/2016
2016054092;1;2;1;1;3;750;01/12/2016
2016054093;3;2;2;1;3;750;01/12/2016
2016054094;5;2;1;1;3;750;04/12/2016
2016054095;1;2;2;1;6;750;06/12/2016
2016054096;5;2;2;1;6;750;06/12/2016
2016054097;5;2;2;1;6;750;07/12/2016
2016054098;5;2;5;1;3;750;08/12/2016
2016054099;1;2;5;2;6;750;12/12/2016
2016054100;5;2;2;1;3;750;13/12/2016
2016054101;5;2;5;1;3;750;13/12/2016
2016054102;1;2;2;1;6;750;14/12/2016
2016054103;5;2;2;1;3;750;14/12/2016
2016054104;5;2;2;1;3;750;14/12/2016
2016054105;2;2;1;1;6;750;15/12/2016
2016054106;1;2;1;1;3;750;16/12/2016
2016054107;5;2;3;1;6;750;17/12/2016
2016054108;1;2;2;1;6;750;19/12/2016
2016054109;2;2;3;1;6;750;20/12/2016
2016054110;5;2;1;2;6;750;21/12/2016
2016054111;1;2;1;8;3;750;22/12/2016
2016054112;5;2;1;1;6;750;22/12/2016
2016054113;1;2;1;1;3;750;23/12/2016
2016054114;5;2;2;1;6;750;25/12/2016
2016054115;1;2;4;8;2;750;26/12/2016
2016054116;1;2;3;1;6;750;27/12/2016
2016054117;5;2;1;1;2;750;27/12/2016
2016054118;2;2;3;1;3;750;06/01/2016
2016054119;5;2;7;2;2;750;09/01/2016
2016054120;1;2;1;1;6;750;09/01/2016
2016054121;2;2;4;1;3;750;12/01/2016
2016054122;5;2;1;1;2;750;16/01/2016
2016054123;5;2;1;1;3;750;19/01/2016
2016054124;1;2;3;1;6;750;25/01/2016
2016054125;2;2;3;1;2;750;26/01/2016
2016054126;1;2;7;1;3;750;26/01/2016
2016054127;1;2;7;1;2;750;26/01/2016
2016054128;2;2;2;1;6;750;26/01/2016
2016054129;1;2;3;2;3;750;27/01/2016
2016054130;1;2;1;1;6;750;27/01/2016
2016054131;5;2;7;1;2;750;29/01/2016
2016054132;1;2;1;1;6;750;01/02/2016
2016054133;2;2;2;2;3;750;02/02/2016
2016054134;5;2;2;2;6;750;02/02/2016
2016054135;5;2;1;2;2;750;02/02/2016
2016054136;1;2;2;1;6;750;03/02/2016
2016054137;5;2;2;2;6;750;04/02/2016
2016054138;1;2;3;1;6;750;06/02/2016
2016054139;3;2;3;1;3;750;08/02/2016
2016054140;1;2;3;2;6;750;09/02/2016
2016054141;1;2;1;1;6;750;10/02/2016
2016054142;1;2;1;3;6;750;12/02/2016
2016054143;5;2;3;2;6;750;13/02/2016
2016054144;1;2;1;1;4;750;15/02/2016
2016054145;1;2;2;1;3;750;17/02/2016
2016054146;1;2;3;2;6;750;18/02/2016
2016054147;1;2;1;1;5;750;19/02/2016
2016054148;1;2;2;1;6;750;20/02/2016
2016054149;1;2;5;1;3;750;20/02/2016
2016054150;5;2;4;2;6;750;23/02/2016
2016054151;1;2;3;1;6;750;23/02/2016
2016054152;5;2;3;1;6;750;25/02/2016
2016054153;1;2;3;2;3;750;01/03/2016
2016054154;2;2;3;2;3;750;01/03/2016
2016054155;5;2;2;1;3;750;02/03/2016
2016054156;1;2;1;2;6;750;02/03/2016
2016054157;5;2;7;2;3;750;02/03/2016
2016054158;1;2;1;1;6;750;10/03/2016
2016054159;5;2;2;1;3;750;12/03/2016
2016054160;1;2;7;1;6;750;15/03/2016
2016054161;5;2;1;1;2;750;18/03/2016
2016054162;5;2;2;1;6;750;20/03/2016
2016054163;2;2;1;1;3;750;22/03/2016
2016054164;5;2;2;1;6;750;22/03/2016
2016054165;5;2;4;2;6;750;25/03/2016
2016054166;1;2;3;2;6;750;25/03/2016
2016054167;1;2;1;1;6;750;26/03/2016
2016054168;1;2;5;8;3;750;26/03/2016
2016054169;1;2;1;2;7;750;29/03/2016
2016054170;1;2;2;3;6;750;31/03/2016
2016054171;5;2;7;1;6;750;01/04/2016
2016054172;5;2;1;1;2;750;31/03/2016
2016054173;2;2;4;1;7;750;01/04/2016
2016054174;5;2;1;1;6;750;01/04/2016
2016054175;5;2;2;1;6;750;07/04/2016
2016054176;1;2;4;1;6;750;07/04/2016
2016054177;1;2;5;1;3;750;07/04/2016
2016054178;1;2;2;1;3;750;10/04/2016
2016054179;1;2;2;1;3;750;11/04/2016
2016054180;5;2;3;1;2;750;13/04/2016
2016054181;1;2;3;1;2;750;14/04/2016
2016054182;1;2;2;1;3;750;15/04/2016
2016054183;1;2;5;1;6;750;15/04/2016
2016054184;5;2;1;1;3;750;17/04/2016
2016054185;1;2;2;1;6;750;17/04/2016
2016054186;1;2;7;1;3;750;17/04/2016
2016054187;4;2;2;1;2;750;17/04/2016
2016054188;1;2;7;1;6;750;18/04/2016
2016054189;1;2;7;1;2;750;18/04/2016
2016054190;1;2;1;1;3;750;20/04/2016
2016054191;1;2;1;1;7;750;21/04/2016
2016054192;1;2;2;1;3;750;21/04/2016
2016054193;1;2;3;1;3;750;22/04/2016
2016054194;1;2;4;1;3;750;24/04/2016
2016054195;5;2;3;3;6;750;29/04/2016
2016054196;1;2;1;2;7;750;30/04/2016
2016054197;1;2;2;1;3;750;01/05/2016
2016054198;1;2;2;1;2;750;02/05/2016
2016054199;1;2;1;1;2;750;04/05/2016
2016054200;5;2;1;1;6;750;04/05/2016
2016054201;1;2;5;1;6;750;05/05/2016
2016054202;1;2;1;1;6;750;08/05/2016
2016054203;1;2;3;1;6;750;08/05/2016
2016054204;1;2;2;1;2;750;08/05/2016
2016054205;1;2;1;3;6;750;11/05/2016
2016054206;1;2;5;1;2;750;13/05/2016
2016054207;1;2;4;2;6;750;18/05/2016
2016054208;1;2;5;2;7;750;22/05/2016
2016054209;5;2;3;1;7;750;22/05/2016
2016054210;1;2;1;1;6;750;23/05/2016
2016054211;1;2;3;1;6;750;24/05/2016
2016054212;1;2;3;1;6;750;25/05/2016
2016054213;1;2;2;1;6;750;25/05/2016
2016054214;5;2;7;1;3;750;28/05/2016
2016054215;1;2;1;1;6;750;28/05/2016
2016054216;5;2;1;2;6;750;01/06/2016
2016054217;1;2;1;1;3;750;01/06/2016
2016054218;1;2;1;1;6;750;03/06/2016
2016054219;1;2;2;1;6;750;05/06/2016
2016054220;1;2;2;1;7;750;08/06/2016
2016054221;1;2;2;1;6;750;08/06/2016
2016054222;1;2;1;1;2;750;09/06/2016
2016054223;1;2;1;1;3;750;10/06/2016
2016054224;1;2;1;1;6;750;10/06/2016
2016054225;1;2;1;1;6;750;10/06/2016
2016054226;5;2;3;1;6;750;11/06/2016
2016054227;5;2;2;1;3;750;13/06/2016
2016054228;1;2;2;1;3;750;14/06/2016
2016054229;1;2;2;1;6;750;14/06/2016
2016054230;1;2;1;1;3;750;14/06/2016
2016054231;1;2;1;2;7;750;15/06/2016
2016054232;1;2;1;2;2;750;16/06/2016
2016054233;1;2;3;1;6;750;17/06/2016
2016054234;1;2;1;1;3;750;19/06/2016
2016054235;1;2;2;1;6;750;19/06/2016
2016054236;5;2;2;1;6;750;20/06/2016
2016054237;5;2;3;1;2;750;22/06/2016
2016054238;1;2;2;1;7;750;22/06/2016
2016054239;1;2;2;1;3;750;22/06/2016
2016054240;1;2;2;1;3;750;26/06/2016
2016054241;1;2;4;2;6;750;27/06/2016
2016054242;1;2;3;1;3;750;27/06/2016
2016054243;5;2;5;1;6;750;29/06/2016
2016054244;1;2;1;1;6;750;29/06/2016
2016054245;1;2;1;1;3;750;30/06/2016
2016054246;1;2;2;1;3;750;30/06/2016