num_acc;lum;agg;inter;atm;col;dep;date
2016054247;1;2;2;1;7;750;02/07/2016
2016054248;1;2;7;1;1;750;02/07/2016
2016054249;1;2;2;1;6;750;05/07/2016
2016054250;1;2;2;1;6;750;06/07/2016
2016054251;1;2;4;1;3;750;07/07/2016
2016054252;1;2;1;1;6;750;09/07/2016
2016054253;1;2;7;1;2;750;08/07/2016
2016054254;1;2;2;1;6;750;10/07/2016
2016054255;5;2;2;1;3;750;10/07/2016
2016054256;1;2;5;1;3;750;13/07/2016
2016054257;1;2;1;1;6;750;13/07/2016
2016054258;1;2;5;1;6;750;13/07/2016
2016054259;3;2;7;1;7;750;14/07/2016
2016054260;1;2;4;1;6;750;15/07/2016
2016054261;1;2;3;1;3;750;18/07/2016
2016054262;1;2;1;1;3;750;18/07/2016
2016054263;1;2;2;1;6;750;18/07/2016
2016054264;1;2;3;1;6;750;19/07/2016
2016054265;1;2;1;1;6;750;19/07/2016
2016054266;1;2;1;1;6;750;20/07/2016
2016054267;2;2;2;1;7;750;22/07/2016
2016054268;1;2;1;1;4;750;23/07/2016
2016054269;1;2;5;1;3;750;25/07/2016
2016054270;1;2;1;1;3;750;25/07/2016
2016054271;1;2;2;1;3;750;26/07/2016
2016054272;1;2;1;1;6;750;26/07/2016
2016054273;2;2;3;1;3;750;27/07/2016
2016054274;1;2;7;1;7;750;31/07/2016
2016054275;5;2;2;1;7;750;31/07/2016
2016054276;1;2;1;1;6;750;03/08/2016
2016054277;1;2;1;1;6;750;04/08/2016
2016054278;5;2;4;1;4;750;05/08/2016
2016054279;1;2;3;1;3;750;10/08/2016
2016054280;5;2;5;1;2;750;12/08/2016
2016054281;1;2;2;1;3;750;15/08/2016
2016054282;1;2;1;7;6;750;16/08/2016
2016054283;2;2;5;7;6;750;20/08/2016
2016054284;1;2;2;1;3;750;23/08/2016
2016054285;1;2;1;1;2;750;25/08/2016
2016054286;1;2;1;1;3;750;26/08/2016
2016054287;1;2;7;1;3;750;29/08/2016
2016054288;1;2;1;1;6;750;02/09/2016
2016054289;1;2;7;1;3;750;03/09/2016
2016054290;1;2;1;1;3;750;04/09/2016
2016054291;1;2;3;2;6;750;05/09/2016
2016054292;5;2;1;8;3;750;05/09/2016
2016054293;1;2;1;1;2;750;09/09/2016
2016054294;1;2;1;1;2;750;10/09/2016
2016054295;5;2;2;1;3;750;10/09/2016
2016054296;5;2;1;2;7;750;11/09/2016
2016054297;1;2;1;1;6;750;12/09/2016
2016054298;1;2;3;1;3;750;12/09/2016
2016054299;1;2;1;1;2;750;13/09/2016
2016054300;1;2;1;1;6;750;14/09/2016
2016054301;1;2;2;1;3;750;14/09/2016
2016054302;1;2;7;2;6;750;15/09/2016
2016054303;1;2;7;2;2;750;15/09/2016
2016054304;5;2;1;2;3;750;17/09/2016
2016054305;1;2;1;1;7;750;19/09/2016
2016054306;1;2;2;1;6;750;20/09/2016
2016054307;1;2;1;1;7;750;21/09/2016
2016054308;1;2;4;1;6;750;21/09/2016
2016054309;1;2;1;1;2;750;21/09/2016
2016054310;1;2;1;1;6;750;22/09/2016
2016054311;1;2;2;1;6;750;22/09/2016
2016054312;1;2;2;1;3;750;23/09/2016
2016054313;1;2;1;1;2;750;23/09/2016
2016054314;5;2;2;1;6;750;25/09/2016
2016054315;1;2;7;1;3;750;27/09/2016
2016054316;1;2;2;1;6;750;30/09/2016
2016054317;1;2;5;1;6;750;03/10/2016
2016054318;1;2;3;1;2;750;03/10/2016
2016054319;1;2;1;1;6;750;04/10/2016
2016054320;1;2;1;1;3;750;04/10/2016
2016054321;1;2;3;1;6;750;04/10/2016
2016054322;1;2;1;1;7;750;06/10/2016
2016054323;1;2;1;1;6;750;08/10/2016
2016054324;1;2;3;1;3;750;09/10/2016
2016054325;1;2;2;1;3;750;09/10/2016
2016054326;5;2;1;1;4;750;09/10/2016
2016054327;1;2;2;1;6;750;10/10/2016
2016054328;1;2;2;1;6;750;11/10/2016
2016054329;1;2;1;1;6;750;11/10/2016
2016054330;1;2;3;1;6;750;11/10/2016
2016054331;1;2;1;1;3;750;12/10/2016
2016054332;1;2;1;1;7;750;13/10/2016
2016054333;5;2;2;2;2;750;13/10/2016
2016054334;1;2;3;2;2;750;14/10/2016
2016054335;5;2;1;3;3;750;14/10/2016
2016054336;5;2;2;1;3;750;14/10/2016
2016054337;5;2;3;2;7;750;15/10/2016
2016054338;5;2;3;2;6;750;15/10/2016
2016054339;1;2;2;1;3;750;18/10/2016
2016054340;5;2;4;2;2;750;18/10/2016
2016054341;1;2;7;1;3;750;19/10/2016
2016054342;5;2;5;2;3;750;23/10/2016
2016054343;1;2;1;1;6;750;25/10/2016
2016054344;1;2;7;8;6;750;25/10/2016
2016054345;1;2;5;1;6;750;25/10/2016
2016054346;1;2;3;1;3;750;25/10/2016
2016054347;5;2;2;1;6;750;25/10/2016
2016054348;1;2;1;1;3;750;26/10/2016
2016054349;1;2;7;1;3;750;26/10/2016
2016054350;5;2;1;1;3;750;27/10/2016
2016054351;5;2;7;1;6;750;29/10/2016
2016054352;1;2;1;1;6;750;31/10/2016
2016054353;1;2;1;1;2;750;31/10/2016
2016054354;2;2;1;1;3;750;31/10/2016
2016054355;5;2;1;1;3;750;03/11/2016
2016054356;1;2;2;1;3;750;06/11/2016
2016054357;1;2;1;2;2;750;09/11/2016
2016054358;5;2;1;2;3;750;09/11/2016
2016054359;5;2;1;1;6;750;12/11/2016
2016054360;5;2;1;2;6;750;12/11/2016
2016054361;1;2;3;8;3;750;14/11/2016
2016054362;1;2;4;8;3;750;14/11/2016
2016054363;2;2;1;1;6;750;14/11/2016
2016054364;5;2;3;1;6;750;14/11/2016
2016054365;1;2;1;1;2;750;15/11/2016
2016054366;4;2;1;2;6;750;14/11/2016
2016054367;5;2;1;2;3;750;15/11/2016
2016054368;5;2;1;2;6;750;15/11/2016
2016054369;1;2;2;1;2;750;16/11/2016
2016054370;5;2;1;1;6;750;17/11/2016
2016054371;1;2;1;1;3;750;17/11/2016
2016054372;1;2;2;1;2;750;17/11/2016
2016054373;1;2;1;1;6;750;18/11/2016
2016054374;1;2;1;1;6;750;18/11/2016
2016054375;1;2;1;1;7;750;18/11/2016
2016054376;5;2;1;1;6;750;18/11/2016
2016054377;2;2;1;1;6;750;18/11/2016
2016054378;5;2;7;1;2;750;19/11/2016
2016054379;5;2;1;6;6;750;20/11/2016
2016054380;1;2;1;2;3;750;20/11/2016
2016054381;5;2;3;2;6;750;20/11/2016
2016054382;1;2;2;2;6;750;21/11/2016
2016054383;5;2;2;3;6;750;23/11/2016
2016054384;1;2;5;1;2;750;26/11/2016
2016054385;1;2;5;8;6;750;26/11/2016
2016054386;1;2;1;1;6;750;28/11/2016
2016054387;1;2;1;1;6;750;30/11/2016
2016054388;1;2;3;1;6;750;30/11/2016
2016054389;1;2;1;1;6;750;01/12/2016
2016054390;5;2;1;1;6;750;01/12/2016
2016054391;1;2;1;1;2;750;02/12/2016
2016054392;5;2;1;1;3;750;03/12/2016
2016054393;1;2;7;1;6;750;09/12/2016
2016054394;5;2;4;1;2;750;10/12/2016
2016054395;5;2;3;1;3;750;10/12/2016
2016054396;2;2;1;8;6;750;12/12/2016
2016054397;1;2;1;2;2;750;13/12/2016
2016054398;1;2;1;1;2;750;13/12/2016
2016054399;5;2;3;1;3;750;14/12/2016
2016054400;1;2;2;1;3;750;14/12/2016
2016054401;5;2;3;1;6;750;15/12/2016
2016054402;1;2;1;1;3;750;16/12/2016
2016054403;1;2;4;1;6;750;16/12/2016
2016054404;5;2;4;1;6;750;18/12/2016
2016054405;1;2;4;1;6;750;20/12/2016
2016054406;5;2;2;1;3;750;22/12/2016
2016054407;2;2;1;1;6;750;24/12/2016
2016054408;1;2;2;1;3;750;25/12/2016
2016054409;1;2;1;1;6;750;26/12/2016
2016054410;5;2;2;1;3;750;26/12/2016
2016054411;5;2;7;2;3;750;30/12/2016
2016054412;5;2;3;2;3;750;02/01/2016
2016054413;5;2;1;8;6;750;03/01/2016
2016054414;1;2;3;2;6;750;05/01/2016
2016054415;5;2;1;1;6;750;07/01/2016
2016054416;4;2;7;3;6;750;07/01/2016
2016054417;1;2;2;2;3;750;07/01/2016
2016054418;1;2;1;1;2;750;07/01/2016
2016054419;1;2;2;1;2;750;07/01/2016
2016054420;5;2;2;1;6;750;07/01/2016
2016054421;5;2;3;1;6;750;08/01/2016
2016054422;1;2;2;1;2;750;13/01/2016
2016054423;5;2;1;1;7;750;13/01/2016
2016054424;5;2;1;1;7;750;14/01/2016
2016054425;1;2;2;1;4;750;17/01/2016
2016054426;5;2;2;1;3;750;20/01/2016
2016054427;1;2;5;1;6;750;21/01/2016
2016054428;5;2;3;1;6;750;21/01/2016
2016054429;1;2;1;1;3;750;24/01/2016
2016054430;1;2;2;1;6;750;25/01/2016
2016054431;5;2;2;2;3;750;28/01/2016
2016054432;5;2;3;1;6;750;28/01/2016
2016054433;5;2;2;2;2;750;03/02/2016
2016054434;4;2;5;1;6;750;03/02/2016
2016054435;1;2;3;1;6;750;04/02/2016
2016054436;5;2;3;1;6;750;06/02/2016
2016054437;5;2;2;1;3;750;07/02/2016
2016054438;5;2;7;1;6;750;07/02/2016
2016054439;5;2;5;2;3;750;08/02/2016
2016054440;2;2;3;2;7;750;09/02/2016
2016054441;1;2;1;1;3;750;10/02/2016
2016054442;1;2;5;1;4;750;10/02/2016
2016054443;2;2;7;2;1;750;11/02/2016
2016054444;1;2;1;1;2;750;12/02/2016
2016054445;1;2;7;2;3;750;12/02/2016
2016054446;5;2;1;1;6;750;12/02/2016
2016054447;5;2;3;1;6;750;12/02/2016
2016054448;5;2;7;1;3;750;13/02/2016
2016054449;2;2;2;3;6;750;13/02/2016
2016054450;1;2;2;1;3;750;17/02/2016
2016054451;1;2;7;2;6;750;18/02/2016
2016054452;5;2;4;8;3;750;18/02/2016
2016054453;1;2;2;1;2;750;19/02/2016
2016054454;5;2;1;1;7;750;19/02/2016
2016054455;1;2;1;2;6;750;20/02/2016
2016054456;1;2;3;1;2;750;21/02/2016
2016054457;1;2;2;2;6;750;23/02/2016
2016054458;1;2;3;1;3;750;24/02/2016
2016054459;3;2;2;1;3;750;24/02/2016
2016054460;1;2;5;8;6;750;26/02/2016
2016054461;5;2;7;1;3;750;25/02/2016
2016054462;1;2;2;1;3;750;28/02/2016
2016054463;1;2;1;1;6;750;29/02/2016
2016054464;5;2;5;2;6;750;01/03/2016
2016054465;1;2;3;1;6;750;02/03/2016
2016054466;1;2;4;2;2;750;04/03/2016
2016054467;5;2;3;8;6;750;05/03/2016
2016054468;1;2;5;8;6;750;05/03/2016
2016054469;1;2;3;1;6;750;07/03/2016
2016054470;1;2;1;2;1;750;07/03/2016
2016054471;5;2;1;1;6;750;08/03/2016
2016054472;5;2;2;1;3;750;08/03/2016
2016054473;5;2;3;2;2;750;09/03/2016
2016054474;1;2;3;1;2;750;11/03/2016
2016054475;4;2;1;1;2;750;11/03/2016
2016054476;2;2;5;1;3;750;12/03/2016
2016054477;1;2;2;1;6;750;13/03/2016
2016054478;1;2;1;1;2;750;14/03/2016
2016054479;1;2;2;1;3;750;15/03/2016
2016054480;5;2;2;1;6;750;15/03/2016
2016054481;5;2;4;1;6;750;16/03/2016
2016054482;1;2;1;1;6;750;17/03/2016
2016054483;1;2;1;1;6;750;18/03/2016
2016054484;1;2;2;1;3;750;18/03/2016
2016054485;1;2;2;1;3;750;19/03/2016
2016054486;1;2;2;1;3;750;23/03/2016
2016054487;5;2;2;1;6;750;23/03/2016
2016054488;1;2;2;1;6;750;24/03/2016
2016054489;1;2;2;1;6;750;24/03/2016
2016054490;1;2;1;1;1;750;25/03/2016
2016054491;1;2;2;1;6;750;29/03/2016
2016054492;1;2;2;2;7;750;30/03/2016
2016054493;1;2;1;2;6;750;30/03/2016
2016054494;5;2;2;2;3;750;31/03/2016
2016054495;1;2;2;1;6;750;01/04/2016
2016054496;5;2;3;1;3;750;03/04/2016
2016054497;1;2;1;1;3;750;05/04/2016
2016054498;1;2;2;1;6;750;05/04/2016
2016054499;1;2;4;1;3;750;08/04/2016
2016054500;1;2;2;1;6;750;10/04/2016
2016054501;1;2;7;2;2;750;11/04/2016
2016054502;1;2;2;2;6;750;11/04/2016
2016054503;1;2;2;2;3;750;11/04/2016
2016054504;1;2;1;1;6;750;14/04/2016
2016054505;5;2;2;2;6;750;14/04/2016
2016054506;1;2;2;1;6;750;15/04/2016
2016054507;5;2;1;1;6;750;17/04/2016
2016054508;1;2;2;1;7;750;19/04/2016
2016054509;1;2;1;1;2;750;20/04/2016
2016054510;1;2;3;1;3;750;21/04/2016
2016054511;1;2;2;8;6;750;22/04/2016
2016054512;5;2;1;2;3;750;23/04/2016
2016054513;1;2;2;1;3;750;23/04/2016
2016054514;1;2;2;1;6;750;25/04/2016
2016054515;1;2;4;2;3;750;26/04/2016
2016054516;1;2;2;1;2;750;27/04/2016
2016054517;1;2;3;1;2;750;29/04/2016
2016054518;5;2;2;2;3;750;29/04/2016
2016054519;1;2;2;2;2;750;30/04/2016
2016054520;1;2;5;1;2;750;02/05/2016
2016054521;1;2;1;1;3;750;04/05/2016
2016054522;1;2;2;1;6;750;04/05/2016
2016054523;5;2;1;1;6;750;08/05/2016
2016054524;1;2;2;1;6;750;09/05/2016
2016054525;1;2;2;1;3;750;09/05/2016
2016054526;5;2;7;2;3;750;09/05/2016
2016054527;1;2;2;2;7;750;10/05/2016
2016054528;1;2;1;1;6;750;12/05/2016
2016054529;1;2;1;8;6;750;13/05/2016
2016054530;1;2;1;1;3;750;13/05/2016
2016054531;5;2;7;1;2;750;15/05/2016
2016054532;1;2;4;1;2;750;15/05/2016
2016054533;2;2;7;1;3;750;15/05/2016
2016054534;1;2;2;1;3;750;16/05/2016
2016054535;4;2;1;1;7;750;17/05/2016
2016054536;1;2;3;1;6;750;17/05/2016
2016054537;1;2;1;1;6;750;18/05/2016
2016054538;1;2;7;1;7;750;19/05/2016
2016054539;1;2;7;1;7;750;20/05/2016
2016054540;5;2;3;1;3;750;20/05/2016
2016054541;5;2;1;1;3;750;20/05/2016
2016054542;1;2;2;8;3;750;22/05/2016
2016054543;1;2;2;1;3;750;24/05/2016
2016054544;1;2;3;1;6;750;25/05/2016
2016054545;1;2;1;1;4;750;25/05/2016
2016054546;1;2;1;1;7;750;26/05/2016
2016054547;1;2;3;1;6;750;27/05/2016
2016054548;1;2;2;1;3;750;27/05/2016
2016054549;1;2;3;1;6;750;27/05/2016
2016054550;1;2;1;1;6;750;28/05/2016
2016054551;1;2;1;1;6;750;28/05/2016
2016054552;5;2;2;3;3;750;29/05/2016
2016054553;1;2;5;3;2;750;30/05/2016
2016054554;1;2;1;3;3;750;30/05/2016
2016054555;1;2;3;3;2;750;30/05/2016
2016054556;1;2;3;2;6;750;31/05/2016
2016054557;1;2;2;2;3;750;01/06/2016
2016054558;1;2;3;8;3;750;01/06/2016
2016054559;1;2;1;1;6;750;04/06/2016
2016054560;1;2;4;1;6;750;05/06/2016
2016054561;1;2;1;1;4;750;06/06/2016
2016054562;1;2;4;1;3;750;07/06/2016
2016054563;1;2;2;1;3;750;08/06/2016
2016054564;5;2;2;1;3;750;08/06/2016
2016054565;1;2;2;1;6;750;10/06/2016
2016054566;1;2;1;1;2;750;10/06/2016
2016054567;2;2;3;1;6;750;12/06/2016
2016054568;1;2;1;1;3;750;12/06/2016
2016054569;1;2;3;1;6;750;14/06/2016
2016054570;1;2;2;1;3;750;15/06/2016
2016054571;2;2;2;1;3;750;15/06/2016
2016054572;1;2;3;2;3;750;16/06/2016
2016054573;1;2;5;1;4;750;17/06/2016
2016054574;1;2;2;2;6;750;20/06/2016
2016054575;1;2;1;8;4;750;21/06/2016
2016054576;2;2;1;1;6;750;22/06/2016
2016054577;1;2;2;1;6;750;23/06/2016
2016054578;1;2;3;1;3;750;23/06/2016
2016054579;1;2;2;1;6;750;24/06/2016
2016054580;1;2;1;1;3;750;25/06/2016
2016054581;1;2;2;1;2;750;25/06/2016
2016054582;5;2;7;1;2;750;26/06/2016
2016054583;1;2;1;1;2;750;26/06/2016
2016054584;1;2;3;8;3;750;26/06/2016
2016054585;1;2;4;1;6;750;27/06/2016
2016054586;1;2;1;2;6;750;27/06/2016
2016054587;1;2;3;1;6;750;28/06/2016
2016054588;5;2;2;1;2;750;29/06/2016
2016054589;1;2;4;1;6;750;29/06/2016
2016054590;1;2;1;2;3;750;29/06/2016
2016054591;1;2;5;1;6;750;01/07/2016
2016054592;5;2;3;2;6;750;03/07/2016
2016054593;1;2;1;1;6;750;04/07/2016
2016054594;1;2;3;1;2;750;05/07/2016
2016054595;3;2;1;1;6;750;05/07/2016
2016054596;1;2;1;1;6;750;06/07/2016
2016054597;1;2;1;1;3;750;07/07/2016
2016054598;2;2;1;1;6;750;07/07/2016
2016054599;1;2;1;1;7;750;08/07/2016
2016054600;1;2;5;1;6;750;08/07/2016
2016054601;1;2;3;1;3;750;08/07/2016
2016054602;1;2;1;1;3;750;08/07/2016
2016054603;5;2;5;1;6;750;11/07/2016
2016054604;2;2;2;1;3;750;11/07/2016
2016054605;1;2;2;1;3;750;11/07/2016
2016054606;1;2;2;1;2;750;12/07/2016
2016054607;1;2;3;1;7;750;13/07/2016
2016054608;5;2;1;1;7;750;14/07/2016
2016054609;1;2;3;1;6;750;15/07/2016
2016054610;5;2;1;1;6;750;15/07/2016
2016054611;1;2;3;1;3;750;17/07/2016
2016054612;1;2;7;1;6;750;19/07/2016
2016054613;1;2;3;1;6;750;21/07/2016
2016054614;1;2;2;1;3;750;21/07/2016
2016054615;1;2;3;1;2;750;23/07/2016
2016054616;1;2;1;1;2;750;24/07/2016
2016054617;1;2;2;1;3;750;26/07/2016
2016054618;1;2;2;1;3;750;26/07/2016
2016054619;1;2;5;1;3;750;26/07/2016
2016054620;1;2;2;1;6;750;28/07/2016
2016054621;1;2;5;1;6;750;28/07/2016
2016054622;1;2;2;1;2;750;01/08/2016
2016054623;1;2;2;1;7;750;04/08/2016
2016054624;5;2;2;1;3;750;05/08/2016
2016054625;1;2;2;1;6;750;05/08/2016
2016054626;1;2;3;1;6;750;10/08/2016
2016054627;1;2;2;2;6;750;18/08/2016
2016054628;1;2;4;2;3;750;19/08/2016
2016054629;1;2;3;1;3;750;20/08/2016
2016054630;1;2;7;1;2;750;21/08/2016
2016054631;5;2;5;1;6;750;21/08/2016
2016054632;1;2;2;1;6;750;23/08/2016
2016054633;1;2;1;1;6;750;23/08/2016
2016054634;1;2;3;1;7;750;23/08/2016
2016054635;5;2;4;1;4;750;26/08/2016
2016054636;5;2;5;1;3;750;27/08/2016
2016054637;2;2;2;1;3;750;27/08/2016
2016054638;5;2;3;1;6;750;28/08/2016
2016054639;1;2;2;1;2;750;29/08/2016
2016054640;1;2;3;1;3;750;30/08/2016
2016054641;1;2;1;1;3;750;01/09/2016
2016054642;1;2;1;1;3;750;01/09/2016
2016054643;5;2;1;1;3;750;04/09/2016
2016054644;1;2;2;1;7;750;04/09/2016
2016054645;1;2;1;1;2;750;04/09/2016
2016054646;1;2;2;1;6;750;06/09/2016
2016054647;1;2;2;1;3;750;07/09/2016
2016054648;1;2;2;1;4;750;07/09/2016
2016054649;3;2;5;1;7;750;07/09/2016
2016054650;5;2;2;1;6;750;08/09/2016
2016054651;1;2;2;1;3;750;09/09/2016
2016054652;1;2;3;1;6;750;12/09/2016
2016054653;2;2;1;1;2;750;12/09/2016
2016054654;1;2;2;1;3;750;13/09/2016
2016054655;4;2;7;1;3;750;13/09/2016
2016054656;1;2;2;1;6;750;14/09/2016
2016054657;1;2;2;1;3;750;14/09/2016
2016054658;1;2;2;1;2;750;14/09/2016
2016054659;1;2;2;3;3;750;15/09/2016
2016054660;1;2;1;2;3;750;15/09/2016
2016054661;1;2;3;1;6;750;16/09/2016
2016054662;1;2;2;2;2;750;16/09/2016
2016054663;5;2;2;2;2;750;17/09/2016
2016054664;1;2;2;1;3;750;20/09/2016
2016054665;1;2;2;1;3;750;20/09/2016
2016054666;5;2;3;1;3;750;20/09/2016
2016054667;1;2;1;1;6;750;23/09/2016
2016054668;1;2;2;1;3;750;23/09/2016
2016054669;5;2;5;1;2;750;24/09/2016
2016054670;1;2;2;1;3;750;26/09/2016
2016054671;1;2;2;1;6;750;26/09/2016
2016054672;5;2;5;1;6;750;27/09/2016
2016054673;5;2;2;1;3;750;27/09/2016
2016054674;1;2;1;1;5;750;30/09/2016
2016054675;5;2;4;2;6;750;30/09/2016
2016054676;1;2;1;1;2;750;03/10/2016
2016054677;5;2;1;1;3;750;03/10/2016
2016054678;1;2;2;1;6;750;04/10/2016
2016054679;1;2;4;1;3;750;05/10/2016
2016054680;1;2;3;1;6;750;06/10/2016
2016054681;1;2;1;1;6;750;06/10/2016
2016054682;1;2;2;1;6;750;06/10/2016
2016054683;1;2;3;1;2;750;06/10/2016
2016054684;5;2;2;1;6;750;06/10/2016
2016054685;1;2;1;7;4;750;06/10/2016
2016054686;2;2;2;1;3;750;06/10/2016
2016054687;1;2;7;1;6;750;07/10/2016
2016054688;1;2;7;1;6;750;07/10/2016
2016054689;1;2;3;1;6;750;07/10/2016
2016054690;1;2;1;8;3;750;07/10/2016
2016054691;1;2;1;1;2;750;08/10/2016
2016054692;2;2;2;1;3;750;11/10/2016
2016054693;5;2;1;1;5;750;13/10/2016
2016054694;1;2;2;1;7;750;14/10/2016
2016054695;1;2;3;1;6;750;15/10/2016
2016054696;1;2;4;1;6;750;16/10/2016
2016054697;5;2;2;8;6;750;17/10/2016
2016054698;1;2;2;1;6;750;18/10/2016
2016054699;5;2;1;2;6;750;19/10/2016
2016054700;1;2;5;3;6;750;21/10/2016
2016054701;5;2;2;1;3;750;21/10/2016
2016054702;5;2;3;3;2;750;23/10/2016
2016054703;1;2;4;1;2;750;25/10/2016
2016054704;2;2;3;1;3;750;25/10/2016
2016054705;5;2;3;1;3;750;27/10/2016
2016054706;1;2;2;1;3;750;27/10/2016
2016054707;2;2;1;1;6;750;28/10/2016
2016054708;1;2;1;1;2;750;29/10/2016
2016054709;5;2;2;1;6;750;30/10/2016
2016054710;1;2;2;1;6;750;31/10/2016
2016054711;1;2;3;1;3;750;31/10/2016
2016054712;1;2;1;1;3;750;31/10/2016
2016054713;1;2;1;1;2;750;31/10/2016
2016054714;5;2;2;1;6;750;02/11/2016
2016054715;5;2;2;1;3;750;02/11/2016
2016054716;1;2;1;2;3;750;04/11/2016
2016054717;1;2;3;2;7;750;04/11/2016
2016054718;1;2;3;2;7;750;04/11/2016
2016054719;1;2;5;2;6;750;04/11/2016
2016054720;5;2;1;2;6;750;06/11/2016
2016054721;5;2;1;1;2;750;06/11/2016
2016054722;5;2;1;1;6;750;06/11/2016
2016054723;1;2;1;1;6;750;10/11/2016
2016054724;1;2;2;1;3;750;10/11/2016
2016054725;1;2;2;2;6;750;10/11/2016
2016054726;1;2;2;1;3;750;14/11/2016
2016054727;5;2;2;2;6;750;15/11/2016
2016054728;1;2;2;1;3;750;16/11/2016
2016054729;1;2;3;1;6;750;17/11/2016
2016054730;5;2;2;1;6;750;17/11/2016
2016054731;5;2;2;2;3;750;17/11/2016
2016054732;1;2;1;1;6;750;18/11/2016
2016054733;5;2;2;1;6;750;18/11/2016
2016054734;1;2;2;1;6;750;19/11/2016
2016054735;1;2;1;2;7;750;20/11/2016
2016054736;1;2;2;2;3;750;20/11/2016
2016054737;5;2;2;2;3;750;20/11/2016
2016054738;1;2;2;1;2;750;21/11/2016
2016054739;1;2;1;1;3;750;22/11/2016
2016054740;1;2;2;8;6;750;23/11/2016
2016054741;1;2;1;8;2;750;24/11/2016
2016054742;5;2;3;1;3;750;24/11/2016
2016054743;1;2;1;1;3;750;25/11/2016
2016054744;1;2;2;1;6;750;26/11/2016
2016054745;1;2;1;1;6;750;27/11/2016
2016054746;1;2;7;1;3;750;29/11/2016
2016054747;1;2;4;1;3;750;29/11/2016
2016054748;1;2;2;1;6;750;29/11/2016
2016054749;5;2;2;1;6;750;29/11/2016
2016054750;5;2;3;1;7;750;29/11/2016
2016054751;1;2;1;1;6;750;30/11/2016
2016054752;5;2;2;1;3;750;30/11/2016
2016054753;1;2;2;7;6;750;03/12/2016
2016054754;1;2;5;1;1;750;03/12/2016
2016054755;5;2;3;1;3;750;03/12/2016
2016054756;1;2;5;1;3;750;04/12/2016
2016054757;1;2;3;1;6;750;05/12/2016
2016054758;2;2;2;1;3;750;06/12/2016
2016054759;5;2;1;1;3;750;07/12/2016
2016054760;1;2;3;1;6;750;08/12/2016
2016054761;1;2;1;1;6;750;09/12/2016
2016054762;1;2;2;1;3;750;12/12/2016
2016054763;1;2;1;1;6;750;12/12/2016
2016054764;1;2;2;2;3;750;13/12/2016
2016054765;2;2;2;3;6;750;13/12/2016
2016054766;1;2;4;2;3;750;13/12/2016
2016054767;5;2;3;1;6;750;15/12/2016
2016054768;5;2;7;1;6;750;16/12/2016
2016054769;5;2;1;1;6;750;16/12/2016
2016054770;1;2;1;1;6;750;19/12/2016
2016054771;5;2;1;1;5;750;19/12/2016
2016054772;1;2;2;8;6;750;22/12/2016
2016054773;5;2;3;1;2;750;22/12/2016
2016054774;5;2;2;1;3;750;23/12/2016
2016054775;5;2;2;1;6;750;25/12/2016
2016054776;1;2;2;1;6;750;26/12/2016
2016054777;1;2;1;1;6;750;27/12/2016
2016054778;5;2;5;1;6;750;27/12/2016
2016054779;1;2;1;1;2;750;29/12/2016
2016054780;5;2;1;1;6;750;01/01/2016
2016054781;5;2;5;1;7;750;01/01/2016
2016054782;5;2;7;2;3;750;02/01/2016
2016054783;5;2;2;2;6;750;02/01/2016
2016054784;5;2;3;1;3;750;03/01/2016
2016054785;1;2;1;2;7;750;05/01/2016
2016054786;1;2;2;2;6;750;05/01/2016
2016054787;1;2;1;1;6;750;05/01/2016
2016054788;1;2;1;8;3;750;05/01/2016
2016054789;1;2;1;1;6;750;05/01/2016
2016054790;4;2;7;1;6;750;06/01/2016
2016054791;2;2;7;2;3;750;06/01/2016
2016054792;1;2;7;1;6;750;06/01/2016
2016054793;5;2;7;1;6;750;06/01/2016
2016054794;5;2;3;1;6;750;06/01/2016
2016054795;5;2;3;1;3;750;08/01/2016
2016054796;5;2;2;3;2;750;10/01/2016
2016054797;1;2;4;1;3;750;11/01/2016
2016054798;5;2;1;1;2;750;11/01/2016
2016054799;1;2;1;1;6;750;14/01/2016
2016054800;5;2;2;1;3;750;14/01/2016
2016054801;5;2;6;1;3;750;15/01/2016
2016054802;5;2;1;1;6;750;16/01/2016
2016054803;1;2;3;1;2;750;16/01/2016
2016054804;1;2;2;1;3;750;16/01/2016
2016054805;5;2;1;1;6;750;17/01/2016
2016054806;5;2;3;1;6;750;19/01/2016
2016054807;5;2;2;1;6;750;20/01/2016
2016054808;1;2;3;1;6;750;20/01/2016
2016054809;1;2;4;7;2;750;21/01/2016
2016054810;5;2;2;1;7;750;21/01/2016
2016054811;5;2;3;1;6;750;22/01/2016
2016054812;1;2;7;1;3;750;24/01/2016
2016054813;1;2;1;1;2;750;25/01/2016
2016054814;2;2;3;1;3;750;25/01/2016
2016054815;1;2;1;1;2;750;26/01/2016
2016054816;5;2;2;2;3;750;27/01/2016
2016054817;2;2;1;1;2;750;27/01/2016
2016054818;1;2;4;1;7;750;27/01/2016
2016054819;1;2;5;8;3;750;29/01/2016
2016054820;5;2;4;1;6;750;30/01/2016
2016054821;1;2;5;1;6;750;01/02/2016
2016054822;5;2;1;1;7;750;02/02/2016