num_acc;lum;agg;inter;atm;col;dep;date
2016055399;1;2;1;1;2;750;16/03/2016
2016055400;5;2;2;1;6;750;17/03/2016
2016055401;2;2;1;1;2;750;18/03/2016
2016055402;2;2;1;1;3;750;18/03/2016
2016055403;5;2;1;1;2;750;19/03/2016
2016055404;5;2;2;1;3;750;21/03/2016
2016055405;1;2;3;1;2;750;21/03/2016
2016055406;5;2;1;1;3;750;21/03/2016
2016055407;1;2;7;1;6;750;23/03/2016
2016055408;1;2;2;1;3;750;24/03/2016
2016055409;1;2;7;2;7;750;25/03/2016
2016055410;1;2;3;2;3;750;25/03/2016
2016055411;1;2;7;1;6;750;25/03/2016
2016055412;1;2;1;1;6;750;26/03/2016
2016055413;5;2;3;3;6;750;27/03/2016
2016055414;1;2;4;1;6;750;27/03/2016
2016055415;1;2;1;2;6;750;30/03/2016
2016055416;1;2;2;2;6;750;30/03/2016
2016055417;1;2;1;2;6;750;31/03/2016
2016055418;1;2;7;2;6;750;31/03/2016
2016055419;1;2;4;1;2;750;03/04/2016
2016055420;1;2;7;1;3;750;03/04/2016
2016055421;1;2;5;1;6;750;04/04/2016
2016055422;1;2;2;1;3;750;04/04/2016
2016055423;1;2;1;1;2;750;05/04/2016
2016055424;1;2;5;1;6;750;06/04/2016
2016055425;1;2;7;2;6;750;06/04/2016
2016055426;1;2;7;1;3;750;07/04/2016
2016055427;1;2;1;1;6;750;07/04/2016
2016055428;5;2;2;1;3;750;07/04/2016
2016055429;1;2;2;2;7;750;09/04/2016
2016055430;1;2;7;1;3;750;13/04/2016
2016055431;1;2;2;1;2;750;13/04/2016
2016055432;1;2;1;2;3;750;14/04/2016
2016055433;1;2;7;1;6;750;15/04/2016
2016055434;1;2;5;1;2;750;15/04/2016
2016055435;1;2;1;1;7;750;15/04/2016
2016055436;1;2;2;3;6;750;15/04/2016
2016055437;5;2;1;1;6;750;14/04/2016
2016055438;1;2;4;1;1;750;16/04/2016
2016055439;5;2;4;1;6;750;17/04/2016
2016055440;1;2;5;1;7;750;17/04/2016
2016055441;1;2;2;1;6;750;18/04/2016
2016055442;1;2;1;1;2;750;18/04/2016
2016055443;1;2;1;1;2;750;19/04/2016
2016055444;1;2;2;1;3;750;21/04/2016
2016055445;5;2;1;2;2;750;23/04/2016
2016055446;1;2;2;1;3;750;23/04/2016
2016055447;5;2;2;1;3;750;23/04/2016
2016055448;1;2;1;1;1;750;25/04/2016
2016055449;1;2;1;1;6;750;25/04/2016
2016055450;5;2;7;2;3;750;25/04/2016
2016055451;1;2;1;1;6;750;27/04/2016
2016055452;1;2;7;1;3;750;27/04/2016
2016055453;5;2;2;1;3;750;28/04/2016
2016055454;5;2;5;2;3;750;29/04/2016
2016055455;1;2;4;1;6;750;01/05/2016
2016055456;1;2;1;1;2;750;01/05/2016
2016055457;1;2;1;1;3;750;02/04/2016
2016055458;1;2;7;1;6;750;03/05/2016
2016055459;1;2;1;1;6;750;04/05/2016
2016055460;1;2;7;1;2;750;04/05/2016
2016055461;5;2;3;1;2;750;06/05/2016
2016055462;1;2;1;1;3;750;08/05/2016
2016055463;1;2;1;2;6;750;10/05/2016
2016055464;1;2;1;3;6;750;10/05/2016
2016055465;1;2;4;3;3;750;11/05/2016
2016055466;1;2;5;1;7;750;15/05/2016
2016055467;5;2;1;1;5;750;16/05/2016
2016055468;5;2;1;1;6;750;16/05/2016
2016055469;1;2;1;3;2;750;18/05/2016
2016055470;1;2;7;1;6;750;19/05/2016
2016055471;1;2;7;1;2;750;19/05/2016
2016055472;1;2;2;1;6;750;20/05/2016
2016055473;1;2;7;1;2;750;21/05/2016
2016055474;1;2;1;1;3;750;21/05/2016
2016055475;1;2;5;3;2;750;22/05/2016
2016055476;1;2;3;1;6;750;25/05/2016
2016055477;1;2;4;1;3;750;25/05/2016
2016055478;1;2;3;1;6;750;25/05/2016
2016055479;1;2;4;1;3;750;27/05/2016
2016055480;1;2;1;1;3;750;27/05/2016
2016055481;1;2;2;2;3;750;29/05/2016
2016055482;2;2;2;3;6;750;29/05/2016
2016055483;5;2;7;3;6;750;30/05/2016
2016055484;1;2;1;2;6;750;01/06/2016
2016055485;1;2;4;1;6;750;06/06/2016
2016055486;1;2;5;1;3;750;07/06/2016
2016055487;2;2;1;1;2;750;07/06/2016
2016055488;1;2;2;1;3;750;09/06/2016
2016055489;1;2;2;1;3;750;09/06/2016
2016055490;1;2;1;1;3;750;09/06/2016
2016055491;1;2;1;1;3;750;09/06/2016
2016055492;1;2;1;1;3;750;10/06/2016
2016055493;1;2;1;1;6;750;10/06/2016
2016055494;5;2;1;1;2;750;14/06/2016
2016055495;1;2;2;1;6;750;15/06/2016
2016055496;1;2;2;1;3;750;16/06/2016
2016055497;1;2;7;2;6;750;17/06/2016
2016055498;1;2;1;2;6;750;17/06/2016
2016055499;1;2;1;3;6;750;17/06/2016
2016055500;1;2;1;1;3;750;18/06/2016
2016055501;1;2;1;1;2;750;19/06/2016
2016055502;1;2;1;3;3;750;20/06/2016
2016055503;1;2;7;2;3;750;21/06/2016
2016055504;5;2;2;2;6;750;21/06/2016
2016055505;1;2;2;1;3;750;23/06/2016
2016055506;1;2;2;1;3;750;23/06/2016
2016055507;5;2;3;1;6;750;24/06/2016
2016055508;1;2;3;1;3;750;24/06/2016
2016055509;1;2;7;1;3;750;24/06/2016
2016055510;1;2;3;1;6;750;25/06/2016
2016055511;1;2;1;1;3;750;25/06/2016
2016055512;1;2;2;1;6;750;26/06/2016
2016055513;1;2;7;1;3;750;26/06/2016
2016055514;2;2;1;1;6;750;27/06/2016
2016055515;1;2;1;1;6;750;28/06/2016
2016055516;1;2;3;1;3;750;28/06/2016
2016055517;1;2;1;1;6;750;29/06/2016
2016055518;1;2;1;1;2;750;29/06/2016
2016055519;1;2;1;1;7;750;29/06/2016
2016055520;1;2;1;1;3;750;30/06/2016
2016055521;1;2;4;1;3;750;30/06/2016
2016055522;5;2;2;1;6;750;03/07/2016
2016055523;1;2;1;2;2;750;03/07/2016
2016055524;5;2;7;1;6;750;03/07/2016
2016055525;1;2;2;1;3;750;05/07/2016
2016055526;1;2;1;1;6;750;06/07/2016
2016055527;5;2;5;1;6;750;06/07/2016
2016055528;1;2;7;1;2;750;07/07/2016
2016055529;1;2;7;1;3;750;07/07/2016
2016055530;1;2;4;1;4;750;09/07/2016
2016055531;1;2;3;1;3;750;09/07/2016
2016055532;5;2;1;1;6;750;10/07/2016
2016055533;1;2;1;1;3;750;10/07/2016
2016055534;1;2;7;1;6;750;10/07/2016
2016055535;1;2;2;1;3;750;11/07/2016
2016055536;1;2;7;1;3;750;11/07/2016
2016055537;1;2;3;1;6;750;11/07/2016
2016055538;5;2;5;1;3;750;11/07/2016
2016055539;1;2;7;1;3;750;12/07/2016
2016055540;5;2;1;2;7;750;13/07/2016
2016055541;5;2;2;1;1;750;13/07/2016
2016055542;1;2;3;1;4;750;14/07/2016
2016055543;1;2;5;1;3;750;15/07/2016
2016055544;1;2;2;1;3;750;15/07/2016
2016055545;5;2;3;1;6;750;16/07/2016
2016055546;1;2;1;1;6;750;18/07/2016
2016055547;1;2;1;1;3;750;18/07/2016
2016055548;1;2;3;1;6;750;19/07/2016
2016055549;5;2;5;1;6;750;20/07/2016
2016055550;5;2;7;1;6;750;20/07/2016
2016055551;1;2;1;1;3;750;20/07/2016
2016055552;5;2;5;1;6;750;20/07/2016
2016055553;1;2;1;1;3;750;21/07/2016
2016055554;1;2;5;1;3;750;22/07/2016
2016055555;5;2;3;1;3;750;23/07/2016
2016055556;1;2;7;1;3;750;24/07/2016
2016055557;1;2;3;1;6;750;24/07/2016
2016055558;5;2;3;1;3;750;24/07/2016
2016055559;1;2;1;1;4;750;25/07/2016
2016055560;1;2;1;1;6;750;25/07/2016
2016055561;2;2;2;1;6;750;25/07/2016
2016055562;1;2;1;1;6;750;26/07/2016
2016055563;1;2;7;1;3;750;27/07/2016
2016055564;1;2;2;1;3;750;27/07/2016
2016055565;5;2;1;1;6;750;28/07/2016
2016055566;1;2;4;1;6;750;29/07/2016
2016055567;1;2;1;1;6;750;30/07/2016
2016055568;1;2;2;1;6;750;30/07/2016
2016055569;1;2;4;1;3;750;30/07/2016
2016055570;1;2;2;1;3;750;31/07/2016
2016055571;1;2;1;1;4;750;01/08/2016
2016055572;1;2;3;1;3;750;01/08/2016
2016055573;1;2;1;1;3;750;03/08/2016
2016055574;2;2;1;2;6;750;03/08/2016
2016055575;1;2;2;1;7;750;04/08/2016
2016055576;1;2;2;1;6;750;09/08/2016
2016055577;1;2;1;1;7;750;10/08/2016
2016055578;1;2;2;1;6;750;17/08/2016
2016055579;5;2;1;1;2;750;18/08/2016
2016055580;5;2;2;1;6;750;21/08/2016
2016055581;1;2;2;1;6;750;22/08/2016
2016055582;1;2;2;1;6;750;22/08/2016
2016055583;1;2;5;1;6;750;23/08/2016
2016055584;1;2;1;1;2;750;24/08/2016
2016055585;1;2;1;1;3;750;24/08/2016
2016055586;1;2;3;1;2;750;25/08/2016
2016055587;1;2;1;1;7;750;30/08/2016
2016055588;1;2;1;1;7;750;04/09/2016
2016055589;1;2;2;3;6;750;05/09/2016
2016055590;1;2;1;2;2;750;05/09/2016
2016055591;1;2;2;1;6;750;06/09/2016
2016055592;1;2;1;1;2;750;07/09/2016
2016055593;5;2;4;1;2;750;07/09/2016
2016055594;5;2;5;1;7;750;10/09/2016
2016055595;5;2;2;1;6;750;10/09/2016
2016055596;5;2;7;1;6;750;11/09/2016
2016055597;1;2;2;1;6;750;12/09/2016
2016055598;4;2;5;1;3;750;13/09/2016
2016055599;1;2;5;1;6;750;13/09/2016
2016055600;1;2;4;1;3;750;13/09/2016
2016055601;1;2;4;1;3;750;14/09/2016
2016055602;5;2;3;2;7;750;14/09/2016
2016055603;1;2;2;2;7;750;15/09/2016
2016055604;5;2;1;1;6;750;16/09/2016
2016055605;5;2;7;2;6;750;17/09/2016
2016055606;1;2;2;1;3;750;18/09/2016
2016055607;1;2;2;1;2;750;21/09/2016
2016055608;1;2;2;1;3;750;21/09/2016
2016055609;1;2;2;1;6;750;22/09/2016
2016055610;1;2;1;1;6;750;23/09/2016
2016055611;1;2;1;1;2;750;23/09/2016
2016055612;1;2;1;1;1;750;26/09/2016
2016055613;1;2;2;1;3;750;26/09/2016
2016055614;1;2;3;1;3;750;26/09/2016
2016055615;1;2;2;1;6;750;26/09/2016
2016055616;1;2;1;1;6;750;27/09/2016
2016055617;1;2;5;1;3;750;28/09/2016
2016055618;1;2;1;1;6;750;28/09/2016
2016055619;5;2;3;1;3;750;29/09/2016
2016055620;5;2;1;2;3;750;01/10/2016
2016055621;1;2;4;1;3;750;04/10/2016
2016055622;1;2;7;1;3;750;05/10/2016
2016055623;1;2;7;1;3;750;05/10/2016
2016055624;1;2;5;7;3;750;06/10/2016
2016055625;1;2;1;1;2;750;06/10/2016
2016055626;1;2;4;1;6;750;06/10/2016
2016055627;5;2;1;1;6;750;06/10/2016
2016055628;5;2;3;1;3;750;07/10/2016
2016055629;1;2;2;1;6;750;07/10/2016
2016055630;1;2;2;1;3;750;08/10/2016
2016055631;2;2;2;1;2;750;07/10/2016
2016055632;5;2;2;1;3;750;09/10/2016
2016055633;1;2;3;1;3;750;10/10/2016
2016055634;1;2;2;1;6;750;10/10/2016
2016055635;1;2;5;2;3;750;10/10/2016
2016055636;2;2;7;2;7;750;10/10/2016
2016055637;1;2;1;1;6;750;11/10/2016
2016055638;1;2;1;1;6;750;12/10/2016
2016055639;5;2;3;1;3;750;13/10/2016
2016055640;5;2;2;1;3;750;13/10/2016
2016055641;5;2;2;2;6;750;15/10/2016
2016055642;1;2;2;1;3;750;15/10/2016
2016055643;5;2;2;1;6;750;16/10/2016
2016055644;5;2;4;1;3;750;16/10/2016
2016055645;1;2;3;1;6;750;17/10/2016
2016055646;1;2;1;1;4;750;18/10/2016
2016055647;1;2;1;1;6;750;18/10/2016
2016055648;2;2;1;2;6;750;18/10/2016
2016055649;1;2;1;1;6;750;19/10/2016
2016055650;1;2;1;1;4;750;19/10/2016
2016055651;5;2;1;1;3;750;19/10/2016
2016055652;1;2;7;2;7;750;20/10/2016
2016055653;1;2;1;1;6;750;22/10/2016
2016055654;5;2;2;2;3;750;24/10/2016
2016055655;1;2;1;2;3;750;24/10/2016
2016055656;5;2;1;2;2;750;24/10/2016
2016055657;1;2;1;1;3;750;25/10/2016
2016055658;5;2;3;1;6;750;28/10/2016
2016055659;1;2;7;1;3;750;31/10/2016
2016055660;1;2;3;1;6;750;31/10/2016
2016055661;5;2;7;1;2;750;01/11/2016
2016055662;1;2;5;1;3;750;02/11/2016
2016055663;5;2;1;1;6;750;03/11/2016
2016055664;1;2;1;2;6;750;04/11/2016
2016055665;1;2;1;1;6;750;04/11/2016
2016055666;5;2;2;2;3;750;09/11/2016
2016055667;5;2;1;8;6;750;10/11/2016
2016055668;1;2;1;2;3;750;10/11/2016
2016055669;5;2;2;3;6;750;10/11/2016
2016055670;5;2;1;1;3;750;14/11/2016
2016055671;1;2;2;8;3;750;15/11/2016
2016055672;1;2;3;1;6;750;15/11/2016
2016055673;1;2;1;1;2;750;16/11/2016
2016055674;1;2;3;1;6;750;17/11/2016
2016055675;1;2;2;1;3;750;17/11/2016
2016055676;5;2;1;1;6;750;17/11/2016
2016055677;5;2;1;1;3;750;17/11/2016
2016055678;5;2;2;2;3;750;17/11/2016
2016055679;1;2;4;1;3;750;18/11/2016
2016055680;1;2;1;1;3;750;19/11/2016
2016055681;1;2;2;2;6;750;21/11/2016
2016055682;1;2;3;2;1;750;21/11/2016
2016055683;5;2;7;8;3;750;23/11/2016
2016055684;1;2;7;1;6;750;25/11/2016
2016055685;5;2;1;1;3;750;25/11/2016
2016055686;1;2;5;7;6;750;28/11/2016
2016055687;5;2;4;1;6;750;28/11/2016
2016055688;5;2;1;1;6;750;28/11/2016
2016055689;1;2;3;1;6;750;29/11/2016
2016055690;1;2;3;1;6;750;29/11/2016
2016055691;5;2;3;1;6;750;30/11/2016
2016055692;1;2;1;1;6;750;01/12/2016
2016055693;1;2;2;1;6;750;02/12/2016
2016055694;2;2;3;1;3;750;02/12/2016
2016055695;1;2;1;1;6;750;03/12/2016
2016055696;5;2;4;1;6;750;03/12/2016
2016055697;5;2;7;1;6;750;06/12/2016
2016055698;1;2;5;1;3;750;06/12/2016
2016055699;1;2;7;1;3;750;06/12/2016
2016055700;5;2;2;1;6;750;07/12/2016
2016055701;1;2;1;1;6;750;08/12/2016
2016055702;5;2;1;1;6;750;08/12/2016
2016055703;5;2;1;1;6;750;08/12/2016
2016055704;1;2;1;1;2;750;09/12/2016
2016055705;2;2;3;1;6;750;11/12/2016
2016055706;1;2;5;8;6;750;12/12/2016
2016055707;5;2;5;2;6;750;12/12/2016
2016055708;2;2;1;1;3;750;13/12/2016
2016055709;5;2;1;1;6;750;13/12/2016
2016055710;1;2;3;1;7;750;15/12/2016
2016055711;1;2;3;1;6;750;15/12/2016
2016055712;5;2;1;1;6;750;15/12/2016
2016055713;1;2;2;1;3;750;16/12/2016
2016055714;5;2;5;1;6;750;19/12/2016
2016055715;5;2;2;1;6;750;19/12/2016
2016055716;1;2;2;1;2;750;21/12/2016
2016055717;5;2;1;1;3;750;23/12/2016
2016055718;5;2;7;1;3;750;23/12/2016
2016055719;1;2;2;1;3;750;24/12/2016
2016055720;1;2;1;1;2;750;26/12/2016
2016055721;2;2;2;1;3;750;27/12/2016
2016055722;5;2;5;1;3;750;27/12/2016
2016055723;1;2;3;1;3;750;30/12/2016
2016055724;5;2;1;1;3;750;30/12/2016
2016055725;1;2;1;1;2;750;31/12/2016
2016055726;5;2;1;1;6;750;31/12/2016
2016055727;1;2;5;1;6;750;05/01/2016
2016055728;5;2;2;2;3;750;05/01/2016
2016055729;5;2;2;1;3;750;12/01/2016
2016055730;1;2;2;8;3;750;14/01/2016
2016055731;1;2;1;1;2;750;15/01/2016
2016055732;5;2;3;1;3;750;15/01/2016
2016055733;5;2;6;1;3;750;16/01/2016
2016055734;5;2;3;1;3;750;18/01/2016
2016055735;5;2;2;1;3;750;19/01/2016
2016055736;1;2;2;1;6;750;19/01/2016
2016055737;5;2;7;1;3;750;20/01/2016
2016055738;1;2;2;1;2;750;20/01/2016
2016055739;5;2;3;1;6;750;20/01/2016
2016055740;2;2;1;1;3;750;21/01/2016
2016055741;5;2;3;2;7;750;22/01/2016
2016055742;4;2;3;1;6;750;23/01/2016
2016055743;1;2;7;2;3;750;23/01/2016
2016055744;1;2;3;1;7;750;24/01/2016
2016055745;5;2;1;1;6;750;25/01/2016
2016055746;5;2;4;1;3;750;25/01/2016
2016055747;1;2;1;1;7;750;26/01/2016
2016055748;4;2;3;1;6;750;28/01/2016
2016055749;1;2;3;1;6;750;29/01/2016
2016055750;1;2;5;1;6;750;29/01/2016
2016055751;5;2;5;1;6;750;29/01/2016
2016055752;5;2;2;1;3;750;01/02/2016
2016055753;5;2;1;1;3;750;01/02/2016
2016055754;1;2;3;1;3;750;03/02/2016
2016055755;5;2;2;2;3;750;03/02/2016
2016055756;1;2;3;8;6;750;04/02/2016
2016055757;2;2;1;1;7;750;04/02/2016
2016055758;5;2;1;2;5;750;04/02/2016
2016055759;1;2;1;1;3;750;05/02/2016
2016055760;1;2;1;1;6;750;07/02/2016
2016055761;1;2;2;1;6;750;08/02/2016
2016055762;1;2;3;2;3;750;09/02/2016
2016055763;2;2;1;1;6;750;09/02/2016
2016055764;1;2;1;1;6;750;11/02/2016
2016055765;1;2;4;1;6;750;11/02/2016
2016055766;1;2;1;1;3;750;15/02/2016
2016055767;1;2;6;1;3;750;16/02/2016
2016055768;5;2;3;1;6;750;17/02/2016
2016055769;5;2;2;1;6;750;18/02/2016
2016055770;5;2;1;1;6;750;20/02/2016
2016055771;5;2;1;1;3;750;21/02/2016
2016055772;1;2;2;1;3;750;24/02/2016
2016055773;1;2;3;2;6;750;24/02/2016
2016055774;1;2;7;1;6;750;26/02/2016
2016055775;1;2;1;1;4;750;26/02/2016
2016055776;5;2;2;1;3;750;26/02/2016
2016055777;2;2;1;1;6;750;27/02/2016
2016055778;5;2;1;1;3;750;27/02/2016
2016055779;5;2;2;1;6;750;29/02/2016
2016055780;1;2;1;1;3;750;01/03/2016
2016055781;2;2;4;2;3;750;01/03/2016
2016055782;5;2;3;2;7;750;01/03/2016
2016055783;5;2;3;2;6;750;01/03/2016
2016055784;1;2;2;1;7;750;02/03/2016
2016055785;1;2;5;8;6;750;02/03/2016
2016055786;5;2;2;1;3;750;03/03/2016
2016055787;1;2;2;1;6;750;04/03/2016
2016055788;5;2;3;2;3;750;06/03/2016
2016055789;1;2;5;1;3;750;08/03/2016
2016055790;1;2;5;1;6;750;08/03/2016
2016055791;1;2;2;1;6;750;08/03/2016
2016055792;1;2;1;1;2;750;12/03/2016
2016055793;1;2;3;1;6;750;13/03/2016
2016055794;1;2;1;1;6;750;14/03/2016
2016055795;5;2;3;1;4;750;17/03/2016
2016055796;5;2;7;1;6;750;17/03/2016
2016055797;5;2;3;1;6;750;17/03/2016
2016055798;5;2;3;1;6;750;18/03/2016
2016055799;5;2;2;1;3;750;19/03/2016
2016055800;5;2;3;1;6;750;20/03/2016
2016055801;5;2;7;1;3;750;15/03/2016
2016055802;1;2;5;1;7;750;22/03/2016
2016055803;1;2;1;1;3;750;22/03/2016
2016055804;1;2;1;1;3;750;22/03/2016
2016055805;1;2;1;1;6;750;22/03/2016
2016055806;1;2;1;1;7;750;23/03/2016
2016055807;1;2;2;1;6;750;24/03/2016
2016055808;1;2;1;1;6;750;25/03/2016
2016055809;1;2;5;1;3;750;25/03/2016
2016055810;1;2;5;1;6;750;25/03/2016
2016055811;1;2;3;1;6;750;26/03/2016
2016055812;5;2;3;3;3;750;27/03/2016
2016055813;1;2;3;1;6;750;27/03/2016
2016055814;1;2;1;2;7;750;30/03/2016
2016055815;1;2;1;2;6;750;30/03/2016
2016055816;1;2;1;3;2;750;31/03/2016
2016055817;5;2;3;1;2;750;01/04/2016
2016055818;1;2;2;1;7;750;01/04/2016
2016055819;5;2;5;1;6;750;01/04/2016
2016055820;2;2;7;2;6;750;02/04/2016
2016055821;5;2;1;2;6;750;03/04/2016
2016055822;1;2;3;1;3;750;03/04/2016
2016055823;1;2;2;1;6;750;04/04/2016
2016055824;2;2;4;1;3;750;04/04/2016
2016055825;2;2;7;1;3;750;04/04/2016
2016055826;1;2;1;1;7;750;06/04/2016
2016055827;1;2;1;1;6;750;06/04/2016
2016055828;5;2;1;1;7;750;06/04/2016
2016055829;5;2;3;1;6;750;09/04/2016
2016055830;1;2;1;8;6;750;09/04/2016
2016055831;1;2;1;1;6;750;10/04/2016
2016055832;1;2;1;8;6;750;11/04/2016
2016055833;1;2;4;1;6;750;12/04/2016
2016055834;2;2;1;2;6;750;13/04/2016
2016055835;1;2;2;2;6;750;14/04/2016
2016055836;2;2;1;2;2;750;14/04/2016
2016055837;5;2;1;1;2;750;14/04/2016
2016055838;1;2;1;1;3;750;15/04/2016
2016055839;1;2;3;3;3;750;15/04/2016
2016055840;1;2;1;1;2;750;15/04/2016
2016055841;5;2;5;1;3;750;16/04/2016
2016055842;5;2;4;1;6;750;16/04/2016
2016055843;1;2;4;1;3;750;17/04/2016
2016055844;1;2;1;1;6;750;18/04/2016
2016055845;1;2;3;1;6;750;19/04/2016
2016055846;1;2;5;1;2;750;21/04/2016
2016055847;1;2;5;1;2;750;23/04/2016
2016055848;1;2;2;1;6;750;26/04/2016
2016055849;1;2;1;1;6;750;27/04/2016
2016055850;5;2;5;1;3;750;29/04/2016
2016055851;1;2;5;1;2;750;29/04/2016
2016055852;1;2;1;1;6;750;29/04/2016
2016055853;1;2;5;1;6;750;28/04/2016
2016055854;1;2;7;1;3;750;02/05/2016
2016055855;1;2;7;1;3;750;02/05/2016
2016055856;1;2;2;1;6;750;03/05/2016
2016055857;1;2;5;1;6;750;03/05/2016
2016055858;1;2;5;1;2;750;03/05/2016
2016055859;5;2;4;1;3;750;04/05/2016
2016055860;1;2;2;1;7;750;05/05/2016
2016055861;1;2;1;1;3;750;05/05/2016
2016055862;1;2;3;1;3;750;05/05/2016
2016055863;1;2;4;1;6;750;06/05/2016
2016055864;1;2;4;1;3;750;07/05/2016
2016055865;1;2;1;1;6;750;09/05/2016
2016055866;1;2;2;1;6;750;09/05/2016
2016055867;1;2;1;2;6;750;10/05/2016
2016055868;1;2;5;3;6;750;10/05/2016
2016055869;1;2;1;2;6;750;11/05/2016
2016055870;5;2;3;1;3;750;11/05/2016
2016055871;1;2;4;1;3;750;09/05/2016
2016055872;5;2;1;1;6;750;13/05/2016
2016055873;1;2;3;1;1;750;14/05/2016
2016055874;1;2;3;1;3;750;16/05/2016
2016055875;1;2;3;1;3;750;16/05/2016
2016055876;2;2;3;1;6;750;17/05/2016
2016055877;5;2;2;3;6;750;18/05/2016
2016055878;2;2;7;1;6;750;20/05/2016
2016055879;1;2;5;1;3;750;20/05/2016
2016055880;2;2;2;1;6;750;20/05/2016
2016055881;5;2;4;1;6;750;21/05/2016
2016055882;1;2;1;2;2;750;23/05/2016
2016055883;1;2;7;1;6;750;25/05/2016
2016055884;1;2;1;1;6;750;26/05/2016
2016055885;1;2;2;1;3;750;26/05/2016
2016055886;5;2;2;1;6;750;26/05/2016
2016055887;1;2;4;1;3;750;27/05/2016
2016055888;1;2;1;1;2;750;28/05/2016
2016055889;1;2;1;1;3;750;29/05/2016
2016055890;2;2;1;3;7;750;29/05/2016
2016055891;2;2;2;8;3;750;29/05/2016
2016055892;1;2;2;3;6;750;30/05/2016
2016055893;1;2;5;3;3;750;31/05/2016
2016055894;1;2;1;1;3;750;02/06/2016
2016055895;2;2;1;1;6;750;02/06/2016
2016055896;1;2;2;1;6;750;03/06/2016
2016055897;1;2;5;1;6;750;03/06/2016
2016055898;1;2;1;1;6;750;03/06/2016
2016055899;5;2;4;2;6;750;05/06/2016
2016055900;1;2;1;1;6;750;06/06/2016
2016055901;1;2;3;1;6;750;06/06/2016
2016055902;1;2;7;1;6;750;07/06/2016
2016055903;1;2;4;1;6;750;08/06/2016
2016055904;1;2;5;1;3;750;09/06/2016
2016055905;1;2;3;1;3;750;09/06/2016
2016055906;1;2;2;1;6;750;10/06/2016
2016055907;1;2;1;2;6;750;12/06/2016
2016055908;2;2;3;1;6;750;13/06/2016
2016055909;1;2;1;1;6;750;14/06/2016
2016055910;1;2;1;1;6;750;14/06/2016
2016055911;1;2;2;2;1;750;16/06/2016
2016055912;1;2;3;2;6;750;17/06/2016
2016055913;1;2;1;2;7;750;18/06/2016
2016055914;1;2;1;1;6;750;19/06/2016
2016055915;1;2;1;1;2;750;21/06/2016
2016055916;5;2;3;1;6;750;23/06/2016
2016055917;1;2;2;1;3;750;24/06/2016
2016055918;1;2;1;1;7;750;25/06/2016
2016055919;5;2;1;1;6;750;26/06/2016
2016055920;1;2;3;1;1;750;26/06/2016
2016055921;1;2;3;1;3;750;28/06/2016
2016055922;2;2;3;1;7;750;28/06/2016
2016055923;1;2;1;1;6;750;29/06/2016
2016055924;1;2;1;1;3;750;30/06/2016
2016055925;1;2;3;1;3;750;01/07/2016
2016055926;1;2;2;1;6;750;01/07/2016
2016055927;1;2;2;1;3;750;02/07/2016
2016055928;5;2;1;1;6;750;03/07/2016
2016055929;1;2;5;2;3;750;03/07/2016
2016055930;1;2;5;1;6;750;05/07/2016
2016055931;2;2;3;1;3;750;05/07/2016
2016055932;1;2;5;1;6;750;06/07/2016
2016055933;1;2;1;1;3;750;06/07/2016
2016055934;5;2;1;1;6;750;06/07/2016
2016055935;5;2;1;1;6;750;07/07/2016
2016055936;1;2;1;1;3;750;07/07/2016
2016055937;1;2;1;1;6;750;07/07/2016
2016055938;1;2;2;1;3;750;07/07/2016
2016055939;1;2;5;1;6;750;08/07/2016
2016055940;1;2;2;1;3;750;09/07/2016
2016055941;1;2;2;1;3;750;10/07/2016
2016055942;1;2;2;1;2;750;10/07/2016
2016055943;1;2;1;1;6;750;11/07/2016
2016055944;1;2;2;1;6;750;11/07/2016
2016055945;1;2;1;1;3;750;12/07/2016
2016055946;5;2;2;2;3;750;13/07/2016
2016055947;1;2;7;1;6;750;13/07/2016
2016055948;5;2;4;1;2;750;16/07/2016
2016055949;1;2;2;1;3;750;16/07/2016
2016055950;1;2;1;1;6;750;17/07/2016
2016055951;1;2;2;1;3;750;18/07/2016
2016055952;1;2;2;1;6;750;19/07/2016
2016055953;1;2;2;1;3;750;20/07/2016
2016055954;1;2;3;1;2;750;22/07/2016
2016055955;5;2;2;1;6;750;23/07/2016
2016055956;1;2;2;1;3;750;23/07/2016
2016055957;1;2;1;1;6;750;25/07/2016
2016055958;1;2;3;1;6;750;26/07/2016
2016055959;1;2;1;1;2;750;30/07/2016
2016055960;5;2;5;2;3;750;02/08/2016
2016055961;1;2;3;2;7;750;02/08/2016
2016055962;1;2;1;8;7;750;03/08/2016
2016055963;1;2;2;1;6;750;03/08/2016
2016055964;5;2;1;1;6;750;03/08/2016
2016055965;1;2;5;1;3;750;04/08/2016
2016055966;1;2;2;1;7;750;06/08/2016
2016055967;1;2;1;1;6;750;06/08/2016
2016055968;1;2;3;1;3;750;08/08/2016
2016055969;2;2;1;1;6;750;08/08/2016
2016055970;1;2;2;1;6;750;10/08/2016
2016055971;1;2;3;1;6;750;10/08/2016
2016055972;1;2;3;7;3;750;16/08/2016
2016055973;1;2;7;1;6;750;16/08/2016
2016055974;1;2;4;1;3;750;17/08/2016
2016055975;5;2;4;2;2;750;18/08/2016