num_acc;lum;agg;inter;atm;col;dep;date
2016055976;1;2;1;1;6;750;20/08/2016
2016055977;5;2;1;2;6;750;20/08/2016
2016055978;1;2;5;1;6;750;23/08/2016
2016055979;1;2;2;1;2;750;25/08/2016
2016055980;1;2;5;1;3;750;31/08/2016
2016055981;1;2;3;1;6;750;01/09/2016
2016055982;1;2;2;1;6;750;04/09/2016
2016055983;5;2;2;2;6;750;04/09/2016
2016055984;1;2;2;2;6;750;05/09/2016
2016055985;1;2;5;1;6;750;07/09/2016
2016055986;1;2;5;1;2;750;07/09/2016
2016055987;1;2;2;1;6;750;07/09/2016
2016055988;1;2;1;1;6;750;08/09/2016
2016055989;1;2;3;1;6;750;09/09/2016
2016055990;1;2;1;1;3;750;09/09/2016
2016055991;1;2;1;1;6;750;09/09/2016
2016055992;1;2;2;1;6;750;09/09/2016
2016055993;5;2;2;1;3;750;10/09/2016
2016055994;2;2;4;1;6;750;11/09/2016
2016055995;1;2;3;1;6;750;12/09/2016
2016055996;1;2;2;1;6;750;16/09/2016
2016055997;1;2;3;1;7;750;16/09/2016
2016055998;2;2;4;1;3;750;17/09/2016
2016055999;5;2;1;2;6;750;18/09/2016
2016056000;1;2;3;1;2;750;19/09/2016
2016056001;1;2;4;1;3;750;22/09/2016
2016056002;1;2;2;1;3;750;22/09/2016
2016056003;1;2;1;1;6;750;26/09/2016
2016056004;1;2;1;1;3;750;26/09/2016
2016056005;1;2;3;1;6;750;27/09/2016
2016056006;1;2;2;1;6;750;27/09/2016
2016056007;1;2;2;1;3;750;29/09/2016
2016056008;1;2;2;1;6;750;29/09/2016
2016056009;1;2;4;1;6;750;30/09/2016
2016056010;5;2;1;2;2;750;01/10/2016
2016056011;5;2;5;1;3;750;02/10/2016
2016056012;5;2;2;1;6;750;03/10/2016
2016056013;2;2;1;1;3;750;04/10/2016
2016056014;5;2;2;1;3;750;06/10/2016
2016056015;5;2;1;1;6;750;06/10/2016
2016056016;5;2;2;1;2;750;07/10/2016
2016056017;2;2;3;1;3;750;09/10/2016
2016056018;1;2;4;1;6;750;10/10/2016
2016056019;1;2;2;1;6;750;10/10/2016
2016056020;1;2;2;1;6;750;11/10/2016
2016056021;1;2;1;1;6;750;11/10/2016
2016056022;1;2;3;1;6;750;12/10/2016
2016056023;1;2;3;1;7;750;13/10/2016
2016056024;1;2;1;1;4;750;13/10/2016
2016056025;5;2;3;2;2;750;13/10/2016
2016056026;2;2;3;1;6;750;14/10/2016
2016056027;5;2;1;2;6;750;14/10/2016
2016056028;2;2;2;2;3;750;14/10/2016
2016056029;1;2;4;1;3;750;15/10/2016
2016056030;5;2;1;1;6;750;16/10/2016
2016056031;1;2;7;1;6;750;16/10/2016
2016056032;1;2;2;1;6;750;17/10/2016
2016056033;1;2;2;1;6;750;19/10/2016
2016056034;1;2;5;2;3;750;20/10/2016
2016056035;1;2;3;2;3;750;20/10/2016
2016056036;1;2;3;2;6;750;20/10/2016
2016056037;1;2;3;2;3;750;20/10/2016
2016056038;1;2;4;8;6;750;21/10/2016
2016056039;1;2;1;1;6;750;22/10/2016
2016056040;5;2;5;1;3;750;23/10/2016
2016056041;5;2;2;1;7;750;25/10/2016
2016056042;1;2;1;1;3;750;26/10/2016
2016056043;1;2;4;1;6;750;26/10/2016
2016056044;5;2;6;8;6;750;27/10/2016
2016056045;5;2;2;5;6;750;27/10/2016
2016056046;1;2;2;1;3;750;28/10/2016
2016056047;5;2;2;1;3;750;29/10/2016
2016056048;5;2;3;1;6;750;30/10/2016
2016056049;2;2;1;1;1;750;30/10/2016
2016056050;5;2;2;1;6;750;01/11/2016
2016056051;1;2;2;1;3;750;02/11/2016
2016056052;1;2;1;2;6;750;04/11/2016
2016056053;5;2;1;2;6;750;04/11/2016
2016056054;5;2;1;3;6;750;09/11/2016
2016056055;1;2;3;3;3;750;09/11/2016
2016056056;4;2;7;2;6;750;09/11/2016
2016056057;5;2;1;1;6;750;11/11/2016
2016056058;1;2;2;1;6;750;11/11/2016
2016056059;5;2;1;3;6;750;09/11/2016
2016056060;1;2;1;2;2;750;12/11/2016
2016056061;5;2;5;2;6;750;12/11/2016
2016056062;1;2;2;8;3;750;16/11/2016
2016056063;2;2;2;1;6;750;16/11/2016
2016056064;1;2;1;1;6;750;17/11/2016
2016056065;5;2;5;2;3;750;20/11/2016
2016056066;1;2;2;8;6;750;21/11/2016
2016056067;5;2;3;1;6;750;22/11/2016
2016056068;1;2;1;1;6;750;22/11/2016
2016056069;2;2;5;1;2;750;23/11/2016
2016056070;1;2;5;1;3;750;26/11/2016
2016056071;5;2;7;1;3;750;27/11/2016
2016056072;5;2;4;1;2;750;27/11/2016
2016056073;5;2;4;1;6;750;27/11/2016
2016056074;5;2;1;1;3;750;28/11/2016
2016056075;1;2;3;1;6;750;29/11/2016
2016056076;5;2;1;1;6;750;29/11/2016
2016056077;2;2;1;9;6;750;30/11/2016
2016056078;2;2;1;1;3;750;30/11/2016
2016056079;1;2;5;8;3;750;02/12/2016
2016056080;5;2;3;1;6;750;03/12/2016
2016056081;1;2;7;1;2;750;04/12/2016
2016056082;5;2;4;1;6;750;05/12/2016
2016056083;1;2;1;1;6;750;05/12/2016
2016056084;1;2;1;1;3;750;08/12/2016
2016056085;1;2;3;1;3;750;09/12/2016
2016056086;5;2;1;1;6;750;09/12/2016
2016056087;1;2;2;1;6;750;11/12/2016
2016056088;5;2;2;2;6;750;12/12/2016
2016056089;1;2;1;1;7;750;13/12/2016
2016056090;1;2;1;1;3;750;14/12/2016
2016056091;5;2;2;1;6;750;15/12/2016
2016056092;1;2;1;1;6;750;17/12/2016
2016056093;2;2;3;1;6;750;20/12/2016
2016056094;1;2;3;1;3;750;21/12/2016
2016056095;5;2;3;2;6;750;21/12/2016
2016056096;1;2;2;2;6;750;22/12/2016
2016056097;5;2;2;1;3;750;23/12/2016
2016056098;1;2;4;1;2;750;24/12/2016
2016056099;1;2;4;8;6;750;24/12/2016
2016056100;1;2;3;1;3;750;25/12/2016
2016056101;2;2;5;1;7;750;25/12/2016
2016056102;1;2;2;2;3;750;26/12/2016
2016056103;1;2;2;1;2;750;26/12/2016
2016056104;1;2;3;1;6;750;29/12/2016
2016056105;5;2;1;1;3;750;30/12/2016
2016056106;5;2;7;2;7;750;02/01/2016
2016056107;5;2;5;1;3;750;05/01/2016
2016056108;5;2;2;2;3;750;05/01/2016
2016056109;1;2;2;1;3;750;06/01/2016
2016056110;5;2;4;2;6;750;07/01/2016
2016056111;1;2;7;1;6;750;07/01/2016
2016056112;5;2;2;1;6;750;07/01/2016
2016056113;5;2;2;1;6;750;08/01/2016
2016056114;1;2;4;1;6;750;08/01/2016
2016056115;1;2;4;1;1;750;09/01/2016
2016056116;1;2;1;2;6;750;11/01/2016
2016056117;1;2;2;8;6;750;13/01/2016
2016056118;1;2;2;3;6;750;14/01/2016
2016056119;2;2;1;2;4;750;14/01/2016
2016056120;1;2;5;1;3;750;15/01/2016
2016056121;1;2;3;8;6;750;19/01/2016
2016056122;1;2;2;1;6;750;21/01/2016
2016056123;1;2;6;1;2;750;22/01/2016
2016056124;1;2;1;1;3;750;22/01/2016
2016056125;5;2;5;1;6;750;22/01/2016
2016056126;1;2;1;1;3;750;26/01/2016
2016056127;1;2;2;1;6;750;26/01/2016
2016056128;2;2;1;2;6;750;27/01/2016
2016056129;5;2;2;1;6;750;28/01/2016
2016056130;1;2;3;1;2;750;28/01/2016
2016056131;1;2;1;1;6;750;28/01/2016
2016056132;1;2;5;1;6;750;28/01/2016
2016056133;5;2;5;1;3;750;28/01/2016
2016056134;1;2;1;1;6;750;28/01/2016
2016056135;5;2;1;1;6;750;29/01/2016
2016056136;5;2;2;2;3;750;30/01/2016
2016056137;5;2;2;1;3;750;01/02/2016
2016056138;5;2;5;8;3;750;04/02/2016
2016056139;1;2;1;1;3;750;05/02/2016
2016056140;5;2;1;1;2;750;06/02/2016
2016056141;2;2;3;2;3;750;08/02/2016
2016056142;1;2;2;1;6;750;09/02/2016
2016056143;5;2;2;2;6;750;09/02/2016
2016056144;1;2;3;1;6;750;10/02/2016
2016056145;1;2;1;3;6;750;13/02/2016
2016056146;1;2;1;2;3;750;13/02/2016
2016056147;5;2;3;2;3;750;13/02/2016
2016056148;1;2;2;1;6;750;17/02/2016
2016056149;5;2;2;1;3;750;17/02/2016
2016056150;1;2;4;8;6;750;18/02/2016
2016056151;5;2;1;1;6;750;19/02/2016
2016056152;5;2;1;1;2;750;20/02/2016
2016056153;1;2;2;1;6;750;22/02/2016
2016056154;1;2;7;1;3;750;24/02/2016
2016056155;5;2;1;8;3;750;28/02/2016
2016056156;1;2;7;1;6;750;02/03/2016
2016056157;5;2;1;1;1;750;03/03/2016
2016056158;5;2;7;1;7;750;03/03/2016
2016056159;5;2;5;2;3;750;05/03/2016
2016056160;1;2;1;1;6;750;08/03/2016
2016056161;1;2;1;1;2;750;11/03/2016
2016056162;1;2;1;1;6;750;12/03/2016
2016056163;5;2;1;1;3;750;12/03/2016
2016056164;1;2;1;1;6;750;16/03/2016
2016056165;1;2;3;1;3;750;17/03/2016
2016056166;1;2;2;1;2;750;18/03/2016
2016056167;1;2;1;1;3;750;19/03/2016
2016056168;1;2;3;8;6;750;20/03/2016
2016056169;1;2;2;1;3;750;22/03/2016
2016056170;1;2;1;1;6;750;24/03/2016
2016056171;5;2;1;1;6;750;24/03/2016
2016056172;2;2;1;1;6;750;27/03/2016
2016056173;1;2;1;1;3;750;27/03/2016
2016056174;5;2;1;1;6;750;29/03/2016
2016056175;1;2;3;8;3;750;30/03/2016
2016056176;5;2;1;2;6;750;30/03/2016
2016056177;1;2;1;2;7;750;31/03/2016
2016056178;1;2;1;1;2;750;01/04/2016
2016056179;4;2;1;1;6;750;01/04/2016
2016056180;5;2;3;1;6;750;01/04/2016
2016056181;1;2;1;1;3;750;01/04/2016
2016056182;1;2;3;1;3;750;02/04/2016
2016056183;5;2;1;2;6;750;03/04/2016
2016056184;5;2;3;2;3;750;03/04/2016
2016056185;1;2;1;1;3;750;03/04/2016
2016056186;1;2;2;1;6;750;04/04/2016
2016056187;1;2;1;1;6;750;07/04/2016
2016056188;2;2;7;1;3;750;08/04/2016
2016056189;1;2;7;8;4;750;08/04/2016
2016056190;1;2;2;1;7;750;08/04/2016
2016056191;1;2;1;1;6;750;12/04/2016
2016056192;1;2;5;1;3;750;13/04/2016
2016056193;5;2;4;1;6;750;14/04/2016
2016056194;1;2;1;1;3;750;14/04/2016
2016056195;5;2;3;1;6;750;16/04/2016
2016056196;1;2;1;1;6;750;16/04/2016
2016056197;2;2;5;1;3;750;19/04/2016
2016056198;1;2;4;1;3;750;20/04/2016
2016056199;1;2;2;1;6;750;20/04/2016
2016056200;1;2;1;8;3;750;24/04/2016
2016056201;1;2;1;1;1;750;25/04/2016
2016056202;1;2;1;1;6;750;28/04/2016
2016056203;5;2;5;1;3;750;28/04/2016
2016056204;1;2;2;1;6;750;29/04/2016
2016056205;1;2;3;1;1;750;04/05/2016
2016056206;1;2;1;1;3;750;08/05/2016
2016056207;1;2;2;8;6;750;12/05/2016
2016056208;5;2;7;1;3;750;14/05/2016
2016056209;1;2;1;1;3;750;15/05/2016
2016056210;5;2;2;1;3;750;15/05/2016
2016056211;1;2;2;1;3;750;16/05/2016
2016056212;1;2;1;2;2;750;18/05/2016
2016056213;1;2;1;1;6;750;21/05/2016
2016056214;1;2;3;2;2;750;22/05/2016
2016056215;1;2;1;2;6;750;23/05/2016
2016056216;1;2;2;1;6;750;23/05/2016
2016056217;1;2;1;8;3;750;23/05/2016
2016056218;1;2;1;1;6;750;25/05/2016
2016056219;5;2;1;1;2;750;26/05/2016
2016056220;1;2;2;1;6;750;26/05/2016
2016056221;1;2;5;1;3;750;27/05/2016
2016056222;1;2;1;1;6;750;27/05/2016
2016056223;1;2;3;2;3;750;30/05/2016
2016056224;2;2;3;2;3;750;30/05/2016
2016056225;5;2;1;3;6;750;31/05/2016
2016056226;5;2;7;2;6;750;31/05/2016
2016056227;1;2;1;1;6;750;01/06/2016
2016056228;5;2;3;2;6;750;02/06/2016
2016056229;1;2;3;1;6;750;04/06/2016
2016056230;1;2;1;1;6;750;08/06/2016
2016056231;1;2;3;1;6;750;09/06/2016
2016056232;1;2;2;1;3;750;09/06/2016
2016056233;1;2;3;1;3;750;10/06/2016
2016056234;5;2;3;1;2;750;11/06/2016
2016056235;1;2;4;1;6;750;11/06/2016
2016056236;1;2;1;1;2;750;13/06/2016
2016056237;1;2;1;8;2;750;15/06/2016
2016056238;1;2;5;2;6;750;18/06/2016
2016056239;1;2;1;2;6;750;20/06/2016
2016056240;1;2;1;3;6;750;20/06/2016
2016056241;1;2;1;1;6;750;22/06/2016
2016056242;1;2;1;1;3;750;23/06/2016
2016056243;1;2;5;1;4;750;23/06/2016
2016056244;1;2;1;1;6;750;24/06/2016
2016056245;5;2;3;1;1;750;25/06/2016
2016056246;1;2;1;1;3;750;26/06/2016
2016056247;5;2;1;1;7;750;26/06/2016
2016056248;1;2;1;2;6;750;27/06/2016
2016056249;1;2;3;1;3;750;28/06/2016
2016056250;1;2;7;1;3;750;30/06/2016
2016056251;1;2;1;1;6;750;01/07/2016
2016056252;1;2;3;1;6;750;01/07/2016
2016056253;5;2;3;1;3;750;02/07/2016
2016056254;1;2;3;1;3;750;01/07/2016
2016056255;2;2;1;1;6;750;01/07/2016
2016056256;1;2;1;1;7;750;04/07/2016
2016056257;1;2;2;8;6;750;05/07/2016
2016056258;1;2;2;1;6;750;07/07/2016
2016056259;1;2;3;1;3;750;07/07/2016
2016056260;5;2;3;1;6;750;10/07/2016
2016056261;1;2;3;7;6;750;10/07/2016
2016056262;1;2;1;1;3;750;10/07/2016
2016056263;5;2;2;1;3;750;11/07/2016
2016056264;1;2;1;1;6;750;11/07/2016
2016056265;1;2;1;1;6;750;11/07/2016
2016056266;1;2;5;1;2;750;11/07/2016
2016056267;1;2;1;1;6;750;12/07/2016
2016056268;1;2;7;1;7;750;13/07/2016
2016056269;1;2;3;1;4;750;13/07/2016
2016056270;1;2;2;1;3;750;17/07/2016
2016056271;1;2;1;1;2;750;21/07/2016
2016056272;1;2;2;1;6;750;22/07/2016
2016056273;1;2;1;1;2;750;22/07/2016
2016056274;1;2;2;1;6;750;22/07/2016
2016056275;1;2;2;1;3;750;23/07/2016
2016056276;1;2;1;1;6;750;25/07/2016
2016056277;1;2;2;1;2;750;26/07/2016
2016056278;1;2;5;1;2;750;27/07/2016
2016056279;5;2;1;1;6;750;27/07/2016
2016056280;1;2;5;1;3;750;31/07/2016
2016056281;1;2;3;1;3;750;02/08/2016
2016056282;1;2;5;2;7;750;02/08/2016
2016056283;1;2;3;2;6;750;02/08/2016
2016056284;1;2;7;2;2;750;02/08/2016
2016056285;1;2;2;2;6;750;03/08/2016
2016056286;1;2;2;1;3;750;03/08/2016
2016056287;5;2;2;1;6;750;07/08/2016
2016056288;1;2;1;1;6;750;10/08/2016
2016056289;1;2;2;1;2;750;12/08/2016
2016056290;1;2;2;1;6;750;12/08/2016
2016056291;1;2;3;1;3;750;20/08/2016
2016056292;1;2;1;1;6;750;21/08/2016
2016056293;1;2;3;1;6;750;22/08/2016
2016056294;5;2;3;1;2;750;24/08/2016
2016056295;1;2;2;1;3;750;25/08/2016
2016056296;1;2;3;1;7;750;27/08/2016
2016056297;1;2;5;1;2;750;30/08/2016
2016056298;1;2;2;1;3;750;30/08/2016
2016056299;1;2;2;1;6;750;02/09/2016
2016056300;1;2;1;1;6;750;02/09/2016
2016056301;1;2;3;1;6;750;02/09/2016
2016056302;1;2;1;1;2;750;03/09/2016
2016056303;5;2;2;2;7;750;04/09/2016
2016056304;1;2;1;1;6;750;04/09/2016
2016056305;1;2;1;1;6;750;09/09/2016
2016056306;2;2;7;1;6;750;10/09/2016
2016056307;1;2;7;2;6;750;11/09/2016
2016056308;5;2;1;1;6;750;11/09/2016
2016056309;1;2;2;1;3;750;13/09/2016
2016056310;1;2;1;1;6;750;14/09/2016
2016056311;1;2;2;1;3;750;14/09/2016
2016056312;1;2;1;1;6;750;17/09/2016
2016056313;1;2;2;8;3;750;18/09/2016
2016056314;1;2;1;1;3;750;20/09/2016
2016056315;1;2;2;1;6;750;21/09/2016
2016056316;1;2;1;1;6;750;22/09/2016
2016056317;1;2;2;1;6;750;23/09/2016
2016056318;1;2;1;1;6;750;24/09/2016
2016056319;1;2;1;1;3;750;25/09/2016
2016056320;2;2;5;1;3;750;27/09/2016
2016056321;4;2;1;1;6;750;30/09/2016
2016056322;2;2;3;2;3;750;30/09/2016
2016056323;5;2;2;1;6;750;01/10/2016
2016056324;2;2;1;1;3;750;01/10/2016
2016056325;5;2;3;1;6;750;04/10/2016
2016056326;1;2;1;1;3;750;06/10/2016
2016056327;1;2;3;1;3;750;06/10/2016
2016056328;5;2;1;1;2;750;08/10/2016
2016056329;1;2;1;1;6;750;10/10/2016
2016056330;2;2;3;1;3;750;11/10/2016
2016056331;5;2;3;1;2;750;11/10/2016
2016056332;5;2;1;2;4;750;13/10/2016
2016056333;1;2;4;1;6;750;14/10/2016
2016056334;1;2;5;2;6;750;14/10/2016
2016056335;1;2;4;1;6;750;16/10/2016
2016056336;1;2;1;1;3;750;18/10/2016
2016056337;5;2;1;2;3;750;18/10/2016
2016056338;1;2;1;1;3;750;19/10/2016
2016056339;1;2;2;8;6;750;20/10/2016
2016056340;1;1;1;1;3;750;21/10/2016
2016056341;5;2;1;1;2;750;22/10/2016
2016056342;5;2;1;1;6;750;22/10/2016
2016056343;5;2;3;1;3;750;23/10/2016
2016056344;1;2;1;2;4;750;23/10/2016
2016056345;1;2;1;1;7;750;23/10/2016
2016056346;2;2;2;2;6;750;24/10/2016
2016056347;5;2;1;2;6;750;24/10/2016
2016056348;1;2;2;1;7;750;25/10/2016
2016056349;1;2;3;1;6;750;26/10/2016
2016056350;1;2;3;1;6;750;27/10/2016
2016056351;1;2;1;1;3;750;28/10/2016
2016056352;5;2;1;1;3;750;28/10/2016
2016056353;2;2;2;1;6;750;29/10/2016
2016056354;1;2;2;1;4;750;31/10/2016
2016056355;1;2;1;1;6;750;31/10/2016
2016056356;5;2;1;1;2;750;31/10/2016
2016056357;5;2;5;1;4;750;05/11/2016
2016056358;5;2;2;1;3;750;05/11/2016
2016056359;5;2;2;2;3;750;10/11/2016
2016056360;5;2;5;1;3;750;11/11/2016
2016056361;5;2;1;2;6;750;13/11/2016
2016056362;1;2;3;1;3;750;21/01/2016
2016056363;1;2;2;2;3;750;16/11/2016
2016056364;5;2;1;3;2;750;18/11/2016
2016056365;1;2;3;1;6;750;18/11/2016
2016056366;1;2;2;1;6;750;18/11/2016
2016056367;5;2;3;1;6;750;18/11/2016
2016056368;5;2;1;1;3;750;19/11/2016
2016056369;1;2;3;2;3;750;20/11/2016
2016056370;1;2;1;1;2;750;22/11/2016
2016056371;2;2;2;2;6;750;23/11/2016
2016056372;1;2;7;1;6;750;23/11/2016
2016056373;1;2;1;1;3;750;24/11/2016
2016056374;1;2;5;1;6;750;29/11/2016
2016056375;1;2;5;1;7;750;29/11/2016
2016056376;5;2;4;1;6;750;29/11/2016
2016056377;5;2;1;1;3;750;30/11/2016
2016056378;1;2;1;1;7;750;01/12/2016
2016056379;2;2;1;1;6;750;01/12/2016
2016056380;5;2;3;1;6;750;02/12/2016
2016056381;2;2;3;1;6;750;03/12/2016
2016056382;1;2;1;1;6;750;05/12/2016
2016056383;1;2;3;1;4;750;06/12/2016
2016056384;2;2;1;1;6;750;06/12/2016
2016056385;1;2;2;1;3;750;08/12/2016
2016056386;5;2;1;1;6;750;08/12/2016
2016056387;2;2;3;1;2;750;11/12/2016
2016056388;1;2;1;1;3;750;14/12/2016
2016056389;1;2;3;1;5;750;14/12/2016
2016056390;1;2;2;1;6;750;15/12/2016
2016056391;5;2;2;1;3;750;16/12/2016
2016056392;5;2;1;1;3;750;16/12/2016
2016056393;5;2;1;1;2;750;18/12/2016
2016056394;5;2;2;1;7;750;19/12/2016
2016056395;5;2;5;1;6;750;20/12/2016
2016056396;5;2;1;1;6;750;21/12/2016
2016056397;5;2;1;1;3;750;22/12/2016
2016056398;5;2;5;2;6;750;24/12/2016
2016056399;1;2;1;1;2;750;26/12/2016
2016056400;5;2;2;1;2;750;28/12/2016
2016056401;1;2;7;2;6;750;03/01/2016
2016056402;1;2;1;1;3;750;04/01/2016
2016056403;1;2;1;1;2;750;05/01/2016
2016056404;5;2;3;1;3;750;06/01/2016
2016056405;5;2;1;1;1;750;06/01/2016
2016056406;5;2;1;1;4;750;06/01/2016
2016056407;1;2;3;1;3;750;07/01/2016
2016056408;5;2;4;1;3;750;08/01/2016
2016056409;5;2;7;1;6;750;09/01/2016
2016056410;5;2;4;2;2;750;09/01/2016
2016056411;5;2;2;9;6;750;10/01/2016
2016056412;5;2;1;1;6;750;10/01/2016
2016056413;1;2;5;1;3;750;10/01/2016
2016056414;1;2;2;1;3;750;11/01/2016
2016056415;1;2;7;1;2;750;13/01/2016
2016056416;1;2;7;2;6;750;14/01/2016
2016056417;5;2;7;1;2;750;15/01/2016
2016056418;1;2;1;1;4;750;19/01/2016
2016056419;2;2;5;1;3;750;22/01/2016
2016056420;1;2;1;1;6;750;22/01/2016
2016056421;1;2;3;2;2;750;22/01/2016
2016056422;5;2;3;2;3;750;22/01/2016
2016056423;2;2;5;1;3;750;24/01/2016
2016056424;5;2;2;1;3;750;26/01/2016
2016056425;1;2;4;1;3;750;26/01/2016
2016056426;5;2;1;1;3;750;29/01/2016
2016056427;5;2;4;2;6;750;31/01/2016
2016056428;1;2;5;2;3;750;31/01/2016
2016056429;5;2;1;2;6;750;02/02/2016
2016056430;5;2;1;2;6;750;04/02/2016
2016056431;5;2;2;1;3;750;05/02/2016
2016056432;1;2;2;1;3;750;06/02/2016
2016056433;1;2;1;1;6;750;08/02/2016
2016056434;1;2;6;2;6;750;09/02/2016
2016056435;2;2;1;2;6;750;09/02/2016
2016056436;1;2;2;1;7;750;11/02/2016
2016056437;5;2;2;2;6;750;12/02/2016
2016056438;1;2;1;1;3;750;17/02/2016
2016056439;1;2;2;1;3;750;19/02/2016
2016056440;1;2;2;2;6;750;20/02/2016
2016056441;5;2;2;1;2;750;21/02/2016
2016056442;2;2;4;2;6;750;23/02/2016
2016056443;1;2;2;1;6;750;25/02/2016
2016056444;1;2;3;1;6;750;26/02/2016
2016056445;2;2;2;1;6;750;27/02/2016
2016056446;1;2;5;1;6;750;29/02/2016
2016056447;1;2;1;1;6;750;29/02/2016
2016056448;5;2;5;2;6;750;04/03/2016
2016056449;5;2;3;2;6;750;04/03/2016
2016056450;5;2;3;1;2;750;06/03/2016
2016056451;5;2;3;1;6;750;06/03/2016
2016056452;5;2;1;1;3;750;08/03/2016
2016056453;1;2;5;8;6;750;09/03/2016
2016056454;5;2;7;1;6;750;09/03/2016
2016056455;1;2;3;1;3;750;11/03/2016
2016056456;1;2;1;1;6;750;11/03/2016
2016056457;1;2;1;1;3;750;12/03/2016
2016056458;5;2;3;1;6;750;12/03/2016
2016056459;1;2;3;1;3;750;15/03/2016
2016056460;1;2;2;1;6;750;16/03/2016
2016056461;1;2;2;1;3;750;18/03/2016
2016056462;5;2;5;1;6;750;20/03/2016
2016056463;1;2;3;1;3;750;20/03/2016
2016056464;1;2;3;1;2;750;21/03/2016
2016056465;1;2;4;1;6;750;22/03/2016
2016056466;1;2;1;1;2;750;24/03/2016
2016056467;1;2;3;1;6;750;25/03/2016
2016056468;1;2;1;2;3;750;30/03/2016
2016056469;1;2;1;3;6;750;31/03/2016
2016056470;1;2;4;1;6;750;01/04/2016
2016056471;5;2;2;1;3;750;02/04/2016
2016056472;1;2;3;1;6;750;03/04/2016
2016056473;1;2;2;1;6;750;04/04/2016
2016056474;1;2;2;1;6;750;05/04/2016
2016056475;1;2;4;1;6;750;06/04/2016
2016056476;1;2;2;1;3;750;07/04/2016
2016056477;1;2;1;1;3;750;08/04/2016
2016056478;1;2;2;1;6;750;08/04/2016
2016056479;1;2;5;1;3;750;08/04/2016
2016056480;5;2;1;1;3;750;10/04/2016
2016056481;1;2;3;2;6;750;11/04/2016
2016056482;1;2;2;1;3;750;12/04/2016
2016056483;1;2;3;1;6;750;12/04/2016
2016056484;5;2;2;1;3;750;12/04/2016
2016056485;1;2;1;1;3;750;14/04/2016
2016056486;1;2;5;1;3;750;15/04/2016
2016056487;5;2;3;1;6;750;17/04/2016
2016056488;1;2;1;2;3;750;17/04/2016
2016056489;1;2;2;1;3;750;17/04/2016
2016056490;1;2;1;1;6;750;17/04/2016
2016056491;1;2;1;1;6;750;18/04/2016
2016056492;5;2;5;1;3;750;19/04/2016
2016056493;1;2;5;1;6;750;19/04/2016
2016056494;1;2;1;1;2;750;19/04/2016
2016056495;5;2;1;1;6;750;19/04/2016
2016056496;1;2;4;1;6;750;20/04/2016
2016056497;1;2;3;1;6;750;21/04/2016
2016056498;1;2;1;1;3;750;19/04/2016
2016056499;1;2;3;1;6;750;23/04/2016
2016056500;1;2;1;8;3;750;24/04/2016
2016056501;1;2;1;8;3;750;26/04/2016
2016056502;1;2;1;2;3;750;27/04/2016
2016056503;1;2;3;1;6;750;28/04/2016
2016056504;1;2;2;1;3;750;29/04/2016
2016056505;1;2;1;1;6;750;29/04/2016
2016056506;1;2;7;8;3;750;30/04/2016
2016056507;1;2;1;1;6;750;01/05/2016
2016056508;1;2;3;1;2;750;03/05/2016
2016056509;1;2;4;1;3;750;03/05/2016
2016056510;1;2;1;1;6;750;03/05/2016
2016056511;1;2;5;1;6;750;04/05/2016
2016056512;1;2;3;1;6;750;09/05/2016
2016056513;1;2;1;1;6;750;10/05/2016
2016056514;1;2;1;2;6;750;10/05/2016
2016056515;5;2;5;2;3;750;11/05/2016
2016056516;1;2;1;1;6;750;12/05/2016
2016056517;1;2;3;2;3;750;18/05/2016
2016056518;1;2;1;1;6;750;19/05/2016
2016056519;1;2;1;1;6;750;20/05/2016
2016056520;1;2;1;1;6;750;20/05/2016
2016056521;1;2;1;3;6;750;22/05/2016
2016056522;1;2;2;2;3;750;22/05/2016
2016056523;1;2;1;1;3;750;24/05/2016
2016056524;1;2;2;1;6;750;24/05/2016
2016056525;1;2;1;1;6;750;24/05/2016
2016056526;1;2;6;1;4;750;26/05/2016
2016056527;1;2;1;1;3;750;26/05/2016
2016056528;5;2;5;1;3;750;26/05/2016
2016056529;1;2;2;1;6;750;27/05/2016
2016056530;1;2;1;3;3;750;28/05/2016
2016056531;1;2;1;2;6;750;31/05/2016
2016056532;1;2;1;1;6;750;01/06/2016
2016056533;1;2;3;2;3;750;03/06/2016
2016056534;2;2;2;1;6;750;04/06/2016
2016056535;5;2;2;1;3;750;05/06/2016
2016056536;1;2;1;8;3;750;06/06/2016
2016056537;1;2;1;1;6;750;06/06/2016
2016056538;1;2;2;1;7;750;05/06/2016
2016056539;2;2;2;1;6;750;07/06/2016
2016056540;5;2;2;1;3;750;08/06/2016
2016056541;1;2;2;1;3;750;09/06/2016
2016056542;1;2;1;1;6;750;09/06/2016
2016056543;1;2;1;1;6;750;10/06/2016
2016056544;5;2;2;1;2;750;10/06/2016
2016056545;1;2;2;2;3;750;12/06/2016
2016056546;2;2;1;2;6;750;12/06/2016
2016056547;5;2;1;2;6;750;13/06/2016
2016056548;1;2;2;1;3;750;13/06/2016
2016056549;1;2;1;1;6;750;13/06/2016
2016056550;1;2;2;1;3;750;13/06/2016
2016056551;5;2;2;1;6;750;13/06/2016