num_acc;lum;agg;inter;atm;col;dep;date
2016058857;1;1;1;1;6;973;06/11/2016
2016058858;5;2;1;1;1;973;06/11/2016
2016058859;5;2;1;1;3;973;08/11/2016
2016058860;4;2;2;1;3;973;09/11/2016
2016058861;5;2;1;1;7;973;09/11/2016
2016058862;1;2;1;1;3;973;10/11/2016
2016058863;1;2;2;1;3;973;10/11/2016
2016058864;5;2;1;1;1;973;11/11/2016
2016058865;1;2;1;1;6;973;15/11/2016
2016058866;1;2;1;1;6;973;15/11/2016
2016058867;1;2;1;1;3;973;16/11/2016
2016058868;1;1;6;1;1;973;16/11/2016
2016058869;1;2;1;1;2;973;16/11/2016
2016058870;1;2;3;1;1;973;17/11/2016
2016058871;5;2;1;1;3;973;17/11/2016
2016058872;1;2;1;1;6;973;18/11/2016
2016058873;1;2;1;1;3;973;18/11/2016
2016058874;1;2;1;1;6;973;15/11/2016
2016058875;1;1;1;1;3;973;19/11/2016
2016058876;1;2;2;1;1;973;18/11/2016
2016058877;1;2;1;1;7;973;20/11/2016
2016058878;4;2;2;1;3;973;21/11/2016
2016058879;1;1;1;1;3;973;21/11/2016
2016058880;4;2;1;1;6;973;21/11/2016
2016058881;1;1;1;1;3;973;22/11/2016
2016058882;2;2;1;1;6;973;23/11/2016
2016058883;1;2;1;1;3;973;23/11/2016
2016058884;1;2;1;1;2;973;25/11/2016
2016058885;1;2;1;1;3;973;24/11/2016
2016058886;5;2;2;1;3;973;28/11/2016
2016058887;1;2;1;1;3;973;28/11/2016
2016058888;1;2;9;1;3;973;29/11/2016
2016058889;1;2;1;1;2;973;30/11/2016
2016058890;5;1;4;1;1;973;28/10/2016
2016058891;1;2;1;1;3;973;02/12/2016
2016058892;1;1;1;1;2;973;03/12/2016
2016058893;5;2;1;1;3;973;03/12/2016
2016058894;1;2;2;1;3;973;04/12/2016
2016058895;1;2;1;1;2;973;06/12/2016
2016058896;1;2;1;1;6;973;07/12/2016
2016058897;1;2;1;1;2;973;07/12/2016
2016058898;1;2;1;1;2;973;07/12/2016
2016058899;3;2;1;1;3;973;08/12/2016
2016058900;5;2;1;1;6;973;07/12/2016
2016058901;5;2;9;1;3;973;09/12/2016
2016058902;5;2;1;1;6;973;09/12/2016
2016058903;1;2;1;2;3;973;10/12/2016
2016058904;1;2;1;1;1;973;12/12/2016
2016058905;1;1;1;1;3;973;13/12/2016
2016058906;1;2;1;1;3;973;14/12/2016
2016058907;1;2;1;1;7;973;16/12/2016
2016058908;5;1;1;1;3;973;16/12/2016
2016058909;1;2;1;1;3;973;16/12/2016
2016058910;1;1;1;1;3;973;17/12/2016
2016058911;1;2;1;1;3;973;19/12/2016
2016058912;1;2;1;1;6;973;19/12/2016
2016058913;1;1;1;1;6;973;19/12/2016
2016058914;5;2;2;8;3;973;19/12/2016
2016058915;1;2;1;1;3;973;20/12/2016
2016058916;1;2;1;1;3;973;22/12/2016
2016058917;1;1;1;2;2;973;24/12/2016
2016058918;5;1;1;3;3;973;24/12/2016
2016058919;3;2;1;1;6;973;25/12/2016
2016058920;5;2;2;1;3;973;27/12/2016
2016058921;1;2;1;1;6;973;30/12/2016
2016058922;1;1;3;1;3;973;30/12/2016
2016058923;5;2;1;1;7;974;04/01/2016
2016058924;3;2;3;1;3;974;22/10/2016
2016058925;1;1;1;1;7;974;08/01/2016
2016058926;3;2;1;1;3;974;30/12/2016
2016058927;5;2;1;1;7;974;09/01/2016
2016058928;5;2;1;1;6;974;31/12/2016
2016058929;1;1;1;1;1;974;26/01/2016
2016058930;5;2;1;1;3;974;31/12/2016
2016058931;1;1;1;3;1;974;10/02/2016
2016058932;1;1;1;1;2;974;11/02/2016
2016058933;5;2;1;1;6;974;13/02/2016
2016058934;5;2;2;1;3;974;18/02/2016
2016058935;5;2;2;1;3;974;26/02/2016
2016058936;5;1;1;1;7;974;26/02/2016
2016058937;1;1;1;1;3;974;03/03/2016
2016058938;1;1;1;1;3;974;08/03/2016
2016058939;5;2;1;1;6;974;11/03/2016
2016058940;1;2;1;1;1;974;16/03/2016
2016058941;1;1;1;1;2;974;24/03/2016
2016058942;5;2;1;1;1;974;01/04/2016
2016058943;1;1;1;1;6;974;06/04/2016
2016058944;1;1;1;1;6;974;09/04/2016
2016058945;5;2;1;1;1;974;09/04/2016
2016058946;1;1;1;1;6;974;14/04/2016
2016058947;1;1;1;1;6;974;15/04/2016
2016058948;5;1;1;1;2;974;16/04/2016
2016058949;1;2;7;1;6;974;19/04/2016
2016058950;2;1;1;1;3;974;21/04/2016
2016058951;1;2;1;1;3;974;22/04/2016
2016058952;5;2;1;1;2;974;21/04/2016
2016058953;1;2;1;1;6;974;25/04/2016
2016058954;5;1;1;1;7;974;30/04/2016
2016058955;3;1;1;1;2;974;07/05/2016
2016058956;5;1;1;1;5;974;08/05/2016
2016058957;3;1;1;1;5;974;07/05/2016
2016058958;1;1;1;1;6;974;14/05/2016
2016058959;3;1;1;1;6;974;17/05/2016
2016058960;5;2;1;1;1;974;28/05/2016
2016058961;1;1;6;1;3;974;07/06/2016
2016058962;3;2;1;1;3;974;18/06/2016
2016058963;1;2;2;1;3;974;01/07/2016
2016058964;1;1;1;1;2;974;05/07/2016
2016058965;2;1;1;1;2;974;13/07/2016
2016058966;1;2;1;1;2;974;20/07/2016
2016058967;1;1;1;1;3;974;21/07/2016
2016058968;1;2;2;1;3;974;26/07/2016
2016058969;1;1;1;1;2;974;27/07/2016
2016058970;3;1;1;1;3;974;28/07/2016
2016058971;3;2;1;1;7;974;31/07/2016
2016058972;1;2;1;1;6;974;02/08/2016
2016058973;3;2;1;2;4;974;05/08/2016
2016058974;2;1;3;1;3;974;07/08/2016
2016058975;3;1;3;1;3;974;15/08/2016
2016058976;1;1;1;1;5;974;19/08/2016
2016058977;3;1;1;1;6;974;19/08/2016
2016058978;1;2;1;1;3;974;22/08/2016
2016058979;1;2;1;1;3;974;07/09/2016
2016058980;1;1;1;1;3;974;13/09/2016
2016058981;1;1;6;1;2;974;05/09/2016
2016058982;1;2;1;1;2;974;21/09/2016
2016058983;1;2;1;1;2;974;22/09/2016
2016058984;5;2;2;1;3;974;25/09/2016
2016058985;1;2;1;1;7;974;25/09/2016
2016058986;1;2;1;1;1;974;29/09/2016
2016058987;1;2;2;1;6;974;02/10/2016
2016058988;1;1;1;1;6;974;30/09/2016
2016058989;1;2;1;1;2;974;05/10/2016
2016058990;5;2;1;1;6;974;11/10/2016
2016058991;5;2;1;1;6;974;16/10/2016
2016058992;1;2;1;1;3;974;27/10/2016
2016058993;1;1;1;1;7;974;27/10/2016
2016058994;3;1;1;1;1;974;04/11/2016
2016058995;1;2;1;1;3;974;04/11/2016
2016058996;5;2;1;1;1;974;05/11/2016
2016058997;5;2;1;1;3;974;07/11/2016
2016058998;1;2;2;1;3;974;13/11/2016
2016058999;1;1;1;1;1;974;15/11/2016
2016059000;5;1;1;1;6;974;10/11/2016
2016059001;5;1;1;1;7;974;11/11/2016
2016059002;2;2;1;1;3;974;23/11/2016
2016059003;1;2;1;1;6;974;23/11/2016
2016059004;1;2;1;1;6;974;24/11/2016
2016059005;1;2;1;1;6;974;24/11/2016
2016059006;1;1;6;1;2;974;30/11/2016
2016059007;5;1;1;1;3;974;07/12/2016
2016059008;1;2;1;1;3;974;08/12/2016
2016059009;1;1;6;1;2;974;10/12/2016
2016059010;1;1;1;1;6;974;13/12/2016
2016059011;1;1;1;1;2;974;19/12/2016
2016059012;1;1;1;1;2;974;22/12/2016
2016059013;1;1;1;1;1;974;22/12/2016
2016059014;1;1;1;1;3;974;25/12/2016
2016059015;1;2;1;1;7;974;29/12/2016
2016059016;1;2;3;1;3;974;27/12/2016
2016059017;5;2;1;1;1;974;21/01/2016
2016059018;3;1;1;1;6;974;08/12/2016
2016059019;3;1;1;3;1;974;05/02/2016
2016059020;1;2;1;1;6;974;02/03/2016
2016059021;1;2;9;1;3;974;12/03/2016
2016059022;3;2;1;1;1;974;13/03/2016
2016059023;2;2;1;1;3;974;03/05/2016
2016059024;1;2;1;1;3;974;16/05/2016
2016059025;3;1;1;2;1;974;16/05/2016
2016059026;1;1;1;8;6;974;16/05/2016
2016059027;1;2;1;1;1;974;09/07/2016
2016059028;2;2;2;8;3;974;23/07/2016
2016059029;1;2;1;1;6;974;26/08/2016
2016059030;1;1;1;1;6;974;20/08/2016
2016059031;1;1;1;1;1;974;01/09/2016
2016059032;3;2;1;1;6;974;06/09/2016
2016059033;5;2;1;1;2;974;18/08/2016
2016059034;2;2;1;1;2;974;11/09/2016
2016059035;5;2;1;1;3;974;23/10/2016
2016059036;5;1;1;1;3;974;06/11/2016
2016059037;5;2;1;1;6;974;10/11/2016
2016059038;1;2;1;1;3;974;19/11/2016
2016059039;5;2;1;1;2;974;24/09/2016
2016059040;1;2;1;1;2;974;28/11/2016
2016059041;1;2;1;1;6;974;10/12/2016
2016059042;3;2;1;1;6;974;11/12/2016
2016059043;1;2;1;1;1;974;21/12/2016
2016059044;3;1;1;1;3;974;24/12/2016
2016059045;5;1;1;1;2;974;22/01/2016
2016059046;1;1;9;1;3;974;25/01/2016
2016059047;1;2;1;1;6;974;29/01/2016
2016059048;1;2;3;1;3;974;07/02/2016
2016059049;5;1;1;1;2;974;18/02/2016
2016059050;5;2;2;3;6;974;27/02/2016
2016059051;1;1;3;1;3;974;01/03/2016
2016059052;1;2;3;1;6;974;07/03/2016
2016059053;1;2;1;1;6;974;24/03/2016
2016059054;1;1;1;1;6;974;05/04/2016
2016059055;3;2;1;1;6;974;07/04/2016
2016059056;2;2;1;1;6;974;11/04/2016
2016059057;1;2;1;1;6;974;21/04/2016
2016059058;1;2;2;1;6;974;22/04/2016
2016059059;1;2;1;1;6;974;22/04/2016
2016059060;5;2;2;1;1;974;12/03/2016
2016059061;1;2;1;1;6;974;28/04/2016
2016059062;5;1;1;1;6;974;27/04/2016
2016059063;5;2;2;1;5;974;02/05/2016
2016059064;1;2;2;1;6;974;03/05/2016
2016059065;5;2;1;1;3;974;10/05/2016
2016059066;1;1;1;1;6;974;29/02/2016
2016059067;5;2;2;2;3;974;12/05/2016
2016059068;1;2;3;1;3;974;17/05/2016
2016059069;1;2;1;1;7;974;18/05/2016
2016059070;5;2;3;1;3;974;18/05/2016
2016059071;1;1;3;1;3;974;27/04/2016
2016059072;1;2;1;1;6;974;31/05/2016
2016059073;5;2;1;1;2;974;07/06/2016
2016059074;5;2;1;1;1;974;04/06/2016
2016059075;1;2;1;1;5;974;16/06/2016
2016059076;5;2;1;1;3;974;17/06/2016
2016059077;1;2;1;1;1;974;18/06/2016
2016059078;1;1;1;2;1;974;23/06/2016
2016059079;1;2;1;1;3;974;29/06/2016
2016059080;1;2;2;1;3;974;30/06/2016
2016059081;5;2;1;1;7;974;01/07/2016
2016059082;5;2;3;1;2;974;02/07/2016
2016059083;2;2;4;1;3;974;29/06/2016
2016059084;5;2;3;1;1;974;06/07/2016
2016059085;5;2;2;1;3;974;09/07/2016
2016059086;1;2;1;1;2;974;15/07/2016
2016059087;1;2;1;1;3;974;10/08/2016
2016059088;5;2;1;1;7;974;11/08/2016
2016059089;2;2;2;1;3;974;14/08/2016
2016059090;5;2;2;1;3;974;14/08/2016
2016059091;1;2;2;1;1;974;26/08/2016
2016059092;5;2;2;1;1;974;01/09/2016
2016059093;5;1;1;1;2;974;02/09/2016
2016059094;3;1;3;1;3;974;02/09/2016
2016059095;1;2;2;1;3;974;04/09/2016
2016059096;1;1;1;1;3;974;05/10/2016
2016059097;1;1;1;1;2;974;25/09/2016
2016059098;2;2;1;2;6;974;07/10/2016
2016059099;1;1;1;8;6;974;08/10/2016
2016059100;1;1;2;1;3;974;12/10/2016
2016059101;1;2;1;1;4;974;15/10/2016
2016059102;1;1;1;1;2;974;27/10/2016
2016059103;1;1;1;1;1;974;28/11/2016
2016059104;1;2;3;1;1;974;30/11/2016
2016059105;1;2;1;1;3;974;02/12/2016
2016059106;5;1;1;1;7;974;07/12/2016
2016059107;5;2;1;1;6;974;09/12/2016
2016059108;5;2;1;1;2;974;10/12/2016
2016059109;5;2;1;1;2;974;25/12/2016
2016059110;1;2;1;1;6;974;02/01/2016
2016059111;3;2;1;1;6;974;05/01/2016
2016059112;1;1;1;1;6;974;05/01/2016
2016059113;1;1;1;1;2;974;10/01/2016
2016059114;1;2;1;1;3;974;19/01/2016
2016059115;1;1;1;8;6;974;23/01/2016
2016059116;1;1;1;1;2;974;28/01/2016
2016059117;2;1;1;1;3;974;28/01/2016
2016059118;1;2;1;1;3;974;01/02/2016
2016059119;1;2;1;1;6;974;11/11/2016
2016059120;1;1;1;1;6;974;04/11/2016
2016059121;1;2;1;1;5;974;15/02/2016
2016059122;1;2;1;1;6;974;15/02/2016
2016059123;1;2;1;1;3;974;13/12/2016
2016059124;1;2;1;1;6;974;01/03/2016
2016059125;1;2;1;1;7;974;03/03/2016
2016059126;1;2;1;1;6;974;03/03/2016
2016059127;1;2;2;1;3;974;06/03/2016
2016059128;1;2;2;1;6;974;04/03/2016
2016059129;1;2;1;2;7;974;04/03/2016
2016059130;5;2;1;1;7;974;12/03/2016
2016059131;2;2;3;1;6;974;12/03/2016
2016059132;1;1;1;2;7;974;16/03/2016
2016059133;1;2;1;1;3;974;19/03/2016
2016059134;3;1;1;2;2;974;23/01/2016
2016059135;1;1;1;1;4;974;04/02/2016
2016059136;2;2;1;2;6;974;10/02/2016
2016059137;1;1;1;1;6;974;03/01/2016
2016059138;3;1;1;1;6;974;28/03/2016
2016059139;1;2;1;1;6;974;13/01/2016
2016059140;1;1;1;1;4;974;29/03/2016
2016059141;1;1;1;1;3;974;23/03/2016
2016059142;1;2;1;1;6;974;18/03/2016
2016059143;1;2;1;1;3;974;10/02/2016
2016059144;3;1;1;1;2;974;01/04/2016
2016059145;1;2;1;1;6;974;03/04/2016
2016059146;5;2;3;2;3;974;27/03/2016
2016059147;3;1;1;1;2;974;08/04/2016
2016059148;2;1;1;2;1;974;10/04/2016
2016059149;1;1;1;1;1;974;11/04/2016
2016059150;1;2;1;1;2;974;19/04/2016
2016059151;1;1;1;1;6;974;19/04/2016
2016059152;1;1;1;1;6;974;20/04/2016
2016059153;1;2;1;1;7;974;17/04/2016
2016059154;1;2;9;1;6;974;24/04/2016
2016059155;1;2;1;1;3;974;27/04/2016
2016059156;1;1;1;2;1;974;27/04/2016
2016059157;1;1;1;1;2;974;27/04/2016
2016059158;1;1;1;1;6;974;29/04/2016
2016059159;3;2;1;2;7;974;03/05/2016
2016059160;1;2;1;1;6;974;02/05/2016
2016059161;1;1;1;1;2;974;04/05/2016
2016059162;2;1;1;1;1;974;05/05/2016
2016059163;5;1;1;1;1;974;06/05/2016
2016059164;5;1;1;1;7;974;09/05/2016
2016059165;1;2;1;1;3;974;12/05/2016
2016059166;2;1;1;1;3;974;01/05/2016
2016059167;3;1;1;1;5;974;14/05/2016
2016059168;1;1;1;1;2;974;15/05/2016
2016059169;5;2;1;1;6;974;15/05/2016
2016059170;1;1;1;1;2;974;18/05/2016
2016059171;1;1;1;1;1;974;19/05/2016
2016059172;1;1;1;1;7;974;31/03/2016
2016059173;1;1;1;1;7;974;03/04/2016
2016059174;2;1;6;1;6;974;18/05/2016
2016059175;1;2;1;1;6;974;25/05/2016
2016059176;1;1;1;1;6;974;26/04/2016
2016059177;1;1;1;1;1;974;27/05/2016
2016059178;1;2;2;1;6;974;30/05/2016
2016059179;1;1;1;1;6;974;02/03/2016
2016059180;1;2;1;1;2;974;02/03/2016
2016059181;5;2;2;2;1;974;31/05/2016
2016059182;2;2;1;1;6;974;11/03/2016
2016059183;1;1;1;1;2;974;12/03/2016
2016059184;1;2;1;1;3;974;17/03/2016
2016059185;1;2;1;1;3;974;30/03/2016
2016059186;1;2;1;1;6;974;29/04/2016
2016059187;1;1;3;1;3;974;06/06/2016
2016059188;1;1;1;1;3;974;07/06/2016
2016059189;5;2;2;1;3;974;06/06/2016
2016059190;1;2;1;1;6;974;10/06/2016
2016059191;5;2;1;1;5;974;12/06/2016
2016059192;3;1;1;1;6;974;18/05/2016
2016059193;1;2;1;1;6;974;12/06/2016
2016059194;2;2;1;1;6;974;16/03/2016
2016059195;1;1;1;1;3;974;06/03/2016
2016059196;5;1;1;1;5;974;17/06/2016
2016059197;1;1;1;1;7;974;11/04/2016
2016059198;5;2;1;1;6;974;03/04/2016
2016059199;5;1;1;2;6;974;25/06/2016
2016059200;1;1;1;1;2;974;06/07/2016
2016059201;3;1;1;1;6;974;04/06/2016
2016059202;1;1;1;1;3;974;07/07/2016
2016059203;1;1;1;1;3;974;06/06/2016
2016059204;1;1;1;2;3;974;05/07/2016
2016059205;1;1;1;2;1;974;09/07/2016
2016059206;1;2;1;1;3;974;11/07/2016
2016059207;1;2;1;1;6;974;12/06/2016
2016059208;2;1;3;1;2;974;13/07/2016
2016059209;3;1;1;1;2;974;13/07/2016
2016059210;1;2;1;1;6;974;16/07/2016
2016059211;1;2;9;1;3;974;18/05/2016
2016059212;5;2;3;1;3;974;16/07/2016
2016059213;3;1;1;1;6;974;23/07/2016
2016059214;1;2;1;1;3;974;27/07/2016
2016059215;5;2;2;1;1;974;06/08/2016
2016059216;1;1;1;1;5;974;06/08/2016
2016059217;1;1;1;1;2;974;04/08/2016
2016059218;1;2;1;1;6;974;09/08/2016
2016059219;1;1;1;1;3;974;15/08/2016
2016059220;1;1;1;1;4;974;13/08/2016
2016059221;5;1;9;1;3;974;03/06/2016
2016059222;1;1;1;1;4;974;30/08/2016
2016059223;1;2;1;1;6;974;27/08/2016
2016059224;1;2;3;1;3;974;31/08/2016
2016059225;3;1;1;1;6;974;03/09/2016
2016059226;1;2;1;1;6;974;05/09/2016
2016059227;1;1;1;1;3;974;08/09/2016
2016059228;5;1;1;1;6;974;07/09/2016
2016059229;5;1;1;1;2;974;19/09/2016
2016059230;5;2;1;1;2;974;21/09/2016
2016059231;2;1;1;1;4;974;21/09/2016
2016059232;1;2;1;1;3;974;23/09/2016
2016059233;1;2;1;1;6;974;24/09/2016
2016059234;1;1;3;1;3;974;24/09/2016
2016059235;1;2;1;1;3;974;19/09/2016
2016059236;3;1;1;1;7;974;25/07/2016
2016059237;1;1;1;1;6;974;09/08/2016
2016059238;3;1;1;1;6;974;03/09/2016
2016059239;2;1;1;1;7;974;14/10/2016
2016059240;1;1;1;1;5;974;19/10/2016
2016059241;1;2;1;8;1;974;27/10/2016
2016059242;1;2;1;1;7;974;26/10/2016
2016059243;3;1;1;1;5;974;28/10/2016
2016059244;1;2;3;1;3;974;30/10/2016
2016059245;1;2;3;1;3;974;31/10/2016
2016059246;1;1;1;1;1;974;23/10/2016
2016059247;1;1;1;1;6;974;01/11/2016
2016059248;1;2;1;1;6;974;29/10/2016
2016059249;1;2;1;2;2;974;04/11/2016
2016059250;1;1;1;1;6;974;05/11/2016
2016059251;1;2;1;1;6;974;11/11/2016
2016059252;1;1;1;1;5;974;13/11/2016
2016059253;1;2;1;1;3;974;15/11/2016
2016059254;1;1;1;1;7;974;13/11/2016
2016059255;1;2;1;1;3;974;19/11/2016
2016059256;1;2;3;1;3;974;22/11/2016
2016059257;3;1;7;1;6;974;18/11/2016
2016059258;1;1;6;2;3;974;29/11/2016
2016059259;1;1;1;1;4;974;01/12/2016
2016059260;1;2;1;2;7;974;01/12/2016
2016059261;5;1;1;1;6;974;03/12/2016
2016059262;1;2;3;1;3;974;05/12/2016
2016059263;1;2;1;1;1;974;07/12/2016
2016059264;1;1;1;1;7;974;03/12/2016
2016059265;1;2;1;1;3;974;16/12/2016
2016059266;2;2;1;1;3;974;19/12/2016
2016059267;1;1;1;1;6;974;27/12/2016
2016059268;1;1;1;1;6;974;30/12/2016
2016059269;1;2;1;1;6;976;07/12/2016
2016059270;1;2;1;1;2;976;09/12/2016
2016059271;5;2;1;1;6;976;15/12/2016
2016059272;1;2;1;1;6;976;15/12/2016
2016059273;3;2;1;1;7;976;29/12/2016
2016059274;2;2;1;1;6;976;22/12/2016
2016059275;1;2;3;1;1;976;03/01/2016
2016059276;1;2;1;1;1;976;21/12/2016
2016059277;1;2;1;1;6;976;25/12/2016
2016059278;1;2;1;1;6;976;29/12/2016
2016059279;1;2;1;1;1;976;13/01/2016
2016059280;1;2;4;1;3;976;14/12/2016
2016059281;2;2;3;1;3;976;01/02/2016
2016059282;1;2;3;1;3;976;25/12/2016
2016059283;1;2;1;1;6;976;27/01/2016
2016059284;3;2;1;1;3;976;29/01/2016
2016059285;1;2;1;1;2;976;13/02/2016
2016059286;1;2;3;2;3;976;05/02/2016
2016059287;2;2;1;1;3;976;09/02/2016
2016059288;3;2;1;1;7;976;14/02/2016
2016059289;1;2;1;2;7;976;23/02/2016
2016059290;3;2;1;1;6;976;01/01/2016
2016059291;3;2;1;1;7;976;07/01/2016
2016059292;1;2;3;1;3;976;25/02/2016
2016059293;1;2;1;1;5;976;15/03/2016
2016059294;1;2;1;1;6;976;13/01/2016
2016059295;1;2;1;1;7;976;14/03/2016
2016059296;1;2;1;1;6;976;16/01/2016
2016059297;1;2;1;1;3;976;21/01/2016
2016059298;1;2;1;1;7;976;21/01/2016
2016059299;1;2;1;1;6;976;20/01/2016
2016059300;1;2;1;1;3;976;20/01/2016
2016059301;1;2;1;1;1;976;24/01/2016
2016059302;1;2;1;1;6;976;23/01/2016
2016059303;3;2;1;1;6;976;30/01/2016
2016059304;3;2;1;1;1;976;19/03/2016
2016059305;1;2;1;1;6;976;02/01/2016
2016059306;5;2;1;1;6;976;30/01/2016
2016059307;1;2;1;1;7;976;14/02/2016
2016059308;5;2;1;1;7;976;20/02/2016
2016059309;1;2;1;1;6;976;29/02/2016
2016059310;1;2;1;1;6;976;24/02/2016
2016059311;1;2;1;1;7;976;29/02/2016
2016059312;1;2;1;1;6;976;05/04/2016
2016059313;1;2;6;2;7;976;02/03/2016
2016059314;1;1;1;2;7;976;03/03/2016
2016059315;1;1;1;1;7;976;07/03/2016
2016059316;3;2;1;1;6;976;15/03/2016
2016059317;5;2;1;1;7;976;16/03/2016
2016059318;1;2;1;2;3;976;16/03/2016
2016059319;1;2;3;1;3;976;27/03/2016
2016059320;5;2;1;1;7;976;27/03/2016
2016059321;1;2;1;1;6;976;28/03/2016
2016059322;1;2;1;1;7;976;31/03/2016
2016059323;2;2;1;1;7;976;17/04/2016
2016059324;1;2;9;1;3;976;22/04/2016
2016059325;1;2;6;1;6;976;25/04/2016
2016059326;1;2;1;1;6;976;28/04/2016
2016059327;5;1;6;1;6;976;03/04/2016
2016059328;1;2;1;1;1;976;17/04/2016
2016059329;1;1;1;1;3;976;16/04/2016
2016059330;1;2;1;1;7;976;28/04/2016
2016059331;1;2;1;1;1;976;25/04/2016
2016059332;1;2;1;1;3;976;15/05/2016
2016059333;1;2;1;1;7;976;24/05/2016
2016059334;1;2;1;1;6;976;22/04/2016
2016059335;5;2;1;1;7;976;06/04/2016
2016059336;1;2;1;1;2;976;27/05/2016
2016059337;3;1;1;1;7;976;13/05/2016
2016059338;1;2;1;1;6;976;01/07/2016
2016059339;2;2;1;1;6;976;10/06/2016
2016059340;1;2;1;1;6;976;10/06/2016
2016059341;1;2;6;1;3;976;03/07/2016
2016059342;1;2;1;1;6;976;11/06/2016
2016059343;3;2;6;1;6;976;14/06/2016
2016059344;1;2;3;1;3;976;19/05/2016
2016059345;2;2;1;1;6;976;19/05/2016
2016059346;3;2;1;1;6;976;06/05/2016
2016059347;1;2;1;1;3;976;22/06/2016
2016059348;1;2;1;1;6;976;01/05/2016
2016059349;1;2;1;1;6;976;06/05/2016
2016059350;1;2;1;1;5;976;02/05/2016
2016059351;1;2;1;1;3;976;24/05/2016
2016059352;1;1;6;1;6;976;06/06/2016
2016059353;1;2;1;1;6;976;07/06/2016
2016059354;1;2;1;1;3;976;07/06/2016
2016059355;1;2;1;1;3;976;14/06/2016
2016059356;1;2;1;1;5;976;15/06/2016
2016059357;2;2;1;1;6;976;05/07/2016
2016059358;1;2;1;1;3;976;24/06/2016
2016059359;1;2;1;1;6;976;27/06/2016
2016059360;1;2;3;1;3;976;25/08/2016
2016059361;1;2;1;1;3;976;25/08/2016
2016059362;1;2;1;1;6;976;02/09/2016
2016059363;1;2;1;1;3;976;03/09/2016
2016059364;2;2;3;1;3;976;08/09/2016
2016059365;1;2;1;1;6;976;10/09/2016
2016059366;1;2;1;1;3;976;08/07/2016
2016059367;1;2;1;1;6;976;08/07/2016
2016059368;5;2;1;1;7;976;16/07/2016
2016059369;1;2;1;1;6;976;18/07/2016
2016059370;2;2;1;1;7;976;25/09/2016
2016059371;5;2;1;1;6;976;18/07/2016
2016059372;1;2;1;1;6;976;18/07/2016
2016059373;1;2;6;1;6;976;23/07/2016
2016059374;3;2;1;1;6;976;23/07/2016
2016059375;1;2;1;1;6;976;31/07/2016
2016059376;1;2;1;1;3;976;24/07/2016
2016059377;1;2;1;2;2;976;28/09/2016
2016059378;1;2;1;1;3;976;20/09/2016
2016059379;1;2;1;1;6;976;04/10/2016
2016059380;1;2;1;1;6;976;03/08/2016
2016059381;1;2;3;1;3;976;03/08/2016
2016059382;1;2;1;1;3;976;04/08/2016
2016059383;1;2;2;1;3;976;16/10/2016
2016059384;1;2;2;1;3;976;19/10/2016
2016059385;1;2;1;1;6;976;03/11/2016
2016059386;1;2;6;1;7;976;04/08/2016
2016059387;2;2;1;1;1;976;15/08/2016
2016059388;1;2;1;1;6;976;16/08/2016
2016059389;1;2;1;1;3;976;17/08/2016
2016059390;1;2;1;1;1;976;17/08/2016
2016059391;2;2;1;1;6;976;20/08/2016
2016059392;3;2;1;1;1;976;22/08/2016
2016059393;5;2;1;1;7;976;24/08/2016
2016059394;1;2;1;1;6;976;26/08/2016
2016059395;1;2;1;1;3;976;28/08/2016
2016059396;1;2;1;1;3;976;06/09/2016
2016059397;1;2;1;1;7;976;10/09/2016
2016059398;5;2;1;1;7;976;09/09/2016
2016059399;5;2;6;1;7;976;10/09/2016
2016059400;1;2;6;1;6;976;11/09/2016
2016059401;1;2;3;1;3;976;11/09/2016
2016059402;5;2;6;1;7;976;18/09/2016
2016059403;2;2;1;1;7;976;30/09/2016
2016059404;1;2;1;1;3;976;23/09/2016
2016059405;1;2;1;1;6;976;12/09/2016
2016059406;1;1;1;1;3;976;14/09/2016
2016059407;1;2;3;1;6;976;01/09/2016
2016059408;2;2;1;1;7;976;17/11/2016
2016059409;1;2;1;1;6;976;02/10/2016
2016059410;1;2;1;1;6;976;05/10/2016
2016059411;1;2;1;1;6;976;12/10/2016
2016059412;3;2;1;1;1;976;12/10/2016
2016059413;5;2;3;1;6;976;25/10/2016
2016059414;1;2;6;1;3;976;16/10/2016
2016059415;1;2;1;1;6;976;18/10/2016
2016059416;1;2;1;1;6;976;26/10/2016
2016059417;5;2;1;1;1;976;29/10/2016
2016059418;1;2;1;1;6;976;31/10/2016
2016059419;3;1;1;1;6;976;29/10/2016
2016059420;3;1;1;1;6;976;09/11/2016
2016059421;1;1;1;1;7;976;20/11/2016
2016059422;1;2;1;1;3;976;14/11/2016
2016059423;1;2;1;1;3;976;18/11/2016
2016059424;1;2;1;1;6;976;02/11/2016
2016059425;1;2;1;1;3;976;28/11/2016
2016059426;1;2;6;1;3;976;28/11/2016
2016059427;1;2;1;1;6;976;13/12/2016
2016059428;1;2;1;1;6;976;01/12/2016
2016059429;1;2;1;1;7;976;03/12/2016
2016059430;1;2;1;1;3;976;05/12/2016
2016059431;1;2;3;1;3;976;06/12/2016
2016059432;1;2;6;1;3;976;24/12/2016